run_id,step,t,qdot_lo,qdot_hi,Q_lo,Q_hi
668abc4e-780d-47a7-ae1a-1384dd9d08d0,0,0.0,233386.80253485212,1775657.7707529902,58346.70063371303,443914.44268824754
668abc4e-780d-47a7-ae1a-1384dd9d08d0,1,0.25,235904.3177049734,1797217.6049823514,117322.78005995638,893218.8439338354
668abc4e-780d-47a7-ae1a-1384dd9d08d0,2,0.5,238447.3972974524,1819070.9273709892,176934.62938431947,1347986.5757765826
668abc4e-780d-47a7-ae1a-1384dd9d08d0,3,0.75,241016.3338365349,1841223.5017122307,237188.7128434532,1808292.4512046403
668abc4e-780d-47a7-ae1a-1384dd9d08d0,4,1.0,243611.4245606636,1863681.2603652158,298091.5689836191,2274212.7662959443
668abc4e-780d-47a7-ae1a-1384dd9d08d0,5,1.25,246232.97151818764,1886450.3104746533,359649.811863166,2745825.3439146075
668abc4e-780d-47a7-ae1a-1384dd9d08d0,6,1.5,248881.28166467467,1909536.9404584689,421870.13227933465,3223209.579029225
668abc4e-780d-47a7-ae1a-1384dd9d08d0,7,1.75,251556.66696202004,1932947.626776788,484759.2990198397,3706446.485723422
668abc4e-780d-47a7-ae1a-1384dd9d08d0,8,2.0,254259.4444790808,1956689.0409964025,548324.1601396098,4195618.745972523
668abc4e-780d-47a7-ae1a-1384dd9d08d0,9,2.25,256989.93649405174,1980768.0571658076,612571.6442631228,4690810.760263975
668abc4e-780d-47a7-ae1a-1384dd9d08d0,10,2.5,259748.4705984837,2005191.7595155113,677508.7619127438,5192108.700142853
668abc4e-780d-47a7-ae1a-1384dd9d08d0,11,2.75,262535.3798029162,2029967.4505025498,743142.6068634728,5699600.56276849
668abc4e-780d-47a7-ae1a-1384dd9d08d0,12,3.0,265351.00264412735,2055102.659214299,809480.3575245047,6213376.227572065
668abc4e-780d-47a7-ae1a-1384dd9d08d0,13,3.25,268195.68329393567,2080605.1501523547,876529.2783479886,6733527.515110154
668abc4e-780d-47a7-ae1a-1384dd9d08d0,14,3.5,271069.77166967595,2106482.9324148386,944296.7212654076,7260148.248213863
668abc4e-780d-47a7-ae1a-1384dd9d08d0,15,3.75,273973.62354602,2132744.269299796,1012790.1271519127,7793334.315538812
668abc4e-780d-47a7-ae1a-1384dd9d08d0,16,4.0,276907.6006684894,2159397.688350222,1082017.027319035,8333183.737626368
668abc4e-780d-47a7-ae1a-1384dd9d08d0,17,4.25,279872.07086826966,2186451.9918654384,1151985.0450361024,8879796.735592728
668abc4e-780d-47a7-ae1a-1384dd9d08d0,18,4.5,282867.4081784588,2213916.26790387,1222701.8970807171,9433275.802568696
668abc4e-780d-47a7-ae1a-1384dd9d08d0,19,4.75,285893.99294534215,2241799.9018082167,1294175.3953170527,9993725.77802075
668abc4e-780d-47a7-ae1a-1384dd9d08d0,20,5.0,288952.2119493187,2270112.5882707587,1366413.4483043824,10561253.925088441
668abc4e-780d-47a7-ae1a-1384dd9d08d0,21,5.25,292042.45852830645,2298864.343974188,1439424.062936459,11135970.011081988
668abc4e-780d-47a7-ae1a-1384dd9d08d0,22,5.5,295165.13269885856,2328065.5208432944,1513215.3461111735,11717986.391292812
668abc4e-780d-47a7-ae1a-1384dd9d08d0,23,5.75,298320.6412782988,2357726.8199388403,1587795.5064307482,12307418.096277522
668abc4e-780d-47a7-ae1a-1384dd9d08d0,24,6.0,301509.39800777094,2387859.3060301323,1663172.855932691,12904382.922785055
668abc4e-780d-47a7-ae1a-1384dd9d08d0,25,6.25,304731.82367611147,2418474.42288474,1739355.8118517187,13509001.52850624
668abc4e-780d-47a7-ae1a-1384dd9d08d0,26,6.5,307988.34624432074,2449584.0093163783,1816352.898412799,14121397.530835334
668abc4e-780d-47a7-ae1a-1384dd9d08d0,27,6.75,311279.40097074554,2481200.316034468,1894172.7486554855,14741697.60984395
668abc4e-780d-47a7-ae1a-1384dd9d08d0,28,7.0,314605.4305364852,2513336.023343042,1972824.1062896068,15370031.615679711
668abc4e-780d-47a7-ae1a-1384dd9d08d0,29,7.25,317966.88517111115,2546004.259737451,2052315.8275823845,16006532.680614075
668abc4e-780d-47a7-ae1a-1384dd9d08d0,30,7.5,321364.22277841426,2579218.6214521867,2132656.883276988,16651337.335977122
668abc4e-780d-47a7-ae1a-1384dd9d08d0,31,7.75,324797.90906203,2612993.1930177365,2213856.3605424953,17304585.634231556
668abc4e-780d-47a7-ae1a-1384dd9d08d0,32,8.0,328268.4176506405,2647342.568885773,2295923.4649551553,17966421.276453
668abc4e-780d-47a7-ae1a-1384dd9d08d0,33,8.25,331776.2302226179,2682281.876187531,2378867.52251081,18636991.745499883
668abc4e-780d-47a7-ae1a-1384dd9d08d0,34,8.5,335321.8366297669,2717826.7986947135,2462697.9816682516,19316448.44517356
668abc4e-780d-47a7-ae1a-1384dd9d08d0,35,8.75,338905.7350199572,2753993.6020578165,2547424.415423241,20004946.845688015
668abc4e-780d-47a7-ae1a-1384dd9d08d0,36,9.0,342528.43195830705,2790799.16039964,2633056.5234128176,20702646.635787927
668abc4e-780d-47a7-ae1a-1384dd9d08d0,37,9.25,346190.44254655874,2828260.984350311,2719604.1340494575,21409711.881875504
668abc4e-780d-47a7-ae1a-1384dd9d08d0,38,9.5,349892.29054035887,2866397.2506134287,2807077.206684547,22126311.194528863
668abc4e-780d-47a7-ae1a-1384dd9d08d0,39,9.75,353634.5084639542,2905226.833162044,2895485.8338005356,22852617.902819373
668abc4e-780d-47a7-ae1a-1384dd9d08d0,40,10.0,357417.6377219869,2944769.3361692782,2984840.2432310325,23588810.23686169
668abc4e-780d-47a7-ae1a-1384dd9d08d0,41,10.25,361242.2287078584,2985045.1287843916,3075150.8004079973,24335071.519057788
668abc4e-780d-47a7-ae1a-1384dd9d08d0,42,10.5,365108.8409082125,3026075.3818768645,3166428.0106350505,25091590.364527006
668abc4e-780d-47a7-ae1a-1384dd9d08d0,43,10.75,369018.043002901,3067882.1068770485,3258682.521385776,25858560.891246267
668abc4e-780d-47a7-ae1a-1384dd9d08d0,44,11.0,372970.41296001413,3110488.196854125,3351925.124625779,26636182.9404598
668abc4e-780d-47a7-ae1a-1384dd9d08d0,45,11.25,376966.53812519385,3153917.469979817,3446166.759157078,27424662.307954755
668abc4e-780d-47a7-ae1a-1384dd9d08d0,46,11.5,381007.0153046714,3198194.715541755,3541418.512983246,28224210.986840192
668abc4e-780d-47a7-ae1a-1384dd9d08d0,47,11.75,385092.4508411653,3243345.742679016,3637691.6256935373,29035047.422509946
668abc4e-780d-47a7-ae1a-1384dd9d08d0,48,12.0,389223.4606819805,3289397.432028556,3734997.4908640324,29857396.780517086
668abc4e-780d-47a7-ae1a-1384dd9d08d0,49,12.25,393400.6704383771,3336377.790486185,3833347.6584736267,30691491.228138633
668abc4e-780d-47a7-ae1a-1384dd9d08d0,50,12.5,397624.71543530526,3384316.00929886,3932753.837332453,31537570.23046335
668abc4e-780d-47a7-ae1a-1384dd9d08d0,51,12.75,401896.2407504755,3433242.525727494,4033227.897520072,32395880.861895222
668abc4e-780d-47a7-ae1a-1384dd9d08d0,52,13.0,406215.90124173986,3483189.088534921,4134781.872830507,33266678.134028953
668abc4e-780d-47a7-ae1a-1384dd9d08d0,53,13.25,410584.36156165827,3534188.827575636,4237427.963220921,34150225.34092286
668abc4e-780d-47a7-ae1a-1384dd9d08d0,54,13.5,415002.29615777504,3586276.327787797,4341178.537260365,35046794.42286981
668abc4e-780d-47a7-ae1a-1384dd9d08d0,55,13.75,419470.38925764535,3639487.707912573,4446046.1345747765,35956666.34984795
668abc4e-780d-47a7-ae1a-1384dd9d08d0,56,14.0,423989.33483676804,3693860.7042928534,4552043.468283969,36880131.525921166
668abc4e-780d-47a7-ae1a-1384dd9d08d0,57,14.25,428559.8365680328,3749434.760134277,4659183.427425977,37817490.215954736
668abc4e-780d-47a7-ae1a-1384dd9d08d0,58,14.5,433182.60775109247,3806685.596509938,4767479.07936375,38769161.61508222
668abc4e-780d-47a7-ae1a-1384dd9d08d0,59,14.75,437858.37121960794,3873903.911567485,4876943.6721686525,39737637.59297409
668abc4e-780d-47a7-ae1a-1384dd9d08d0,60,15.0,442587.85753619036,3943036.034891578,4987590.6365527,40723396.60169698
668abc4e-780d-47a7-ae1a-1384dd9d08d0,61,15.25,447371.7719916459,4014164.2505496214,5099433.579550611,41726937.66433439
668abc4e-780d-47a7-ae1a-1384dd9d08d0,62,15.5,452210.8242292596,4087375.6249686955,5212486.285607926,42748781.57057656
668abc4e-780d-47a7-ae1a-1384dd9d08d0,63,15.75,457105.72759172274,4162762.3552707,5326762.717505856,43789472.15939424
668abc4e-780d-47a7-ae1a-1384dd9d08d0,64,16.0,462057.1983940544,4240422.148117741,5442277.01710437,44849577.69642368
668abc4e-780d-47a7-ae1a-1384dd9d08d0,65,16.25,467065.95511606167,4320458.632203488,5559043.505883385,45929692.35447455
668abc4e-780d-47a7-ae1a-1384dd9d08d0,66,16.5,472132.7175070655,4402981.807893204,5677076.6852601515,47030437.806447856
668abc4e-780d-47a7-ae1a-1384dd9d08d0,67,16.75,484456.3180448325,4488108.5379356695,5798190.76477136,48152464.940931775
668abc4e-780d-47a7-ae1a-1384dd9d08d0,68,17.0,490417.7428552564,4575963.083648267,5920795.200485174,49296455.71184384
668abc4e-780d-47a7-ae1a-1384dd9d08d0,69,17.25,496475.40869793925,4666677.683853779,6044914.052659659,50463125.132807285
668abc4e-780d-47a7-ae1a-1384dd9d08d0,70,17.5,502631.22317243245,4760393.198678287,6170571.858452767,51653223.432476856
668abc4e-780d-47a7-ae1a-1384dd9d08d0,71,17.75,508887.1294516359,4857259.817560398,6297793.640815676,52867538.38686696
668abc4e-780d-47a7-ae1a-1384dd9d08d0,72,18.0,515245.10597219557,4957437.832862092,6426604.917308725,54106897.84508248
668abc4e-780d-47a7-ae1a-1384dd9d08d0,73,18.25,521707.16598100105,5061098.490726289,6557031.708803976,55372172.46776405
668abc4e-780d-47a7-ae1a-1384dd9d08d0,74,18.5,528275.3569193804,5168424.928238545,6689100.548033821,56664278.699823685
668abc4e-780d-47a7-ae1a-1384dd9d08d0,75,18.75,534951.7596242421,5279613.207177131,6822838.487939882,57984182.00161797
668abc4e-780d-47a7-ae1a-1384dd9d08d0,76,19.0,541738.4873231986,5394873.456042481,6958273.109770682,59332900.365628585
668abc4e-780d-47a7-ae1a-1384dd9d08d0,77,19.25,548637.684397963,5514431.133698113,7095432.530870172,60711508.14905311
668abc4e-780d-47a7-ae1a-1384dd9d08d0,78,19.5,555651.5248868023,5638528.430533347,7234345.412091873,62121140.25668645
668abc4e-780d-47a7-ae1a-1384dd9d08d0,79,19.75,562782.2106952765,5767425.822889598,7375040.964765692,63562996.71240885
668abc4e-780d-47a7-ae1a-1384dd9d08d0,80,20.0,570031.9694788145,5901403.801807098,7517548.957135396,65038347.662860624
668abc4e-780d-47a7-ae1a-1384dd9d08d0,81,20.25,577403.052156939,6040764.799186404,7661899.720174631,66548538.86265723
668abc4e-780d-47a7-ae1a-1384dd9d08d0,82,20.5,584897.7300148718,6185835.337604253,7808124.152678349,68094997.69705829
668abc4e-780d-47a7-ae1a-1384dd9d08d0,83,20.75,592518.2913422756,6336968.434341493,7956253.725513918,69679239.80564366
668abc4e-780d-47a7-ae1a-1384dd9d08d0,84,21.0,600267.0375535754,6494546.295011184,8106320.484902312,71302876.37939645
668abc4e-780d-47a7-ae1a-1384dd9d08d0,85,21.25,608146.2787271694,6658983.337863789,8258357.054584105,72967622.2138624
668abc4e-780d-47a7-ae1a-1384dd9d08d0,86,21.5,616158.3284930954,6830729.596582839,8412396.636707379,74675304.61300811
668abc4e-780d-47a7-ae1a-1384dd9d08d0,87,21.75,624305.4981908407,7010274.55738309,8568473.01125509,76427873.25235388
668abc4e-780d-47a7-ae1a-1384dd9d08d0,88,22.0,632590.0902084992,7198151.49573977,8726620.533807214,78227411.12628882
668abc4e-780d-47a7-ae1a-1384dd9d08d0,89,22.25,641014.3904040415,7394942.389450858,8886874.131408224,80076146.72365153
668abc4e-780d-47a7-ae1a-1384dd9d08d0,90,22.5,649580.659496793,7601283.498367729,9049269.296282422,81976467.59824346
668abc4e-780d-47a7-ae1a-1384dd9d08d0,91,22.75,658291.1233029522,7817871.717522027,9213842.07710816,83930935.52762397
668abc4e-780d-47a7-ae1a-1384dd9d08d0,92,23.0,667147.961673036,8045471.830181429,9380629.067526419,85942303.48516932
668abc4e-780d-47a7-ae1a-1384dd9d08d0,93,23.25,676153.2959703407,8284924.811348907,9549667.391519004,88013534.68800655
668abc4e-780d-47a7-ae1a-1384dd9d08d0,94,23.5,685309.1749087295,8537157.361420145,9720994.685246186,90147824.02836159
668abc4e-780d-47a7-ae1a-1384dd9d08d0,95,23.75,694617.5585433866,8803192.885373125,9894649.074882032,92348622.24970487
668abc4e-780d-47a7-ae1a-1384dd9d08d0,96,24.0,704080.3001807197,9084164.17663771,10070669.149927212,94619663.2938643
668abc4e-780d-47a7-ae1a-1384dd9d08d0,97,24.25,713699.1259407967,9381328.118728032,10249093.931412412,96964995.3235463
668abc4e-780d-47a7-ae1a-1384dd9d08d0,98,24.5,723475.6116691985,9696082.784533922,10429962.834329711,99389016.01967978
668abc4e-780d-47a7-ae1a-1384dd9d08d0,99,24.75,733411.1568514028,10029987.396309756,10613315.623542562,101896512.86875722
668abc4e-780d-47a7-ae1a-1384dd9d08d0,100,25.0,743506.9551324121,10384785.71340422,10799192.362325665,104492709.29710828
668abc4e-780d-47a7-ae1a-1384dd9d08d0,101,25.25,753763.9609862593,10762433.545591785,10987633.352572229,107183317.68350622
668abc4e-780d-47a7-ae1a-1384dd9d08d0,102,25.5,764182.8520101004,11165131.255331859,11178679.065574754,109974600.49733919
668abc4e-780d-47a7-ae1a-1384dd9d08d0,103,25.75,774763.9862373365,11595362.322805282,11372370.062134089,112873441.07804051
668abc4e-780d-47a7-ae1a-1384dd9d08d0,104,26.0,785507.3537673777,12055939.317162635,11568746.900575934,115887425.90733117
668abc4e-780d-47a7-ae1a-1384dd9d08d0,105,26.25,796412.5218961193,12550058.96484278,11767850.031049963,119024940.64854187
668abc4e-780d-47a7-ae1a-1384dd9d08d0,106,26.5,807478.5727944295,13081368.456737153,11969719.67424857,122295282.76272616
668abc4e-780d-47a7-ae1a-1384dd9d08d0,107,26.75,818704.0326185728,13654045.725494968,12174395.682403214,125708794.1940999
668abc4e-780d-47a7-ae1a-1384dd9d08d0,108,27.0,830086.7907385153,14272897.200979332,12381917.380087843,129277018.49434474
668abc4e-780d-47a7-ae1a-1384dd9d08d0,109,27.25,841624.0075299421,14943477.583724838,12592323.38197033,133012887.89027596
668abc4e-780d-47a7-ae1a-1384dd9d08d0,110,27.5,853312.0088816239,15672237.5589418,12805651.384190734,136930947.28001142
668abc4e-780d-47a7-ae1a-1384dd9d08d0,111,27.75,865146.1652076264,16466707.243766792,13021937.92549264,141047624.0909531
668abc4e-780d-47a7-ae1a-1384dd9d08d0,112,28.0,877120.7523044891,17335725.714984473,13241218.113568762,145381555.51969922
668abc4e-780d-47a7-ae1a-1384dd9d08d0,113,28.25,889228.7908296016,18289730.490735684,13463525.311276162,149953988.14238313
668abc4e-780d-47a7-ae1a-1384dd9d08d0,114,28.5,901461.860467371,19341125.76255897,13688890.776393006,154789269.58302286
668abc4e-780d-47a7-ae1a-1384dd9d08d0,115,28.75,913809.8839425727,20504755.13014407,13917343.24737865,159915458.3655589
668abc4e-780d-47a7-ae1a-1384dd9d08d0,116,29.0,926260.8748751713,21798514.54850626,14148908.466097442,165365087.00268546
668abc4e-780d-47a7-ae1a-1384dd9d08d0,117,29.25,938800.6419515382,23244155.65179276,14383608.626585327,171176125.91563365
668abc4e-780d-47a7-ae1a-1384dd9d08d0,118,29.5,951412.4398897239,24868350.92042691,14621461.736557757,177393213.6457404
668abc4e-780d-47a7-ae1a-1384dd9d08d0,119,29.75,964076.5550114653,26704124.07239662,14862480.875310624,184069244.66383955
668abc4e-780d-47a7-ae1a-1384dd9d08d0,120,30.0,976769.8096349193,28792797.732331805,15106673.327719353,191267444.0969225
668abc4e-780d-47a7-ae1a-1384dd9d08d0,121,30.25,989464.9645671865,31186686.12543384,15354039.56886115,199064115.62828094
668abc4e-780d-47a7-ae1a-1384dd9d08d0,122,30.5,1002129.9921029203,33952880.80269499,15604572.06688688,207552335.8289547
668abc4e-780d-47a7-ae1a-1384dd9d08d0,123,30.75,1014727.1821984146,37178673.0247049,15858253.862436483,216847004.08513093
668abc4e-780d-47a7-ae1a-1384dd9d08d0,124,31.0,1027212.0304291653,40979483.05531067,16115056.870043773,227091874.8489586
668abc4e-780d-47a7-ae1a-1384dd9d08d0,125,31.25,1039531.8356143953,45510728.063141845,16374939.828947373,238469556.86474407
668abc4e-780d-47a7-ae1a-1384dd9d08d0,126,31.5,1051623.9037310334,50986057.39478921,16637845.804880131,251216071.21344137
668abc4e-780d-47a7-ae1a-1384dd9d08d0,127,31.75,1063413.2063717109,57706221.03235684,16903699.10647306,265642626.4715306
668abc4e-780d-47a7-ae1a-1384dd9d08d0,128,32.0,1074809.2649853975,66106366.52576161,17172401.422719408,282169218.102971
668abc4e-780d-47a7-ae1a-1384dd9d08d0,129,32.25,1085701.9054685908,76836675.22222815,17443826.899086557,301378386.90852803
668abc4e-780d-47a7-ae1a-1384dd9d08d0,130,32.5,1095955.311467403,90906419.06736983,17717815.72695341,324104991.6753705
668abc4e-780d-47a7-ae1a-1384dd9d08d0,131,32.75,1105399.4195895619,109956064.86530755,17994165.5818508,351594007.8916974
668abc4e-780d-47a7-ae1a-1384dd9d08d0,132,33.0,1113816.9783543725,136807167.27909228,18272619.826439396,385795799.7114705
668abc4e-780d-47a7-ae1a-1384dd9d08d0,133,33.25,1120923.1589502392,176670655.01182467,18552850.616176955,429963463.46442664
668abc4e-780d-47a7-ae1a-1384dd9d08d0,134,33.5,1121434.2940940228,240101207.91792133,18833209.189700462,489988765.44390696
668abc4e-780d-47a7-ae1a-1384dd9d08d0,135,33.75,1098379.693062312,351314905.1292256,19107804.11296604,577817491.7262133
668abc4e-780d-47a7-ae1a-1384dd9d08d0,136,34.0,1026501.0014074807,576658386.3299342,19364429.363317907,721982088.3086969
668abc4e-780d-47a7-ae1a-1384dd9d08d0,137,34.25,846153.478097792,1155362555.8769367,19575967.732842356,1010822727.277931
668abc4e-780d-47a7-ae1a-1384dd9d08d0,138,34.5,425212.50682404585,3490535027.166055,19682270.859548368,1883456484.0694447
668abc4e-780d-47a7-ae1a-1384dd9d08d0,139,34.75,-340334.5906641565,33169552414.36151,19665941.674642764,10175844587.659822
b040a2ba-eba1-4ef8-b8c1-61d0d44b362e,0,0.0,233386.80253485212,1775657.7707529902,58346.70063371303,443914.44268824754
b040a2ba-eba1-4ef8-b8c1-61d0d44b362e,1,0.25,235904.3177049734,1797217.6049823514,117322.78005995638,893218.8439338354
b040a2ba-eba1-4ef8-b8c1-61d0d44b362e,2,0.5,238447.3972974524,1819070.9273709892,176934.62938431947,1347986.5757765826
b040a2ba-eba1-4ef8-b8c1-61d0d44b362e,3,0.75,241016.3338365349,1841223.5017122307,237188.7128434532,1808292.4512046403
b040a2ba-eba1-4ef8-b8c1-61d0d44b362e,4,1.0,243611.4245606636,1863681.2603652158,298091.5689836191,2274212.7662959443
b040a2ba-eba1-4ef8-b8c1-61d0d44b362e,5,1.25,246232.97151818764,1886450.3104746533,359649.811863166,2745825.3439146075
b040a2ba-eba1-4ef8-b8c1-61d0d44b362e,6,1.5,248881.28166467467,1909536.9404584689,421870.13227933465,3223209.579029225
b040a2ba-eba1-4ef8-b8c1-61d0d44b362e,7,1.75,251556.66696202004,1932947.626776788,484759.2990198397,3706446.485723422
b040a2ba-eba1-4ef8-b8c1-61d0d44b362e,8,2.0,254259.4444790808,1956689.0409964025,548324.1601396098,4195618.745972523
b040a2ba-eba1-4ef8-b8c1-61d0d44b362e,9,2.25,256989.93649405174,1980768.0571658076,612571.6442631228,4690810.760263975
b040a2ba-eba1-4ef8-b8c1-61d0d44b362e,10,2.5,259748.4705984837,2005191.7595155113,677508.7619127438,5192108.700142853
b040a2ba-eba1-4ef8-b8c1-61d0d44b362e,11,2.75,262535.3798029162,2029967.4505025498,743142.6068634728,5699600.56276849
b040a2ba-eba1-4ef8-b8c1-61d0d44b362e,12,3.0,265351.00264412735,2055102.659214299,809480.3575245047,6213376.227572065
b040a2ba-eba1-4ef8-b8c1-61d0d44b362e,13,3.25,268195.68329393567,2080605.1501523547,876529.2783479886,6733527.515110154
b040a2ba-eba1-4ef8-b8c1-61d0d44b362e,14,3.5,271069.77166967595,2106482.9324148386,944296.7212654076,7260148.248213863
b040a2ba-eba1-4ef8-b8c1-61d0d44b362e,15,3.75,273973.62354602,2132744.269299796,1012790.1271519127,7793334.315538812
b040a2ba-eba1-4ef8-b8c1-61d0d44b362e,16,4.0,276907.6006684894,2159397.688350222,1082017.027319035,8333183.737626368
b040a2ba-eba1-4ef8-b8c1-61d0d44b362e,17,4.25,279872.07086826966,2186451.9918654384,1151985.0450361024,8879796.735592728
b040a2ba-eba1-4ef8-b8c1-61d0d44b362e,18,4.5,282867.4081784588,2213916.26790387,1222701.8970807171,9433275.802568696
b040a2ba-eba1-4ef8-b8c1-61d0d44b362e,19,4.75,285893.99294534215,2241799.9018082167,1294175.3953170527,9993725.77802075
b040a2ba-eba1-4ef8-b8c1-61d0d44b362e,20,5.0,288952.2119493187,2270112.5882707587,1366413.4483043824,10561253.925088441
b040a2ba-eba1-4ef8-b8c1-61d0d44b362e,21,5.25,292042.45852830645,2298864.343974188,1439424.062936459,11135970.011081988
b040a2ba-eba1-4ef8-b8c1-61d0d44b362e,22,5.5,295165.13269885856,2328065.5208432944,1513215.3461111735,11717986.391292812
b040a2ba-eba1-4ef8-b8c1-61d0d44b362e,23,5.75,298320.6412782988,2357726.8199388403,1587795.5064307482,12307418.096277522
b040a2ba-eba1-4ef8-b8c1-61d0d44b362e,24,6.0,301509.39800777094,2387859.3060301323,1663172.855932691,12904382.922785055
b040a2ba-eba1-4ef8-b8c1-61d0d44b362e,25,6.25,304731.82367611147,2418474.42288474,1739355.8118517187,13509001.52850624
b040a2ba-eba1-4ef8-b8c1-61d0d44b362e,26,6.5,307988.34624432074,2449584.0093163783,1816352.898412799,14121397.530835334
b040a2ba-eba1-4ef8-b8c1-61d0d44b362e,27,6.75,311279.40097074554,2481200.316034468,1894172.7486554855,14741697.60984395
b040a2ba-eba1-4ef8-b8c1-61d0d44b362e,28,7.0,314605.4305364852,2513336.023343042,1972824.1062896068,15370031.615679711
b040a2ba-eba1-4ef8-b8c1-61d0d44b362e,29,7.25,317966.88517111115,2546004.259737451,2052315.8275823845,16006532.680614075
b040a2ba-eba1-4ef8-b8c1-61d0d44b362e,30,7.5,321364.22277841426,2579218.6214521867,2132656.883276988,16651337.335977122
b040a2ba-eba1-4ef8-b8c1-61d0d44b362e,31,7.75,324797.90906203,2612993.1930177365,2213856.3605424953,17304585.634231556
b040a2ba-eba1-4ef8-b8c1-61d0d44b362e,32,8.0,328268.4176506405,2647342.568885773,2295923.4649551553,17966421.276453
b040a2ba-eba1-4ef8-b8c1-61d0d44b362e,33,8.25,331776.2302226179,2682281.876187531,2378867.52251081,18636991.745499883
b040a2ba-eba1-4ef8-b8c1-61d0d44b362e,34,8.5,335321.8366297669,2717826.7986947135,2462697.9816682516,19316448.44517356
b040a2ba-eba1-4ef8-b8c1-61d0d44b362e,35,8.75,338905.7350199572,2753993.6020578165,2547424.415423241,20004946.845688015
b040a2ba-eba1-4ef8-b8c1-61d0d44b362e,36,9.0,342528.43195830705,2790799.16039964,2633056.5234128176,20702646.635787927
b040a2ba-eba1-4ef8-b8c1-61d0d44b362e,37,9.25,346190.44254655874,2828260.984350311,2719604.1340494575,21409711.881875504
b040a2ba-eba1-4ef8-b8c1-61d0d44b362e,38,9.5,349892.29054035887,2866397.2506134287,2807077.206684547,22126311.194528863
b040a2ba-eba1-4ef8-b8c1-61d0d44b362e,39,9.75,353634.5084639542,2905226.833162044,2895485.8338005356,22852617.902819373
b040a2ba-eba1-4ef8-b8c1-61d0d44b362e,40,10.0,357417.6377219869,2944769.3361692782,2984840.2432310325,23588810.23686169
b040a2ba-eba1-4ef8-b8c1-61d0d44b362e,41,10.25,361242.2287078584,2985045.1287843916,3075150.8004079973,24335071.519057788
b040a2ba-eba1-4ef8-b8c1-61d0d44b362e,42,10.5,365108.8409082125,3026075.3818768645,3166428.0106350505,25091590.364527006
b040a2ba-eba1-4ef8-b8c1-61d0d44b362e,43,10.75,369018.043002901,3067882.1068770485,3258682.521385776,25858560.891246267
b040a2ba-eba1-4ef8-b8c1-61d0d44b362e,44,11.0,372970.41296001413,3110488.196854125,3351925.124625779,26636182.9404598
b040a2ba-eba1-4ef8-b8c1-61d0d44b362e,45,11.25,376966.53812519385,3153917.469979817,3446166.759157078,27424662.307954755
b040a2ba-eba1-4ef8-b8c1-61d0d44b362e,46,11.5,381007.0153046714,3198194.715541755,3541418.512983246,28224210.986840192
b040a2ba-eba1-4ef8-b8c1-61d0d44b362e,47,11.75,385092.4508411653,3243345.742679016,3637691.6256935373,29035047.422509946
b040a2ba-eba1-4ef8-b8c1-61d0d44b362e,48,12.0,389223.4606819805,3289397.432028556,3734997.4908640324,29857396.780517086
b040a2ba-eba1-4ef8-b8c1-61d0d44b362e,49,12.25,393400.6704383771,3336377.790486185,3833347.6584736267,30691491.228138633
b040a2ba-eba1-4ef8-b8c1-61d0d44b362e,50,12.5,397624.71543530526,3384316.00929886,3932753.837332453,31537570.23046335
b040a2ba-eba1-4ef8-b8c1-61d0d44b362e,51,12.75,401896.2407504755,3433242.525727494,4033227.897520072,32395880.861895222
b040a2ba-eba1-4ef8-b8c1-61d0d44b362e,52,13.0,406215.90124173986,3483189.088534921,4134781.872830507,33266678.134028953
b040a2ba-eba1-4ef8-b8c1-61d0d44b362e,53,13.25,410584.36156165827,3534188.827575636,4237427.963220921,34150225.34092286
b040a2ba-eba1-4ef8-b8c1-61d0d44b362e,54,13.5,415002.29615777504,3586276.327787797,4341178.537260365,35046794.42286981
b040a2ba-eba1-4ef8-b8c1-61d0d44b362e,55,13.75,419470.38925764535,3639487.707912573,4446046.1345747765,35956666.34984795
b040a2ba-eba1-4ef8-b8c1-61d0d44b362e,56,14.0,423989.33483676804,3693860.7042928534,4552043.468283969,36880131.525921166
b040a2ba-eba1-4ef8-b8c1-61d0d44b362e,57,14.25,428559.8365680328,3749434.760134277,4659183.427425977,37817490.215954736
b040a2ba-eba1-4ef8-b8c1-61d0d44b362e,58,14.5,433182.60775109247,3806685.596509938,4767479.07936375,38769161.61508222
b040a2ba-eba1-4ef8-b8c1-61d0d44b362e,59,14.75,437858.37121960794,3873903.911567485,4876943.6721686525,39737637.59297409
b040a2ba-eba1-4ef8-b8c1-61d0d44b362e,60,15.0,442587.85753619036,3943036.034891578,4987590.6365527,40723396.60169698
b040a2ba-eba1-4ef8-b8c1-61d0d44b362e,61,15.25,447371.7719916459,4014164.2505496214,5099433.579550611,41726937.66433439
b040a2ba-eba1-4ef8-b8c1-61d0d44b362e,62,15.5,452210.8242292596,4087375.6249686955,5212486.285607926,42748781.57057656
b040a2ba-eba1-4ef8-b8c1-61d0d44b362e,63,15.75,457105.72759172274,4162762.3552707,5326762.717505856,43789472.15939424
b040a2ba-eba1-4ef8-b8c1-61d0d44b362e,64,16.0,462057.1983940544,4240422.148117741,5442277.01710437,44849577.69642368
b040a2ba-eba1-4ef8-b8c1-61d0d44b362e,65,16.25,467065.95511606167,4320458.632203488,5559043.505883385,45929692.35447455
b040a2ba-eba1-4ef8-b8c1-61d0d44b362e,66,16.5,472132.7175070655,4402981.807893204,5677076.6852601515,47030437.806447856
b040a2ba-eba1-4ef8-b8c1-61d0d44b362e,67,16.75,484456.3180448325,4488108.5379356695,5798190.76477136,48152464.940931775
b040a2ba-eba1-4ef8-b8c1-61d0d44b362e,68,17.0,490417.7428552564,4575963.083648267,5920795.200485174,49296455.71184384
b040a2ba-eba1-4ef8-b8c1-61d0d44b362e,69,17.25,496475.40869793925,4666677.683853779,6044914.052659659,50463125.132807285
b040a2ba-eba1-4ef8-b8c1-61d0d44b362e,70,17.5,502631.22317243245,4760393.198678287,6170571.858452767,51653223.432476856
b040a2ba-eba1-4ef8-b8c1-61d0d44b362e,71,17.75,508887.1294516359,4857259.817560398,6297793.640815676,52867538.38686696
b040a2ba-eba1-4ef8-b8c1-61d0d44b362e,72,18.0,515245.10597219557,4957437.832862092,6426604.917308725,54106897.84508248
b040a2ba-eba1-4ef8-b8c1-61d0d44b362e,73,18.25,521707.16598100105,5061098.490726289,6557031.708803976,55372172.46776405
b040a2ba-eba1-4ef8-b8c1-61d0d44b362e,74,18.5,528275.3569193804,5168424.928238545,6689100.548033821,56664278.699823685
b040a2ba-eba1-4ef8-b8c1-61d0d44b362e,75,18.75,534951.7596242421,5279613.207177131,6822838.487939882,57984182.00161797
b040a2ba-eba1-4ef8-b8c1-61d0d44b362e,76,19.0,541738.4873231986,5394873.456042481,6958273.109770682,59332900.365628585
b040a2ba-eba1-4ef8-b8c1-61d0d44b362e,77,19.25,548637.684397963,5514431.133698113,7095432.530870172,60711508.14905311
b040a2ba-eba1-4ef8-b8c1-61d0d44b362e,78,19.5,555651.5248868023,5638528.430533347,7234345.412091873,62121140.25668645
b040a2ba-eba1-4ef8-b8c1-61d0d44b362e,79,19.75,562782.2106952765,5767425.822889598,7375040.964765692,63562996.71240885
b040a2ba-eba1-4ef8-b8c1-61d0d44b362e,80,20.0,570031.9694788145,5901403.801807098,7517548.957135396,65038347.662860624
b040a2ba-eba1-4ef8-b8c1-61d0d44b362e,81,20.25,577403.052156939,6040764.799186404,7661899.720174631,66548538.86265723
b040a2ba-eba1-4ef8-b8c1-61d0d44b362e,82,20.5,584897.7300148718,6185835.337604253,7808124.152678349,68094997.69705829
b040a2ba-eba1-4ef8-b8c1-61d0d44b362e,83,20.75,592518.2913422756,6336968.434341493,7956253.725513918,69679239.80564366
b040a2ba-eba1-4ef8-b8c1-61d0d44b362e,84,21.0,600267.0375535754,6494546.295011184,8106320.484902312,71302876.37939645
b040a2ba-eba1-4ef8-b8c1-61d0d44b362e,85,21.25,608146.2787271694,6658983.337863789,8258357.054584105,72967622.2138624
b040a2ba-eba1-4ef8-b8c1-61d0d44b362e,86,21.5,616158.3284930954,6830729.596582839,8412396.636707379,74675304.61300811
b040a2ba-eba1-4ef8-b8c1-61d0d44b362e,87,21.75,624305.4981908407,7010274.55738309,8568473.01125509,76427873.25235388
b040a2ba-eba1-4ef8-b8c1-61d0d44b362e,88,22.0,632590.0902084992,7198151.49573977,8726620.533807214,78227411.12628882
b040a2ba-eba1-4ef8-b8c1-61d0d44b362e,89,22.25,641014.3904040415,7394942.389450858,8886874.131408224,80076146.72365153
b040a2ba-eba1-4ef8-b8c1-61d0d44b362e,90,22.5,649580.659496793,7601283.498367729,9049269.296282422,81976467.59824346
b040a2ba-eba1-4ef8-b8c1-61d0d44b362e,91,22.75,658291.1233029522,7817871.717522027,9213842.07710816,83930935.52762397
b040a2ba-eba1-4ef8-b8c1-61d0d44b362e,92,23.0,667147.961673036,8045471.830181429,9380629.067526419,85942303.48516932
b040a2ba-eba1-4ef8-b8c1-61d0d44b362e,93,23.25,676153.2959703407,8284924.811348907,9549667.391519004,88013534.68800655
b040a2ba-eba1-4ef8-b8c1-61d0d44b362e,94,23.5,685309.1749087295,8537157.361420145,9720994.685246186,90147824.02836159
b040a2ba-eba1-4ef8-b8c1-61d0d44b362e,95,23.75,694617.5585433866,8803192.885373125,9894649.074882032,92348622.24970487
b040a2ba-eba1-4ef8-b8c1-61d0d44b362e,96,24.0,704080.3001807197,9084164.17663771,10070669.149927212,94619663.2938643
b040a2ba-eba1-4ef8-b8c1-61d0d44b362e,97,24.25,713699.1259407967,9381328.118728032,10249093.931412412,96964995.3235463
b040a2ba-eba1-4ef8-b8c1-61d0d44b362e,98,24.5,723475.6116691985,9696082.784533922,10429962.834329711,99389016.01967978
b040a2ba-eba1-4ef8-b8c1-61d0d44b362e,99,24.75,733411.1568514028,10029987.396309756,10613315.623542562,101896512.86875722
b040a2ba-eba1-4ef8-b8c1-61d0d44b362e,100,25.0,743506.9551324121,10384785.71340422,10799192.362325665,104492709.29710828
b040a2ba-eba1-4ef8-b8c1-61d0d44b362e,101,25.25,753763.9609862593,10762433.545591785,10987633.352572229,107183317.68350622
b040a2ba-eba1-4ef8-b8c1-61d0d44b362e,102,25.5,764182.8520101004,11165131.255331859,11178679.065574754,109974600.49733919
b040a2ba-eba1-4ef8-b8c1-61d0d44b362e,103,25.75,774763.9862373365,11595362.322805282,11372370.062134089,112873441.07804051
b040a2ba-eba1-4ef8-b8c1-61d0d44b362e,104,26.0,785507.3537673777,12055939.317162635,11568746.900575934,115887425.90733117
b040a2ba-eba1-4ef8-b8c1-61d0d44b362e,105,26.25,796412.5218961193,12550058.96484278,11767850.031049963,119024940.64854187
b040a2ba-eba1-4ef8-b8c1-61d0d44b362e,106,26.5,807478.5727944295,13081368.456737153,11969719.67424857,122295282.76272616
b040a2ba-eba1-4ef8-b8c1-61d0d44b362e,107,26.75,818704.0326185728,13654045.725494968,12174395.682403214,125708794.1940999
b040a2ba-eba1-4ef8-b8c1-61d0d44b362e,108,27.0,830086.7907385153,14272897.200979332,12381917.380087843,129277018.49434474
b040a2ba-eba1-4ef8-b8c1-61d0d44b362e,109,27.25,841624.0075299421,14943477.583724838,12592323.38197033,133012887.89027596
b040a2ba-eba1-4ef8-b8c1-61d0d44b362e,110,27.5,853312.0088816239,15672237.5589418,12805651.384190734,136930947.28001142
b040a2ba-eba1-4ef8-b8c1-61d0d44b362e,111,27.75,865146.1652076264,16466707.243766792,13021937.92549264,141047624.0909531
b040a2ba-eba1-4ef8-b8c1-61d0d44b362e,112,28.0,877120.7523044891,17335725.714984473,13241218.113568762,145381555.51969922
b040a2ba-eba1-4ef8-b8c1-61d0d44b362e,113,28.25,889228.7908296016,18289730.490735684,13463525.311276162,149953988.14238313
b040a2ba-eba1-4ef8-b8c1-61d0d44b362e,114,28.5,901461.860467371,19341125.76255897,13688890.776393006,154789269.58302286
b040a2ba-eba1-4ef8-b8c1-61d0d44b362e,115,28.75,913809.8839425727,20504755.13014407,13917343.24737865,159915458.3655589
b040a2ba-eba1-4ef8-b8c1-61d0d44b362e,116,29.0,926260.8748751713,21798514.54850626,14148908.466097442,165365087.00268546
b040a2ba-eba1-4ef8-b8c1-61d0d44b362e,117,29.25,938800.6419515382,23244155.65179276,14383608.626585327,171176125.91563365
b040a2ba-eba1-4ef8-b8c1-61d0d44b362e,118,29.5,951412.4398897239,24868350.92042691,14621461.736557757,177393213.6457404
b040a2ba-eba1-4ef8-b8c1-61d0d44b362e,119,29.75,964076.5550114653,26704124.07239662,14862480.875310624,184069244.66383955
b040a2ba-eba1-4ef8-b8c1-61d0d44b362e,120,30.0,976769.8096349193,28792797.732331805,15106673.327719353,191267444.0969225
b040a2ba-eba1-4ef8-b8c1-61d0d44b362e,121,30.25,989464.9645671865,31186686.12543384,15354039.56886115,199064115.62828094
b040a2ba-eba1-4ef8-b8c1-61d0d44b362e,122,30.5,1002129.9921029203,33952880.80269499,15604572.06688688,207552335.8289547
b040a2ba-eba1-4ef8-b8c1-61d0d44b362e,123,30.75,1014727.1821984146,37178673.0247049,15858253.862436483,216847004.08513093
b040a2ba-eba1-4ef8-b8c1-61d0d44b362e,124,31.0,1027212.0304291653,40979483.05531067,16115056.870043773,227091874.8489586
b040a2ba-eba1-4ef8-b8c1-61d0d44b362e,125,31.25,1039531.8356143953,45510728.063141845,16374939.828947373,238469556.86474407
b040a2ba-eba1-4ef8-b8c1-61d0d44b362e,126,31.5,1051623.9037310334,50986057.39478921,16637845.804880131,251216071.21344137
b040a2ba-eba1-4ef8-b8c1-61d0d44b362e,127,31.75,1063413.2063717109,57706221.03235684,16903699.10647306,265642626.4715306
b040a2ba-eba1-4ef8-b8c1-61d0d44b362e,128,32.0,1074809.2649853975,66106366.52576161,17172401.422719408,282169218.102971
b040a2ba-eba1-4ef8-b8c1-61d0d44b362e,129,32.25,1085701.9054685908,76836675.22222815,17443826.899086557,301378386.90852803
b040a2ba-eba1-4ef8-b8c1-61d0d44b362e,130,32.5,1095955.311467403,90906419.06736983,17717815.72695341,324104991.6753705
b040a2ba-eba1-4ef8-b8c1-61d0d44b362e,131,32.75,1105399.4195895619,109956064.86530755,17994165.5818508,351594007.8916974
b040a2ba-eba1-4ef8-b8c1-61d0d44b362e,132,33.0,1113816.9783543725,136807167.27909228,18272619.826439396,385795799.7114705
b040a2ba-eba1-4ef8-b8c1-61d0d44b362e,133,33.25,1120923.1589502392,176670655.01182467,18552850.616176955,429963463.46442664
b040a2ba-eba1-4ef8-b8c1-61d0d44b362e,134,33.5,1121434.2940940228,240101207.91792133,18833209.189700462,489988765.44390696
b040a2ba-eba1-4ef8-b8c1-61d0d44b362e,135,33.75,1098379.693062312,351314905.1292256,19107804.11296604,577817491.7262133
b040a2ba-eba1-4ef8-b8c1-61d0d44b362e,136,34.0,1026501.0014074807,576658386.3299342,19364429.363317907,721982088.3086969
b040a2ba-eba1-4ef8-b8c1-61d0d44b362e,137,34.25,846153.478097792,1155362555.8769367,19575967.732842356,1010822727.277931
b040a2ba-eba1-4ef8-b8c1-61d0d44b362e,138,34.5,425212.50682404585,3490535027.166055,19682270.859548368,1883456484.0694447
b040a2ba-eba1-4ef8-b8c1-61d0d44b362e,139,34.75,-340334.5906641565,33169552414.36151,19665941.674642764,10175844587.659822
2847e459-0007-49ea-9773-306b6aa1b30d,0,0.0,233386.80253485212,1775657.7707529902,58346.70063371303,443914.44268824754
2847e459-0007-49ea-9773-306b6aa1b30d,1,0.25,235904.3177049734,1797217.6049823514,117322.78005995638,893218.8439338354
2847e459-0007-49ea-9773-306b6aa1b30d,2,0.5,238447.3972974524,1819070.9273709892,176934.62938431947,1347986.5757765826
2847e459-0007-49ea-9773-306b6aa1b30d,3,0.75,241016.3338365349,1841223.5017122307,237188.7128434532,1808292.4512046403
2847e459-0007-49ea-9773-306b6aa1b30d,4,1.0,243611.4245606636,1863681.2603652158,298091.5689836191,2274212.7662959443
2847e459-0007-49ea-9773-306b6aa1b30d,5,1.25,246232.97151818764,1886450.3104746533,359649.811863166,2745825.3439146075
2847e459-0007-49ea-9773-306b6aa1b30d,6,1.5,248881.28166467467,1909536.9404584689,421870.13227933465,3223209.579029225
2847e459-0007-49ea-9773-306b6aa1b30d,7,1.75,251556.66696202004,1932947.626776788,484759.2990198397,3706446.485723422
2847e459-0007-49ea-9773-306b6aa1b30d,8,2.0,254259.4444790808,1956689.0409964025,548324.1601396098,4195618.745972523
2847e459-0007-49ea-9773-306b6aa1b30d,9,2.25,256989.93649405174,1980768.0571658076,612571.6442631228,4690810.760263975
2847e459-0007-49ea-9773-306b6aa1b30d,10,2.5,259748.4705984837,2005191.7595155113,677508.7619127438,5192108.700142853
2847e459-0007-49ea-9773-306b6aa1b30d,11,2.75,262535.3798029162,2029967.4505025498,743142.6068634728,5699600.56276849
2847e459-0007-49ea-9773-306b6aa1b30d,12,3.0,265351.00264412735,2055102.659214299,809480.3575245047,6213376.227572065
2847e459-0007-49ea-9773-306b6aa1b30d,13,3.25,268195.68329393567,2080605.1501523547,876529.2783479886,6733527.515110154
2847e459-0007-49ea-9773-306b6aa1b30d,14,3.5,271069.77166967595,2106482.9324148386,944296.7212654076,7260148.248213863
2847e459-0007-49ea-9773-306b6aa1b30d,15,3.75,273973.62354602,2132744.269299796,1012790.1271519127,7793334.315538812
2847e459-0007-49ea-9773-306b6aa1b30d,16,4.0,276907.6006684894,2159397.688350222,1082017.027319035,8333183.737626368
2847e459-0007-49ea-9773-306b6aa1b30d,17,4.25,279872.07086826966,2186451.9918654384,1151985.0450361024,8879796.735592728
2847e459-0007-49ea-9773-306b6aa1b30d,18,4.5,282867.4081784588,2213916.26790387,1222701.8970807171,9433275.802568696
2847e459-0007-49ea-9773-306b6aa1b30d,19,4.75,285893.99294534215,2241799.9018082167,1294175.3953170527,9993725.77802075
2847e459-0007-49ea-9773-306b6aa1b30d,20,5.0,288952.2119493187,2270112.5882707587,1366413.4483043824,10561253.925088441
2847e459-0007-49ea-9773-306b6aa1b30d,21,5.25,292042.45852830645,2298864.343974188,1439424.062936459,11135970.011081988
2847e459-0007-49ea-9773-306b6aa1b30d,22,5.5,295165.13269885856,2328065.5208432944,1513215.3461111735,11717986.391292812
2847e459-0007-49ea-9773-306b6aa1b30d,23,5.75,298320.6412782988,2357726.8199388403,1587795.5064307482,12307418.096277522
2847e459-0007-49ea-9773-306b6aa1b30d,24,6.0,301509.39800777094,2387859.3060301323,1663172.855932691,12904382.922785055
2847e459-0007-49ea-9773-306b6aa1b30d,25,6.25,304731.82367611147,2418474.42288474,1739355.8118517187,13509001.52850624
2847e459-0007-49ea-9773-306b6aa1b30d,26,6.5,307988.34624432074,2449584.0093163783,1816352.898412799,14121397.530835334
2847e459-0007-49ea-9773-306b6aa1b30d,27,6.75,311279.40097074554,2481200.316034468,1894172.7486554855,14741697.60984395
2847e459-0007-49ea-9773-306b6aa1b30d,28,7.0,314605.4305364852,2513336.023343042,1972824.1062896068,15370031.615679711
2847e459-0007-49ea-9773-306b6aa1b30d,29,7.25,317966.88517111115,2546004.259737451,2052315.8275823845,16006532.680614075
2847e459-0007-49ea-9773-306b6aa1b30d,30,7.5,321364.22277841426,2579218.6214521867,2132656.883276988,16651337.335977122
2847e459-0007-49ea-9773-306b6aa1b30d,31,7.75,324797.90906203,2612993.1930177365,2213856.3605424953,17304585.634231556
2847e459-0007-49ea-9773-306b6aa1b30d,32,8.0,328268.4176506405,2647342.568885773,2295923.4649551553,17966421.276453
2847e459-0007-49ea-9773-306b6aa1b30d,33,8.25,331776.2302226179,2682281.876187531,2378867.52251081,18636991.745499883
2847e459-0007-49ea-9773-306b6aa1b30d,34,8.5,335321.8366297669,2717826.7986947135,2462697.9816682516,19316448.44517356
2847e459-0007-49ea-9773-306b6aa1b30d,35,8.75,338905.7350199572,2753993.6020578165,2547424.415423241,20004946.845688015
2847e459-0007-49ea-9773-306b6aa1b30d,36,9.0,342528.43195830705,2790799.16039964,2633056.5234128176,20702646.635787927
2847e459-0007-49ea-9773-306b6aa1b30d,37,9.25,346190.44254655874,2828260.984350311,2719604.1340494575,21409711.881875504
2847e459-0007-49ea-9773-306b6aa1b30d,38,9.5,349892.29054035887,2866397.2506134287,2807077.206684547,22126311.194528863
2847e459-0007-49ea-9773-306b6aa1b30d,39,9.75,353634.5084639542,2905226.833162044,2895485.8338005356,22852617.902819373
2847e459-0007-49ea-9773-306b6aa1b30d,40,10.0,357417.6377219869,2944769.3361692782,2984840.2432310325,23588810.23686169
2847e459-0007-49ea-9773-306b6aa1b30d,41,10.25,361242.2287078584,2985045.1287843916,3075150.8004079973,24335071.519057788
2847e459-0007-49ea-9773-306b6aa1b30d,42,10.5,365108.8409082125,3026075.3818768645,3166428.0106350505,25091590.364527006
2847e459-0007-49ea-9773-306b6aa1b30d,43,10.75,369018.043002901,3067882.1068770485,3258682.521385776,25858560.891246267
2847e459-0007-49ea-9773-306b6aa1b30d,44,11.0,372970.41296001413,3110488.196854125,3351925.124625779,26636182.9404598
2847e459-0007-49ea-9773-306b6aa1b30d,45,11.25,376966.53812519385,3153917.469979817,3446166.759157078,27424662.307954755
2847e459-0007-49ea-9773-306b6aa1b30d,46,11.5,381007.0153046714,3198194.715541755,3541418.512983246,28224210.986840192
2847e459-0007-49ea-9773-306b6aa1b30d,47,11.75,385092.4508411653,3243345.742679016,3637691.6256935373,29035047.422509946
2847e459-0007-49ea-9773-306b6aa1b30d,48,12.0,389223.4606819805,3289397.432028556,3734997.4908640324,29857396.780517086
2847e459-0007-49ea-9773-306b6aa1b30d,49,12.25,393400.6704383771,3336377.790486185,3833347.6584736267,30691491.228138633
2847e459-0007-49ea-9773-306b6aa1b30d,50,12.5,397624.71543530526,3384316.00929886,3932753.837332453,31537570.23046335
2847e459-0007-49ea-9773-306b6aa1b30d,51,12.75,401896.2407504755,3433242.525727494,4033227.897520072,32395880.861895222
2847e459-0007-49ea-9773-306b6aa1b30d,52,13.0,406215.90124173986,3483189.088534921,4134781.872830507,33266678.134028953
2847e459-0007-49ea-9773-306b6aa1b30d,53,13.25,410584.36156165827,3534188.827575636,4237427.963220921,34150225.34092286
2847e459-0007-49ea-9773-306b6aa1b30d,54,13.5,415002.29615777504,3586276.327787797,4341178.537260365,35046794.42286981
2847e459-0007-49ea-9773-306b6aa1b30d,55,13.75,419470.38925764535,3639487.707912573,4446046.1345747765,35956666.34984795
2847e459-0007-49ea-9773-306b6aa1b30d,56,14.0,423989.33483676804,3693860.7042928534,4552043.468283969,36880131.525921166
2847e459-0007-49ea-9773-306b6aa1b30d,57,14.25,428559.8365680328,3749434.760134277,4659183.427425977,37817490.215954736
2847e459-0007-49ea-9773-306b6aa1b30d,58,14.5,433182.60775109247,3806685.596509938,4767479.07936375,38769161.61508222
2847e459-0007-49ea-9773-306b6aa1b30d,59,14.75,437858.37121960794,3873903.911567485,4876943.6721686525,39737637.59297409
2847e459-0007-49ea-9773-306b6aa1b30d,60,15.0,442587.85753619036,3943036.034891578,4987590.6365527,40723396.60169698
2847e459-0007-49ea-9773-306b6aa1b30d,61,15.25,447371.7719916459,4014164.2505496214,5099433.579550611,41726937.66433439
2847e459-0007-49ea-9773-306b6aa1b30d,62,15.5,452210.8242292596,4087375.6249686955,5212486.285607926,42748781.57057656
2847e459-0007-49ea-9773-306b6aa1b30d,63,15.75,457105.72759172274,4162762.3552707,5326762.717505856,43789472.15939424
2847e459-0007-49ea-9773-306b6aa1b30d,64,16.0,462057.1983940544,4240422.148117741,5442277.01710437,44849577.69642368
2847e459-0007-49ea-9773-306b6aa1b30d,65,16.25,467065.95511606167,4320458.632203488,5559043.505883385,45929692.35447455
2847e459-0007-49ea-9773-306b6aa1b30d,66,16.5,472132.7175070655,4402981.807893204,5677076.6852601515,47030437.806447856
2847e459-0007-49ea-9773-306b6aa1b30d,67,16.75,484456.3180448325,4488108.5379356695,5798190.76477136,48152464.940931775
2847e459-0007-49ea-9773-306b6aa1b30d,68,17.0,490417.7428552564,4575963.083648267,5920795.200485174,49296455.71184384
2847e459-0007-49ea-9773-306b6aa1b30d,69,17.25,496475.40869793925,4666677.683853779,6044914.052659659,50463125.132807285
2847e459-0007-49ea-9773-306b6aa1b30d,70,17.5,502631.22317243245,4760393.198678287,6170571.858452767,51653223.432476856
2847e459-0007-49ea-9773-306b6aa1b30d,71,17.75,508887.1294516359,4857259.817560398,6297793.640815676,52867538.38686696
2847e459-0007-49ea-9773-306b6aa1b30d,72,18.0,515245.10597219557,4957437.832862092,6426604.917308725,54106897.84508248
2847e459-0007-49ea-9773-306b6aa1b30d,73,18.25,521707.16598100105,5061098.490726289,6557031.708803976,55372172.46776405
2847e459-0007-49ea-9773-306b6aa1b30d,74,18.5,528275.3569193804,5168424.928238545,6689100.548033821,56664278.699823685
2847e459-0007-49ea-9773-306b6aa1b30d,75,18.75,534951.7596242421,5279613.207177131,6822838.487939882,57984182.00161797
2847e459-0007-49ea-9773-306b6aa1b30d,76,19.0,541738.4873231986,5394873.456042481,6958273.109770682,59332900.365628585
2847e459-0007-49ea-9773-306b6aa1b30d,77,19.25,548637.684397963,5514431.133698113,7095432.530870172,60711508.14905311
2847e459-0007-49ea-9773-306b6aa1b30d,78,19.5,555651.5248868023,5638528.430533347,7234345.412091873,62121140.25668645
2847e459-0007-49ea-9773-306b6aa1b30d,79,19.75,562782.2106952765,5767425.822889598,7375040.964765692,63562996.71240885
2847e459-0007-49ea-9773-306b6aa1b30d,80,20.0,570031.9694788145,5901403.801807098,7517548.957135396,65038347.662860624
2847e459-0007-49ea-9773-306b6aa1b30d,81,20.25,577403.052156939,6040764.799186404,7661899.720174631,66548538.86265723
2847e459-0007-49ea-9773-306b6aa1b30d,82,20.5,584897.7300148718,6185835.337604253,7808124.152678349,68094997.69705829
2847e459-0007-49ea-9773-306b6aa1b30d,83,20.75,592518.2913422756,6336968.434341493,7956253.725513918,69679239.80564366
2847e459-0007-49ea-9773-306b6aa1b30d,84,21.0,600267.0375535754,6494546.295011184,8106320.484902312,71302876.37939645
2847e459-0007-49ea-9773-306b6aa1b30d,85,21.25,608146.2787271694,6658983.337863789,8258357.054584105,72967622.2138624
2847e459-0007-49ea-9773-306b6aa1b30d,86,21.5,616158.3284930954,6830729.596582839,8412396.636707379,74675304.61300811
2847e459-0007-49ea-9773-306b6aa1b30d,87,21.75,624305.4981908407,7010274.55738309,8568473.01125509,76427873.25235388
2847e459-0007-49ea-9773-306b6aa1b30d,88,22.0,632590.0902084992,7198151.49573977,8726620.533807214,78227411.12628882
2847e459-0007-49ea-9773-306b6aa1b30d,89,22.25,641014.3904040415,7394942.389450858,8886874.131408224,80076146.72365153
2847e459-0007-49ea-9773-306b6aa1b30d,90,22.5,649580.659496793,7601283.498367729,9049269.296282422,81976467.59824346
2847e459-0007-49ea-9773-306b6aa1b30d,91,22.75,658291.1233029522,7817871.717522027,9213842.07710816,83930935.52762397
2847e459-0007-49ea-9773-306b6aa1b30d,92,23.0,667147.961673036,8045471.830181429,9380629.067526419,85942303.48516932
2847e459-0007-49ea-9773-306b6aa1b30d,93,23.25,676153.2959703407,8284924.811348907,9549667.391519004,88013534.68800655
2847e459-0007-49ea-9773-306b6aa1b30d,94,23.5,685309.1749087295,8537157.361420145,9720994.685246186,90147824.02836159
2847e459-0007-49ea-9773-306b6aa1b30d,95,23.75,694617.5585433866,8803192.885373125,9894649.074882032,92348622.24970487
2847e459-0007-49ea-9773-306b6aa1b30d,96,24.0,704080.3001807197,9084164.17663771,10070669.149927212,94619663.2938643
2847e459-0007-49ea-9773-306b6aa1b30d,97,24.25,713699.1259407967,9381328.118728032,10249093.931412412,96964995.3235463
2847e459-0007-49ea-9773-306b6aa1b30d,98,24.5,723475.6116691985,9696082.784533922,10429962.834329711,99389016.01967978
2847e459-0007-49ea-9773-306b6aa1b30d,99,24.75,733411.1568514028,10029987.396309756,10613315.623542562,101896512.86875722
2847e459-0007-49ea-9773-306b6aa1b30d,100,25.0,743506.9551324121,10384785.71340422,10799192.362325665,104492709.29710828
2847e459-0007-49ea-9773-306b6aa1b30d,101,25.25,753763.9609862593,10762433.545591785,10987633.352572229,107183317.68350622
2847e459-0007-49ea-9773-306b6aa1b30d,102,25.5,764182.8520101004,11165131.255331859,11178679.065574754,109974600.49733919
2847e459-0007-49ea-9773-306b6aa1b30d,103,25.75,774763.9862373365,11595362.322805282,11372370.062134089,112873441.07804051
2847e459-0007-49ea-9773-306b6aa1b30d,104,26.0,785507.3537673777,12055939.317162635,11568746.900575934,115887425.90733117
2847e459-0007-49ea-9773-306b6aa1b30d,105,26.25,796412.5218961193,12550058.96484278,11767850.031049963,119024940.64854187
2847e459-0007-49ea-9773-306b6aa1b30d,106,26.5,807478.5727944295,13081368.456737153,11969719.67424857,122295282.76272616
2847e459-0007-49ea-9773-306b6aa1b30d,107,26.75,818704.0326185728,13654045.725494968,12174395.682403214,125708794.1940999
2847e459-0007-49ea-9773-306b6aa1b30d,108,27.0,830086.7907385153,14272897.200979332,12381917.380087843,129277018.49434474
2847e459-0007-49ea-9773-306b6aa1b30d,109,27.25,841624.0075299421,14943477.583724838,12592323.38197033,133012887.89027596
2847e459-0007-49ea-9773-306b6aa1b30d,110,27.5,853312.0088816239,15672237.5589418,12805651.384190734,136930947.28001142
2847e459-0007-49ea-9773-306b6aa1b30d,111,27.75,865146.1652076264,16466707.243766792,13021937.92549264,141047624.0909531
2847e459-0007-49ea-9773-306b6aa1b30d,112,28.0,877120.7523044891,17335725.714984473,13241218.113568762,145381555.51969922
2847e459-0007-49ea-9773-306b6aa1b30d,113,28.25,889228.7908296016,18289730.490735684,13463525.311276162,149953988.14238313
2847e459-0007-49ea-9773-306b6aa1b30d,114,28.5,901461.860467371,19341125.76255897,13688890.776393006,154789269.58302286
2847e459-0007-49ea-9773-306b6aa1b30d,115,28.75,913809.8839425727,20504755.13014407,13917343.24737865,159915458.3655589
2847e459-0007-49ea-9773-306b6aa1b30d,116,29.0,926260.8748751713,21798514.54850626,14148908.466097442,165365087.00268546
2847e459-0007-49ea-9773-306b6aa1b30d,117,29.25,938800.6419515382,23244155.65179276,14383608.626585327,171176125.91563365
2847e459-0007-49ea-9773-306b6aa1b30d,118,29.5,951412.4398897239,24868350.92042691,14621461.736557757,177393213.6457404
2847e459-0007-49ea-9773-306b6aa1b30d,119,29.75,964076.5550114653,26704124.07239662,14862480.875310624,184069244.66383955
2847e459-0007-49ea-9773-306b6aa1b30d,120,30.0,976769.8096349193,28792797.732331805,15106673.327719353,191267444.0969225
2847e459-0007-49ea-9773-306b6aa1b30d,121,30.25,989464.9645671865,31186686.12543384,15354039.56886115,199064115.62828094
2847e459-0007-49ea-9773-306b6aa1b30d,122,30.5,1002129.9921029203,33952880.80269499,15604572.06688688,207552335.8289547
2847e459-0007-49ea-9773-306b6aa1b30d,123,30.75,1014727.1821984146,37178673.0247049,15858253.862436483,216847004.08513093
2847e459-0007-49ea-9773-306b6aa1b30d,124,31.0,1027212.0304291653,40979483.05531067,16115056.870043773,227091874.8489586
2847e459-0007-49ea-9773-306b6aa1b30d,125,31.25,1039531.8356143953,45510728.063141845,16374939.828947373,238469556.86474407
2847e459-0007-49ea-9773-306b6aa1b30d,126,31.5,1051623.9037310334,50986057.39478921,16637845.804880131,251216071.21344137
2847e459-0007-49ea-9773-306b6aa1b30d,127,31.75,1063413.2063717109,57706221.03235684,16903699.10647306,265642626.4715306
2847e459-0007-49ea-9773-306b6aa1b30d,128,32.0,1074809.2649853975,66106366.52576161,17172401.422719408,282169218.102971
2847e459-0007-49ea-9773-306b6aa1b30d,129,32.25,1085701.9054685908,76836675.22222815,17443826.899086557,301378386.90852803
2847e459-0007-49ea-9773-306b6aa1b30d,130,32.5,1095955.311467403,90906419.06736983,17717815.72695341,324104991.6753705
2847e459-0007-49ea-9773-306b6aa1b30d,131,32.75,1105399.4195895619,109956064.86530755,17994165.5818508,351594007.8916974
2847e459-0007-49ea-9773-306b6aa1b30d,132,33.0,1113816.9783543725,136807167.27909228,18272619.826439396,385795799.7114705
2847e459-0007-49ea-9773-306b6aa1b30d,133,33.25,1120923.1589502392,176670655.01182467,18552850.616176955,429963463.46442664
2847e459-0007-49ea-9773-306b6aa1b30d,134,33.5,1121434.2940940228,240101207.91792133,18833209.189700462,489988765.44390696
2847e459-0007-49ea-9773-306b6aa1b30d,135,33.75,1098379.693062312,351314905.1292256,19107804.11296604,577817491.7262133
2847e459-0007-49ea-9773-306b6aa1b30d,136,34.0,1026501.0014074807,576658386.3299342,19364429.363317907,721982088.3086969
2847e459-0007-49ea-9773-306b6aa1b30d,137,34.25,846153.478097792,1155362555.8769367,19575967.732842356,1010822727.277931
2847e459-0007-49ea-9773-306b6aa1b30d,138,34.5,425212.50682404585,3490535027.166055,19682270.859548368,1883456484.0694447
2847e459-0007-49ea-9773-306b6aa1b30d,139,34.75,-340334.5906641565,33169552414.36151,19665941.674642764,10175844587.659822
b6d7a6bc-2c33-4120-a068-e057f0d5a921,0,0.0,233386.80253485212,1775657.7707529902,58346.70063371303,443914.44268824754
b6d7a6bc-2c33-4120-a068-e057f0d5a921,1,0.25,235904.3177049734,1797217.6049823514,117322.78005995638,893218.8439338354
b6d7a6bc-2c33-4120-a068-e057f0d5a921,2,0.5,238447.3972974524,1819070.9273709892,176934.62938431947,1347986.5757765826
b6d7a6bc-2c33-4120-a068-e057f0d5a921,3,0.75,241016.3338365349,1841223.5017122307,237188.7128434532,1808292.4512046403
b6d7a6bc-2c33-4120-a068-e057f0d5a921,4,1.0,243611.4245606636,1863681.2603652158,298091.5689836191,2274212.7662959443
b6d7a6bc-2c33-4120-a068-e057f0d5a921,5,1.25,246232.97151818764,1886450.3104746533,359649.811863166,2745825.3439146075
b6d7a6bc-2c33-4120-a068-e057f0d5a921,6,1.5,248881.28166467467,1909536.9404584689,421870.13227933465,3223209.579029225
b6d7a6bc-2c33-4120-a068-e057f0d5a921,7,1.75,251556.66696202004,1932947.626776788,484759.2990198397,3706446.485723422
b6d7a6bc-2c33-4120-a068-e057f0d5a921,8,2.0,254259.4444790808,1956689.0409964025,548324.1601396098,4195618.745972523
b6d7a6bc-2c33-4120-a068-e057f0d5a921,9,2.25,256989.93649405174,1980768.0571658076,612571.6442631228,4690810.760263975
b6d7a6bc-2c33-4120-a068-e057f0d5a921,10,2.5,259748.4705984837,2005191.7595155113,677508.7619127438,5192108.700142853
b6d7a6bc-2c33-4120-a068-e057f0d5a921,11,2.75,262535.3798029162,2029967.4505025498,743142.6068634728,5699600.56276849
b6d7a6bc-2c33-4120-a068-e057f0d5a921,12,3.0,265351.00264412735,2055102.659214299,809480.3575245047,6213376.227572065
b6d7a6bc-2c33-4120-a068-e057f0d5a921,13,3.25,268195.68329393567,2080605.1501523547,876529.2783479886,6733527.515110154
b6d7a6bc-2c33-4120-a068-e057f0d5a921,14,3.5,271069.77166967595,2106482.9324148386,944296.7212654076,7260148.248213863
b6d7a6bc-2c33-4120-a068-e057f0d5a921,15,3.75,273973.62354602,2132744.269299796,1012790.1271519127,7793334.315538812
b6d7a6bc-2c33-4120-a068-e057f0d5a921,16,4.0,276907.6006684894,2159397.688350222,1082017.027319035,8333183.737626368
b6d7a6bc-2c33-4120-a068-e057f0d5a921,17,4.25,279872.07086826966,2186451.9918654384,1151985.0450361024,8879796.735592728
b6d7a6bc-2c33-4120-a068-e057f0d5a921,18,4.5,282867.4081784588,2213916.26790387,1222701.8970807171,9433275.802568696
b6d7a6bc-2c33-4120-a068-e057f0d5a921,19,4.75,285893.99294534215,2241799.9018082167,1294175.3953170527,9993725.77802075
b6d7a6bc-2c33-4120-a068-e057f0d5a921,20,5.0,288952.2119493187,2270112.5882707587,1366413.4483043824,10561253.925088441
b6d7a6bc-2c33-4120-a068-e057f0d5a921,21,5.25,292042.45852830645,2298864.343974188,1439424.062936459,11135970.011081988
b6d7a6bc-2c33-4120-a068-e057f0d5a921,22,5.5,295165.13269885856,2328065.5208432944,1513215.3461111735,11717986.391292812
b6d7a6bc-2c33-4120-a068-e057f0d5a921,23,5.75,298320.6412782988,2357726.8199388403,1587795.5064307482,12307418.096277522
b6d7a6bc-2c33-4120-a068-e057f0d5a921,24,6.0,301509.39800777094,2387859.3060301323,1663172.855932691,12904382.922785055
b6d7a6bc-2c33-4120-a068-e057f0d5a921,25,6.25,304731.82367611147,2418474.42288474,1739355.8118517187,13509001.52850624
b6d7a6bc-2c33-4120-a068-e057f0d5a921,26,6.5,307988.34624432074,2449584.0093163783,1816352.898412799,14121397.530835334
b6d7a6bc-2c33-4120-a068-e057f0d5a921,27,6.75,311279.40097074554,2481200.316034468,1894172.7486554855,14741697.60984395
b6d7a6bc-2c33-4120-a068-e057f0d5a921,28,7.0,314605.4305364852,2513336.023343042,1972824.1062896068,15370031.615679711
b6d7a6bc-2c33-4120-a068-e057f0d5a921,29,7.25,317966.88517111115,2546004.259737451,2052315.8275823845,16006532.680614075
b6d7a6bc-2c33-4120-a068-e057f0d5a921,30,7.5,321364.22277841426,2579218.6214521867,2132656.883276988,16651337.335977122
b6d7a6bc-2c33-4120-a068-e057f0d5a921,31,7.75,324797.90906203,2612993.1930177365,2213856.3605424953,17304585.634231556
b6d7a6bc-2c33-4120-a068-e057f0d5a921,32,8.0,328268.4176506405,2647342.568885773,2295923.4649551553,17966421.276453
b6d7a6bc-2c33-4120-a068-e057f0d5a921,33,8.25,331776.2302226179,2682281.876187531,2378867.52251081,18636991.745499883
b6d7a6bc-2c33-4120-a068-e057f0d5a921,34,8.5,335321.8366297669,2717826.7986947135,2462697.9816682516,19316448.44517356
b6d7a6bc-2c33-4120-a068-e057f0d5a921,35,8.75,338905.7350199572,2753993.6020578165,2547424.415423241,20004946.845688015
b6d7a6bc-2c33-4120-a068-e057f0d5a921,36,9.0,342528.43195830705,2790799.16039964,2633056.5234128176,20702646.635787927
b6d7a6bc-2c33-4120-a068-e057f0d5a921,37,9.25,346190.44254655874,2828260.984350311,2719604.1340494575,21409711.881875504
b6d7a6bc-2c33-4120-a068-e057f0d5a921,38,9.5,349892.29054035887,2866397.2506134287,2807077.206684547,22126311.194528863
b6d7a6bc-2c33-4120-a068-e057f0d5a921,39,9.75,353634.5084639542,2905226.833162044,2895485.8338005356,22852617.902819373
b6d7a6bc-2c33-4120-a068-e057f0d5a921,40,10.0,357417.6377219869,2944769.3361692782,2984840.2432310325,23588810.23686169
b6d7a6bc-2c33-4120-a068-e057f0d5a921,41,10.25,361242.2287078584,2985045.1287843916,3075150.8004079973,24335071.519057788
b6d7a6bc-2c33-4120-a068-e057f0d5a921,42,10.5,365108.8409082125,3026075.3818768645,3166428.0106350505,25091590.364527006
b6d7a6bc-2c33-4120-a068-e057f0d5a921,43,10.75,369018.043002901,3067882.1068770485,3258682.521385776,25858560.891246267
b6d7a6bc-2c33-4120-a068-e057f0d5a921,44,11.0,372970.41296001413,3110488.196854125,3351925.124625779,26636182.9404598
b6d7a6bc-2c33-4120-a068-e057f0d5a921,45,11.25,376966.53812519385,3153917.469979817,3446166.759157078,27424662.307954755
b6d7a6bc-2c33-4120-a068-e057f0d5a921,46,11.5,381007.0153046714,3198194.715541755,3541418.512983246,28224210.986840192
b6d7a6bc-2c33-4120-a068-e057f0d5a921,47,11.75,385092.4508411653,3243345.742679016,3637691.6256935373,29035047.422509946
b6d7a6bc-2c33-4120-a068-e057f0d5a921,48,12.0,389223.4606819805,3289397.432028556,3734997.4908640324,29857396.780517086
b6d7a6bc-2c33-4120-a068-e057f0d5a921,49,12.25,393400.6704383771,3336377.790486185,3833347.6584736267,30691491.228138633
b6d7a6bc-2c33-4120-a068-e057f0d5a921,50,12.5,397624.71543530526,3384316.00929886,3932753.837332453,31537570.23046335
b6d7a6bc-2c33-4120-a068-e057f0d5a921,51,12.75,401896.2407504755,3433242.525727494,4033227.897520072,32395880.861895222
b6d7a6bc-2c33-4120-a068-e057f0d5a921,52,13.0,406215.90124173986,3483189.088534921,4134781.872830507,33266678.134028953
b6d7a6bc-2c33-4120-a068-e057f0d5a921,53,13.25,410584.36156165827,3534188.827575636,4237427.963220921,34150225.34092286
b6d7a6bc-2c33-4120-a068-e057f0d5a921,54,13.5,415002.29615777504,3586276.327787797,4341178.537260365,35046794.42286981
b6d7a6bc-2c33-4120-a068-e057f0d5a921,55,13.75,419470.38925764535,3639487.707912573,4446046.1345747765,35956666.34984795
b6d7a6bc-2c33-4120-a068-e057f0d5a921,56,14.0,423989.33483676804,3693860.7042928534,4552043.468283969,36880131.525921166
b6d7a6bc-2c33-4120-a068-e057f0d5a921,57,14.25,428559.8365680328,3749434.760134277,4659183.427425977,37817490.215954736
b6d7a6bc-2c33-4120-a068-e057f0d5a921,58,14.5,433182.60775109247,3806685.596509938,4767479.07936375,38769161.61508222
b6d7a6bc-2c33-4120-a068-e057f0d5a921,59,14.75,437858.37121960794,3873903.911567485,4876943.6721686525,39737637.59297409
b6d7a6bc-2c33-4120-a068-e057f0d5a921,60,15.0,442587.85753619036,3943036.034891578,4987590.6365527,40723396.60169698
b6d7a6bc-2c33-4120-a068-e057f0d5a921,61,15.25,447371.7719916459,4014164.2505496214,5099433.579550611,41726937.66433439
b6d7a6bc-2c33-4120-a068-e057f0d5a921,62,15.5,452210.8242292596,4087375.6249686955,5212486.285607926,42748781.57057656
b6d7a6bc-2c33-4120-a068-e057f0d5a921,63,15.75,457105.72759172274,4162762.3552707,5326762.717505856,43789472.15939424
b6d7a6bc-2c33-4120-a068-e057f0d5a921,64,16.0,462057.1983940544,4240422.148117741,5442277.01710437,44849577.69642368
b6d7a6bc-2c33-4120-a068-e057f0d5a921,65,16.25,467065.95511606167,4320458.632203488,5559043.505883385,45929692.35447455
b6d7a6bc-2c33-4120-a068-e057f0d5a921,66,16.5,472132.7175070655,4402981.807893204,5677076.6852601515,47030437.806447856
b6d7a6bc-2c33-4120-a068-e057f0d5a921,67,16.75,484456.3180448325,4488108.5379356695,5798190.76477136,48152464.940931775
b6d7a6bc-2c33-4120-a068-e057f0d5a921,68,17.0,490417.7428552564,4575963.083648267,5920795.200485174,49296455.71184384
b6d7a6bc-2c33-4120-a068-e057f0d5a921,69,17.25,496475.40869793925,4666677.683853779,6044914.052659659,50463125.132807285
b6d7a6bc-2c33-4120-a068-e057f0d5a921,70,17.5,502631.22317243245,4760393.198678287,6170571.858452767,51653223.432476856
b6d7a6bc-2c33-4120-a068-e057f0d5a921,71,17.75,508887.1294516359,4857259.817560398,6297793.640815676,52867538.38686696
b6d7a6bc-2c33-4120-a068-e057f0d5a921,72,18.0,515245.10597219557,4957437.832862092,6426604.917308725,54106897.84508248
b6d7a6bc-2c33-4120-a068-e057f0d5a921,73,18.25,521707.16598100105,5061098.490726289,6557031.708803976,55372172.46776405
b6d7a6bc-2c33-4120-a068-e057f0d5a921,74,18.5,528275.3569193804,5168424.928238545,6689100.548033821,56664278.699823685
b6d7a6bc-2c33-4120-a068-e057f0d5a921,75,18.75,534951.7596242421,5279613.207177131,6822838.487939882,57984182.00161797
b6d7a6bc-2c33-4120-a068-e057f0d5a921,76,19.0,541738.4873231986,5394873.456042481,6958273.109770682,59332900.365628585
b6d7a6bc-2c33-4120-a068-e057f0d5a921,77,19.25,548637.684397963,5514431.133698113,7095432.530870172,60711508.14905311
b6d7a6bc-2c33-4120-a068-e057f0d5a921,78,19.5,555651.5248868023,5638528.430533347,7234345.412091873,62121140.25668645
b6d7a6bc-2c33-4120-a068-e057f0d5a921,79,19.75,562782.2106952765,5767425.822889598,7375040.964765692,63562996.71240885
b6d7a6bc-2c33-4120-a068-e057f0d5a921,80,20.0,570031.9694788145,5901403.801807098,7517548.957135396,65038347.662860624
b6d7a6bc-2c33-4120-a068-e057f0d5a921,81,20.25,577403.052156939,6040764.799186404,7661899.720174631,66548538.86265723
b6d7a6bc-2c33-4120-a068-e057f0d5a921,82,20.5,584897.7300148718,6185835.337604253,7808124.152678349,68094997.69705829
b6d7a6bc-2c33-4120-a068-e057f0d5a921,83,20.75,592518.2913422756,6336968.434341493,7956253.725513918,69679239.80564366
b6d7a6bc-2c33-4120-a068-e057f0d5a921,84,21.0,600267.0375535754,6494546.295011184,8106320.484902312,71302876.37939645
b6d7a6bc-2c33-4120-a068-e057f0d5a921,85,21.25,608146.2787271694,6658983.337863789,8258357.054584105,72967622.2138624
b6d7a6bc-2c33-4120-a068-e057f0d5a921,86,21.5,616158.3284930954,6830729.596582839,8412396.636707379,74675304.61300811
b6d7a6bc-2c33-4120-a068-e057f0d5a921,87,21.75,624305.4981908407,7010274.55738309,8568473.01125509,76427873.25235388
b6d7a6bc-2c33-4120-a068-e057f0d5a921,88,22.0,632590.0902084992,7198151.49573977,8726620.533807214,78227411.12628882
b6d7a6bc-2c33-4120-a068-e057f0d5a921,89,22.25,641014.3904040415,7394942.389450858,8886874.131408224,80076146.72365153
b6d7a6bc-2c33-4120-a068-e057f0d5a921,90,22.5,649580.659496793,7601283.498367729,9049269.296282422,81976467.59824346
b6d7a6bc-2c33-4120-a068-e057f0d5a921,91,22.75,658291.1233029522,7817871.717522027,9213842.07710816,83930935.52762397
b6d7a6bc-2c33-4120-a068-e057f0d5a921,92,23.0,667147.961673036,8045471.830181429,9380629.067526419,85942303.48516932
b6d7a6bc-2c33-4120-a068-e057f0d5a921,93,23.25,676153.2959703407,8284924.811348907,9549667.391519004,88013534.68800655
b6d7a6bc-2c33-4120-a068-e057f0d5a921,94,23.5,685309.1749087295,8537157.361420145,9720994.685246186,90147824.02836159
b6d7a6bc-2c33-4120-a068-e057f0d5a921,95,23.75,694617.5585433866,8803192.885373125,9894649.074882032,92348622.24970487
b6d7a6bc-2c33-4120-a068-e057f0d5a921,96,24.0,704080.3001807197,9084164.17663771,10070669.149927212,94619663.2938643
b6d7a6bc-2c33-4120-a068-e057f0d5a921,97,24.25,713699.1259407967,9381328.118728032,10249093.931412412,96964995.3235463
b6d7a6bc-2c33-4120-a068-e057f0d5a921,98,24.5,723475.6116691985,9696082.784533922,10429962.834329711,99389016.01967978
b6d7a6bc-2c33-4120-a068-e057f0d5a921,99,24.75,733411.1568514028,10029987.396309756,10613315.623542562,101896512.86875722
b6d7a6bc-2c33-4120-a068-e057f0d5a921,100,25.0,743506.9551324121,10384785.71340422,10799192.362325665,104492709.29710828
b6d7a6bc-2c33-4120-a068-e057f0d5a921,101,25.25,753763.9609862593,10762433.545591785,10987633.352572229,107183317.68350622
b6d7a6bc-2c33-4120-a068-e057f0d5a921,102,25.5,764182.8520101004,11165131.255331859,11178679.065574754,109974600.49733919
b6d7a6bc-2c33-4120-a068-e057f0d5a921,103,25.75,774763.9862373365,11595362.322805282,11372370.062134089,112873441.07804051
b6d7a6bc-2c33-4120-a068-e057f0d5a921,104,26.0,785507.3537673777,12055939.317162635,11568746.900575934,115887425.90733117
b6d7a6bc-2c33-4120-a068-e057f0d5a921,105,26.25,796412.5218961193,12550058.96484278,11767850.031049963,119024940.64854187
b6d7a6bc-2c33-4120-a068-e057f0d5a921,106,26.5,807478.5727944295,13081368.456737153,11969719.67424857,122295282.76272616
b6d7a6bc-2c33-4120-a068-e057f0d5a921,107,26.75,818704.0326185728,13654045.725494968,12174395.682403214,125708794.1940999
b6d7a6bc-2c33-4120-a068-e057f0d5a921,108,27.0,830086.7907385153,14272897.200979332,12381917.380087843,129277018.49434474
b6d7a6bc-2c33-4120-a068-e057f0d5a921,109,27.25,841624.0075299421,14943477.583724838,12592323.38197033,133012887.89027596
b6d7a6bc-2c33-4120-a068-e057f0d5a921,110,27.5,853312.0088816239,15672237.5589418,12805651.384190734,136930947.28001142
b6d7a6bc-2c33-4120-a068-e057f0d5a921,111,27.75,865146.1652076264,16466707.243766792,13021937.92549264,141047624.0909531
b6d7a6bc-2c33-4120-a068-e057f0d5a921,112,28.0,877120.7523044891,17335725.714984473,13241218.113568762,145381555.51969922
b6d7a6bc-2c33-4120-a068-e057f0d5a921,113,28.25,889228.7908296016,18289730.490735684,13463525.311276162,149953988.14238313
b6d7a6bc-2c33-4120-a068-e057f0d5a921,114,28.5,901461.860467371,19341125.76255897,13688890.776393006,154789269.58302286
b6d7a6bc-2c33-4120-a068-e057f0d5a921,115,28.75,913809.8839425727,20504755.13014407,13917343.24737865,159915458.3655589
b6d7a6bc-2c33-4120-a068-e057f0d5a921,116,29.0,926260.8748751713,21798514.54850626,14148908.466097442,165365087.00268546
b6d7a6bc-2c33-4120-a068-e057f0d5a921,117,29.25,938800.6419515382,23244155.65179276,14383608.626585327,171176125.91563365
b6d7a6bc-2c33-4120-a068-e057f0d5a921,118,29.5,951412.4398897239,24868350.92042691,14621461.736557757,177393213.6457404
b6d7a6bc-2c33-4120-a068-e057f0d5a921,119,29.75,964076.5550114653,26704124.07239662,14862480.875310624,184069244.66383955
b6d7a6bc-2c33-4120-a068-e057f0d5a921,120,30.0,976769.8096349193,28792797.732331805,15106673.327719353,191267444.0969225
b6d7a6bc-2c33-4120-a068-e057f0d5a921,121,30.25,989464.9645671865,31186686.12543384,15354039.56886115,199064115.62828094
b6d7a6bc-2c33-4120-a068-e057f0d5a921,122,30.5,1002129.9921029203,33952880.80269499,15604572.06688688,207552335.8289547
b6d7a6bc-2c33-4120-a068-e057f0d5a921,123,30.75,1014727.1821984146,37178673.0247049,15858253.862436483,216847004.08513093
b6d7a6bc-2c33-4120-a068-e057f0d5a921,124,31.0,1027212.0304291653,40979483.05531067,16115056.870043773,227091874.8489586
b6d7a6bc-2c33-4120-a068-e057f0d5a921,125,31.25,1039531.8356143953,45510728.063141845,16374939.828947373,238469556.86474407
b6d7a6bc-2c33-4120-a068-e057f0d5a921,126,31.5,1051623.9037310334,50986057.39478921,16637845.804880131,251216071.21344137
b6d7a6bc-2c33-4120-a068-e057f0d5a921,127,31.75,1063413.2063717109,57706221.03235684,16903699.10647306,265642626.4715306
b6d7a6bc-2c33-4120-a068-e057f0d5a921,128,32.0,1074809.2649853975,66106366.52576161,17172401.422719408,282169218.102971
b6d7a6bc-2c33-4120-a068-e057f0d5a921,129,32.25,1085701.9054685908,76836675.22222815,17443826.899086557,301378386.90852803
b6d7a6bc-2c33-4120-a068-e057f0d5a921,130,32.5,1095955.311467403,90906419.06736983,17717815.72695341,324104991.6753705
b6d7a6bc-2c33-4120-a068-e057f0d5a921,131,32.75,1105399.4195895619,109956064.86530755,17994165.5818508,351594007.8916974
b6d7a6bc-2c33-4120-a068-e057f0d5a921,132,33.0,1113816.9783543725,136807167.27909228,18272619.826439396,385795799.7114705
b6d7a6bc-2c33-4120-a068-e057f0d5a921,133,33.25,1120923.1589502392,176670655.01182467,18552850.616176955,429963463.46442664
b6d7a6bc-2c33-4120-a068-e057f0d5a921,134,33.5,1121434.2940940228,240101207.91792133,18833209.189700462,489988765.44390696
b6d7a6bc-2c33-4120-a068-e057f0d5a921,135,33.75,1098379.693062312,351314905.1292256,19107804.11296604,577817491.7262133
b6d7a6bc-2c33-4120-a068-e057f0d5a921,136,34.0,1026501.0014074807,576658386.3299342,19364429.363317907,721982088.3086969
b6d7a6bc-2c33-4120-a068-e057f0d5a921,137,34.25,846153.478097792,1155362555.8769367,19575967.732842356,1010822727.277931
b6d7a6bc-2c33-4120-a068-e057f0d5a921,138,34.5,425212.50682404585,3490535027.166055,19682270.859548368,1883456484.0694447
b6d7a6bc-2c33-4120-a068-e057f0d5a921,139,34.75,-340334.5906641565,33169552414.36151,19665941.674642764,10175844587.659822
8975e864-af2c-4908-b92a-ca9e7d9d38de,0,0.0,233386.80253485212,1775657.7707529902,58346.70063371303,443914.44268824754
8975e864-af2c-4908-b92a-ca9e7d9d38de,1,0.25,235904.3177049734,1797217.6049823514,117322.78005995638,893218.8439338354
8975e864-af2c-4908-b92a-ca9e7d9d38de,2,0.5,238447.3972974524,1819070.9273709892,176934.62938431947,1347986.5757765826
8975e864-af2c-4908-b92a-ca9e7d9d38de,3,0.75,241016.3338365349,1841223.5017122307,237188.7128434532,1808292.4512046403
8975e864-af2c-4908-b92a-ca9e7d9d38de,4,1.0,243611.4245606636,1863681.2603652158,298091.5689836191,2274212.7662959443
8975e864-af2c-4908-b92a-ca9e7d9d38de,5,1.25,246232.97151818764,1886450.3104746533,359649.811863166,2745825.3439146075
8975e864-af2c-4908-b92a-ca9e7d9d38de,6,1.5,248881.28166467467,1909536.9404584689,421870.13227933465,3223209.579029225
8975e864-af2c-4908-b92a-ca9e7d9d38de,7,1.75,251556.66696202004,1932947.626776788,484759.2990198397,3706446.485723422
8975e864-af2c-4908-b92a-ca9e7d9d38de,8,2.0,254259.4444790808,1956689.0409964025,548324.1601396098,4195618.745972523
8975e864-af2c-4908-b92a-ca9e7d9d38de,9,2.25,256989.93649405174,1980768.0571658076,612571.6442631228,4690810.760263975
8975e864-af2c-4908-b92a-ca9e7d9d38de,10,2.5,259748.4705984837,2005191.7595155113,677508.7619127438,5192108.700142853
8975e864-af2c-4908-b92a-ca9e7d9d38de,11,2.75,262535.3798029162,2029967.4505025498,743142.6068634728,5699600.56276849
8975e864-af2c-4908-b92a-ca9e7d9d38de,12,3.0,265351.00264412735,2055102.659214299,809480.3575245047,6213376.227572065
8975e864-af2c-4908-b92a-ca9e7d9d38de,13,3.25,268195.68329393567,2080605.1501523547,876529.2783479886,6733527.515110154
8975e864-af2c-4908-b92a-ca9e7d9d38de,14,3.5,271069.77166967595,2106482.9324148386,944296.7212654076,7260148.248213863
8975e864-af2c-4908-b92a-ca9e7d9d38de,15,3.75,273973.62354602,2132744.269299796,1012790.1271519127,7793334.315538812
8975e864-af2c-4908-b92a-ca9e7d9d38de,16,4.0,276907.6006684894,2159397.688350222,1082017.027319035,8333183.737626368
8975e864-af2c-4908-b92a-ca9e7d9d38de,17,4.25,279872.07086826966,2186451.9918654384,1151985.0450361024,8879796.735592728
8975e864-af2c-4908-b92a-ca9e7d9d38de,18,4.5,282867.4081784588,2213916.26790387,1222701.8970807171,9433275.802568696
8975e864-af2c-4908-b92a-ca9e7d9d38de,19,4.75,285893.99294534215,2241799.9018082167,1294175.3953170527,9993725.77802075
8975e864-af2c-4908-b92a-ca9e7d9d38de,20,5.0,288952.2119493187,2270112.5882707587,1366413.4483043824,10561253.925088441
8975e864-af2c-4908-b92a-ca9e7d9d38de,21,5.25,292042.45852830645,2298864.343974188,1439424.062936459,11135970.011081988
8975e864-af2c-4908-b92a-ca9e7d9d38de,22,5.5,295165.13269885856,2328065.5208432944,1513215.3461111735,11717986.391292812
8975e864-af2c-4908-b92a-ca9e7d9d38de,23,5.75,298320.6412782988,2357726.8199388403,1587795.5064307482,12307418.096277522
8975e864-af2c-4908-b92a-ca9e7d9d38de,24,6.0,301509.39800777094,2387859.3060301323,1663172.855932691,12904382.922785055
8975e864-af2c-4908-b92a-ca9e7d9d38de,25,6.25,304731.82367611147,2418474.42288474,1739355.8118517187,13509001.52850624
8975e864-af2c-4908-b92a-ca9e7d9d38de,26,6.5,307988.34624432074,2449584.0093163783,1816352.898412799,14121397.530835334
8975e864-af2c-4908-b92a-ca9e7d9d38de,27,6.75,311279.40097074554,2481200.316034468,1894172.7486554855,14741697.60984395
8975e864-af2c-4908-b92a-ca9e7d9d38de,28,7.0,314605.4305364852,2513336.023343042,1972824.1062896068,15370031.615679711
8975e864-af2c-4908-b92a-ca9e7d9d38de,29,7.25,317966.88517111115,2546004.259737451,2052315.8275823845,16006532.680614075
8975e864-af2c-4908-b92a-ca9e7d9d38de,30,7.5,321364.22277841426,2579218.6214521867,2132656.883276988,16651337.335977122
8975e864-af2c-4908-b92a-ca9e7d9d38de,31,7.75,324797.90906203,2612993.1930177365,2213856.3605424953,17304585.634231556
8975e864-af2c-4908-b92a-ca9e7d9d38de,32,8.0,328268.4176506405,2647342.568885773,2295923.4649551553,17966421.276453
8975e864-af2c-4908-b92a-ca9e7d9d38de,33,8.25,331776.2302226179,2682281.876187531,2378867.52251081,18636991.745499883
8975e864-af2c-4908-b92a-ca9e7d9d38de,34,8.5,335321.8366297669,2717826.7986947135,2462697.9816682516,19316448.44517356
8975e864-af2c-4908-b92a-ca9e7d9d38de,35,8.75,338905.7350199572,2753993.6020578165,2547424.415423241,20004946.845688015
8975e864-af2c-4908-b92a-ca9e7d9d38de,36,9.0,342528.43195830705,2790799.16039964,2633056.5234128176,20702646.635787927
8975e864-af2c-4908-b92a-ca9e7d9d38de,37,9.25,346190.44254655874,2828260.984350311,2719604.1340494575,21409711.881875504
8975e864-af2c-4908-b92a-ca9e7d9d38de,38,9.5,349892.29054035887,2866397.2506134287,2807077.206684547,22126311.194528863
8975e864-af2c-4908-b92a-ca9e7d9d38de,39,9.75,353634.5084639542,2905226.833162044,2895485.8338005356,22852617.902819373
8975e864-af2c-4908-b92a-ca9e7d9d38de,40,10.0,357417.6377219869,2944769.3361692782,2984840.2432310325,23588810.23686169
8975e864-af2c-4908-b92a-ca9e7d9d38de,41,10.25,361242.2287078584,2985045.1287843916,3075150.8004079973,24335071.519057788
8975e864-af2c-4908-b92a-ca9e7d9d38de,42,10.5,365108.8409082125,3026075.3818768645,3166428.0106350505,25091590.364527006
8975e864-af2c-4908-b92a-ca9e7d9d38de,43,10.75,369018.043002901,3067882.1068770485,3258682.521385776,25858560.891246267
8975e864-af2c-4908-b92a-ca9e7d9d38de,44,11.0,372970.41296001413,3110488.196854125,3351925.124625779,26636182.9404598
8975e864-af2c-4908-b92a-ca9e7d9d38de,45,11.25,376966.53812519385,3153917.469979817,3446166.759157078,27424662.307954755
8975e864-af2c-4908-b92a-ca9e7d9d38de,46,11.5,381007.0153046714,3198194.715541755,3541418.512983246,28224210.986840192
8975e864-af2c-4908-b92a-ca9e7d9d38de,47,11.75,385092.4508411653,3243345.742679016,3637691.6256935373,29035047.422509946
8975e864-af2c-4908-b92a-ca9e7d9d38de,48,12.0,389223.4606819805,3289397.432028556,3734997.4908640324,29857396.780517086
8975e864-af2c-4908-b92a-ca9e7d9d38de,49,12.25,393400.6704383771,3336377.790486185,3833347.6584736267,30691491.228138633
8975e864-af2c-4908-b92a-ca9e7d9d38de,50,12.5,397624.71543530526,3384316.00929886,3932753.837332453,31537570.23046335
8975e864-af2c-4908-b92a-ca9e7d9d38de,51,12.75,401896.2407504755,3433242.525727494,4033227.897520072,32395880.861895222
8975e864-af2c-4908-b92a-ca9e7d9d38de,52,13.0,406215.90124173986,3483189.088534921,4134781.872830507,33266678.134028953
8975e864-af2c-4908-b92a-ca9e7d9d38de,53,13.25,410584.36156165827,3534188.827575636,4237427.963220921,34150225.34092286
8975e864-af2c-4908-b92a-ca9e7d9d38de,54,13.5,415002.29615777504,3586276.327787797,4341178.537260365,35046794.42286981
8975e864-af2c-4908-b92a-ca9e7d9d38de,55,13.75,419470.38925764535,3639487.707912573,4446046.1345747765,35956666.34984795
8975e864-af2c-4908-b92a-ca9e7d9d38de,56,14.0,423989.33483676804,3693860.7042928534,4552043.468283969,36880131.525921166
8975e864-af2c-4908-b92a-ca9e7d9d38de,57,14.25,428559.8365680328,3749434.760134277,4659183.427425977,37817490.215954736
8975e864-af2c-4908-b92a-ca9e7d9d38de,58,14.5,433182.60775109247,3806685.596509938,4767479.07936375,38769161.61508222
8975e864-af2c-4908-b92a-ca9e7d9d38de,59,14.75,437858.37121960794,3873903.911567485,4876943.6721686525,39737637.59297409
8975e864-af2c-4908-b92a-ca9e7d9d38de,60,15.0,442587.85753619036,3943036.034891578,4987590.6365527,40723396.60169698
8975e864-af2c-4908-b92a-ca9e7d9d38de,61,15.25,447371.7719916459,4014164.2505496214,5099433.579550611,41726937.66433439
8975e864-af2c-4908-b92a-ca9e7d9d38de,62,15.5,452210.8242292596,4087375.6249686955,5212486.285607926,42748781.57057656
8975e864-af2c-4908-b92a-ca9e7d9d38de,63,15.75,457105.72759172274,4162762.3552707,5326762.717505856,43789472.15939424
8975e864-af2c-4908-b92a-ca9e7d9d38de,64,16.0,462057.1983940544,4240422.148117741,5442277.01710437,44849577.69642368
8975e864-af2c-4908-b92a-ca9e7d9d38de,65,16.25,467065.95511606167,4320458.632203488,5559043.505883385,45929692.35447455
8975e864-af2c-4908-b92a-ca9e7d9d38de,66,16.5,472132.7175070655,4402981.807893204,5677076.6852601515,47030437.806447856
8975e864-af2c-4908-b92a-ca9e7d9d38de,67,16.75,484456.3180448325,4488108.5379356695,5798190.76477136,48152464.940931775
8975e864-af2c-4908-b92a-ca9e7d9d38de,68,17.0,490417.7428552564,4575963.083648267,5920795.200485174,49296455.71184384
8975e864-af2c-4908-b92a-ca9e7d9d38de,69,17.25,496475.40869793925,4666677.683853779,6044914.052659659,50463125.132807285
8975e864-af2c-4908-b92a-ca9e7d9d38de,70,17.5,502631.22317243245,4760393.198678287,6170571.858452767,51653223.432476856
8975e864-af2c-4908-b92a-ca9e7d9d38de,71,17.75,508887.1294516359,4857259.817560398,6297793.640815676,52867538.38686696
8975e864-af2c-4908-b92a-ca9e7d9d38de,72,18.0,515245.10597219557,4957437.832862092,6426604.917308725,54106897.84508248
8975e864-af2c-4908-b92a-ca9e7d9d38de,73,18.25,521707.16598100105,5061098.490726289,6557031.708803976,55372172.46776405
8975e864-af2c-4908-b92a-ca9e7d9d38de,74,18.5,528275.3569193804,5168424.928238545,6689100.548033821,56664278.699823685
8975e864-af2c-4908-b92a-ca9e7d9d38de,75,18.75,534951.7596242421,5279613.207177131,6822838.487939882,57984182.00161797
8975e864-af2c-4908-b92a-ca9e7d9d38de,76,19.0,541738.4873231986,5394873.456042481,6958273.109770682,59332900.365628585
8975e864-af2c-4908-b92a-ca9e7d9d38de,77,19.25,548637.684397963,5514431.133698113,7095432.530870172,60711508.14905311
8975e864-af2c-4908-b92a-ca9e7d9d38de,78,19.5,555651.5248868023,5638528.430533347,7234345.412091873,62121140.25668645
8975e864-af2c-4908-b92a-ca9e7d9d38de,79,19.75,562782.2106952765,5767425.822889598,7375040.964765692,63562996.71240885
8975e864-af2c-4908-b92a-ca9e7d9d38de,80,20.0,570031.9694788145,5901403.801807098,7517548.957135396,65038347.662860624
8975e864-af2c-4908-b92a-ca9e7d9d38de,81,20.25,577403.052156939,6040764.799186404,7661899.720174631,66548538.86265723
8975e864-af2c-4908-b92a-ca9e7d9d38de,82,20.5,584897.7300148718,6185835.337604253,7808124.152678349,68094997.69705829
8975e864-af2c-4908-b92a-ca9e7d9d38de,83,20.75,592518.2913422756,6336968.434341493,7956253.725513918,69679239.80564366
8975e864-af2c-4908-b92a-ca9e7d9d38de,84,21.0,600267.0375535754,6494546.295011184,8106320.484902312,71302876.37939645
8975e864-af2c-4908-b92a-ca9e7d9d38de,85,21.25,608146.2787271694,6658983.337863789,8258357.054584105,72967622.2138624
8975e864-af2c-4908-b92a-ca9e7d9d38de,86,21.5,616158.3284930954,6830729.596582839,8412396.636707379,74675304.61300811
8975e864-af2c-4908-b92a-ca9e7d9d38de,87,21.75,624305.4981908407,7010274.55738309,8568473.01125509,76427873.25235388
8975e864-af2c-4908-b92a-ca9e7d9d38de,88,22.0,632590.0902084992,7198151.49573977,8726620.533807214,78227411.12628882
8975e864-af2c-4908-b92a-ca9e7d9d38de,89,22.25,641014.3904040415,7394942.389450858,8886874.131408224,80076146.72365153
8975e864-af2c-4908-b92a-ca9e7d9d38de,90,22.5,649580.659496793,7601283.498367729,9049269.296282422,81976467.59824346
8975e864-af2c-4908-b92a-ca9e7d9d38de,91,22.75,658291.1233029522,7817871.717522027,9213842.07710816,83930935.52762397
8975e864-af2c-4908-b92a-ca9e7d9d38de,92,23.0,667147.961673036,8045471.830181429,9380629.067526419,85942303.48516932
8975e864-af2c-4908-b92a-ca9e7d9d38de,93,23.25,676153.2959703407,8284924.811348907,9549667.391519004,88013534.68800655
8975e864-af2c-4908-b92a-ca9e7d9d38de,94,23.5,685309.1749087295,8537157.361420145,9720994.685246186,90147824.02836159
8975e864-af2c-4908-b92a-ca9e7d9d38de,95,23.75,694617.5585433866,8803192.885373125,9894649.074882032,92348622.24970487
8975e864-af2c-4908-b92a-ca9e7d9d38de,96,24.0,704080.3001807197,9084164.17663771,10070669.149927212,94619663.2938643
8975e864-af2c-4908-b92a-ca9e7d9d38de,97,24.25,713699.1259407967,9381328.118728032,10249093.931412412,96964995.3235463
8975e864-af2c-4908-b92a-ca9e7d9d38de,98,24.5,723475.6116691985,9696082.784533922,10429962.834329711,99389016.01967978
8975e864-af2c-4908-b92a-ca9e7d9d38de,99,24.75,733411.1568514028,10029987.396309756,10613315.623542562,101896512.86875722
8975e864-af2c-4908-b92a-ca9e7d9d38de,100,25.0,743506.9551324121,10384785.71340422,10799192.362325665,104492709.29710828
8975e864-af2c-4908-b92a-ca9e7d9d38de,101,25.25,753763.9609862593,10762433.545591785,10987633.352572229,107183317.68350622
8975e864-af2c-4908-b92a-ca9e7d9d38de,102,25.5,764182.8520101004,11165131.255331859,11178679.065574754,109974600.49733919
8975e864-af2c-4908-b92a-ca9e7d9d38de,103,25.75,774763.9862373365,11595362.322805282,11372370.062134089,112873441.07804051
8975e864-af2c-4908-b92a-ca9e7d9d38de,104,26.0,785507.3537673777,12055939.317162635,11568746.900575934,115887425.90733117
8975e864-af2c-4908-b92a-ca9e7d9d38de,105,26.25,796412.5218961193,12550058.96484278,11767850.031049963,119024940.64854187
8975e864-af2c-4908-b92a-ca9e7d9d38de,106,26.5,807478.5727944295,13081368.456737153,11969719.67424857,122295282.76272616
8975e864-af2c-4908-b92a-ca9e7d9d38de,107,26.75,818704.0326185728,13654045.725494968,12174395.682403214,125708794.1940999
8975e864-af2c-4908-b92a-ca9e7d9d38de,108,27.0,830086.7907385153,14272897.200979332,12381917.380087843,129277018.49434474
8975e864-af2c-4908-b92a-ca9e7d9d38de,109,27.25,841624.0075299421,14943477.583724838,12592323.38197033,133012887.89027596
8975e864-af2c-4908-b92a-ca9e7d9d38de,110,27.5,853312.0088816239,15672237.5589418,12805651.384190734,136930947.28001142
8975e864-af2c-4908-b92a-ca9e7d9d38de,111,27.75,865146.1652076264,16466707.243766792,13021937.92549264,141047624.0909531
8975e864-af2c-4908-b92a-ca9e7d9d38de,112,28.0,877120.7523044891,17335725.714984473,13241218.113568762,145381555.51969922
8975e864-af2c-4908-b92a-ca9e7d9d38de,113,28.25,889228.7908296016,18289730.490735684,13463525.311276162,149953988.14238313
8975e864-af2c-4908-b92a-ca9e7d9d38de,114,28.5,901461.860467371,19341125.76255897,13688890.776393006,154789269.58302286
8975e864-af2c-4908-b92a-ca9e7d9d38de,115,28.75,913809.8839425727,20504755.13014407,13917343.24737865,159915458.3655589
8975e864-af2c-4908-b92a-ca9e7d9d38de,116,29.0,926260.8748751713,21798514.54850626,14148908.466097442,165365087.00268546
8975e864-af2c-4908-b92a-ca9e7d9d38de,117,29.25,938800.6419515382,23244155.65179276,14383608.626585327,171176125.91563365
8975e864-af2c-4908-b92a-ca9e7d9d38de,118,29.5,951412.4398897239,24868350.92042691,14621461.736557757,177393213.6457404
8975e864-af2c-4908-b92a-ca9e7d9d38de,119,29.75,964076.5550114653,26704124.07239662,14862480.875310624,184069244.66383955
8975e864-af2c-4908-b92a-ca9e7d9d38de,120,30.0,976769.8096349193,28792797.732331805,15106673.327719353,191267444.0969225
8975e864-af2c-4908-b92a-ca9e7d9d38de,121,30.25,989464.9645671865,31186686.12543384,15354039.56886115,199064115.62828094
8975e864-af2c-4908-b92a-ca9e7d9d38de,122,30.5,1002129.9921029203,33952880.80269499,15604572.06688688,207552335.8289547
8975e864-af2c-4908-b92a-ca9e7d9d38de,123,30.75,1014727.1821984146,37178673.0247049,15858253.862436483,216847004.08513093
8975e864-af2c-4908-b92a-ca9e7d9d38de,124,31.0,1027212.0304291653,40979483.05531067,16115056.870043773,227091874.8489586
8975e864-af2c-4908-b92a-ca9e7d9d38de,125,31.25,1039531.8356143953,45510728.063141845,16374939.828947373,238469556.86474407
8975e864-af2c-4908-b92a-ca9e7d9d38de,126,31.5,1051623.9037310334,50986057.39478921,16637845.804880131,251216071.21344137
8975e864-af2c-4908-b92a-ca9e7d9d38de,127,31.75,1063413.2063717109,57706221.03235684,16903699.10647306,265642626.4715306
8975e864-af2c-4908-b92a-ca9e7d9d38de,128,32.0,1074809.2649853975,66106366.52576161,17172401.422719408,282169218.102971
8975e864-af2c-4908-b92a-ca9e7d9d38de,129,32.25,1085701.9054685908,76836675.22222815,17443826.899086557,301378386.90852803
8975e864-af2c-4908-b92a-ca9e7d9d38de,130,32.5,1095955.311467403,90906419.06736983,17717815.72695341,324104991.6753705
8975e864-af2c-4908-b92a-ca9e7d9d38de,131,32.75,1105399.4195895619,109956064.86530755,17994165.5818508,351594007.8916974
8975e864-af2c-4908-b92a-ca9e7d9d38de,132,33.0,1113816.9783543725,136807167.27909228,18272619.826439396,385795799.7114705
8975e864-af2c-4908-b92a-ca9e7d9d38de,133,33.25,1120923.1589502392,176670655.01182467,18552850.616176955,429963463.46442664
8975e864-af2c-4908-b92a-ca9e7d9d38de,134,33.5,1121434.2940940228,240101207.91792133,18833209.189700462,489988765.44390696
8975e864-af2c-4908-b92a-ca9e7d9d38de,135,33.75,1098379.693062312,351314905.1292256,19107804.11296604,577817491.7262133
8975e864-af2c-4908-b92a-ca9e7d9d38de,136,34.0,1026501.0014074807,576658386.3299342,19364429.363317907,721982088.3086969
8975e864-af2c-4908-b92a-ca9e7d9d38de,137,34.25,846153.478097792,1155362555.8769367,19575967.732842356,1010822727.277931
8975e864-af2c-4908-b92a-ca9e7d9d38de,138,34.5,425212.50682404585,3490535027.166055,19682270.859548368,1883456484.0694447
8975e864-af2c-4908-b92a-ca9e7d9d38de,139,34.75,-340334.5906641565,33169552414.36151,19665941.674642764,10175844587.659822
26e4e1a0-daea-4a1f-8b79-66a7c13a95eb,0,0.0,233386.80253485212,1775657.7707529902,58346.70063371303,443914.44268824754
26e4e1a0-daea-4a1f-8b79-66a7c13a95eb,1,0.25,235904.3177049734,1797217.6049823514,117322.78005995638,893218.8439338354
26e4e1a0-daea-4a1f-8b79-66a7c13a95eb,2,0.5,238447.3972974524,1819070.9273709892,176934.62938431947,1347986.5757765826
26e4e1a0-daea-4a1f-8b79-66a7c13a95eb,3,0.75,241016.3338365349,1841223.5017122307,237188.7128434532,1808292.4512046403
26e4e1a0-daea-4a1f-8b79-66a7c13a95eb,4,1.0,243611.4245606636,1863681.2603652158,298091.5689836191,2274212.7662959443
26e4e1a0-daea-4a1f-8b79-66a7c13a95eb,5,1.25,246232.97151818764,1886450.3104746533,359649.811863166,2745825.3439146075
26e4e1a0-daea-4a1f-8b79-66a7c13a95eb,6,1.5,248881.28166467467,1909536.9404584689,421870.13227933465,3223209.579029225
26e4e1a0-daea-4a1f-8b79-66a7c13a95eb,7,1.75,251556.66696202004,1932947.626776788,484759.2990198397,3706446.485723422
26e4e1a0-daea-4a1f-8b79-66a7c13a95eb,8,2.0,254259.4444790808,1956689.0409964025,548324.1601396098,4195618.745972523
26e4e1a0-daea-4a1f-8b79-66a7c13a95eb,9,2.25,256989.93649405174,1980768.0571658076,612571.6442631228,4690810.760263975
26e4e1a0-daea-4a1f-8b79-66a7c13a95eb,10,2.5,259748.4705984837,2005191.7595155113,677508.7619127438,5192108.700142853
26e4e1a0-daea-4a1f-8b79-66a7c13a95eb,11,2.75,262535.3798029162,2029967.4505025498,743142.6068634728,5699600.56276849
26e4e1a0-daea-4a1f-8b79-66a7c13a95eb,12,3.0,265351.00264412735,2055102.659214299,809480.3575245047,6213376.227572065
26e4e1a0-daea-4a1f-8b79-66a7c13a95eb,13,3.25,268195.68329393567,2080605.1501523547,876529.2783479886,6733527.515110154
26e4e1a0-daea-4a1f-8b79-66a7c13a95eb,14,3.5,271069.77166967595,2106482.9324148386,944296.7212654076,7260148.248213863
26e4e1a0-daea-4a1f-8b79-66a7c13a95eb,15,3.75,273973.62354602,2132744.269299796,1012790.1271519127,7793334.315538812
26e4e1a0-daea-4a1f-8b79-66a7c13a95eb,16,4.0,276907.6006684894,2159397.688350222,1082017.027319035,8333183.737626368
26e4e1a0-daea-4a1f-8b79-66a7c13a95eb,17,4.25,279872.07086826966,2186451.9918654384,1151985.0450361024,8879796.735592728
26e4e1a0-daea-4a1f-8b79-66a7c13a95eb,18,4.5,282867.4081784588,2213916.26790387,1222701.8970807171,9433275.802568696
26e4e1a0-daea-4a1f-8b79-66a7c13a95eb,19,4.75,285893.99294534215,2241799.9018082167,1294175.3953170527,9993725.77802075
26e4e1a0-daea-4a1f-8b79-66a7c13a95eb,20,5.0,288952.2119493187,2270112.5882707587,1366413.4483043824,10561253.925088441
26e4e1a0-daea-4a1f-8b79-66a7c13a95eb,21,5.25,292042.45852830645,2298864.343974188,1439424.062936459,11135970.011081988
26e4e1a0-daea-4a1f-8b79-66a7c13a95eb,22,5.5,295165.13269885856,2328065.5208432944,1513215.3461111735,11717986.391292812
26e4e1a0-daea-4a1f-8b79-66a7c13a95eb,23,5.75,298320.6412782988,2357726.8199388403,1587795.5064307482,12307418.096277522
26e4e1a0-daea-4a1f-8b79-66a7c13a95eb,24,6.0,301509.39800777094,2387859.3060301323,1663172.855932691,12904382.922785055
26e4e1a0-daea-4a1f-8b79-66a7c13a95eb,25,6.25,304731.82367611147,2418474.42288474,1739355.8118517187,13509001.52850624
26e4e1a0-daea-4a1f-8b79-66a7c13a95eb,26,6.5,307988.34624432074,2449584.0093163783,1816352.898412799,14121397.530835334
26e4e1a0-daea-4a1f-8b79-66a7c13a95eb,27,6.75,311279.40097074554,2481200.316034468,1894172.7486554855,14741697.60984395
26e4e1a0-daea-4a1f-8b79-66a7c13a95eb,28,7.0,314605.4305364852,2513336.023343042,1972824.1062896068,15370031.615679711
26e4e1a0-daea-4a1f-8b79-66a7c13a95eb,29,7.25,317966.88517111115,2546004.259737451,2052315.8275823845,16006532.680614075
26e4e1a0-daea-4a1f-8b79-66a7c13a95eb,30,7.5,321364.22277841426,2579218.6214521867,2132656.883276988,16651337.335977122
26e4e1a0-daea-4a1f-8b79-66a7c13a95eb,31,7.75,324797.90906203,2612993.1930177365,2213856.3605424953,17304585.634231556
26e4e1a0-daea-4a1f-8b79-66a7c13a95eb,32,8.0,328268.4176506405,2647342.568885773,2295923.4649551553,17966421.276453
26e4e1a0-daea-4a1f-8b79-66a7c13a95eb,33,8.25,331776.2302226179,2682281.876187531,2378867.52251081,18636991.745499883
26e4e1a0-daea-4a1f-8b79-66a7c13a95eb,34,8.5,335321.8366297669,2717826.7986947135,2462697.9816682516,19316448.44517356
26e4e1a0-daea-4a1f-8b79-66a7c13a95eb,35,8.75,338905.7350199572,2753993.6020578165,2547424.415423241,20004946.845688015
26e4e1a0-daea-4a1f-8b79-66a7c13a95eb,36,9.0,342528.43195830705,2790799.16039964,2633056.5234128176,20702646.635787927
26e4e1a0-daea-4a1f-8b79-66a7c13a95eb,37,9.25,346190.44254655874,2828260.984350311,2719604.1340494575,21409711.881875504
26e4e1a0-daea-4a1f-8b79-66a7c13a95eb,38,9.5,349892.29054035887,2866397.2506134287,2807077.206684547,22126311.194528863
26e4e1a0-daea-4a1f-8b79-66a7c13a95eb,39,9.75,353634.5084639542,2905226.833162044,2895485.8338005356,22852617.902819373
26e4e1a0-daea-4a1f-8b79-66a7c13a95eb,40,10.0,357417.6377219869,2944769.3361692782,2984840.2432310325,23588810.23686169
26e4e1a0-daea-4a1f-8b79-66a7c13a95eb,41,10.25,361242.2287078584,2985045.1287843916,3075150.8004079973,24335071.519057788
26e4e1a0-daea-4a1f-8b79-66a7c13a95eb,42,10.5,365108.8409082125,3026075.3818768645,3166428.0106350505,25091590.364527006
26e4e1a0-daea-4a1f-8b79-66a7c13a95eb,43,10.75,369018.043002901,3067882.1068770485,3258682.521385776,25858560.891246267
26e4e1a0-daea-4a1f-8b79-66a7c13a95eb,44,11.0,372970.41296001413,3110488.196854125,3351925.124625779,26636182.9404598
26e4e1a0-daea-4a1f-8b79-66a7c13a95eb,45,11.25,376966.53812519385,3153917.469979817,3446166.759157078,27424662.307954755
26e4e1a0-daea-4a1f-8b79-66a7c13a95eb,46,11.5,381007.0153046714,3198194.715541755,3541418.512983246,28224210.986840192
26e4e1a0-daea-4a1f-8b79-66a7c13a95eb,47,11.75,385092.4508411653,3243345.742679016,3637691.6256935373,29035047.422509946
26e4e1a0-daea-4a1f-8b79-66a7c13a95eb,48,12.0,389223.4606819805,3289397.432028556,3734997.4908640324,29857396.780517086
26e4e1a0-daea-4a1f-8b79-66a7c13a95eb,49,12.25,393400.6704383771,3336377.790486185,3833347.6584736267,30691491.228138633
26e4e1a0-daea-4a1f-8b79-66a7c13a95eb,50,12.5,397624.71543530526,3384316.00929886,3932753.837332453,31537570.23046335
26e4e1a0-daea-4a1f-8b79-66a7c13a95eb,51,12.75,401896.2407504755,3433242.525727494,4033227.897520072,32395880.861895222
26e4e1a0-daea-4a1f-8b79-66a7c13a95eb,52,13.0,406215.90124173986,3483189.088534921,4134781.872830507,33266678.134028953
26e4e1a0-daea-4a1f-8b79-66a7c13a95eb,53,13.25,410584.36156165827,3534188.827575636,4237427.963220921,34150225.34092286
26e4e1a0-daea-4a1f-8b79-66a7c13a95eb,54,13.5,415002.29615777504,3586276.327787797,4341178.537260365,35046794.42286981
26e4e1a0-daea-4a1f-8b79-66a7c13a95eb,55,13.75,419470.38925764535,3639487.707912573,4446046.1345747765,35956666.34984795
26e4e1a0-daea-4a1f-8b79-66a7c13a95eb,56,14.0,423989.33483676804,3693860.7042928534,4552043.468283969,36880131.525921166
26e4e1a0-daea-4a1f-8b79-66a7c13a95eb,57,14.25,428559.8365680328,3749434.760134277,4659183.427425977,37817490.215954736
26e4e1a0-daea-4a1f-8b79-66a7c13a95eb,58,14.5,433182.60775109247,3806685.596509938,4767479.07936375,38769161.61508222
26e4e1a0-daea-4a1f-8b79-66a7c13a95eb,59,14.75,437858.37121960794,3873903.911567485,4876943.6721686525,39737637.59297409
26e4e1a0-daea-4a1f-8b79-66a7c13a95eb,60,15.0,442587.85753619036,3943036.034891578,4987590.6365527,40723396.60169698
26e4e1a0-daea-4a1f-8b79-66a7c13a95eb,61,15.25,447371.7719916459,4014164.2505496214,5099433.579550611,41726937.66433439
26e4e1a0-daea-4a1f-8b79-66a7c13a95eb,62,15.5,452210.8242292596,4087375.6249686955,5212486.285607926,42748781.57057656
26e4e1a0-daea-4a1f-8b79-66a7c13a95eb,63,15.75,457105.72759172274,4162762.3552707,5326762.717505856,43789472.15939424
26e4e1a0-daea-4a1f-8b79-66a7c13a95eb,64,16.0,462057.1983940544,4240422.148117741,5442277.01710437,44849577.69642368
26e4e1a0-daea-4a1f-8b79-66a7c13a95eb,65,16.25,467065.95511606167,4320458.632203488,5559043.505883385,45929692.35447455
26e4e1a0-daea-4a1f-8b79-66a7c13a95eb,66,16.5,472132.7175070655,4402981.807893204,5677076.6852601515,47030437.806447856
26e4e1a0-daea-4a1f-8b79-66a7c13a95eb,67,16.75,484456.3180448325,4488108.5379356695,5798190.76477136,48152464.940931775
26e4e1a0-daea-4a1f-8b79-66a7c13a95eb,68,17.0,490417.7428552564,4575963.083648267,5920795.200485174,49296455.71184384
26e4e1a0-daea-4a1f-8b79-66a7c13a95eb,69,17.25,496475.40869793925,4666677.683853779,6044914.052659659,50463125.132807285
26e4e1a0-daea-4a1f-8b79-66a7c13a95eb,70,17.5,502631.22317243245,4760393.198678287,6170571.858452767,51653223.432476856
26e4e1a0-daea-4a1f-8b79-66a7c13a95eb,71,17.75,508887.1294516359,4857259.817560398,6297793.640815676,52867538.38686696
26e4e1a0-daea-4a1f-8b79-66a7c13a95eb,72,18.0,515245.10597219557,4957437.832862092,6426604.917308725,54106897.84508248
26e4e1a0-daea-4a1f-8b79-66a7c13a95eb,73,18.25,521707.16598100105,5061098.490726289,6557031.708803976,55372172.46776405
26e4e1a0-daea-4a1f-8b79-66a7c13a95eb,74,18.5,528275.3569193804,5168424.928238545,6689100.548033821,56664278.699823685
26e4e1a0-daea-4a1f-8b79-66a7c13a95eb,75,18.75,534951.7596242421,5279613.207177131,6822838.487939882,57984182.00161797
26e4e1a0-daea-4a1f-8b79-66a7c13a95eb,76,19.0,541738.4873231986,5394873.456042481,6958273.109770682,59332900.365628585
26e4e1a0-daea-4a1f-8b79-66a7c13a95eb,77,19.25,548637.684397963,5514431.133698113,7095432.530870172,60711508.14905311
26e4e1a0-daea-4a1f-8b79-66a7c13a95eb,78,19.5,555651.5248868023,5638528.430533347,7234345.412091873,62121140.25668645
26e4e1a0-daea-4a1f-8b79-66a7c13a95eb,79,19.75,562782.2106952765,5767425.822889598,7375040.964765692,63562996.71240885
26e4e1a0-daea-4a1f-8b79-66a7c13a95eb,80,20.0,570031.9694788145,5901403.801807098,7517548.957135396,65038347.662860624
26e4e1a0-daea-4a1f-8b79-66a7c13a95eb,81,20.25,577403.052156939,6040764.799186404,7661899.720174631,66548538.86265723
26e4e1a0-daea-4a1f-8b79-66a7c13a95eb,82,20.5,584897.7300148718,6185835.337604253,7808124.152678349,68094997.69705829
26e4e1a0-daea-4a1f-8b79-66a7c13a95eb,83,20.75,592518.2913422756,6336968.434341493,7956253.725513918,69679239.80564366
26e4e1a0-daea-4a1f-8b79-66a7c13a95eb,84,21.0,600267.0375535754,6494546.295011184,8106320.484902312,71302876.37939645
26e4e1a0-daea-4a1f-8b79-66a7c13a95eb,85,21.25,608146.2787271694,6658983.337863789,8258357.054584105,72967622.2138624
26e4e1a0-daea-4a1f-8b79-66a7c13a95eb,86,21.5,616158.3284930954,6830729.596582839,8412396.636707379,74675304.61300811
26e4e1a0-daea-4a1f-8b79-66a7c13a95eb,87,21.75,624305.4981908407,7010274.55738309,8568473.01125509,76427873.25235388
26e4e1a0-daea-4a1f-8b79-66a7c13a95eb,88,22.0,632590.0902084992,7198151.49573977,8726620.533807214,78227411.12628882
26e4e1a0-daea-4a1f-8b79-66a7c13a95eb,89,22.25,641014.3904040415,7394942.389450858,8886874.131408224,80076146.72365153
26e4e1a0-daea-4a1f-8b79-66a7c13a95eb,90,22.5,649580.659496793,7601283.498367729,9049269.296282422,81976467.59824346
26e4e1a0-daea-4a1f-8b79-66a7c13a95eb,91,22.75,658291.1233029522,7817871.717522027,9213842.07710816,83930935.52762397
26e4e1a0-daea-4a1f-8b79-66a7c13a95eb,92,23.0,667147.961673036,8045471.830181429,9380629.067526419,85942303.48516932
26e4e1a0-daea-4a1f-8b79-66a7c13a95eb,93,23.25,676153.2959703407,8284924.811348907,9549667.391519004,88013534.68800655
26e4e1a0-daea-4a1f-8b79-66a7c13a95eb,94,23.5,685309.1749087295,8537157.361420145,9720994.685246186,90147824.02836159
26e4e1a0-daea-4a1f-8b79-66a7c13a95eb,95,23.75,694617.5585433866,8803192.885373125,9894649.074882032,92348622.24970487
26e4e1a0-daea-4a1f-8b79-66a7c13a95eb,96,24.0,704080.3001807197,9084164.17663771,10070669.149927212,94619663.2938643
26e4e1a0-daea-4a1f-8b79-66a7c13a95eb,97,24.25,713699.1259407967,9381328.118728032,10249093.931412412,96964995.3235463
26e4e1a0-daea-4a1f-8b79-66a7c13a95eb,98,24.5,723475.6116691985,9696082.784533922,10429962.834329711,99389016.01967978
26e4e1a0-daea-4a1f-8b79-66a7c13a95eb,99,24.75,733411.1568514028,10029987.396309756,10613315.623542562,101896512.86875722
26e4e1a0-daea-4a1f-8b79-66a7c13a95eb,100,25.0,743506.9551324121,10384785.71340422,10799192.362325665,104492709.29710828
26e4e1a0-daea-4a1f-8b79-66a7c13a95eb,101,25.25,753763.9609862593,10762433.545591785,10987633.352572229,107183317.68350622
26e4e1a0-daea-4a1f-8b79-66a7c13a95eb,102,25.5,764182.8520101004,11165131.255331859,11178679.065574754,109974600.49733919
26e4e1a0-daea-4a1f-8b79-66a7c13a95eb,103,25.75,774763.9862373365,11595362.322805282,11372370.062134089,112873441.07804051
26e4e1a0-daea-4a1f-8b79-66a7c13a95eb,104,26.0,785507.3537673777,12055939.317162635,11568746.900575934,115887425.90733117
26e4e1a0-daea-4a1f-8b79-66a7c13a95eb,105,26.25,796412.5218961193,12550058.96484278,11767850.031049963,119024940.64854187
26e4e1a0-daea-4a1f-8b79-66a7c13a95eb,106,26.5,807478.5727944295,13081368.456737153,11969719.67424857,122295282.76272616
26e4e1a0-daea-4a1f-8b79-66a7c13a95eb,107,26.75,818704.0326185728,13654045.725494968,12174395.682403214,125708794.1940999
26e4e1a0-daea-4a1f-8b79-66a7c13a95eb,108,27.0,830086.7907385153,14272897.200979332,12381917.380087843,129277018.49434474
26e4e1a0-daea-4a1f-8b79-66a7c13a95eb,109,27.25,841624.0075299421,14943477.583724838,12592323.38197033,133012887.89027596
26e4e1a0-daea-4a1f-8b79-66a7c13a95eb,110,27.5,853312.0088816239,15672237.5589418,12805651.384190734,136930947.28001142
26e4e1a0-daea-4a1f-8b79-66a7c13a95eb,111,27.75,865146.1652076264,16466707.243766792,13021937.92549264,141047624.0909531
26e4e1a0-daea-4a1f-8b79-66a7c13a95eb,112,28.0,877120.7523044891,17335725.714984473,13241218.113568762,145381555.51969922
26e4e1a0-daea-4a1f-8b79-66a7c13a95eb,113,28.25,889228.7908296016,18289730.490735684,13463525.311276162,149953988.14238313
26e4e1a0-daea-4a1f-8b79-66a7c13a95eb,114,28.5,901461.860467371,19341125.76255897,13688890.776393006,154789269.58302286
26e4e1a0-daea-4a1f-8b79-66a7c13a95eb,115,28.75,913809.8839425727,20504755.13014407,13917343.24737865,159915458.3655589
26e4e1a0-daea-4a1f-8b79-66a7c13a95eb,116,29.0,926260.8748751713,21798514.54850626,14148908.466097442,165365087.00268546
26e4e1a0-daea-4a1f-8b79-66a7c13a95eb,117,29.25,938800.6419515382,23244155.65179276,14383608.626585327,171176125.91563365
26e4e1a0-daea-4a1f-8b79-66a7c13a95eb,118,29.5,951412.4398897239,24868350.92042691,14621461.736557757,177393213.6457404
26e4e1a0-daea-4a1f-8b79-66a7c13a95eb,119,29.75,964076.5550114653,26704124.07239662,14862480.875310624,184069244.66383955
26e4e1a0-daea-4a1f-8b79-66a7c13a95eb,120,30.0,976769.8096349193,28792797.732331805,15106673.327719353,191267444.0969225
26e4e1a0-daea-4a1f-8b79-66a7c13a95eb,121,30.25,989464.9645671865,31186686.12543384,15354039.56886115,199064115.62828094
26e4e1a0-daea-4a1f-8b79-66a7c13a95eb,122,30.5,1002129.9921029203,33952880.80269499,15604572.06688688,207552335.8289547
26e4e1a0-daea-4a1f-8b79-66a7c13a95eb,123,30.75,1014727.1821984146,37178673.0247049,15858253.862436483,216847004.08513093
26e4e1a0-daea-4a1f-8b79-66a7c13a95eb,124,31.0,1027212.0304291653,40979483.05531067,16115056.870043773,227091874.8489586
26e4e1a0-daea-4a1f-8b79-66a7c13a95eb,125,31.25,1039531.8356143953,45510728.063141845,16374939.828947373,238469556.86474407
26e4e1a0-daea-4a1f-8b79-66a7c13a95eb,126,31.5,1051623.9037310334,50986057.39478921,16637845.804880131,251216071.21344137
26e4e1a0-daea-4a1f-8b79-66a7c13a95eb,127,31.75,1063413.2063717109,57706221.03235684,16903699.10647306,265642626.4715306
26e4e1a0-daea-4a1f-8b79-66a7c13a95eb,128,32.0,1074809.2649853975,66106366.52576161,17172401.422719408,282169218.102971
26e4e1a0-daea-4a1f-8b79-66a7c13a95eb,129,32.25,1085701.9054685908,76836675.22222815,17443826.899086557,301378386.90852803
26e4e1a0-daea-4a1f-8b79-66a7c13a95eb,130,32.5,1095955.311467403,90906419.06736983,17717815.72695341,324104991.6753705
26e4e1a0-daea-4a1f-8b79-66a7c13a95eb,131,32.75,1105399.4195895619,109956064.86530755,17994165.5818508,351594007.8916974
26e4e1a0-daea-4a1f-8b79-66a7c13a95eb,132,33.0,1113816.9783543725,136807167.27909228,18272619.826439396,385795799.7114705
26e4e1a0-daea-4a1f-8b79-66a7c13a95eb,133,33.25,1120923.1589502392,176670655.01182467,18552850.616176955,429963463.46442664
26e4e1a0-daea-4a1f-8b79-66a7c13a95eb,134,33.5,1121434.2940940228,240101207.91792133,18833209.189700462,489988765.44390696
26e4e1a0-daea-4a1f-8b79-66a7c13a95eb,135,33.75,1098379.693062312,351314905.1292256,19107804.11296604,577817491.7262133
26e4e1a0-daea-4a1f-8b79-66a7c13a95eb,136,34.0,1026501.0014074807,576658386.3299342,19364429.363317907,721982088.3086969
26e4e1a0-daea-4a1f-8b79-66a7c13a95eb,137,34.25,846153.478097792,1155362555.8769367,19575967.732842356,1010822727.277931
26e4e1a0-daea-4a1f-8b79-66a7c13a95eb,138,34.5,425212.50682404585,3490535027.166055,19682270.859548368,1883456484.0694447
26e4e1a0-daea-4a1f-8b79-66a7c13a95eb,139,34.75,-340334.5906641565,33169552414.36151,19665941.674642764,10175844587.659822
79dd10ec-c3a6-4479-bd6b-282a540ec681,0,0.0,233386.80253485212,1775657.7707529902,58346.70063371303,443914.44268824754
79dd10ec-c3a6-4479-bd6b-282a540ec681,1,0.25,235904.3177049734,1797217.6049823514,117322.78005995638,893218.8439338354
79dd10ec-c3a6-4479-bd6b-282a540ec681,2,0.5,238447.3972974524,1819070.9273709892,176934.62938431947,1347986.5757765826
79dd10ec-c3a6-4479-bd6b-282a540ec681,3,0.75,241016.3338365349,1841223.5017122307,237188.7128434532,1808292.4512046403
79dd10ec-c3a6-4479-bd6b-282a540ec681,4,1.0,243611.4245606636,1863681.2603652158,298091.5689836191,2274212.7662959443
79dd10ec-c3a6-4479-bd6b-282a540ec681,5,1.25,246232.97151818764,1886450.3104746533,359649.811863166,2745825.3439146075
79dd10ec-c3a6-4479-bd6b-282a540ec681,6,1.5,248881.28166467467,1909536.9404584689,421870.13227933465,3223209.579029225
79dd10ec-c3a6-4479-bd6b-282a540ec681,7,1.75,251556.66696202004,1932947.626776788,484759.2990198397,3706446.485723422
79dd10ec-c3a6-4479-bd6b-282a540ec681,8,2.0,254259.4444790808,1956689.0409964025,548324.1601396098,4195618.745972523
79dd10ec-c3a6-4479-bd6b-282a540ec681,9,2.25,256989.93649405174,1980768.0571658076,612571.6442631228,4690810.760263975
79dd10ec-c3a6-4479-bd6b-282a540ec681,10,2.5,259748.4705984837,2005191.7595155113,677508.7619127438,5192108.700142853
79dd10ec-c3a6-4479-bd6b-282a540ec681,11,2.75,262535.3798029162,2029967.4505025498,743142.6068634728,5699600.56276849
79dd10ec-c3a6-4479-bd6b-282a540ec681,12,3.0,265351.00264412735,2055102.659214299,809480.3575245047,6213376.227572065
79dd10ec-c3a6-4479-bd6b-282a540ec681,13,3.25,268195.68329393567,2080605.1501523547,876529.2783479886,6733527.515110154
79dd10ec-c3a6-4479-bd6b-282a540ec681,14,3.5,271069.77166967595,2106482.9324148386,944296.7212654076,7260148.248213863
79dd10ec-c3a6-4479-bd6b-282a540ec681,15,3.75,273973.62354602,2132744.269299796,1012790.1271519127,7793334.315538812
79dd10ec-c3a6-4479-bd6b-282a540ec681,16,4.0,276907.6006684894,2159397.688350222,1082017.027319035,8333183.737626368
79dd10ec-c3a6-4479-bd6b-282a540ec681,17,4.25,279872.07086826966,2186451.9918654384,1151985.0450361024,8879796.735592728
79dd10ec-c3a6-4479-bd6b-282a540ec681,18,4.5,282867.4081784588,2213916.26790387,1222701.8970807171,9433275.802568696
79dd10ec-c3a6-4479-bd6b-282a540ec681,19,4.75,285893.99294534215,2241799.9018082167,1294175.3953170527,9993725.77802075
79dd10ec-c3a6-4479-bd6b-282a540ec681,20,5.0,288952.2119493187,2270112.5882707587,1366413.4483043824,10561253.925088441
79dd10ec-c3a6-4479-bd6b-282a540ec681,21,5.25,292042.45852830645,2298864.343974188,1439424.062936459,11135970.011081988
79dd10ec-c3a6-4479-bd6b-282a540ec681,22,5.5,295165.13269885856,2328065.5208432944,1513215.3461111735,11717986.391292812
79dd10ec-c3a6-4479-bd6b-282a540ec681,23,5.75,298320.6412782988,2357726.8199388403,1587795.5064307482,12307418.096277522
79dd10ec-c3a6-4479-bd6b-282a540ec681,24,6.0,301509.39800777094,2387859.3060301323,1663172.855932691,12904382.922785055
79dd10ec-c3a6-4479-bd6b-282a540ec681,25,6.25,304731.82367611147,2418474.42288474,1739355.8118517187,13509001.52850624
79dd10ec-c3a6-4479-bd6b-282a540ec681,26,6.5,307988.34624432074,2449584.0093163783,1816352.898412799,14121397.530835334
79dd10ec-c3a6-4479-bd6b-282a540ec681,27,6.75,311279.40097074554,2481200.316034468,1894172.7486554855,14741697.60984395
79dd10ec-c3a6-4479-bd6b-282a540ec681,28,7.0,314605.4305364852,2513336.023343042,1972824.1062896068,15370031.615679711
79dd10ec-c3a6-4479-bd6b-282a540ec681,29,7.25,317966.88517111115,2546004.259737451,2052315.8275823845,16006532.680614075
79dd10ec-c3a6-4479-bd6b-282a540ec681,30,7.5,321364.22277841426,2579218.6214521867,2132656.883276988,16651337.335977122
79dd10ec-c3a6-4479-bd6b-282a540ec681,31,7.75,324797.90906203,2612993.1930177365,2213856.3605424953,17304585.634231556
79dd10ec-c3a6-4479-bd6b-282a540ec681,32,8.0,328268.4176506405,2647342.568885773,2295923.4649551553,17966421.276453
79dd10ec-c3a6-4479-bd6b-282a540ec681,33,8.25,331776.2302226179,2682281.876187531,2378867.52251081,18636991.745499883
79dd10ec-c3a6-4479-bd6b-282a540ec681,34,8.5,335321.8366297669,2717826.7986947135,2462697.9816682516,19316448.44517356
79dd10ec-c3a6-4479-bd6b-282a540ec681,35,8.75,338905.7350199572,2753993.6020578165,2547424.415423241,20004946.845688015
79dd10ec-c3a6-4479-bd6b-282a540ec681,36,9.0,342528.43195830705,2790799.16039964,2633056.5234128176,20702646.635787927
79dd10ec-c3a6-4479-bd6b-282a540ec681,37,9.25,346190.44254655874,2828260.984350311,2719604.1340494575,21409711.881875504
79dd10ec-c3a6-4479-bd6b-282a540ec681,38,9.5,349892.29054035887,2866397.2506134287,2807077.206684547,22126311.194528863
79dd10ec-c3a6-4479-bd6b-282a540ec681,39,9.75,353634.5084639542,2905226.833162044,2895485.8338005356,22852617.902819373
79dd10ec-c3a6-4479-bd6b-282a540ec681,40,10.0,357417.6377219869,2944769.3361692782,2984840.2432310325,23588810.23686169
79dd10ec-c3a6-4479-bd6b-282a540ec681,41,10.25,361242.2287078584,2985045.1287843916,3075150.8004079973,24335071.519057788
79dd10ec-c3a6-4479-bd6b-282a540ec681,42,10.5,365108.8409082125,3026075.3818768645,3166428.0106350505,25091590.364527006
79dd10ec-c3a6-4479-bd6b-282a540ec681,43,10.75,369018.043002901,3067882.1068770485,3258682.521385776,25858560.891246267
79dd10ec-c3a6-4479-bd6b-282a540ec681,44,11.0,372970.41296001413,3110488.196854125,3351925.124625779,26636182.9404598
79dd10ec-c3a6-4479-bd6b-282a540ec681,45,11.25,376966.53812519385,3153917.469979817,3446166.759157078,27424662.307954755
79dd10ec-c3a6-4479-bd6b-282a540ec681,46,11.5,381007.0153046714,3198194.715541755,3541418.512983246,28224210.986840192
79dd10ec-c3a6-4479-bd6b-282a540ec681,47,11.75,385092.4508411653,3243345.742679016,3637691.6256935373,29035047.422509946
79dd10ec-c3a6-4479-bd6b-282a540ec681,48,12.0,389223.4606819805,3289397.432028556,3734997.4908640324,29857396.780517086
79dd10ec-c3a6-4479-bd6b-282a540ec681,49,12.25,393400.6704383771,3336377.790486185,3833347.6584736267,30691491.228138633
79dd10ec-c3a6-4479-bd6b-282a540ec681,50,12.5,397624.71543530526,3384316.00929886,3932753.837332453,31537570.23046335
79dd10ec-c3a6-4479-bd6b-282a540ec681,51,12.75,401896.2407504755,3433242.525727494,4033227.897520072,32395880.861895222
79dd10ec-c3a6-4479-bd6b-282a540ec681,52,13.0,406215.90124173986,3483189.088534921,4134781.872830507,33266678.134028953
79dd10ec-c3a6-4479-bd6b-282a540ec681,53,13.25,410584.36156165827,3534188.827575636,4237427.963220921,34150225.34092286
79dd10ec-c3a6-4479-bd6b-282a540ec681,54,13.5,415002.29615777504,3586276.327787797,4341178.537260365,35046794.42286981
79dd10ec-c3a6-4479-bd6b-282a540ec681,55,13.75,419470.38925764535,3639487.707912573,4446046.1345747765,35956666.34984795
79dd10ec-c3a6-4479-bd6b-282a540ec681,56,14.0,423989.33483676804,3693860.7042928534,4552043.468283969,36880131.525921166
79dd10ec-c3a6-4479-bd6b-282a540ec681,57,14.25,428559.8365680328,3749434.760134277,4659183.427425977,37817490.215954736
79dd10ec-c3a6-4479-bd6b-282a540ec681,58,14.5,433182.60775109247,3806685.596509938,4767479.07936375,38769161.61508222
79dd10ec-c3a6-4479-bd6b-282a540ec681,59,14.75,437858.37121960794,3873903.911567485,4876943.6721686525,39737637.59297409
79dd10ec-c3a6-4479-bd6b-282a540ec681,60,15.0,442587.85753619036,3943036.034891578,4987590.6365527,40723396.60169698
79dd10ec-c3a6-4479-bd6b-282a540ec681,61,15.25,447371.7719916459,4014164.2505496214,5099433.579550611,41726937.66433439
79dd10ec-c3a6-4479-bd6b-282a540ec681,62,15.5,452210.8242292596,4087375.6249686955,5212486.285607926,42748781.57057656
79dd10ec-c3a6-4479-bd6b-282a540ec681,63,15.75,457105.72759172274,4162762.3552707,5326762.717505856,43789472.15939424
79dd10ec-c3a6-4479-bd6b-282a540ec681,64,16.0,462057.1983940544,4240422.148117741,5442277.01710437,44849577.69642368
79dd10ec-c3a6-4479-bd6b-282a540ec681,65,16.25,467065.95511606167,4320458.632203488,5559043.505883385,45929692.35447455
79dd10ec-c3a6-4479-bd6b-282a540ec681,66,16.5,472132.7175070655,4402981.807893204,5677076.6852601515,47030437.806447856
79dd10ec-c3a6-4479-bd6b-282a540ec681,67,16.75,484456.3180448325,4488108.5379356695,5798190.76477136,48152464.940931775
79dd10ec-c3a6-4479-bd6b-282a540ec681,68,17.0,490417.7428552564,4575963.083648267,5920795.200485174,49296455.71184384
79dd10ec-c3a6-4479-bd6b-282a540ec681,69,17.25,496475.40869793925,4666677.683853779,6044914.052659659,50463125.132807285
79dd10ec-c3a6-4479-bd6b-282a540ec681,70,17.5,502631.22317243245,4760393.198678287,6170571.858452767,51653223.432476856
79dd10ec-c3a6-4479-bd6b-282a540ec681,71,17.75,508887.1294516359,4857259.817560398,6297793.640815676,52867538.38686696
79dd10ec-c3a6-4479-bd6b-282a540ec681,72,18.0,515245.10597219557,4957437.832862092,6426604.917308725,54106897.84508248
79dd10ec-c3a6-4479-bd6b-282a540ec681,73,18.25,521707.16598100105,5061098.490726289,6557031.708803976,55372172.46776405
79dd10ec-c3a6-4479-bd6b-282a540ec681,74,18.5,528275.3569193804,5168424.928238545,6689100.548033821,56664278.699823685
79dd10ec-c3a6-4479-bd6b-282a540ec681,75,18.75,534951.7596242421,5279613.207177131,6822838.487939882,57984182.00161797
79dd10ec-c3a6-4479-bd6b-282a540ec681,76,19.0,541738.4873231986,5394873.456042481,6958273.109770682,59332900.365628585
79dd10ec-c3a6-4479-bd6b-282a540ec681,77,19.25,548637.684397963,5514431.133698113,7095432.530870172,60711508.14905311
79dd10ec-c3a6-4479-bd6b-282a540ec681,78,19.5,555651.5248868023,5638528.430533347,7234345.412091873,62121140.25668645
79dd10ec-c3a6-4479-bd6b-282a540ec681,79,19.75,562782.2106952765,5767425.822889598,7375040.964765692,63562996.71240885
79dd10ec-c3a6-4479-bd6b-282a540ec681,80,20.0,570031.9694788145,5901403.801807098,7517548.957135396,65038347.662860624
79dd10ec-c3a6-4479-bd6b-282a540ec681,81,20.25,577403.052156939,6040764.799186404,7661899.720174631,66548538.86265723
79dd10ec-c3a6-4479-bd6b-282a540ec681,82,20.5,584897.7300148718,6185835.337604253,7808124.152678349,68094997.69705829
79dd10ec-c3a6-4479-bd6b-282a540ec681,83,20.75,592518.2913422756,6336968.434341493,7956253.725513918,69679239.80564366
79dd10ec-c3a6-4479-bd6b-282a540ec681,84,21.0,600267.0375535754,6494546.295011184,8106320.484902312,71302876.37939645
79dd10ec-c3a6-4479-bd6b-282a540ec681,85,21.25,608146.2787271694,6658983.337863789,8258357.054584105,72967622.2138624
79dd10ec-c3a6-4479-bd6b-282a540ec681,86,21.5,616158.3284930954,6830729.596582839,8412396.636707379,74675304.61300811
79dd10ec-c3a6-4479-bd6b-282a540ec681,87,21.75,624305.4981908407,7010274.55738309,8568473.01125509,76427873.25235388
79dd10ec-c3a6-4479-bd6b-282a540ec681,88,22.0,632590.0902084992,7198151.49573977,8726620.533807214,78227411.12628882
79dd10ec-c3a6-4479-bd6b-282a540ec681,89,22.25,641014.3904040415,7394942.389450858,8886874.131408224,80076146.72365153
79dd10ec-c3a6-4479-bd6b-282a540ec681,90,22.5,649580.659496793,7601283.498367729,9049269.296282422,81976467.59824346
79dd10ec-c3a6-4479-bd6b-282a540ec681,91,22.75,658291.1233029522,7817871.717522027,9213842.07710816,83930935.52762397
79dd10ec-c3a6-4479-bd6b-282a540ec681,92,23.0,667147.961673036,8045471.830181429,9380629.067526419,85942303.48516932
79dd10ec-c3a6-4479-bd6b-282a540ec681,93,23.25,676153.2959703407,8284924.811348907,9549667.391519004,88013534.68800655
79dd10ec-c3a6-4479-bd6b-282a540ec681,94,23.5,685309.1749087295,8537157.361420145,9720994.685246186,90147824.02836159
79dd10ec-c3a6-4479-bd6b-282a540ec681,95,23.75,694617.5585433866,8803192.885373125,9894649.074882032,92348622.24970487
79dd10ec-c3a6-4479-bd6b-282a540ec681,96,24.0,704080.3001807197,9084164.17663771,10070669.149927212,94619663.2938643
79dd10ec-c3a6-4479-bd6b-282a540ec681,97,24.25,713699.1259407967,9381328.118728032,10249093.931412412,96964995.3235463
79dd10ec-c3a6-4479-bd6b-282a540ec681,98,24.5,723475.6116691985,9696082.784533922,10429962.834329711,99389016.01967978
79dd10ec-c3a6-4479-bd6b-282a540ec681,99,24.75,733411.1568514028,10029987.396309756,10613315.623542562,101896512.86875722
79dd10ec-c3a6-4479-bd6b-282a540ec681,100,25.0,743506.9551324121,10384785.71340422,10799192.362325665,104492709.29710828
79dd10ec-c3a6-4479-bd6b-282a540ec681,101,25.25,753763.9609862593,10762433.545591785,10987633.352572229,107183317.68350622
79dd10ec-c3a6-4479-bd6b-282a540ec681,102,25.5,764182.8520101004,11165131.255331859,11178679.065574754,109974600.49733919
79dd10ec-c3a6-4479-bd6b-282a540ec681,103,25.75,774763.9862373365,11595362.322805282,11372370.062134089,112873441.07804051
79dd10ec-c3a6-4479-bd6b-282a540ec681,104,26.0,785507.3537673777,12055939.317162635,11568746.900575934,115887425.90733117
79dd10ec-c3a6-4479-bd6b-282a540ec681,105,26.25,796412.5218961193,12550058.96484278,11767850.031049963,119024940.64854187
79dd10ec-c3a6-4479-bd6b-282a540ec681,106,26.5,807478.5727944295,13081368.456737153,11969719.67424857,122295282.76272616
79dd10ec-c3a6-4479-bd6b-282a540ec681,107,26.75,818704.0326185728,13654045.725494968,12174395.682403214,125708794.1940999
79dd10ec-c3a6-4479-bd6b-282a540ec681,108,27.0,830086.7907385153,14272897.200979332,12381917.380087843,129277018.49434474
79dd10ec-c3a6-4479-bd6b-282a540ec681,109,27.25,841624.0075299421,14943477.583724838,12592323.38197033,133012887.89027596
79dd10ec-c3a6-4479-bd6b-282a540ec681,110,27.5,853312.0088816239,15672237.5589418,12805651.384190734,136930947.28001142
79dd10ec-c3a6-4479-bd6b-282a540ec681,111,27.75,865146.1652076264,16466707.243766792,13021937.92549264,141047624.0909531
79dd10ec-c3a6-4479-bd6b-282a540ec681,112,28.0,877120.7523044891,17335725.714984473,13241218.113568762,145381555.51969922
79dd10ec-c3a6-4479-bd6b-282a540ec681,113,28.25,889228.7908296016,18289730.490735684,13463525.311276162,149953988.14238313
79dd10ec-c3a6-4479-bd6b-282a540ec681,114,28.5,901461.860467371,19341125.76255897,13688890.776393006,154789269.58302286
79dd10ec-c3a6-4479-bd6b-282a540ec681,115,28.75,913809.8839425727,20504755.13014407,13917343.24737865,159915458.3655589
79dd10ec-c3a6-4479-bd6b-282a540ec681,116,29.0,926260.8748751713,21798514.54850626,14148908.466097442,165365087.00268546
79dd10ec-c3a6-4479-bd6b-282a540ec681,117,29.25,938800.6419515382,23244155.65179276,14383608.626585327,171176125.91563365
79dd10ec-c3a6-4479-bd6b-282a540ec681,118,29.5,951412.4398897239,24868350.92042691,14621461.736557757,177393213.6457404
79dd10ec-c3a6-4479-bd6b-282a540ec681,119,29.75,964076.5550114653,26704124.07239662,14862480.875310624,184069244.66383955
79dd10ec-c3a6-4479-bd6b-282a540ec681,120,30.0,976769.8096349193,28792797.732331805,15106673.327719353,191267444.0969225
79dd10ec-c3a6-4479-bd6b-282a540ec681,121,30.25,989464.9645671865,31186686.12543384,15354039.56886115,199064115.62828094
79dd10ec-c3a6-4479-bd6b-282a540ec681,122,30.5,1002129.9921029203,33952880.80269499,15604572.06688688,207552335.8289547
79dd10ec-c3a6-4479-bd6b-282a540ec681,123,30.75,1014727.1821984146,37178673.0247049,15858253.862436483,216847004.08513093
79dd10ec-c3a6-4479-bd6b-282a540ec681,124,31.0,1027212.0304291653,40979483.05531067,16115056.870043773,227091874.8489586
79dd10ec-c3a6-4479-bd6b-282a540ec681,125,31.25,1039531.8356143953,45510728.063141845,16374939.828947373,238469556.86474407
79dd10ec-c3a6-4479-bd6b-282a540ec681,126,31.5,1051623.9037310334,50986057.39478921,16637845.804880131,251216071.21344137
79dd10ec-c3a6-4479-bd6b-282a540ec681,127,31.75,1063413.2063717109,57706221.03235684,16903699.10647306,265642626.4715306
79dd10ec-c3a6-4479-bd6b-282a540ec681,128,32.0,1074809.2649853975,66106366.52576161,17172401.422719408,282169218.102971
79dd10ec-c3a6-4479-bd6b-282a540ec681,129,32.25,1085701.9054685908,76836675.22222815,17443826.899086557,301378386.90852803
79dd10ec-c3a6-4479-bd6b-282a540ec681,130,32.5,1095955.311467403,90906419.06736983,17717815.72695341,324104991.6753705
79dd10ec-c3a6-4479-bd6b-282a540ec681,131,32.75,1105399.4195895619,109956064.86530755,17994165.5818508,351594007.8916974
79dd10ec-c3a6-4479-bd6b-282a540ec681,132,33.0,1113816.9783543725,136807167.27909228,18272619.826439396,385795799.7114705
79dd10ec-c3a6-4479-bd6b-282a540ec681,133,33.25,1120923.1589502392,176670655.01182467,18552850.616176955,429963463.46442664
79dd10ec-c3a6-4479-bd6b-282a540ec681,134,33.5,1121434.2940940228,240101207.91792133,18833209.189700462,489988765.44390696
79dd10ec-c3a6-4479-bd6b-282a540ec681,135,33.75,1098379.693062312,351314905.1292256,19107804.11296604,577817491.7262133
79dd10ec-c3a6-4479-bd6b-282a540ec681,136,34.0,1026501.0014074807,576658386.3299342,19364429.363317907,721982088.3086969
79dd10ec-c3a6-4479-bd6b-282a540ec681,137,34.25,846153.478097792,1155362555.8769367,19575967.732842356,1010822727.277931
79dd10ec-c3a6-4479-bd6b-282a540ec681,138,34.5,425212.50682404585,3490535027.166055,19682270.859548368,1883456484.0694447
79dd10ec-c3a6-4479-bd6b-282a540ec681,139,34.75,-340334.5906641565,33169552414.36151,19665941.674642764,10175844587.659822
de95200d-f372-46c1-bfdc-3e1ed5b9dfb4,0,0.0,233386.70941880238,1775656.4192847041,58346.677354700594,443914.10482117604
de95200d-f372-46c1-bfdc-3e1ed5b9dfb4,1,0.25,235904.12789695183,1797214.8279171512,117322.70932893855,893217.8118004638
de95200d-f372-46c1-bfdc-3e1ed5b9dfb4,2,0.5,238447.10711638333,1819066.6474761951,176934.48610803438,1347984.4736695127
de95200d-f372-46c1-bfdc-3e1ed5b9dfb4,3,0.75,241015.93949339326,1841217.638522024,237188.4709813827,1808288.8833000187
de95200d-f372-46c1-bfdc-3e1ed5b9dfb4,4,1.0,243610.9221556632,1863673.7300456935,298091.2015202985,2274207.315811442
de95200d-f372-46c1-bfdc-3e1ed5b9dfb4,5,1.25,246232.35703781652,1886441.025682709,359649.2907797526,2745817.5722321193
de95200d-f372-46c1-bfdc-3e1ed5b9dfb4,6,1.5,248880.55097879644,1909525.8101939128,421869.4285244517,3223199.0247805975
de95200d-f372-46c1-bfdc-3e1ed5b9dfb4,7,1.75,251555.81582076385,1932934.5562278996,484758.38247964263,3706432.6638375726
de95200d-f372-46c1-bfdc-3e1ed5b9dfb4,8,2.0,254258.4685097679,1956673.9313780505,548322.9996070846,4195601.1466820855
de95200d-f372-46c1-bfdc-3e1ed5b9dfb4,9,2.25,256988.83119802308,1980750.8055497208,612570.2074065903,4690788.848069516
de95200d-f372-46c1-bfdc-3e1ed5b9dfb4,10,2.5,259747.23134785585,2005172.2586531457,677507.0152435543,5192081.912732802
de95200d-f372-46c1-bfdc-3e1ed5b9dfb4,11,2.75,262534.00183727563,2029945.588638755,743140.5157028731,5699568.309892491
de95200d-f372-46c1-bfdc-3e1ed5b9dfb4,12,3.0,265349.48106711893,2055078.3198926067,809477.8859696528,6213337.889865643
de95200d-f372-46c1-bfdc-3e1ed5b9dfb4,13,3.25,268194.0130698485,2080578.2120104847,876526.3892371149,6733482.442868264
de95200d-f372-46c1-bfdc-3e1ed5b9dfb4,14,3.5,271067.94761988556,2106453.268970734,944293.3761420863,7260095.760110948
de95200d-f372-46c1-bfdc-3e1ed5b9dfb4,15,3.75,273971.6403454508,2132711.74872669,1012786.2862284491,7793273.69729262
de95200d-f372-46c1-bfdc-3e1ed5b9dfb4,16,4.0,276905.4528419349,2159362.17324063,1082012.6494389328,8333114.240602778
de95200d-f372-46c1-bfdc-3e1ed5b9dfb4,17,4.25,279869.7527866329,2186413.338983944,1151980.087635591,8879717.575348765
de95200d-f372-46c1-bfdc-3e1ed5b9dfb4,18,4.5,282864.91405500897,2213874.327927085,1222696.3161493433,9433186.157330535
de95200d-f372-46c1-bfdc-3e1ed5b9dfb4,19,4.75,285891.3168319034,2241754.519051809,1294169.1453573192,9993624.787093487
de95200d-f372-46c1-bfdc-3e1ed5b9dfb4,20,5.0,288949.3477322481,2270063.600402778,1366406.482290381,10561140.687194182
de95200d-f372-46c1-bfdc-3e1ed5b9dfb4,21,5.25,292039.39992452716,2298811.5817136155,1439416.3322715128,11135843.582622586
de95200d-f372-46c1-bfdc-3e1ed5b9dfb4,22,5.5,295161.87325177994,2328008.8076431784,1513206.8005844578,11717845.78453338
de95200d-f372-46c1-bfdc-3e1ed5b9dfb4,23,5.75,298317.17435367586,2357665.9716531425,1587786.0941728768,12307262.277446665
de95200d-f372-46c1-bfdc-3e1ed5b9dfb4,24,6.0,301505.71678948734,2387794.130563235,1663162.5233702487,12904210.810087474
de95200d-f372-46c1-bfdc-3e1ed5b9dfb4,25,6.25,304727.92116192443,2418404.719822497,1739344.5036607299,13508811.990043098
de95200d-f372-46c1-bfdc-3e1ed5b9dfb4,26,6.5,307984.2152415711,2449509.5695374086,1816340.5574711226,14121189.38242745
de95200d-f372-46c1-bfdc-3e1ed5b9dfb4,27,6.75,311275.03409194626,2481120.921301607,1894159.3159941093,14741469.612752851
de95200d-f372-46c1-bfdc-3e1ed5b9dfb4,28,7.0,314600.8201948812,2513251.4458721797,1972809.5210428296,15369782.474220896
de95200d-f372-46c1-bfdc-3e1ed5b9dfb4,29,7.25,317962.02357622545,2545914.261742894,2052300.026936886,16006261.03965662
de95200d-f372-46c1-bfdc-3e1ed5b9dfb4,30,7.5,321359.1019314932,2579122.954668356,2132639.8024197593,16651041.77832371
de95200d-f372-46c1-bfdc-3e1ed5b9dfb4,31,7.75,324792.52075144683,2612891.5981937493,2213837.932607621,17304264.677872147
de95200d-f372-46c1-bfdc-3e1ed5b9dfb4,32,8.0,328262.7534472863,2647234.775252344,2295903.6209694427,17966073.371685233
de95200d-f372-46c1-bfdc-3e1ed5b9dfb4,33,8.25,331770.28147523274,2682167.6008941126,2378846.191338251,18636615.27190876
de95200d-f372-46c1-bfdc-3e1ed5b9dfb4,34,8.5,335315.59446025605,2717705.746215717,2462675.089953315,19316041.70846269
de95200d-f372-46c1-bfdc-3e1ed5b9dfb4,35,8.75,338899.1903186822,2753865.4635644984,2547399.8875329853,20004508.074353814
de95200d-f372-46c1-bfdc-3e1ed5b9dfb4,36,9.0,342521.5753793331,2790663.613096616,2633030.2813778184,20702173.977627967
de95200d-f372-46c1-bfdc-3e1ed5b9dfb4,37,9.25,346183.264502917,2828117.6907739416,2719576.0975035476,21409203.400321454
de95200d-f372-46c1-bfdc-3e1ed5b9dfb4,38,9.5,349884.78119927825,2866245.8578896294,2807047.292803367,22125764.86479386
de95200d-f372-46c1-bfdc-3e1ed5b9dfb4,39,9.75,353626.6577421599,2905066.9722208157,2895453.957238907,22852031.60784906
de95200d-f372-46c1-bfdc-3e1ed5b9dfb4,40,10.0,357409.4352809681,2944600.620912897,2984806.316059149,23588181.763077285
de95200d-f372-46c1-bfdc-3e1ed5b9dfb4,41,10.25,361233.66394914326,2984867.155206491,3075114.7320464347,24334398.551878907
de95200d-f372-46c1-bfdc-3e1ed5b9dfb4,42,10.5,365099.902968718,3025887.72712854,3166389.707788614,25090870.48366104
de95200d-f372-46c1-bfdc-3e1ed5b9dfb4,43,10.75,369008.72075032076,3067684.328277433,3258641.8879761943,25857791.5657304
de95200d-f372-46c1-bfdc-3e1ed5b9dfb4,44,11.0,372960.69498826534,3110279.8308397816,3351882.0617232607,26635361.523440346
de95200d-f372-46c1-bfdc-3e1ed5b9dfb4,45,11.25,376956.41274999443,3153698.030990405,3446121.1649107593,27423786.031187948
de95200d-f372-46c1-bfdc-3e1ed5b9dfb4,46,11.5,380996.47055911727,3197963.694836371,3541370.2825505384,28223276.954897042
de95200d-f372-46c1-bfdc-3e1ed5b9dfb4,47,11.75,385081.474471544,3243102.607079187,3637640.6511684246,29034052.60666684
de95200d-f372-46c1-bfdc-3e1ed5b9dfb4,48,12.0,389212.04014362616,3289141.6225816943,3734943.661204331,29856338.012312263
de95200d-f372-46c1-bfdc-3e1ed5b9dfb4,49,12.25,393388.79289173416,3336108.7210440314,3833290.8594272644,30690365.19257327
de95200d-f372-46c1-bfdc-3e1ed5b9dfb4,50,12.5,397612.36774213164,3384033.065005233,3932693.9513627975,31536373.45882458
de95200d-f372-46c1-bfdc-3e1ed5b9dfb4,51,12.75,401883.4094703296,3432945.0614084825,4033164.80373038,32394609.724176697
de95200d-f372-46c1-bfdc-3e1ed5b9dfb4,52,13.0,406202.5726286402,3482876.4269831907,4134715.4468875397,33265328.830922496
de95200d-f372-46c1-bfdc-3e1ed5b9dfb4,53,13.25,410570.5215610214,3533860.2577220397,4237358.077277795,34148793.895353004
de95200d-f372-46c1-bfdc-3e1ed5b9dfb4,54,13.5,414987.9304036823,3585931.1027521444,4341105.059878716,35045276.67104104
de95200d-f372-46c1-bfdc-3e1ed5b9dfb4,55,13.75,419455.48307042406,3639125.042922642,4445968.930646323,35955057.9317717
de95200d-f372-46c1-bfdc-3e1ed5b9dfb4,56,14.0,423973.8732209403,3693479.7744628196,4551962.398951557,36878427.87538741
de95200d-f372-46c1-bfdc-3e1ed5b9dfb4,57,14.25,428543.8042107605,3749034.698091338,4659098.350004247,37815686.54991024
de95200d-f372-46c1-bfdc-3e1ed5b9dfb4,58,14.5,433165.9890210056,3806259.651547731,4767389.847259499,38767251.46279717
de95200d-f372-46c1-bfdc-3e1ed5b9dfb4,59,14.75,437841.15016613534,3873455.2609213484,4876850.134801033,39735615.27802751
de95200d-f372-46c1-bfdc-3e1ed5b9dfb4,60,15.0,442570.01791350805,3942563.4069090537,4987492.63927941,40721256.129754774
de95200d-f372-46c1-bfdc-3e1ed5b9dfb4,61,15.25,447353.2972690873,4013666.2912672623,5099330.963596682,41724672.70257159
de95200d-f372-46c1-bfdc-3e1ed5b9dfb4,62,15.5,452191.6975977315,4086850.8918110942,5212378.887996115,42746385.42552437
de95200d-f372-46c1-bfdc-3e1ed5b9dfb4,63,15.75,457085.93197139184,4162209.310180616,5326650.370988963,43786937.75306952
de95200d-f372-46c1-bfdc-3e1ed5b9dfb4,64,16.0,462036.71644355176,4239839.150060955,5442159.550099852,44846897.54058476
de95200d-f372-46c1-bfdc-3e1ed5b9dfb4,65,16.25,467044.7692433277,4319843.928979514,5558920.742410683,45926858.52282964
de95200d-f372-46c1-bfdc-3e1ed5b9dfb4,66,16.5,472110.8098819545,4402333.5271784775,5676948.444881172,47027441.90462425
de95200d-f372-46c1-bfdc-3e1ed5b9dfb4,67,16.75,484432.63968079217,4487424.67747554,5798056.60480137,48149298.07399314
de95200d-f372-46c1-bfdc-3e1ed5b9dfb4,68,17.0,490393.2109554988,4575241.500504543,5920654.907540245,49293108.44911928
de95200d-f372-46c1-bfdc-3e1ed5b9dfb4,69,17.25,496449.9975801166,4665916.082606952,6044767.406935275,50459587.46977101
de95200d-f372-46c1-bfdc-3e1ed5b9dfb4,70,17.5,502604.90655605635,4759589.118463327,6170418.633574288,51649484.74938685
de95200d-f372-46c1-bfdc-3e1ed5b9dfb4,71,17.75,508859.8804629319,4856410.617791443,6297633.603690022,52863587.40383471
de95200d-f372-46c1-bfdc-3e1ed5b9dfb4,72,18.0,515216.897151711,4956540.677500218,6426437.82797795,54102722.57320976
de95200d-f372-46c1-bfdc-3e1ed5b9dfb4,73,18.25,521677.96929427196,5060150.330916909,6556857.320301518,55367760.15593899
de95200d-f372-46c1-bfdc-3e1ed5b9dfb4,74,18.5,528245.1437711413,5167422.483121837,6688918.606244303,56659615.77671945
de95200d-f372-46c1-bfdc-3e1ed5b9dfb4,75,18.75,534920.500876478,5278552.942646847,6822648.731463423,57979254.012381166
de95200d-f372-46c1-bfdc-3e1ed5b9dfb4,76,19.0,541706.1533177433,5393751.56120024,6958075.2697928585,59327691.902681224
de95200d-f372-46c1-bfdc-3e1ed5b9dfb4,77,19.25,548604.2449840729,5513243.494707329,7095226.331038876,60706002.77635805
de95200d-f372-46c1-bfdc-3e1ed5b9dfb4,78,19.5,555616.9494543893,5637270.60151729,7234130.568402474,62115320.426737376
de95200d-f372-46c1-bfdc-3e1ed5b9dfb4,79,19.75,562746.4682145026,5766092.993559127,7374817.185456099,63556843.675127156
de95200d-f372-46c1-bfdc-3e1ed5b9dfb4,80,20.0,569995.0285468751,5899990.761308658,7517315.942592817,65031841.36545432
de95200d-f372-46c1-bfdc-3e1ed5b9dfb4,81,20.25,577364.8810528454,6039265.8956857845,7661657.162856028,66541657.83937577
de95200d-f372-46c1-bfdc-3e1ed5b9dfb4,82,20.5,584858.2967632376,6184244.433014747,7807871.737046838,68087718.94762945
de95200d-f372-46c1-bfdc-3e1ed5b9dfb4,83,20.75,592477.5637874152,6335278.853517531,7955991.127993692,69671538.66100883
de95200d-f372-46c1-bfdc-3e1ed5b9dfb4,84,21.0,600224.983444851,6492750.768616487,8106047.373854904,71294726.35316296
de95200d-f372-46c1-bfdc-3e1ed5b9dfb4,85,21.25,608102.8658172357,6657073.937990828,8258073.090309213,72958994.83766067
de95200d-f372-46c1-bfdc-3e1ed5b9dfb4,86,21.5,616113.5246505155,6828697.664051052,8412101.471471842,74666169.25367343
de95200d-f372-46c1-bfdc-3e1ed5b9dfb4,87,21.75,624259.2715288759,7008110.619453951,8568166.289354062,76418196.90853693
de95200d-f372-46c1-bfdc-3e1ed5b9dfb4,88,22.0,632542.4092320586,7195845.172772138,8726301.891662076,78217158.20172995
de95200d-f372-46c1-bfdc-3e1ed5b9dfb4,89,22.25,640965.2241770669,7392482.288751713,8886543.197706344,80065278.77391788
de95200d-f372-46c1-bfdc-3e1ed5b9dfb4,90,22.5,649529.9778325821,7598657.093183359,9048925.69216449,81964943.04721372
de95200d-f372-46c1-bfdc-3e1ed5b9dfb4,91,22.75,658238.8969802866,7815065.208726335,9213485.416409561,83918709.3493953
de95200d-f372-46c1-bfdc-3e1ed5b9dfb4,92,23.0,667094.1626813703,8042469.987761656,9380258.957079904,85929326.84633572
de95200d-f372-46c1-bfdc-3e1ed5b9dfb4,93,23.25,676097.8977877218,8281710.792220932,9549283.431526834,87999754.54439096
de95200d-f372-46c1-bfdc-3e1ed5b9dfb4,94,23.5,685252.1528165552,8533712.49942367,9720596.469730973,90133182.66924688
de95200d-f372-46c1-bfdc-3e1ed5b9dfb4,95,23.75,694558.8899828349,8799496.448453799,9894236.192226682,92333056.78136033
de95200d-f372-46c1-bfdc-3e1ed5b9dfb4,96,24.0,704019.9651560248,9080193.085182495,10070241.183515688,94603105.05265595
de95200d-f372-46c1-bfdc-3e1ed5b9dfb4,97,24.25,713637.1074757628,9377056.6177427,10248650.46038463,96947369.20709163
de95200d-f372-46c1-bfdc-3e1ed5b9dfb4,98,24.5,723411.896323785,9691482.060756393,10429503.434465576,99370239.72228073
de95200d-f372-46c1-bfdc-3e1ed5b9dfb4,99,24.75,733345.7353062545,10025025.129353212,10612839.86829214,101876496.00461903
de95200d-f372-46c1-bfdc-3e1ed5b9dfb4,100,25.0,743439.8228509024,10379425.547533723,10798699.824004866,104471352.39150247
de95200d-f372-46c1-bfdc-3e1ed5b9dfb4,101,25.25,753695.1189643143,10756634.465567932,10987123.603745945,107160511.00789446
de95200d-f372-46c1-bfdc-3e1ed5b9dfb4,102,25.5,764112.3076260887,11158846.84574419,11178151.680652468,109950222.7193305
de95200d-f372-46c1-bfdc-3e1ed5b9dfb4,103,25.75,774691.7542162887,11588539.88518654,11371824.61920654,112847357.69062714
de95200d-f372-46c1-bfdc-3e1ed5b9dfb4,104,26.0,785433.4572758569,12048518.812579816,11568182.983525505,115859487.3937721
de95200d-f372-46c1-bfdc-3e1ed5b9dfb4,105,26.25,796336.9937868086,12541971.74111052,11767267.231972208,118994980.32904972
de95200d-f372-46c1-bfdc-3e1ed5b9dfb4,106,26.5,807401.457023162,13072535.708261115,11969117.596227998,122263114.256115
de95200d-f372-46c1-bfdc-3e1ed5b9dfb4,107,26.75,818625.3858597552,13644376.61910611,12173773.942692937,125674208.41089153
de95200d-f372-46c1-bfdc-3e1ed5b9dfb4,108,27.0,830006.6842304531,14262286.58173276,12381275.61375055,129239780.05632472
de95200d-f372-46c1-bfdc-3e1ed5b9dfb4,109,27.25,841542.5291866725,14931803.14873066,12591661.24604722,132972730.84350738
de95200d-f372-46c1-bfdc-3e1ed5b9dfb4,110,27.5,853229.2657155776,15659356.352383835,12804968.562476113,136887569.93160334
de95200d-f372-46c1-bfdc-3e1ed5b9dfb4,111,27.75,865062.2861161394,16452451.278776625,13021234.134005148,141000682.7512975
de95200d-f372-46c1-bfdc-3e1ed5b9dfb4,112,28.0,877035.8912837851,17319896.46275413,13240493.106826095,145330656.86698604
de95200d-f372-46c1-bfdc-3e1ed5b9dfb4,113,28.25,889143.1306945184,18272091.88654845,13462778.889499724,149898679.83862314
de95200d-f372-46c1-bfdc-3e1ed5b9dfb4,114,28.5,901375.617171944,19321395.25091479,13688122.79379271,154729028.65135184
de95200d-f372-46c1-bfdc-3e1ed5b9dfb4,115,28.75,913723.3116201117,20482592.089686576,13916553.621697737,159849676.6737735
de95200d-f372-46c1-bfdc-3e1ed5b9dfb4,116,29.0,926174.2717444036,21773505.175695255,14148097.189633837,165293052.96769732
de95200d-f372-46c1-bfdc-3e1ed5b9dfb4,117,29.25,938714.3572751262,23215792.99912866,14382775.778952619,171097001.2174795
de95200d-f372-46c1-bfdc-3e1ed5b9dfb4,118,29.5,951326.8822211095,24836008.215515003,14620607.499507897,177306003.27135825
de95200d-f372-46c1-bfdc-3e1ed5b9dfb4,119,29.75,963992.2020351245,26667018.582904335,14861605.550016677,183972757.91708434
de95200d-f372-46c1-bfdc-3e1ed5b9dfb4,120,30.0,976687.2199969506,28749941.11527784,15105777.355015915,191160243.1959038
de95200d-f372-46c1-bfdc-3e1ed5b9dfb4,121,30.25,989384.7922221264,31136815.11387434,15353123.553071447,198944446.9743724
de95200d-f372-46c1-bfdc-3e1ed5b9dfb4,122,30.5,1002053.0038829705,33894358.73098225,15603636.804042188,207418036.65711796
de95200d-f372-46c1-bfdc-3e1ed5b9dfb4,123,30.75,1014654.2795684315,37109347.17170144,15857300.373934297,216695373.45004332
de95200d-f372-46c1-bfdc-3e1ed5b9dfb4,124,31.0,1027144.2767681736,40896473.43706296,16114086.44312634,226919491.80930907
de95200d-f372-46c1-bfdc-3e1ed5b9dfb4,125,31.25,1039470.4909240128,45410106.991756104,16373954.065857343,238272018.5572481
de95200d-f372-46c1-bfdc-3e1ed5b9dfb4,126,31.5,1051570.4695286476,50862349.655339256,16636846.683239505,250987605.9710829
de95200d-f372-46c1-bfdc-3e1ed5b9dfb4,127,31.75,1063369.4848688026,57551599.21265323,16902689.054456707,265375505.77424622
de95200d-f372-46c1-bfdc-3e1ed5b9dfb4,128,32.0,1074777.4388238739,65909307.48633766,17171383.414162677,281852832.64583063
de95200d-f372-46c1-bfdc-3e1ed5b9dfb4,129,32.25,1085684.6479201564,76579619.54802252,17442804.576142717,300997737.53283626
de95200d-f372-46c1-bfdc-3e1ed5b9dfb4,130,32.5,1095955.9433226704,90561484.12264211,17716793.561973386,323638108.56349677
de95200d-f372-46c1-bfdc-3e1ed5b9dfb4,131,32.75,1105422.140472351,109476707.105014,17993149.097091474,351007285.3397503
de95200d-f372-46c1-bfdc-3e1ed5b9dfb4,132,33.0,1113867.22230987,136110734.2343682,18271615.90266894,385034968.8983424
de95200d-f372-46c1-bfdc-3e1ed5b9dfb4,133,33.25,1121008.1694331537,175598378.7826997,18551867.94502723,428934563.59401727
de95200d-f372-46c1-bfdc-3e1ed5b9dfb4,134,33.5,1121894.651407024,238314975.47615385,18832341.607878983,488513307.46305573
de95200d-f372-46c1-bfdc-3e1ed5b9dfb4,135,33.75,1099585.2588360563,347985893.1395313,19107237.922588,575509780.7479385
de95200d-f372-46c1-bfdc-3e1ed5b9dfb4,136,34.0,1029287.0455533372,569294746.659831,19364559.683976334,717833467.4128963
de95200d-f372-46c1-bfdc-3e1ed5b9dfb4,137,34.25,852538.2662911675,1133623865.8842912,19577694.250549126,1001239433.8839691
de95200d-f372-46c1-bfdc-3e1ed5b9dfb4,138,34.5,438764.4310274834,3377333371.04609,19687385.358306,1845572776.6454916
de95200d-f372-46c1-bfdc-3e1ed5b9dfb4,139,34.75,-125915.08096477087,30644553522.45054,19681343.978158697,9506711157.258125
4981aac5-8796-4e08-b095-bf8196e665ea,0,0.0,233386.70941880238,1775656.4192847041,58346.677354700594,443914.10482117604
4981aac5-8796-4e08-b095-bf8196e665ea,1,0.25,235904.12789695183,1797214.8279171512,117322.70932893855,893217.8118004638
4981aac5-8796-4e08-b095-bf8196e665ea,2,0.5,238447.10711638333,1819066.6474761951,176934.48610803438,1347984.4736695127
4981aac5-8796-4e08-b095-bf8196e665ea,3,0.75,241015.93949339326,1841217.638522024,237188.4709813827,1808288.8833000187
4981aac5-8796-4e08-b095-bf8196e665ea,4,1.0,243610.9221556632,1863673.7300456935,298091.2015202985,2274207.315811442
4981aac5-8796-4e08-b095-bf8196e665ea,5,1.25,246232.35703781652,1886441.025682709,359649.2907797526,2745817.5722321193
4981aac5-8796-4e08-b095-bf8196e665ea,6,1.5,248880.55097879644,1909525.8101939128,421869.4285244517,3223199.0247805975
4981aac5-8796-4e08-b095-bf8196e665ea,7,1.75,251555.81582076385,1932934.5562278996,484758.38247964263,3706432.6638375726
4981aac5-8796-4e08-b095-bf8196e665ea,8,2.0,254258.4685097679,1956673.9313780505,548322.9996070846,4195601.1466820855
4981aac5-8796-4e08-b095-bf8196e665ea,9,2.25,256988.83119802308,1980750.8055497208,612570.2074065903,4690788.848069516
4981aac5-8796-4e08-b095-bf8196e665ea,10,2.5,259747.23134785585,2005172.2586531457,677507.0152435543,5192081.912732802
4981aac5-8796-4e08-b095-bf8196e665ea,11,2.75,262534.00183727563,2029945.588638755,743140.5157028731,5699568.309892491
4981aac5-8796-4e08-b095-bf8196e665ea,12,3.0,265349.48106711893,2055078.3198926067,809477.8859696528,6213337.889865643
4981aac5-8796-4e08-b095-bf8196e665ea,13,3.25,268194.0130698485,2080578.2120104847,876526.3892371149,6733482.442868264
4981aac5-8796-4e08-b095-bf8196e665ea,14,3.5,271067.94761988556,2106453.268970734,944293.3761420863,7260095.760110948
4981aac5-8796-4e08-b095-bf8196e665ea,15,3.75,273971.6403454508,2132711.74872669,1012786.2862284491,7793273.69729262
4981aac5-8796-4e08-b095-bf8196e665ea,16,4.0,276905.4528419349,2159362.17324063,1082012.6494389328,8333114.240602778
4981aac5-8796-4e08-b095-bf8196e665ea,17,4.25,279869.7527866329,2186413.338983944,1151980.087635591,8879717.575348765
4981aac5-8796-4e08-b095-bf8196e665ea,18,4.5,282864.91405500897,2213874.327927085,1222696.3161493433,9433186.157330535
4981aac5-8796-4e08-b095-bf8196e665ea,19,4.75,285891.3168319034,2241754.519051809,1294169.1453573192,9993624.787093487
4981aac5-8796-4e08-b095-bf8196e665ea,20,5.0,288949.3477322481,2270063.600402778,1366406.482290381,10561140.687194182
4981aac5-8796-4e08-b095-bf8196e665ea,21,5.25,292039.39992452716,2298811.5817136155,1439416.3322715128,11135843.582622586
4981aac5-8796-4e08-b095-bf8196e665ea,22,5.5,295161.87325177994,2328008.8076431784,1513206.8005844578,11717845.78453338
4981aac5-8796-4e08-b095-bf8196e665ea,23,5.75,298317.17435367586,2357665.9716531425,1587786.0941728768,12307262.277446665
4981aac5-8796-4e08-b095-bf8196e665ea,24,6.0,301505.71678948734,2387794.130563235,1663162.5233702487,12904210.810087474
4981aac5-8796-4e08-b095-bf8196e665ea,25,6.25,304727.92116192443,2418404.719822497,1739344.5036607299,13508811.990043098
4981aac5-8796-4e08-b095-bf8196e665ea,26,6.5,307984.2152415711,2449509.5695374086,1816340.5574711226,14121189.38242745
4981aac5-8796-4e08-b095-bf8196e665ea,27,6.75,311275.03409194626,2481120.921301607,1894159.3159941093,14741469.612752851
4981aac5-8796-4e08-b095-bf8196e665ea,28,7.0,314600.8201948812,2513251.4458721797,1972809.5210428296,15369782.474220896
4981aac5-8796-4e08-b095-bf8196e665ea,29,7.25,317962.02357622545,2545914.261742894,2052300.026936886,16006261.03965662
4981aac5-8796-4e08-b095-bf8196e665ea,30,7.5,321359.1019314932,2579122.954668356,2132639.8024197593,16651041.77832371
4981aac5-8796-4e08-b095-bf8196e665ea,31,7.75,324792.52075144683,2612891.5981937493,2213837.932607621,17304264.677872147
4981aac5-8796-4e08-b095-bf8196e665ea,32,8.0,328262.7534472863,2647234.775252344,2295903.6209694427,17966073.371685233
4981aac5-8796-4e08-b095-bf8196e665ea,33,8.25,331770.28147523274,2682167.6008941126,2378846.191338251,18636615.27190876
4981aac5-8796-4e08-b095-bf8196e665ea,34,8.5,335315.59446025605,2717705.746215717,2462675.089953315,19316041.70846269
4981aac5-8796-4e08-b095-bf8196e665ea,35,8.75,338899.1903186822,2753865.4635644984,2547399.8875329853,20004508.074353814
4981aac5-8796-4e08-b095-bf8196e665ea,36,9.0,342521.5753793331,2790663.613096616,2633030.2813778184,20702173.977627967
4981aac5-8796-4e08-b095-bf8196e665ea,37,9.25,346183.264502917,2828117.6907739416,2719576.0975035476,21409203.400321454
4981aac5-8796-4e08-b095-bf8196e665ea,38,9.5,349884.78119927825,2866245.8578896294,2807047.292803367,22125764.86479386
4981aac5-8796-4e08-b095-bf8196e665ea,39,9.75,353626.6577421599,2905066.9722208157,2895453.957238907,22852031.60784906
4981aac5-8796-4e08-b095-bf8196e665ea,40,10.0,357409.4352809681,2944600.620912897,2984806.316059149,23588181.763077285
4981aac5-8796-4e08-b095-bf8196e665ea,41,10.25,361233.66394914326,2984867.155206491,3075114.7320464347,24334398.551878907
4981aac5-8796-4e08-b095-bf8196e665ea,42,10.5,365099.902968718,3025887.72712854,3166389.707788614,25090870.48366104
4981aac5-8796-4e08-b095-bf8196e665ea,43,10.75,369008.72075032076,3067684.328277433,3258641.8879761943,25857791.5657304
4981aac5-8796-4e08-b095-bf8196e665ea,44,11.0,372960.69498826534,3110279.8308397816,3351882.0617232607,26635361.523440346
4981aac5-8796-4e08-b095-bf8196e665ea,45,11.25,376956.41274999443,3153698.030990405,3446121.1649107593,27423786.031187948
4981aac5-8796-4e08-b095-bf8196e665ea,46,11.5,380996.47055911727,3197963.694836371,3541370.2825505384,28223276.954897042
4981aac5-8796-4e08-b095-bf8196e665ea,47,11.75,385081.474471544,3243102.607079187,3637640.6511684246,29034052.60666684
4981aac5-8796-4e08-b095-bf8196e665ea,48,12.0,389212.04014362616,3289141.6225816943,3734943.661204331,29856338.012312263
4981aac5-8796-4e08-b095-bf8196e665ea,49,12.25,393388.79289173416,3336108.7210440314,3833290.8594272644,30690365.19257327
4981aac5-8796-4e08-b095-bf8196e665ea,50,12.5,397612.36774213164,3384033.065005233,3932693.9513627975,31536373.45882458
4981aac5-8796-4e08-b095-bf8196e665ea,51,12.75,401883.4094703296,3432945.0614084825,4033164.80373038,32394609.724176697
4981aac5-8796-4e08-b095-bf8196e665ea,52,13.0,406202.5726286402,3482876.4269831907,4134715.4468875397,33265328.830922496
4981aac5-8796-4e08-b095-bf8196e665ea,53,13.25,410570.5215610214,3533860.2577220397,4237358.077277795,34148793.895353004
4981aac5-8796-4e08-b095-bf8196e665ea,54,13.5,414987.9304036823,3585931.1027521444,4341105.059878716,35045276.67104104
4981aac5-8796-4e08-b095-bf8196e665ea,55,13.75,419455.48307042406,3639125.042922642,4445968.930646323,35955057.9317717
4981aac5-8796-4e08-b095-bf8196e665ea,56,14.0,423973.8732209403,3693479.7744628196,4551962.398951557,36878427.87538741
4981aac5-8796-4e08-b095-bf8196e665ea,57,14.25,428543.8042107605,3749034.698091338,4659098.350004247,37815686.54991024
4981aac5-8796-4e08-b095-bf8196e665ea,58,14.5,433165.9890210056,3806259.651547731,4767389.847259499,38767251.46279717
4981aac5-8796-4e08-b095-bf8196e665ea,59,14.75,437841.15016613534,3873455.2609213484,4876850.134801033,39735615.27802751
4981aac5-8796-4e08-b095-bf8196e665ea,60,15.0,442570.01791350805,3942563.4069090537,4987492.63927941,40721256.129754774
4981aac5-8796-4e08-b095-bf8196e665ea,61,15.25,447353.2972690873,4013666.2912672623,5099330.963596682,41724672.70257159
4981aac5-8796-4e08-b095-bf8196e665ea,62,15.5,452191.6975977315,4086850.8918110942,5212378.887996115,42746385.42552437
4981aac5-8796-4e08-b095-bf8196e665ea,63,15.75,457085.93197139184,4162209.310180616,5326650.370988963,43786937.75306952
4981aac5-8796-4e08-b095-bf8196e665ea,64,16.0,462036.71644355176,4239839.150060955,5442159.550099852,44846897.54058476
4981aac5-8796-4e08-b095-bf8196e665ea,65,16.25,467044.7692433277,4319843.928979514,5558920.742410683,45926858.52282964
4981aac5-8796-4e08-b095-bf8196e665ea,66,16.5,472110.8098819545,4402333.5271784775,5676948.444881172,47027441.90462425
4981aac5-8796-4e08-b095-bf8196e665ea,67,16.75,484432.63968079217,4487424.67747554,5798056.60480137,48149298.07399314
4981aac5-8796-4e08-b095-bf8196e665ea,68,17.0,490393.2109554988,4575241.500504543,5920654.907540245,49293108.44911928
4981aac5-8796-4e08-b095-bf8196e665ea,69,17.25,496449.9975801166,4665916.082606952,6044767.406935275,50459587.46977101
4981aac5-8796-4e08-b095-bf8196e665ea,70,17.5,502604.90655605635,4759589.118463327,6170418.633574288,51649484.74938685
4981aac5-8796-4e08-b095-bf8196e665ea,71,17.75,508859.8804629319,4856410.617791443,6297633.603690022,52863587.40383471
4981aac5-8796-4e08-b095-bf8196e665ea,72,18.0,515216.897151711,4956540.677500218,6426437.82797795,54102722.57320976
4981aac5-8796-4e08-b095-bf8196e665ea,73,18.25,521677.96929427196,5060150.330916909,6556857.320301518,55367760.15593899
4981aac5-8796-4e08-b095-bf8196e665ea,74,18.5,528245.1437711413,5167422.483121837,6688918.606244303,56659615.77671945
4981aac5-8796-4e08-b095-bf8196e665ea,75,18.75,534920.500876478,5278552.942646847,6822648.731463423,57979254.012381166
4981aac5-8796-4e08-b095-bf8196e665ea,76,19.0,541706.1533177433,5393751.56120024,6958075.2697928585,59327691.902681224
4981aac5-8796-4e08-b095-bf8196e665ea,77,19.25,548604.2449840729,5513243.494707329,7095226.331038876,60706002.77635805
4981aac5-8796-4e08-b095-bf8196e665ea,78,19.5,555616.9494543893,5637270.60151729,7234130.568402474,62115320.426737376
4981aac5-8796-4e08-b095-bf8196e665ea,79,19.75,562746.4682145026,5766092.993559127,7374817.185456099,63556843.675127156
4981aac5-8796-4e08-b095-bf8196e665ea,80,20.0,569995.0285468751,5899990.761308658,7517315.942592817,65031841.36545432
4981aac5-8796-4e08-b095-bf8196e665ea,81,20.25,577364.8810528454,6039265.8956857845,7661657.162856028,66541657.83937577
4981aac5-8796-4e08-b095-bf8196e665ea,82,20.5,584858.2967632376,6184244.433014747,7807871.737046838,68087718.94762945
4981aac5-8796-4e08-b095-bf8196e665ea,83,20.75,592477.5637874152,6335278.853517531,7955991.127993692,69671538.66100883
4981aac5-8796-4e08-b095-bf8196e665ea,84,21.0,600224.983444851,6492750.768616487,8106047.373854904,71294726.35316296
4981aac5-8796-4e08-b095-bf8196e665ea,85,21.25,608102.8658172357,6657073.937990828,8258073.090309213,72958994.83766067
4981aac5-8796-4e08-b095-bf8196e665ea,86,21.5,616113.5246505155,6828697.664051052,8412101.471471842,74666169.25367343
4981aac5-8796-4e08-b095-bf8196e665ea,87,21.75,624259.2715288759,7008110.619453951,8568166.289354062,76418196.90853693
4981aac5-8796-4e08-b095-bf8196e665ea,88,22.0,632542.4092320586,7195845.172772138,8726301.891662076,78217158.20172995
4981aac5-8796-4e08-b095-bf8196e665ea,89,22.25,640965.2241770669,7392482.288751713,8886543.197706344,80065278.77391788
4981aac5-8796-4e08-b095-bf8196e665ea,90,22.5,649529.9778325821,7598657.093183359,9048925.69216449,81964943.04721372
4981aac5-8796-4e08-b095-bf8196e665ea,91,22.75,658238.8969802866,7815065.208726335,9213485.416409561,83918709.3493953
4981aac5-8796-4e08-b095-bf8196e665ea,92,23.0,667094.1626813703,8042469.987761656,9380258.957079904,85929326.84633572
4981aac5-8796-4e08-b095-bf8196e665ea,93,23.25,676097.8977877218,8281710.792220932,9549283.431526834,87999754.54439096
4981aac5-8796-4e08-b095-bf8196e665ea,94,23.5,685252.1528165552,8533712.49942367,9720596.469730973,90133182.66924688
4981aac5-8796-4e08-b095-bf8196e665ea,95,23.75,694558.8899828349,8799496.448453799,9894236.192226682,92333056.78136033
4981aac5-8796-4e08-b095-bf8196e665ea,96,24.0,704019.9651560248,9080193.085182495,10070241.183515688,94603105.05265595
4981aac5-8796-4e08-b095-bf8196e665ea,97,24.25,713637.1074757628,9377056.6177427,10248650.46038463,96947369.20709163
4981aac5-8796-4e08-b095-bf8196e665ea,98,24.5,723411.896323785,9691482.060756393,10429503.434465576,99370239.72228073
4981aac5-8796-4e08-b095-bf8196e665ea,99,24.75,733345.7353062545,10025025.129353212,10612839.86829214,101876496.00461903
4981aac5-8796-4e08-b095-bf8196e665ea,100,25.0,743439.8228509024,10379425.547533723,10798699.824004866,104471352.39150247
4981aac5-8796-4e08-b095-bf8196e665ea,101,25.25,753695.1189643143,10756634.465567932,10987123.603745945,107160511.00789446
4981aac5-8796-4e08-b095-bf8196e665ea,102,25.5,764112.3076260887,11158846.84574419,11178151.680652468,109950222.7193305
4981aac5-8796-4e08-b095-bf8196e665ea,103,25.75,774691.7542162887,11588539.88518654,11371824.61920654,112847357.69062714
4981aac5-8796-4e08-b095-bf8196e665ea,104,26.0,785433.4572758569,12048518.812579816,11568182.983525505,115859487.3937721
4981aac5-8796-4e08-b095-bf8196e665ea,105,26.25,796336.9937868086,12541971.74111052,11767267.231972208,118994980.32904972
4981aac5-8796-4e08-b095-bf8196e665ea,106,26.5,807401.457023162,13072535.708261115,11969117.596227998,122263114.256115
4981aac5-8796-4e08-b095-bf8196e665ea,107,26.75,818625.3858597552,13644376.61910611,12173773.942692937,125674208.41089153
4981aac5-8796-4e08-b095-bf8196e665ea,108,27.0,830006.6842304531,14262286.58173276,12381275.61375055,129239780.05632472
4981aac5-8796-4e08-b095-bf8196e665ea,109,27.25,841542.5291866725,14931803.14873066,12591661.24604722,132972730.84350738
4981aac5-8796-4e08-b095-bf8196e665ea,110,27.5,853229.2657155776,15659356.352383835,12804968.562476113,136887569.93160334
4981aac5-8796-4e08-b095-bf8196e665ea,111,27.75,865062.2861161394,16452451.278776625,13021234.134005148,141000682.7512975
4981aac5-8796-4e08-b095-bf8196e665ea,112,28.0,877035.8912837851,17319896.46275413,13240493.106826095,145330656.86698604
4981aac5-8796-4e08-b095-bf8196e665ea,113,28.25,889143.1306945184,18272091.88654845,13462778.889499724,149898679.83862314
4981aac5-8796-4e08-b095-bf8196e665ea,114,28.5,901375.617171944,19321395.25091479,13688122.79379271,154729028.65135184
4981aac5-8796-4e08-b095-bf8196e665ea,115,28.75,913723.3116201117,20482592.089686576,13916553.621697737,159849676.6737735
4981aac5-8796-4e08-b095-bf8196e665ea,116,29.0,926174.2717444036,21773505.175695255,14148097.189633837,165293052.96769732
4981aac5-8796-4e08-b095-bf8196e665ea,117,29.25,938714.3572751262,23215792.99912866,14382775.778952619,171097001.2174795
4981aac5-8796-4e08-b095-bf8196e665ea,118,29.5,951326.8822211095,24836008.215515003,14620607.499507897,177306003.27135825
4981aac5-8796-4e08-b095-bf8196e665ea,119,29.75,963992.2020351245,26667018.582904335,14861605.550016677,183972757.91708434
4981aac5-8796-4e08-b095-bf8196e665ea,120,30.0,976687.2199969506,28749941.11527784,15105777.355015915,191160243.1959038
4981aac5-8796-4e08-b095-bf8196e665ea,121,30.25,989384.7922221264,31136815.11387434,15353123.553071447,198944446.9743724
4981aac5-8796-4e08-b095-bf8196e665ea,122,30.5,1002053.0038829705,33894358.73098225,15603636.804042188,207418036.65711796
4981aac5-8796-4e08-b095-bf8196e665ea,123,30.75,1014654.2795684315,37109347.17170144,15857300.373934297,216695373.45004332
4981aac5-8796-4e08-b095-bf8196e665ea,124,31.0,1027144.2767681736,40896473.43706296,16114086.44312634,226919491.80930907
4981aac5-8796-4e08-b095-bf8196e665ea,125,31.25,1039470.4909240128,45410106.991756104,16373954.065857343,238272018.5572481
4981aac5-8796-4e08-b095-bf8196e665ea,126,31.5,1051570.4695286476,50862349.655339256,16636846.683239505,250987605.9710829
4981aac5-8796-4e08-b095-bf8196e665ea,127,31.75,1063369.4848688026,57551599.21265323,16902689.054456707,265375505.77424622
4981aac5-8796-4e08-b095-bf8196e665ea,128,32.0,1074777.4388238739,65909307.48633766,17171383.414162677,281852832.64583063
4981aac5-8796-4e08-b095-bf8196e665ea,129,32.25,1085684.6479201564,76579619.54802252,17442804.576142717,300997737.53283626
4981aac5-8796-4e08-b095-bf8196e665ea,130,32.5,1095955.9433226704,90561484.12264211,17716793.561973386,323638108.56349677
4981aac5-8796-4e08-b095-bf8196e665ea,131,32.75,1105422.140472351,109476707.105014,17993149.097091474,351007285.3397503
4981aac5-8796-4e08-b095-bf8196e665ea,132,33.0,1113867.22230987,136110734.2343682,18271615.90266894,385034968.8983424
4981aac5-8796-4e08-b095-bf8196e665ea,133,33.25,1121008.1694331537,175598378.7826997,18551867.94502723,428934563.59401727
4981aac5-8796-4e08-b095-bf8196e665ea,134,33.5,1121894.651407024,238314975.47615385,18832341.607878983,488513307.46305573
4981aac5-8796-4e08-b095-bf8196e665ea,135,33.75,1099585.2588360563,347985893.1395313,19107237.922588,575509780.7479385
4981aac5-8796-4e08-b095-bf8196e665ea,136,34.0,1029287.0455533372,569294746.659831,19364559.683976334,717833467.4128963
4981aac5-8796-4e08-b095-bf8196e665ea,137,34.25,852538.2662911675,1133623865.8842912,19577694.250549126,1001239433.8839691
4981aac5-8796-4e08-b095-bf8196e665ea,138,34.5,438764.4310274834,3377333371.04609,19687385.358306,1845572776.6454916
4981aac5-8796-4e08-b095-bf8196e665ea,139,34.75,-125915.08096477087,30644553522.45054,19681343.978158697,9506711157.258125
194b06fc-f993-4d09-bd7d-be8a87e8a84d,0,0.0,233386.70941880238,1775656.4192847041,58346.677354700594,443914.10482117604
194b06fc-f993-4d09-bd7d-be8a87e8a84d,1,0.25,235904.12789695183,1797214.8279171512,117322.70932893855,893217.8118004638
194b06fc-f993-4d09-bd7d-be8a87e8a84d,2,0.5,238447.10711638333,1819066.6474761951,176934.48610803438,1347984.4736695127
194b06fc-f993-4d09-bd7d-be8a87e8a84d,3,0.75,241015.93949339326,1841217.638522024,237188.4709813827,1808288.8833000187
194b06fc-f993-4d09-bd7d-be8a87e8a84d,4,1.0,243610.9221556632,1863673.7300456935,298091.2015202985,2274207.315811442
194b06fc-f993-4d09-bd7d-be8a87e8a84d,5,1.25,246232.35703781652,1886441.025682709,359649.2907797526,2745817.5722321193
194b06fc-f993-4d09-bd7d-be8a87e8a84d,6,1.5,248880.55097879644,1909525.8101939128,421869.4285244517,3223199.0247805975
194b06fc-f993-4d09-bd7d-be8a87e8a84d,7,1.75,251555.81582076385,1932934.5562278996,484758.38247964263,3706432.6638375726
194b06fc-f993-4d09-bd7d-be8a87e8a84d,8,2.0,254258.4685097679,1956673.9313780505,548322.9996070846,4195601.1466820855
194b06fc-f993-4d09-bd7d-be8a87e8a84d,9,2.25,256988.83119802308,1980750.8055497208,612570.2074065903,4690788.848069516
194b06fc-f993-4d09-bd7d-be8a87e8a84d,10,2.5,259747.23134785585,2005172.2586531457,677507.0152435543,5192081.912732802
194b06fc-f993-4d09-bd7d-be8a87e8a84d,11,2.75,262534.00183727563,2029945.588638755,743140.5157028731,5699568.309892491
194b06fc-f993-4d09-bd7d-be8a87e8a84d,12,3.0,265349.48106711893,2055078.3198926067,809477.8859696528,6213337.889865643
194b06fc-f993-4d09-bd7d-be8a87e8a84d,13,3.25,268194.0130698485,2080578.2120104847,876526.3892371149,6733482.442868264
194b06fc-f993-4d09-bd7d-be8a87e8a84d,14,3.5,271067.94761988556,2106453.268970734,944293.3761420863,7260095.760110948
194b06fc-f993-4d09-bd7d-be8a87e8a84d,15,3.75,273971.6403454508,2132711.74872669,1012786.2862284491,7793273.69729262
194b06fc-f993-4d09-bd7d-be8a87e8a84d,16,4.0,276905.4528419349,2159362.17324063,1082012.6494389328,8333114.240602778
194b06fc-f993-4d09-bd7d-be8a87e8a84d,17,4.25,279869.7527866329,2186413.338983944,1151980.087635591,8879717.575348765
194b06fc-f993-4d09-bd7d-be8a87e8a84d,18,4.5,282864.91405500897,2213874.327927085,1222696.3161493433,9433186.157330535
194b06fc-f993-4d09-bd7d-be8a87e8a84d,19,4.75,285891.3168319034,2241754.519051809,1294169.1453573192,9993624.787093487
194b06fc-f993-4d09-bd7d-be8a87e8a84d,20,5.0,288949.3477322481,2270063.600402778,1366406.482290381,10561140.687194182
194b06fc-f993-4d09-bd7d-be8a87e8a84d,21,5.25,292039.39992452716,2298811.5817136155,1439416.3322715128,11135843.582622586
194b06fc-f993-4d09-bd7d-be8a87e8a84d,22,5.5,295161.87325177994,2328008.8076431784,1513206.8005844578,11717845.78453338
194b06fc-f993-4d09-bd7d-be8a87e8a84d,23,5.75,298317.17435367586,2357665.9716531425,1587786.0941728768,12307262.277446665
194b06fc-f993-4d09-bd7d-be8a87e8a84d,24,6.0,301505.71678948734,2387794.130563235,1663162.5233702487,12904210.810087474
194b06fc-f993-4d09-bd7d-be8a87e8a84d,25,6.25,304727.92116192443,2418404.719822497,1739344.5036607299,13508811.990043098
194b06fc-f993-4d09-bd7d-be8a87e8a84d,26,6.5,307984.2152415711,2449509.5695374086,1816340.5574711226,14121189.38242745
194b06fc-f993-4d09-bd7d-be8a87e8a84d,27,6.75,311275.03409194626,2481120.921301607,1894159.3159941093,14741469.612752851
194b06fc-f993-4d09-bd7d-be8a87e8a84d,28,7.0,314600.8201948812,2513251.4458721797,1972809.5210428296,15369782.474220896
194b06fc-f993-4d09-bd7d-be8a87e8a84d,29,7.25,317962.02357622545,2545914.261742894,2052300.026936886,16006261.03965662
194b06fc-f993-4d09-bd7d-be8a87e8a84d,30,7.5,321359.1019314932,2579122.954668356,2132639.8024197593,16651041.77832371
194b06fc-f993-4d09-bd7d-be8a87e8a84d,31,7.75,324792.52075144683,2612891.5981937493,2213837.932607621,17304264.677872147
194b06fc-f993-4d09-bd7d-be8a87e8a84d,32,8.0,328262.7534472863,2647234.775252344,2295903.6209694427,17966073.371685233
194b06fc-f993-4d09-bd7d-be8a87e8a84d,33,8.25,331770.28147523274,2682167.6008941126,2378846.191338251,18636615.27190876
194b06fc-f993-4d09-bd7d-be8a87e8a84d,34,8.5,335315.59446025605,2717705.746215717,2462675.089953315,19316041.70846269
194b06fc-f993-4d09-bd7d-be8a87e8a84d,35,8.75,338899.1903186822,2753865.4635644984,2547399.8875329853,20004508.074353814
194b06fc-f993-4d09-bd7d-be8a87e8a84d,36,9.0,342521.5753793331,2790663.613096616,2633030.2813778184,20702173.977627967
194b06fc-f993-4d09-bd7d-be8a87e8a84d,37,9.25,346183.264502917,2828117.6907739416,2719576.0975035476,21409203.400321454
194b06fc-f993-4d09-bd7d-be8a87e8a84d,38,9.5,349884.78119927825,2866245.8578896294,2807047.292803367,22125764.86479386
194b06fc-f993-4d09-bd7d-be8a87e8a84d,39,9.75,353626.6577421599,2905066.9722208157,2895453.957238907,22852031.60784906
194b06fc-f993-4d09-bd7d-be8a87e8a84d,40,10.0,357409.4352809681,2944600.620912897,2984806.316059149,23588181.763077285
194b06fc-f993-4d09-bd7d-be8a87e8a84d,41,10.25,361233.66394914326,2984867.155206491,3075114.7320464347,24334398.551878907
194b06fc-f993-4d09-bd7d-be8a87e8a84d,42,10.5,365099.902968718,3025887.72712854,3166389.707788614,25090870.48366104
194b06fc-f993-4d09-bd7d-be8a87e8a84d,43,10.75,369008.72075032076,3067684.328277433,3258641.8879761943,25857791.5657304
194b06fc-f993-4d09-bd7d-be8a87e8a84d,44,11.0,372960.69498826534,3110279.8308397816,3351882.0617232607,26635361.523440346
194b06fc-f993-4d09-bd7d-be8a87e8a84d,45,11.25,376956.41274999443,3153698.030990405,3446121.1649107593,27423786.031187948
194b06fc-f993-4d09-bd7d-be8a87e8a84d,46,11.5,380996.47055911727,3197963.694836371,3541370.2825505384,28223276.954897042
194b06fc-f993-4d09-bd7d-be8a87e8a84d,47,11.75,385081.474471544,3243102.607079187,3637640.6511684246,29034052.60666684
194b06fc-f993-4d09-bd7d-be8a87e8a84d,48,12.0,389212.04014362616,3289141.6225816943,3734943.661204331,29856338.012312263
194b06fc-f993-4d09-bd7d-be8a87e8a84d,49,12.25,393388.79289173416,3336108.7210440314,3833290.8594272644,30690365.19257327
194b06fc-f993-4d09-bd7d-be8a87e8a84d,50,12.5,397612.36774213164,3384033.065005233,3932693.9513627975,31536373.45882458
194b06fc-f993-4d09-bd7d-be8a87e8a84d,51,12.75,401883.4094703296,3432945.0614084825,4033164.80373038,32394609.724176697
194b06fc-f993-4d09-bd7d-be8a87e8a84d,52,13.0,406202.5726286402,3482876.4269831907,4134715.4468875397,33265328.830922496
194b06fc-f993-4d09-bd7d-be8a87e8a84d,53,13.25,410570.5215610214,3533860.2577220397,4237358.077277795,34148793.895353004
194b06fc-f993-4d09-bd7d-be8a87e8a84d,54,13.5,414987.9304036823,3585931.1027521444,4341105.059878716,35045276.67104104
194b06fc-f993-4d09-bd7d-be8a87e8a84d,55,13.75,419455.48307042406,3639125.042922642,4445968.930646323,35955057.9317717
194b06fc-f993-4d09-bd7d-be8a87e8a84d,56,14.0,423973.8732209403,3693479.7744628196,4551962.398951557,36878427.87538741
194b06fc-f993-4d09-bd7d-be8a87e8a84d,57,14.25,428543.8042107605,3749034.698091338,4659098.350004247,37815686.54991024
194b06fc-f993-4d09-bd7d-be8a87e8a84d,58,14.5,433165.9890210056,3806259.651547731,4767389.847259499,38767251.46279717
194b06fc-f993-4d09-bd7d-be8a87e8a84d,59,14.75,437841.15016613534,3873455.2609213484,4876850.134801033,39735615.27802751
194b06fc-f993-4d09-bd7d-be8a87e8a84d,60,15.0,442570.01791350805,3942563.4069090537,4987492.63927941,40721256.129754774
194b06fc-f993-4d09-bd7d-be8a87e8a84d,61,15.25,447353.2972690873,4013666.2912672623,5099330.963596682,41724672.70257159
194b06fc-f993-4d09-bd7d-be8a87e8a84d,62,15.5,452191.6975977315,4086850.8918110942,5212378.887996115,42746385.42552437
194b06fc-f993-4d09-bd7d-be8a87e8a84d,63,15.75,457085.93197139184,4162209.310180616,5326650.370988963,43786937.75306952
194b06fc-f993-4d09-bd7d-be8a87e8a84d,64,16.0,462036.71644355176,4239839.150060955,5442159.550099852,44846897.54058476
194b06fc-f993-4d09-bd7d-be8a87e8a84d,65,16.25,467044.7692433277,4319843.928979514,5558920.742410683,45926858.52282964
194b06fc-f993-4d09-bd7d-be8a87e8a84d,66,16.5,472110.8098819545,4402333.5271784775,5676948.444881172,47027441.90462425
194b06fc-f993-4d09-bd7d-be8a87e8a84d,67,16.75,484432.63968079217,4487424.67747554,5798056.60480137,48149298.07399314
194b06fc-f993-4d09-bd7d-be8a87e8a84d,68,17.0,490393.2109554988,4575241.500504543,5920654.907540245,49293108.44911928
194b06fc-f993-4d09-bd7d-be8a87e8a84d,69,17.25,496449.9975801166,4665916.082606952,6044767.406935275,50459587.46977101
194b06fc-f993-4d09-bd7d-be8a87e8a84d,70,17.5,502604.90655605635,4759589.118463327,6170418.633574288,51649484.74938685
194b06fc-f993-4d09-bd7d-be8a87e8a84d,71,17.75,508859.8804629319,4856410.617791443,6297633.603690022,52863587.40383471
194b06fc-f993-4d09-bd7d-be8a87e8a84d,72,18.0,515216.897151711,4956540.677500218,6426437.82797795,54102722.57320976
194b06fc-f993-4d09-bd7d-be8a87e8a84d,73,18.25,521677.96929427196,5060150.330916909,6556857.320301518,55367760.15593899
194b06fc-f993-4d09-bd7d-be8a87e8a84d,74,18.5,528245.1437711413,5167422.483121837,6688918.606244303,56659615.77671945
194b06fc-f993-4d09-bd7d-be8a87e8a84d,75,18.75,534920.500876478,5278552.942646847,6822648.731463423,57979254.012381166
194b06fc-f993-4d09-bd7d-be8a87e8a84d,76,19.0,541706.1533177433,5393751.56120024,6958075.2697928585,59327691.902681224
194b06fc-f993-4d09-bd7d-be8a87e8a84d,77,19.25,548604.2449840729,5513243.494707329,7095226.331038876,60706002.77635805
194b06fc-f993-4d09-bd7d-be8a87e8a84d,78,19.5,555616.9494543893,5637270.60151729,7234130.568402474,62115320.426737376
194b06fc-f993-4d09-bd7d-be8a87e8a84d,79,19.75,562746.4682145026,5766092.993559127,7374817.185456099,63556843.675127156
194b06fc-f993-4d09-bd7d-be8a87e8a84d,80,20.0,569995.0285468751,5899990.761308658,7517315.942592817,65031841.36545432
194b06fc-f993-4d09-bd7d-be8a87e8a84d,81,20.25,577364.8810528454,6039265.8956857845,7661657.162856028,66541657.83937577
194b06fc-f993-4d09-bd7d-be8a87e8a84d,82,20.5,584858.2967632376,6184244.433014747,7807871.737046838,68087718.94762945
194b06fc-f993-4d09-bd7d-be8a87e8a84d,83,20.75,592477.5637874152,6335278.853517531,7955991.127993692,69671538.66100883
194b06fc-f993-4d09-bd7d-be8a87e8a84d,84,21.0,600224.983444851,6492750.768616487,8106047.373854904,71294726.35316296
194b06fc-f993-4d09-bd7d-be8a87e8a84d,85,21.25,608102.8658172357,6657073.937990828,8258073.090309213,72958994.83766067
194b06fc-f993-4d09-bd7d-be8a87e8a84d,86,21.5,616113.5246505155,6828697.664051052,8412101.471471842,74666169.25367343
194b06fc-f993-4d09-bd7d-be8a87e8a84d,87,21.75,624259.2715288759,7008110.619453951,8568166.289354062,76418196.90853693
194b06fc-f993-4d09-bd7d-be8a87e8a84d,88,22.0,632542.4092320586,7195845.172772138,8726301.891662076,78217158.20172995
194b06fc-f993-4d09-bd7d-be8a87e8a84d,89,22.25,640965.2241770669,7392482.288751713,8886543.197706344,80065278.77391788
194b06fc-f993-4d09-bd7d-be8a87e8a84d,90,22.5,649529.9778325821,7598657.093183359,9048925.69216449,81964943.04721372
194b06fc-f993-4d09-bd7d-be8a87e8a84d,91,22.75,658238.8969802866,7815065.208726335,9213485.416409561,83918709.3493953
194b06fc-f993-4d09-bd7d-be8a87e8a84d,92,23.0,667094.1626813703,8042469.987761656,9380258.957079904,85929326.84633572
194b06fc-f993-4d09-bd7d-be8a87e8a84d,93,23.25,676097.8977877218,8281710.792220932,9549283.431526834,87999754.54439096
194b06fc-f993-4d09-bd7d-be8a87e8a84d,94,23.5,685252.1528165552,8533712.49942367,9720596.469730973,90133182.66924688
194b06fc-f993-4d09-bd7d-be8a87e8a84d,95,23.75,694558.8899828349,8799496.448453799,9894236.192226682,92333056.78136033
194b06fc-f993-4d09-bd7d-be8a87e8a84d,96,24.0,704019.9651560248,9080193.085182495,10070241.183515688,94603105.05265595
194b06fc-f993-4d09-bd7d-be8a87e8a84d,97,24.25,713637.1074757628,9377056.6177427,10248650.46038463,96947369.20709163
194b06fc-f993-4d09-bd7d-be8a87e8a84d,98,24.5,723411.896323785,9691482.060756393,10429503.434465576,99370239.72228073
194b06fc-f993-4d09-bd7d-be8a87e8a84d,99,24.75,733345.7353062545,10025025.129353212,10612839.86829214,101876496.00461903
194b06fc-f993-4d09-bd7d-be8a87e8a84d,100,25.0,743439.8228509024,10379425.547533723,10798699.824004866,104471352.39150247
194b06fc-f993-4d09-bd7d-be8a87e8a84d,101,25.25,753695.1189643143,10756634.465567932,10987123.603745945,107160511.00789446
194b06fc-f993-4d09-bd7d-be8a87e8a84d,102,25.5,764112.3076260887,11158846.84574419,11178151.680652468,109950222.7193305
194b06fc-f993-4d09-bd7d-be8a87e8a84d,103,25.75,774691.7542162887,11588539.88518654,11371824.61920654,112847357.69062714
194b06fc-f993-4d09-bd7d-be8a87e8a84d,104,26.0,785433.4572758569,12048518.812579816,11568182.983525505,115859487.3937721
194b06fc-f993-4d09-bd7d-be8a87e8a84d,105,26.25,796336.9937868086,12541971.74111052,11767267.231972208,118994980.32904972
194b06fc-f993-4d09-bd7d-be8a87e8a84d,106,26.5,807401.457023162,13072535.708261115,11969117.596227998,122263114.256115
194b06fc-f993-4d09-bd7d-be8a87e8a84d,107,26.75,818625.3858597552,13644376.61910611,12173773.942692937,125674208.41089153
194b06fc-f993-4d09-bd7d-be8a87e8a84d,108,27.0,830006.6842304531,14262286.58173276,12381275.61375055,129239780.05632472
194b06fc-f993-4d09-bd7d-be8a87e8a84d,109,27.25,841542.5291866725,14931803.14873066,12591661.24604722,132972730.84350738
194b06fc-f993-4d09-bd7d-be8a87e8a84d,110,27.5,853229.2657155776,15659356.352383835,12804968.562476113,136887569.93160334
194b06fc-f993-4d09-bd7d-be8a87e8a84d,111,27.75,865062.2861161394,16452451.278776625,13021234.134005148,141000682.7512975
194b06fc-f993-4d09-bd7d-be8a87e8a84d,112,28.0,877035.8912837851,17319896.46275413,13240493.106826095,145330656.86698604
194b06fc-f993-4d09-bd7d-be8a87e8a84d,113,28.25,889143.1306945184,18272091.88654845,13462778.889499724,149898679.83862314
194b06fc-f993-4d09-bd7d-be8a87e8a84d,114,28.5,901375.617171944,19321395.25091479,13688122.79379271,154729028.65135184
194b06fc-f993-4d09-bd7d-be8a87e8a84d,115,28.75,913723.3116201117,20482592.089686576,13916553.621697737,159849676.6737735
194b06fc-f993-4d09-bd7d-be8a87e8a84d,116,29.0,926174.2717444036,21773505.175695255,14148097.189633837,165293052.96769732
194b06fc-f993-4d09-bd7d-be8a87e8a84d,117,29.25,938714.3572751262,23215792.99912866,14382775.778952619,171097001.2174795
194b06fc-f993-4d09-bd7d-be8a87e8a84d,118,29.5,951326.8822211095,24836008.215515003,14620607.499507897,177306003.27135825
194b06fc-f993-4d09-bd7d-be8a87e8a84d,119,29.75,963992.2020351245,26667018.582904335,14861605.550016677,183972757.91708434
194b06fc-f993-4d09-bd7d-be8a87e8a84d,120,30.0,976687.2199969506,28749941.11527784,15105777.355015915,191160243.1959038
194b06fc-f993-4d09-bd7d-be8a87e8a84d,121,30.25,989384.7922221264,31136815.11387434,15353123.553071447,198944446.9743724
194b06fc-f993-4d09-bd7d-be8a87e8a84d,122,30.5,1002053.0038829705,33894358.73098225,15603636.804042188,207418036.65711796
194b06fc-f993-4d09-bd7d-be8a87e8a84d,123,30.75,1014654.2795684315,37109347.17170144,15857300.373934297,216695373.45004332
194b06fc-f993-4d09-bd7d-be8a87e8a84d,124,31.0,1027144.2767681736,40896473.43706296,16114086.44312634,226919491.80930907
194b06fc-f993-4d09-bd7d-be8a87e8a84d,125,31.25,1039470.4909240128,45410106.991756104,16373954.065857343,238272018.5572481
194b06fc-f993-4d09-bd7d-be8a87e8a84d,126,31.5,1051570.4695286476,50862349.655339256,16636846.683239505,250987605.9710829
194b06fc-f993-4d09-bd7d-be8a87e8a84d,127,31.75,1063369.4848688026,57551599.21265323,16902689.054456707,265375505.77424622
194b06fc-f993-4d09-bd7d-be8a87e8a84d,128,32.0,1074777.4388238739,65909307.48633766,17171383.414162677,281852832.64583063
194b06fc-f993-4d09-bd7d-be8a87e8a84d,129,32.25,1085684.6479201564,76579619.54802252,17442804.576142717,300997737.53283626
194b06fc-f993-4d09-bd7d-be8a87e8a84d,130,32.5,1095955.9433226704,90561484.12264211,17716793.561973386,323638108.56349677
194b06fc-f993-4d09-bd7d-be8a87e8a84d,131,32.75,1105422.140472351,109476707.105014,17993149.097091474,351007285.3397503
194b06fc-f993-4d09-bd7d-be8a87e8a84d,132,33.0,1113867.22230987,136110734.2343682,18271615.90266894,385034968.8983424
194b06fc-f993-4d09-bd7d-be8a87e8a84d,133,33.25,1121008.1694331537,175598378.7826997,18551867.94502723,428934563.59401727
194b06fc-f993-4d09-bd7d-be8a87e8a84d,134,33.5,1121894.651407024,238314975.47615385,18832341.607878983,488513307.46305573
194b06fc-f993-4d09-bd7d-be8a87e8a84d,135,33.75,1099585.2588360563,347985893.1395313,19107237.922588,575509780.7479385
194b06fc-f993-4d09-bd7d-be8a87e8a84d,136,34.0,1029287.0455533372,569294746.659831,19364559.683976334,717833467.4128963
194b06fc-f993-4d09-bd7d-be8a87e8a84d,137,34.25,852538.2662911675,1133623865.8842912,19577694.250549126,1001239433.8839691
194b06fc-f993-4d09-bd7d-be8a87e8a84d,138,34.5,438764.4310274834,3377333371.04609,19687385.358306,1845572776.6454916
194b06fc-f993-4d09-bd7d-be8a87e8a84d,139,34.75,-125915.08096477087,30644553522.45054,19681343.978158697,9506711157.258125
