run_id,step,t,r_lo,r_hi,phi_lo,phi_hi,lam_lo,lam_hi,V_lo,V_hi,gamma_lo,gamma_hi,chi_lo,chi_hi,rho_lo,rho_hi,q_lo,q_hi
668abc4e-780d-47a7-ae1a-1384dd9d08d0,0,0.0,6435923.266468614,6439941.012097669,0.3002926942190099,0.31030191592354633,0.9999723692334324,1.0100276307665677,7601.718517253831,7803.1895474425,-0.0908071711678851,-0.08375221836361663,1.483632367999489,1.6581895391367112,0.00023349226706843374,0.0004255131881264079,6746.306597443812,12954.699464330773
668abc4e-780d-47a7-ae1a-1384dd9d08d0,1,0.25,6435746.363432525,6439782.032910751,0.30058545726706254,0.31060396419772895,0.9999446836280271,1.0100552439301924,7603.468420858876,7806.447142537303,-0.09085774212246273,-0.08372774849072757,1.4837352183205823,1.6583171190467019,0.00023822751407322855,0.0004348187057059917,6886.291716286749,13249.060102090523
668abc4e-780d-47a7-ae1a-1384dd9d08d0,2,0.5,6435569.288256772,6439623.06347806,0.3008782903132372,0.31090614749460604,0.9999169426270457,1.0100828395969355,7605.250308520829,7809.77434041818,-0.09090884608319962,-0.08370237498586697,1.4838384195721426,1.6584455460408862,0.00024304949167185024,0.0004443199210844865,7028.97091401255,13550.10811052196
668abc4e-780d-47a7-ae1a-1384dd9d08d0,3,0.75,6435392.038243721,6439464.104864586,0.30117119454871233,0.31120846854730966,0.9998891456611598,1.0101104178760705,7607.064788308702,7813.17273437403,-0.09096049546761215,-0.08367607790772995,1.4839419762260466,1.6585748374539002,0.0002479595731418979,0.0004540209526877716,7174.392202711694,13858.006211629188
668abc4e-780d-47a7-ae1a-1384dd9d08d0,4,1.0,6435214.610631436,6439305.158162227,0.30146417118713936,0.3115109301515457,0.9998612921481189,1.0101379788801699,7608.912478810987,7816.643956947325,-0.09101270300387573,-0.0836488368531014,1.484045892812445,1.6587050110508152,0.00025295914773399504,0.0004639260128129581,7322.6043802546255,14172.92177221966
668abc4e-780d-47a7-ae1a-1384dd9d08d0,5,1.25,6435037.002592,6439146.224490538,0.30175722146502165,0.3118135351671369,0.9998333814924056,1.0101655227251918,7610.794009293386,7820.1896810716635,-0.09106548174005338,-0.08362063094467515,1.484150173919804,1.658836085039673,0.00025804962065465635,0.00047403941019676885,7473.657041295875,14495.026968078248
668abc4e-780d-47a7-ae1a-1384dd9d08d0,6,1.5,6434859.211229789,6438987.304997515,0.3020503466420988,0.31211628651961104,0.9998054130848819,1.0101930495305718,7612.710019858092,7823.811621250127,-0.09111884505366277,-0.08359143881847599,1.4842548241949098,1.6589680780844716,0.00026323241303823677,0.00048436555267269656,7627.600588329616,14824.498955194013
668abc4e-780d-47a7-ae1a-1384dd9d08d0,7,1.75,6434681.233579687,6438828.400860389,0.3023435480017358,0.31241918720183504,0.9997773863024233,1.0102205594193159,7614.661161604578,7827.511534776208,-0.0911728066615968,-0.08356123861086846,1.4843598483428306,1.6591010093186231,0.0002685089619077836,0.0004949089499207408,7784.486242801109,15161.520048393853
668abc4e-780d-47a7-ae1a-1384dd9d08d0,8,2.0,6434503.066605247,6438669.513286461,0.302636826851318,0.3127222402756972,0.9997493005075416,1.010248052518098,7616.648096791878,7831.291222999177,-0.09122738063041326,-0.08353000794513533,1.4844652511268361,1.6592348983589051,0.00027388072012362116,0.0005056742163136874,7944.366056249955,15506.277907756776
668abc4e-780d-47a7-ae1a-1384dd9d08d0,9,2.25,6434324.707196791,6438510.643513958,0.30293018452265075,0.3130254488738394,0.9997211550479955,1.0102755289573595,7618.6714990023065,7835.152532635857,-0.09128258138701005,-0.08349772391760803,1.4845710373682708,1.659369765319926,0.00027934915631949557,0.0005166660738641607,8107.292921490093,15858.965733205903
668abc4e-780d-47a7-ae1a-1384dd9d08d0,10,2.5,6434146.152169457,6438351.792812914,0.30322362237236494,0.3133288162014404,0.999692949256389,1.0103029888714132,7620.732053306592,7839.097357130848,-0.09133842372970336,-0.0834643630833304,1.484677211946379,1.6595056308291285,0.0002849157548254231,0.0005278893552762296,8273.320583811717,16219.782467677996
668abc4e-780d-47a7-ae1a-1384dd9d08d0,11,2.75,6433967.39826117,6438192.962486085,0.30351714178232725,0.3136323455380533,0.999664682449756,1.0103304323985505,7622.830456430367,7843.127638067383,-0.09139492283972694,-0.0834299014412362,1.4847837797980783,1.6596425160423554,0.0002905820155765114,0.0005393490071072891,8442.503652194098,16588.93300934729
668abc4e-780d-47a7-ae1a-1384dd9d08d0,12,3.0,6433788.44213056,6438034.153869893,0.30381074416005616,0.31393604023949795,0.9996363539291324,1.0103578596811507,7624.96741692197,7847.245366631094,-0.09145209429317172,-0.08339431441881974,1.4848907459176806,1.6597804426600038,0.0002963494540070619,0.0005510500930436626,8614.897610519423,16966.628433329217
668abc4e-780d-47a7-ae1a-1384dd9d08d0,13,3.25,6433609.280354803,6437875.368335407,0.30410443093914297,0.3142399037398111,0.9996079629791131,1.0103852708657965,7627.143655321507,7851.452585129077,-0.09150995407338582,-0.08335757685627813,1.484998115356554,1.6599194329437932,0.0003022196009290889,0.0005629977972960382,8790.558828772884,17353.08622339147
668abc4e-780d-47a7-ae1a-1384dd9d08d0,14,3.5,6433429.909427399,6437716.607289342,0.3043982035796784,0.31454393955325616,0.999579508867395,1.0104126661033923,7629.359904331113,7855.7513885667895,-0.09156851858385638,-0.0833196629901024,1.4851058932227266,1.6600595097341782,0.0003081940023947865,0.0005751974281192409,8969.544574225709,17748.530514171616
668abc4e-780d-47a7-ae1a-1384dd9d08d0,15,3.75,6433250.325755863,6437557.872175112,0.3046920635686843,0.3148481512763954,0.9995509908443042,1.0104400455492857,7631.6169089863415,7860.143926285436,-0.09162780466159541,-0.08328054643609363,1.4852140846804263,1.6602006964684337,0.00031427421954143074,0.0005876544214627971,9151.91302256759,18153.19234448356
668abc4e-780d-47a7-ae1a-1384dd9d08d0,16,4.0,6433070.525659357,6437399.164473903,0.30498601242055073,0.31515254259022596,0.9995224081423081,1.0104674093633947,7633.915426828619,7864.632403662642,-0.09168782959105333,-0.08324020017177909,1.4853226949495542,1.6603430171994458,0.00032046182841870464,0.0006003743447571998,9337.723268998561,18567.30992227159
668abc4e-780d-47a7-ae1a-1384dd9d08d0,17,4.25,6432890.505366226,6437240.485705791,0.3052800516774785,0.31545711726238296,0.9994937599755098,1.010494757710339,7636.256228078689,7869.219083879375,-0.09174861111858501,-0.08319859651820198,1.485431729305088,1.6604864966152406,0.00032675841979673824,0.0006133629008426046,9527.035339241038,18991.128901853233
668abc4e-780d-47a7-ae1a-1384dd9d08d0,18,4.5,6432710.261011459,6437081.837430896,0.3055741829099265,0.31576187914941234,0.9994650455391265,1.0105220907595747,7638.640095810947,7873.906289756206,-0.0918101674674945,-0.08315570695317968,1.4855411930764122,1.6606311600592871,0.00033316559895430625,0.0006266259320464345,9719.910200466162,19424.902674112076
668abc4e-780d-47a7-ae1a-1384dd9d08d0,19,4.75,6432529.788634062,6436923.221250897,0.3058684077170648,0.31606683219911974,0.9994362640089484,1.0105494086855362,7641.067826127217,7878.696405662263,-0.09187251735368632,-0.08311150232292502,1.4856510916465318,1.660777033551611,0.00033968498543145587,0.0006401694244191803,9916.40977168215,19868.892670419253
668abc4e-780d-47a7-ae1a-1384dd9d08d0,20,5.0,6432349.084174337,6436764.638810148,0.30616272772723274,0.3163719804529889,0.9994074145407802,1.0105767116677815,7643.5402283329595,7883.591879500226,-0.09193568000195218,-0.08306595285034145,1.4857614304512539,1.6609241438107578,0.0003463182127789972,0.0006539995121297069,10116.596934548197,20323.368680846266
668abc4e-780d-47a7-ae1a-1384dd9d08d0,21,5.25,6432168.1434710715,6436606.091796785,0.3064571445984019,0.3166773280486773,0.999378496269863,1.0106039998911422,7646.058125114396,7888.595224771057,-0.09199967516292376,-0.08301902802160097,1.4858722149782915,1.6610725182766493,0.0003530669282881303,0.000668122482030522,10320.535544134373,20788.60918754953
668abc4e-780d-47a7-ae1a-1384dd9d08d0,22,5.5,6431986.962258626,6436447.5819440475,0.3067516600186447,0.31698287922259516,0.9993495083102751,1.0106312735458802,7648.622352715429,7893.709022722341,-0.09206452313072423,-0.0829706965643294,1.4859834507662564,1.661222185134373,0.00035993279268807017,0.0006825447784029078,10528.29043928045,21264.9017142275
668abc4e-780d-47a7-ae1a-1384dd9d08d0,23,5.75,6431805.536163919,6436289.111031659,0.30704627570660764,0.317288638312569,0.9993204497543126,1.01065853282785,7651.23376111493,7898.935924584307,-0.09213024476135269,-0.08292092642497385,1.4860951434035585,1.6613731733389554,0.0003669174798181461,0.0006972730078888779,10739.927452753729,21752.543192499186
668abc4e-780d-47a7-ae1a-1384dd9d08d0,24,6.0,6431623.860703306,6436130.680887245,0.30734099341199,0.3175946097605934,0.9992913196718464,1.0106857779386658,7653.893214204247,7904.278653897821,-0.0921968614918379,-0.08286968474531423,1.486207298527205,1.6615255126411648,0.00037402267627308756,0.0007123139446190227,10955.51342117781,22251.840346160632
668abc4e-780d-47a7-ae1a-1384dd9d08d0,25,6.25,6431441.931279348,6435972.293387807,0.30763581491602693,0.31790079811567395,0.9992621171096575,1.0107130090858767,7656.601589964803,7909.740008938901,-0.09226439536019956,-0.08281693783807881,1.4863199218214946,1.6616792336143966,0.00038125008102020993,0.0007276745355456019,11175.11619470403,22763.11009433076
668abc4e-780d-47a7-ae1a-1384dd9d08d0,26,6.5,6431259.743177458,6435813.950461256,0.3079307420319778,0.3182072080367656,0.9992328410907472,1.010740226483147,7659.359780645614,7915.322865244563,-0.0923328690262577,-0.08276265116162157,1.4864330190166017,1.661834367682697,0.0003886014049868424,0.000743361905990787,11398.80464638601,23286.679974563704
668abc4e-780d-47a7-ae1a-1384dd9d08d0,27,6.75,6431077.291562431,6435655.65408799,0.3082257766056192,0.3185138442958103,0.9992034906136221,1.0107674303504437,7662.1686929405705,7921.030178245082,-0.0924023057933329,-0.0827067892936164,1.4865465958870459,1.6619909471499814,0.00039607837061715135,0.0007593833654203836,11626.648681241144,23822.88858707096
668abc4e-780d-47a7-ae1a-1384dd9d08d0,28,7.0,6430894.571474843,6435497.406302535,0.30852092051574237,0.31882071178087845,0.9991740646515532,1.0107946209142307,7665.029248165295,7926.864986008048,-0.09247272963088288,-0.0826493159037212,1.4866606582500383,1.662149005230511,0.0004036827113959766,0.0007757464134547538,11858.71924493741,24372.086061296726
668abc4e-780d-47a7-ae1a-1384dd9d08d0,29,7.25,6430711.577827318,6435339.209195253,0.3088161756746555,0.31912781549941766,0.9991445621518071,1.0108217984076715,7667.9423824333835,7932.830412099915,-0.09254416519812335,-0.0825901937251618,1.4867752119637034,1.6623085760806904,0.00041141617133869514,0.0007924587461278588,12095.088332084275,24934.634546125715
668abc4e-780d-47a7-ae1a-1384dd9d08d0,30,7.5,6430528.305400657,6435181.0649141045,0.3091115440286903,0.3194351605816146,0.9991149820348482,1.0108489630708393,7670.9090468318245,7938.929668571086,-0.09261663786868411,-0.08252938452518309,1.4868902629251646,1.6624696948322588,0.0004192805044451632,0.000809528262406942,12335.828994077641,25510.90872511845
668abc4e-780d-47a7-ae1a-1384dd9d08d0,31,7.75,6430344.748839817,6435022.975666476,0.3094070275587124,0.31974275228387383,0.9990853231935107,1.0108761151509338,7673.93020759537,7945.16605907091,-0.09269017375635415,-0.08246684907431148,1.487005817068491,1.6626323976269448,0.00042727747411607463,0.000826963070986727,12581.015346456465,26101.29635828238
668abc4e-780d-47a7-ae1a-1384dd9d08d0,32,8.0,6430160.902649742,6434864.943721088,0.30970262828063677,0.32005059599241936,0.9990555844921396,1.0109032549025088,7677.006846279617,7951.542982099377,-0.092764799741973,-0.08240254711436974,1.4871218803624977,1.6627967216526653,0.00043540885252966094,0.0008447714973712356,12830.722575715878,26706.198851939247
668abc4e-780d-47a7-ae1a-1384dd9d08d0,33,8.25,6429976.761191028,6434706.971409959,0.3099983482459461,0.3203586972270238,0.9990257647656978,1.0109303825877067,7680.1399599325505,7958.063934402709,-0.09284054350152902,-0.0823364373251816,1.48723845880839,1.66296270518135,0.0004436764199770338,0.0008629620912579951,13085.026945531774,27326.031858383725
668abc4e-780d-47a7-ae1a-1384dd9d08d0,34,8.5,6429792.318675433,6434549.061130461,0.3102941895422135,0.3206670616448712,0.998995862818839,1.0109574984765042,7683.330561264262,7964.732514520451,-0.09291743353552867,-0.08226847728990011,1.4873555584372475,1.6631303876084795,0.00045208196415389676,0.0008815436342402811,13344.005802333935,27961.225907144522
668abc4e-780d-47a7-ae1a-1384dd9d08d0,35,8.75,6429607.569161196,6434391.215347443,0.3105901542936285,0.32097569504455914,0.9989658774249442,1.0109846028469653,7686.579678814556,7971.552426492179,-0.0929954991997053,-0.08219862345888945,1.4874731853073386,1.6632998094944318,0.0004606272794066694,0.000900525147844436,13607.737580173174,28612.22706979944
668abc4e-780d-47a7-ae1a-1384dd9d08d0,36,9.0,6429422.506548184,6434233.436595435,0.31088624466152637,0.32128460337024706,0.9989358073251202,1.0110116959855073,7689.888357118131,7978.527483732398,-0.09307477073713988,-0.08212683111208603,1.4875913455012555,1.663471012607734,0.0004693141659306684,0.0009199159019188059,13876.301804814862,29279.4976603833
668abc4e-780d-47a7-ae1a-1384dd9d08d0,37,9.25,6429237.12457284,6434075.72748095,0.31118246284492046,0.32159379271595623,0.9989056512271579,1.0110387781871755,7693.2576568669865,7985.6616130827915,-0.09315527931187065,-0.08205305431975983,1.4877100451228653,1.6636440399703274,0.0004781444289179071,0.0009397254233937523,14149.779096987642,29963.51697363212
668abc4e-780d-47a7-ae1a-1384dd9d08d0,38,9.5,6429051.416802933,6433918.09068486,0.3114788110810374,0.32190326933002944,0.9988754078044492,1.0110658497559293,7696.688655069707,7992.958859051506,-0.0932370570440737,-0.08197724590159251,1.4878292902940637,1.6638189359049587,0.0004871198776522194,0.0009599635054315552,14428.251174718775,30664.782063407485
668abc4e-780d-47a7-ae1a-1384dd9d08d0,39,9.75,6428865.3766321,6433760.528964881,0.31177529164585466,0.3222130396197574,0.9988450756948595,1.0110929110049414,7700.182445207233,8000.423388249808,-0.09332013704690151,-0.08189935738398336,1.4879490871513252,1.6639957460848136,0.0004962423245488282,0.000980640216987851,14711.800854668834,31383.80856386614
668abc4e-780d-47a7-ae1a-1384dd9d08d0,40,10.0,6428678.997274149,6433603.045158144,0.31207190685464026,0.32252311015617924,0.9988146534995545,1.011119962256908,7703.740137384699,8008.059494037106,-0.09340455346507219,-0.08181933895548879,1.4880694418420382,1.6641745175855263,0.0005055135841359124,0.001001765912806925,15000.512052389422,32121.131556103235
668abc4e-780d-47a7-ae1a-1384dd9d08d0,41,10.25,6428492.271757151,6433445.6421838775,0.31236865906249445,0.3228334876790661,0.998784139781778,1.0111470038443726,7707.362858478905,8015.871601386019,-0.09349034151530818,-0.08173713942029506,1.4881903605206153,1.6643552989396955,0.0005149354719750885,0.001023351243873407,15294.469781406882,32877.30648315889
668abc4e-780d-47a7-ae1a-1384dd9d08d0,42,10.5,6428305.19291727,6433288.323046191,0.3126655506648926,0.32314417910209553,0.9987535330655797,1.011174036110063,7711.051752280952,8023.864271979973,-0.09357753752872937,-0.08165270614961774,1.488311849344369,1.664538140194056,0.0005245098035179211,0.0010454071683467167,15593.760151038712,33652.910116565545
668abc4e-780d-47a7-ae1a-1384dd9d08d0,43,10.75,6428117.753392343,6433131.090836977,0.31296258409822925,0.3234551915182265,0.9987228318344878,1.0112010594072423,7714.807979633526,8032.042209556576,-0.09366617899531296,-0.08156598503091442,1.4884339144691399,1.6647230929694594,0.0005342383928949986,0.0010679449630041562,15898.470362829887,34448.54157778063
668abc4e-780d-47a7-ae1a-1384dd9d08d0,44,11.0,6427929.945615189,6432973.948738928,0.31325976184036275,0.3237665322052844,0.9986920345301277,1.0112280741000765,7718.632718562301,8040.41026551096,-0.09375630461053931,-0.08147692041479002,1.4885565620446661,1.6649102105238305,0.0005441230516346949,0.0010909762352219023,16208.688705511277,35264.82341815303
668abc4e-780d-47a7-ae1a-1384dd9d08d0,45,11.25,6427741.761806628,6432816.9000286795,0.3135570864111599,0.3240782086317665,0.9986611395507787,1.0112550805640155,7722.527164400886,8048.9734447741685,-0.09384795432435145,-0.08138545505946615,1.488679798209684,1.6650995478182742,0.0005541655873076793,0.0011145129355229623,16524.504548347937,36102.40276127931
668abc4e-780d-47a7-ae1a-1384dd9d08d0,46,11.5,6427553.193968204,6432659.948080079,0.3138545603730404,0.32439022846287824,0.998630145249871,1.0112820791861923,7726.492529908696,8057.7369119827345,-0.09394116939256418,-0.08129153007267752,1.4888036290867428,1.6652911615865258,0.0005643678020938216,0.0011385673707258773,16846.008332759666,36961.952511989824
668abc4e-780d-47a7-ae1a-1384dd9d08d0,47,11.75,6427364.233874594,6432503.096367595,0.3141521863315199,0.32470259956681213,0.9985990499344152,1.011309070365839,7730.530045381098,8066.705997956658,-0.09403599243086841,-0.08119508485084942,1.4889280607767255,1.6654851104079431,0.0005747314912672381,0.0011631522177273294,17173.29156206595,37844.172636437426
668abc4e-780d-47a7-ae1a-1384dd9d08d0,48,12.0,6427174.873065681,6432346.348469869,0.3144499669357524,0.3250153300212815,0.998567851863363,1.0113360545147212,7734.640958751125,8075.886206504194,-0.0941324674715858,-0.08109605701540054,1.4890530993530566,1.6656814547842602,0.0005852584415957859,0.0011882805379559043,17506.446789220623,38749.79151816862
668abc4e-780d-47a7-ae1a-1384dd9d08d0,49,12.25,6426985.102838277,6432189.708073416,0.3147479048790692,0.32532842812032153,0.998536549245896,1.0113630320575915,7738.826535682022,8085.283221573126,-0.0942306400233401,-0.08099438234600471,1.4891787508555865,1.6658802572203326,0.0005959504296504867,0.0012139657925368007,17845.567602373067,39679.56739543949
668abc4e-780d-47a7-ae1a-1384dd9d08d0,50,12.5,6426794.914237478,6432033.178976479,0.3150460028995162,0.3256419023813714,0.9985051402396353,1.0113900034326635,7743.088059649807,8094.902914769591,-0.09433055713382292,-0.08088999471063417,1.489305021284134,1.666081582309125,0.0006068092200204248,0.0012402218582077372,18190.74860809053,40634.289885380254
668abc4e-780d-47a7-ae1a-1384dd9d08d0,51,12.75,6426604.29804763,6431876.765093058,0.3153442637803868,0.3259557615526522,0.998473622948773,1.0114169690921067,7747.42683201502,8104.751353266989,-0.09443226745584425,-0.08078282599219443,1.4894319165916727,1.6662854968212055,0.0006178365634282558,0.0012670630440326316,18542.085412059056,41614.781601174654
668abc4e-780d-47a7-ae1a-1384dd9d08d0,52,13.0,6426413.244782882,6431720.470457106,0.3156426903507509,0.3262700146208555,0.9984419954221145,1.0114439295025641,7751.844172082733,8114.834808129135,-0.09453582131687174,-0.08067280601154796,1.489559442677146,1.666492069799035,0.0006290341947414704,0.0012945041089599874,18899.674597076166,42621.89986882202
668abc4e-780d-47a7-ae1a-1384dd9d08d0,53,13.25,6426221.744677303,6431564.299226904,0.31594128548597794,0.3265846708191591,0.9984102556510339,1.0114708851456944,7756.341417149858,8125.159763073535,-0.09464127079227738,-0.08055986244670944,1.4896876053778885,1.6667013726563575,0.0006404038308742487,0.0013225602802769585,19263.613698133435,43656.53855060738
668abc4e-780d-47a7-ae1a-1384dd9d08d0,54,13.5,6426029.78767455,6431408.255689643,0.3162400521082547,0.32689973963558777,0.9983784015673304,1.0114978365187368,7760.919922538722,8135.73292370256,-0.09474866978252604,-0.08044392074798024,1.4898164104616416,1.6669134792830222,0.0006519471685736549,0.001351247273014317,19634.001174348796,44719.62998300966
668abc4e-780d-47a7-ae1a-1384dd9d08d0,55,13.75,6425837.363417037,6431252.34426619,0.31653899318709505,0.3272152308217359,0.9983464310409855,1.0115247841351047,7765.581061615798,8146.561227232311,-0.09485807409455778,-0.08032490404877282,1.4899458636181404,1.6671284661555932,0.0006636658820855186,0.0013805813103611524,20010.93637754998,45812.147037406736
668abc4e-780d-47a7-ae1a-1384dd9d08d0,56,14.0,6425644.461234604,6431096.569516079,0.3168381117398422,0.3275311544018735,0.9983143418778131,1.011551728525006,7770.3262257944225,8157.6518527511935,-0.09496954152763418,-0.08020273307185852,1.490075970450253,1.667346412454127,0.0006755616206926253,0.001410579145151866,20394.5195172217,46935.105312616986
668abc4e-780d-47a7-ae1a-1384dd9d08d0,57,14.25,6425451.070132638,6430940.936142721,0.317137410832161,0.3278475206824549,0.9982821318169949,1.011578670236092,7775.156824520234,8169.0122320426,-0.09508313196393953,-0.0800773260307517,1.4902067364646518,1.6675674001855312,0.0006876360061192476,0.0014412580824932906,20784.85162156403,48089.56546910381
668abc4e-780d-47a7-ae1a-1384dd9d08d0,58,14.5,6425257.178779623,6430785.4489988545,0.3174368935785199,0.32816434026205277,0.9982497985284974,1.0116056098341393,7780.074285238,8180.6500610087005,-0.09519890746424943,-0.07994859852592316,1.490338167061995,1.6677915143139466,0.0006998906297954797,0.0014729722196341255,21182.03449438428,49287.88601412733
668abc4e-780d-47a7-ae1a-1384dd9d08d0,59,14.75,6425062.775494074,6430630.113092235,0.31773656314266097,0.3284816240417419,0.9982173396103607,1.0116325479037616,7785.080053338391,8192.57598153686,-0.09531695754088135,-0.07981643867264085,1.490470267526596,1.668018870057168,0.0007123270499733987,0.00151217569146133,21586.17066749247,50747.33177343158
668abc4e-780d-47a7-ae1a-1384dd9d08d0,60,15.0,6424867.848116,6430474.933639642,0.3180364227365408,0.32879938334013736,0.9981847525660944,1.011659485057991,7790.175591693551,8204.852227529509,-0.09543785745524967,-0.07968025624995999,1.4906030429913306,1.668250108047214,0.0007249467833744595,0.0015526170160036028,21997.363184857353,52260.77829396384
668abc4e-780d-47a7-ae1a-1384dd9d08d0,61,15.25,6424672.381782713,6430319.916996357,0.3183364755915385,0.3291176319067948,0.9981520344209465,1.0116864221084723,7795.362372893722,8217.491932842642,-0.09556171876792428,-0.07953991297967676,1.4907364979517856,1.6684853712427563,0.0007377511977997105,0.0015943438491861374,22415.712334060234,53830.76699392179
668abc4e-780d-47a7-ae1a-1384dd9d08d0,62,15.5,6424476.361032569,6430165.069781763,0.31863672498637285,0.32943638400670083,0.9981191820819547,1.0117133599024808,7800.641885232081,8230.508859018448,-0.09568865848250628,-0.07939526447010523,1.4908706366786135,1.6687248095513996,0.0007507416007190183,0.001637406131997409,22841.31839011512,55459.99042003535
668abc4e-780d-47a7-ae1a-1384dd9d08d0,63,15.75,6424279.769774246,6430010.39889241,0.3189371742472121,0.32975565444490695,0.9980861923318431,1.0117402993247393,7806.015632315624,8243.917433202301,-0.0958187993760019,-0.07924615986847659,1.4910054631979088,1.66896858025979,0.0007639192339494242,0.0016818562272078556,23274.281485428124,57151.303321024694
668abc4e-780d-47a7-ae1a-1384dd9d08d0,64,16.0,6424082.59125406,6429855.911515872,0.3192378267477358,0.330075458592652,0.9980530618225206,1.0117672412993464,7811.485132623768,8257.73278887972,-0.09595227035375252,-0.07909244148856223,1.4911409812703846,1.6692168484966037,0.0007772852679878175,0.0017277490661194328,23714.701467604307,58907.73469245399
668abc4e-780d-47a7-ae1a-1384dd9d08d0,65,16.25,6423884.808021138,6429701.615145422,0.31953868590914547,0.3303958124150832,0.9980197870681503,1.0117941867918245,7817.051919010384,8271.970809684122,-0.09608920683110378,-0.07893394441138153,1.4912771943692773,1.66946978773142,0.000790840795974928,0.0017751423062285542,24162.677744116598,60732.50089268379
668abc4e-780d-47a7-ae1a-1384dd9d08d0,66,16.5,6423686.401890294,6429547.517595607,0.3198397552001175,0.3307167325006962,0.9979863644377548,1.0118211368112995,7822.71753814467,8286.648176552264,-0.09622975114422407,-0.07877049605663829,1.4914141056569037,1.6697275803128082,0.0008045868272650594,0.0018240965007727072,24618.309112743675,62629.01994127368
668abc4e-780d-47a7-ae1a-1384dd9d08d0,67,16.75,6423487.353902412,6429393.627018782,0.3201410381366945,0.3310382360926261,0.9979527901473197,1.0118480924128175,7828.483549885843,8301.78241853346,-0.09637405299273624,-0.07860191572228634,1.4915517179597906,1.6699904180493137,0.0008434007967939131,0.0018746752812324277,25843.974148943493,64600.92712450103
668abc4e-780d-47a7-ae1a-1384dd9d08d0,68,17.0,6423287.644282145,6429239.951922674,0.32044253828210817,0.33136034112193224,0.9979190602513534,1.011875054699813,7834.52411278145,8317.391967591291,-0.09652226991711188,-0.07842801408935393,1.4916911852495984,1.6702585028374322,0.0008602946807988506,0.0019269455539742716,26402.343991258826,66652.09204779315
668abc4e-780d-47a7-ae1a-1384dd9d08d0,69,17.25,6423087.252392692,6429086.497808614,0.3207442658932643,0.3316830662430337,0.9978851706338562,1.011902024434969,7840.687861949909,8333.496217773329,-0.0966745510785669,-0.07824859606746433,1.4918314858621136,1.6705320437686888,0.0008775282633613009,0.001980977705839124,26973.633187323536,68786.63706606186
668abc4e-780d-47a7-ae1a-1384dd9d08d0,70,17.5,6422886.156722109,6428933.273577343,0.3210462253837168,0.33200643087138115,0.9978511169998756,1.0119290027813457,7846.9774955282455,8350.115588378243,-0.0968310691859994,-0.07806345406797979,1.4919726277275167,1.670811264333411,0.0008951073072806592,0.0020368458350797807,27558.141203256702,71008.95776993368
668abc4e-780d-47a7-ae1a-1384dd9d08d0,71,17.75,6422684.334801389,6428780.288525399,0.3213484212557247,0.33233045522376264,0.9978168948641586,1.0119559909563147,7853.395765241112,8367.271593687301,-0.09699200631055505,-0.07787237023075384,1.492114618476662,1.6710964002371262,0.0009130375717632765,0.002094628000769879,28156.172768023207,73323.74547128692
668abc4e-780d-47a7-ae1a-1384dd9d08d0,72,18.0,6422481.763149281,6428627.552367074,0.3216508581014127,0.3326551603612744,0.9977824995400622,1.0119829902346653,7859.945476676495,8384.986917880187,-0.0971575545277815,-0.07767511576240717,1.4922574654038432,1.6713877002575326,0.0009313248022385987,0.0021544064902044554,28768.037755235622,75736.0118030128
668abc4e-780d-47a7-ae1a-1384dd9d08d0,73,18.25,6422278.417213088,6428475.075257871,0.321953540603875,0.3329805682352318,0.9977479261276423,1.0120100019519283,7866.6294894707435,8403.285496281169,-0.0973279166140526,-0.07747145022095095,1.492401175426641,1.6716854271759025,0.0009499747191521053,0.0022162681085525276,29394.05103597021,78251.11577275177
668abc4e-780d-47a7-ae1a-1384dd9d08d0,74,18.5,6422074.271305073,6428322.867819574,0.32225647353821313,0.33330670173626853,0.9977131695008484,1.0120370275079376,7873.450717391385,8422.192603576303,-0.09750330680275726,-0.07726112074148185,1.4925457550426384,1.6719898587906632,0.0009689930056459404,0.0022803044929816446,30034.532299215687,80874.793557287
668abc4e-780d-47a7-ae1a-1384dd9d08d0,75,18.75,6421869.298534074,6428170.941167078,0.32255966177249723,0.3336335847468971,0.997678224293739,1.0120640683706512,7880.412128304971,8441.734949718279,-0.09768395160640007,-0.07704386119706158,1.4926912102827692,1.6723012890218376,0.0009883852940292073,0.002346612453736078,30689.80583618248,83613.19136289314
668abc4e-780d-47a7-ae1a-1384dd9d08d0,76,19.0,6421663.470731889,6428019.306937125,0.3228631102686387,0.33396124219783296,0.997643084885628,1.0120911260802528,7887.516744015849,8461.940784321707,-0.09787009071150082,-0.0768193912882007,1.4928375466610528,1.6726200291161035,0.0010081571509314951,0.002415294344939698,31360.20028430865,86472.90172117809
668abc4e-780d-47a7-ae1a-1384dd9d08d0,77,19.25,6421456.758373935,6427867.977319097,0.3231668240831609,0.3342897001284152,0.99760774538506,1.0121182022535582,7894.7676399603015,8482.840010449738,-0.09806197868147477,-0.07658741555357929,1.4929847691204479,1.672946408963454,0.001028314061023025,0.0024864584682364964,32046.048326335545,89461.00364151708
668abc4e-780d-47a7-ae1a-1384dd9d08d0,78,19.5,6421249.130492103,6427716.965088069,0.3234708083678319,0.33461898575149157,0.9975721996125,1.012145298588758,7902.167944738384,8504.464308845643,-0.09825988488531905,-0.07634762229362524,1.4931328819745318,1.6732807785393469,0.0010488614091722064,0.00256021951331229,32747.686339263968,92585.10712133296
668abc4e-780d-47a7-ae1a-1384dd9d08d0,79,19.75,6421040.554583126,6427566.283640301,0.3237750683701975,0.3349491275231791,0.9975364410816111,1.0121724168705226,7909.720839465443,8526.847273655463,-0.09846409481421815,-0.07609968239789845,1.4932818888447001,1.6736235094827072,0.0010698044609048615,0.0026366990378822158,33465.45398762123,95853.40251356887
668abc4e-780d-47a7-ae1a-1384dd9d08d0,80,20.0,6420830.996509061,6427415.947031397,0.32407960943395847,0.33528015521794957,0.9975004629789803,1.0121995589755068,7917.4295569215565,8550.024560986827,-0.0986749116147149,-0.07584324806571015,1.493431792592548,1.673974996827935,0.0010911483410101098,0.002716025992424819,34199.69375464415,99274.71541221908
668abc4e-780d-47a7-ae1a-1384dd9d08d0,81,20.25,6420620.420388932,6427265.970017386,0.32438443699916836,0.3356121000095445,0.9974642581421325,1.01222672687829,7925.297380475513,8574.034051768045,-0.09889265748528366,-0.07557795140815714,1.493582595247073,1.674335660909183,0.0011128980101242814,0.0027983372947635947,34950.750404320686,102858.56778303921
668abc4e-780d-47a7-ae1a-1384dd9d08d0,82,20.5,6420408.7884811945,6427116.368098967,0.3246895566022356,0.3359449945582803,0.9974278190356562,1.0122539226577956,7933.327642757603,8598.9160305445,-0.09911767520966336,-0.07530340291826654,1.4937342979263122,1.6747059494568424,0.0011350582391100076,0.002883778459969006,35718.970366519134,106615.24616506245
668abc4e-780d-47a7-ae1a-1384dd9d08d0,83,20.75,6420196.061056091,6426967.1575692585,0.3249949738757053,0.33627887310536897,0.9973911377252421,1.0122811485042338,7941.523724052622,8624.713382084563,-0.099350329843042,-0.07501918979415526,1.4938869007529925,1.675086339909494,0.0011576335810268784,0.0029725042919812854,36504.70103647663,110555.87790294529
668abc4e-780d-47a7-ae1a-1384dd9d08d0,84,21.0,6419982.196256823,6426818.355565352,0.32530069454779115,0.33661377157495276,0.9973542058494079,1.0123084067266244,7949.8890503813345,8651.471807925198,-0.09959101056940763,-0.07472487409807091,1.4940404027637415,1.675477341967887,0.0011806283404721903,0.0030646796442297904,37308.28997901338,114692.51652074586
668abc4e-780d-47a7-ae1a-1384dd9d08d0,85,21.25,6419767.149948321,6426669.980124063,0.32560672444162475,0.33694972768463544,0.9973170145886582,1.0123356997609536,7958.427091235204,8679.240065286343,-0.09984013275095882,-0.07441999073182423,1.4941948018113718,1.6758795004213343,0.001204046540045995,0.0031604802575284398,38130.084026685756,119038.2375248306
668abc4e-780d-47a7-ae1a-1384dd9d08d0,86,21.5,6419550.875552279,6426522.050242292,0.32591306947418686,0.33728678106538745,0.9972795546317917,1.012363030179034,7967.141356925305,8708.070231130405,-0.10009814019346384,-0.07410404520639156,1.4943500944597103,1.6762933982813835,0.0012278918836686212,0.003260093684694982,38970.42825983232,123607.24613301776
668abc4e-780d-47a7-ae1a-1384dd9d08d0,87,21.75,6419333.323866882,6426374.585942466,0.32621973565487844,0.33762497339181136,0.9972418161390322,1.0123904006981397,7976.035395501995,8738.01799454776,-0.10036550765495082,-0.0737765111802918,1.494506275870404,1.6767196602628553,0.0012521677164530971,0.0033637203127033907,39829.664855159564,128414.99867538232
668abc4e-780d-47a7-ae1a-1384dd9d08d0,88,22.0,6419114.442869511,6426227.608343582,0.3265267290836864,0.33796434852387897,0.9972037887016132,1.0124178141915001,7985.112789197058,8769.142981121713,-0.10064274362919402,-0.07343682773764262,1.4946633396810862,1.6771589566584635,0.0012768769807998618,0.0034715744947595396,40708.13178784808,133478.33970710664
668abc4e-780d-47a7-ae1a-1384dd9d08d0,89,22.25,6418894.177500422,6426081.139738444,0.3268340559488909,0.3383049526613942,0.9971654612973984,1.0124452736997474,7994.377150334586,8801.50911347998,-0.10093039344024742,-0.07308439637247761,1.4948212778742382,1.6776120076604446,0.0013020221683474244,0.0035838858065435444,41606.16137046017,138815.6572257349
668abc4e-780d-47a7-ae1a-1384dd9d08d0,90,22.5,6418672.469425151,6425935.203677764,0.32714172252425605,0.3386468345126015,0.9971268222420568,1.0124727824434212,8003.832116650691,8835.185012890188,-0.1012290426899049,-0.07271857764083817,1.4949800806360252,1.6780795881911306,0.001327605267371351,0.0037009004430366968,42524.07860990836,144447.058806426
668abc4e-780d-47a7-ae1a-1384dd9d08d0,91,22.75,6418449.25677307,6425789.825061869,0.3274497351656365,0.33899004547854955,0.9970878591352467,1.012500343836653,8013.481345955264,8870.244447523608,-0.10153932110660474,-0.07233868743619615,1.4951397362043288,1.678562533314461,0.0013536277051778975,0.0038228827749023303,43462.199361474406,150394.57197437075
668abc4e-780d-47a7-ae1a-1384dd9d08d0,92,23.0,6418224.473849129,6425645.030240875,0.3277581003069249,0.33933463985504064,0.9970485588011758,1.0125279615021665,8023.328510061155,8906.766833917784,-0.10186190685215157,-0.07194399283673626,1.4953002307051315,1.6790617443123916,0.001380090284987637,0.003950117086414824,44420.82825633424,156682.37274335945
668abc4e-780d-47a7-ae1a-1384dd9d08d0,93,23.25,6417998.050815401,6425500.847124292,0.3280668244552532,0.33968067505425253,0.9970089072228181,1.0125556392877473,8033.377287897343,8944.837799244211,-0.10219753135195818,-0.071533707464711,1.4954615479763353,1.6795781955243936,0.0014069931167441162,0.004082909520493429,45400.25637608967,163337.04698641333
668abc4e-780d-47a7-ae1a-1384dd9d08d0,94,23.5,6417769.91333853,6425357.305301155,0.3283759141853499,0.3400282118484173,0.9969688894689482,1.0125833812843639,8043.63135771265,8984.549813267518,-0.10254698472562439,-0.07110698628820732,1.495623669378026,1.6801129420652763,0.001434335541216847,0.004221590260650095,46400.758644538124,170387.89020006725
668abc4e-780d-47a7-ae1a-1384dd9d08d0,95,23.75,6417539.982198571,6425214.436171947,0.32868537613294063,0.3403773146382905,0.9969284896130284,1.0126111918461393,8054.094388265158,9026.002900412346,-0.10291112190796582,-0.07066291978389722,1.4957865735881015,1.6806671285570136,0.0014621160466893558,0.004366515984714806,47422.59090307146,177867.25231534807
668abc4e-780d-47a7-ae1a-1384dd9d08d0,96,24.0,6417308.172853992,6425072.273093738,0.3289952169870633,0.3407280517495521,0.9968876906428247,1.0126390756124093,8064.7700288795795,9069.305444188783,-0.10329086956656697,-0.07020052736526967,1.4959502363820945,1.6812419990348884,0.0014903321774366288,0.004518072631268701,48465.9866318198,185810.93554563893
668abc4e-780d-47a7-ae1a-1384dd9d08d0,97,24.25,6417074.394956785,6424930.851540203,0.3293054434811492,0.3410804957607612,0.9968464743594444,1.0126670375321372,8075.661898239994,9114.575098436258,-0.103687233941175,-0.06971874996394087,1.4961146303959145,1.6818389082180871,0.0015189804330922058,0.004676678526984082,49531.15327360133,194258.65490531514
668abc4e-780d-47a7-ae1a-1384dd9d08d0,98,24.5,6416838.551810595,6424790.209278415,0.32961606238269975,0.3414347238670528,0.9968048212642655,1.0126950828909946,8086.773571768445,9161.939822516573,-0.10410130975354218,-0.06921644163126325,1.4962797248701232,1.6824593343710976,0.0015480561578908418,0.004842787931859012,50618.26811211251,203254.5730646963
668abc4e-780d-47a7-ae1a-1384dd9d08d0,99,24.75,6416600.539763596,6424650.386564596,0.32992708048136044,0.34179081828443725,0.9967627104319632,1.0127232173414722,8098.108567420404,9211.539060829635,-0.10453429036464355,-0.06869236000278209,1.4964454853742275,1.6831048940264701,0.0015775534186341883,0.005016895069973891,51727.47364910713,212847.92372886837
668abc4e-780d-47a7-ae1a-1384dd9d08d0,100,25.0,6416360.247526382,6424511.426361393,0.3302385045751627,0.3421488667003606,0.9967201193675219,1.0127514469364363,8109.670329705671,9263.525090980822,-0.1049874793907851,-0.0681451554380828,1.4966118735093419,1.6837773588937188,0.0016074648700679184,0.0051995387263439686,52858.87241763816,223093.74087480866
668abc4e-780d-47a7-ae1a-1384dd9d08d0,101,25.25,6416117.55540341,6424373.374579623,0.3305503414546659,0.34250896277713805,0.9966770238447327,1.0127797781666268,8121.462211717311,9318.06456977601,-0.10546230403256682,-0.06757335861191113,1.4967788465874137,1.6844786753459269,0.0016377816061762176,0.0053913075062791,54012.52115962699,234053.71512904318
668abc4e-780d-47a7-ae1a-1384dd9d08d0,102,25.5,6415872.334424407,6424236.280347947,0.330862597884686,0.3428712067160162,0.9966333977232109,1.0128082180026692,8133.487454921056,9375.340312189472,-0.10596033042302641,-0.0669753662874338,1.4969463572850337,1.6852109869583431,0.0016684929956774191,0.00559284587312076,55188.42428548877,245797.20354771684
668abc4e-780d-47a7-ae1a-1384dd9d08d0,103,25.75,6415624.44535961,6424100.196314528,0.33117528058324275,0.34323570589099617,0.9965892127403966,1.0128367739422757,8145.7491664224335,9435.553345839371,-0.10648328136621825,-0.06634942494695588,1.4971143532696656,1.6859766606762494,0.0016995864997512574,0.005804861104241849,56386.52652148311,258402.4253781351
668abc4e-780d-47a7-ae1a-1384dd9d08d0,104,26.0,6415373.737599555,6423965.178985445,0.33148839619728987,0.3436025755632174,0.9965444382742991,1.0128654540634392,8158.250293387691,9498.925292702825,-0.10703305691844463,-0.06569361188648573,1.4972827767959092,1.686778317318342,0.0017310474697195223,0.006028131335047816,57606.70463599131,271957.8844462918
668abc4e-780d-47a7-ae1a-1384dd9d08d0,105,26.25,6415120.047876283,6423831.289105501,0.3318019512747134,0.34397193968872686,0.9964990410718862,1.0128942670845675,8170.993594246111,9565.701141316093,-0.10761175836590718,-0.0650058132945327,1.497451564269174,1.6876188672843015,0.0017628589220404032,0.006263514897966051,58848.758119019556,286564.0691758432
668abc4e-780d-47a7-ae1a-1384dd9d08d0,106,26.5,6414863.198798055,6423698.592088123,0.3321159522319811,0.3443439318349378,0.9964529849369468,1.0129232224326894,8183.981606243947,9636.152487205696,-0.10822171628070755,-0.06428369872756647,1.4976206457738632,1.6885015525411036,0.0017950012875382606,0.0065119612102248784,60112.398668959264,302335.49464703526
668abc4e-780d-47a7-ae1a-1384dd9d08d0,107,26.75,6414602.997163774,6423567.158502351,0.33243040531670515,0.3447186962241251,0.9964062303699175,1.0129523303210903,8197.216608852068,9710.581337674703,-0.10886552349993311,-0.0635246912582008,1.4977899445628586,1.689429996225283,0.0018274521312652559,0.006774523523406477,61397.23831651649,319403.1685659962
668abc4e-780d-47a7-ae1a-1384dd9d08d0,108,27.0,6414339.2320158705,6423437.064626507,0.3327453165642271,0.34509638892607064,0.9963587341504941,1.0129816018380122,8210.700582447807,9789.32460051995,-0.1095460740808122,-0.0627259323987655,1.4979593765047385,1.6904082615358176,0.0018601858387509104,0.007052373923069344,62702.77598661084,337917.5859373718
668abc4e-780d-47a7-ae1a-1384dd9d08d0,109,27.25,6414071.672381093,6423308.393080115,0.33306069174714237,0.34547717922665167,0.9963104488517232,1.0130110490483961,8224.435161593385,9872.759406394649,-0.11026660955325139,-0.061884240680888554,1.498128849484756,1.691440922029041,0.0018931732636154066,0.007346821063298523,64028.382263861786,358052.38756893075
668abc4e-780d-47a7-ae1a-1384dd9d08d0,110,27.5,6413800.064636832,6423181.233548088,0.33337653631644126,0.3458612512050288,0.9962613222715772,1.0130406851110783,8238.421582114348,9961.309453557791,-0.11103077413950474,-0.060996062485252196,1.498298262755126,1.6925331459966826,0.0019263813305607728,0.007659331245714947,65373.282084324535,380008.8580230234
668abc4e-780d-47a7-ae1a-1384dd9d08d0,111,27.75,6413524.129425477,6423055.683614326,0.3336928553326377,0.34624880555947607,0.9962112967645602,1.0130705244143956,8252.660621036397,10055.452614695243,-0.11184268106692975,-0.060057413343192555,1.4984675062296189,1.6936907983574345,0.001959772586563904,0.007991553614788895,66736.53502342968,404021.49315723806
668abc4e-780d-47a7-ae1a-1384dd9d08d0,112,28.0,6413243.558019871,6422931.849725734,0.33400965338486227,0.3466400617312755,0.9961603084514199,1.0131005827338464,8267.152528260529,10155.730112566544,-0.11270699270236226,-0.05906380744335017,1.4986364597168105,1.6949205644867233,0.0019933046916104074,0.008345350454398713,68117.01278488287,430364.94154529326
668abc4e-780d-47a7-ae1a-1384dd9d08d0,113,28.25,6412958.008017675,6422809.84831269,0.33432693449539047,0.3470352603881018,0.9961082862792195,1.013130877416334,8281.896948635322,10262.757660338566,-0.11362901804005184,-0.058010172430273635,1.4988049920855637,1.69623010174122,0.0020269298384322653,0.008722833852897023,69513.37341368251,459362.7259427663
668abc4e-780d-47a7-ae1a-1384dd9d08d0,114,28.5,6412667.098209398,6422689.807098339,0.3346447020064111,0.3474346663438063,0.9960551508963621,1.0131614275966632,8296.892832808593,10377.239082011447,-0.11461483215707235,-0.056890745718494916,1.4989729603554005,1.6976282262367146,0.00206059408834082,0.009126410381583624,70924.03165401732,491398.2924737883
668abc4e-780d-47a7-ae1a-1384dd9d08d0,115,28.75,6412370.402421094,6422571.866637439,0.3349629584449645,0.347838572011666,0.9960008132969791,1.0131922544534417,8312.138334891612,10499.983090399937,-0.11567142372299136,-0.05569894738033552,1.4991402087033068,1.6991251449027842,0.0020942366071946992,0.009558835941946528,72347.12474219462,526929.134122194
668abc4e-780d-47a7-ae1a-1384dd9d08d0,116,29.0,6412067.442074321,6422456.182136236,0.33528170536081,0.3482473015146499,0.9959451731754398,1.013223381513484,8327.630694523901,10631.924122295724,-0.11680687867887814,-0.054427223075612347,1.4993065673771568,1.700732746248187,0.0021277887816049737,0.010023283634697896,73780.47275741126,566505.0182551264
668abc4e-780d-47a7-ae1a-1384dd9d08d0,117,29.25,6411757.677127002,6422342.925619248,0.3356009431304024,0.34866121561141566,0.9958881169131912,1.0132548350164043,8343.366100352996,10774.148438684313,-0.11803061102890659,-0.05306684829576242,1.4994718515042662,1.702464968049172,0.0021611731903154983,0.010523428468725865,75221.53243537858,610791.7565085173
668abc4e-780d-47a7-ae1a-1384dd9d08d0,118,29.5,6411440.494950899,6422232.288527874,0.3359206707179957,0.3490807176439443,0.995829515094667,1.0132866443545567,8359.339531195414,10927.927131176884,-0.11935365568475227,-0.051607682124088665,1.4996358597814894,1.7043382669581795,0.002194302398878228,0.011063554080444626,76667.34306407822,660602.5537724666
668abc4e-780d-47a7-ae1a-1384dd9d08d0,119,29.75,6411115.196551978,6422124.484861624,0.33624088538189456,0.34950626077681707,0.995769219413543,1.0133188426081847,8375.544570157372,11094.758293495226,-0.12078904403474018,-0.050037854359209356,1.4997983730306337,1.70637222480726,0.002227077536602598,0.011648688555925248,78114.46270031403,716939.8635414807
668abc4e-780d-47a7-ae1a-1384dd9d08d0,120,30.0,6410780.979329947,6422019.7550080875,0.33656158230965694,0.3499383568863273,0.9957070587805503,1.013351467202137,8391.973185671892,11276.421510951235,-0.12235229126081114,-0.04834336358022615,1.49995915259957,1.7085903406928817,0.002259386602366813,0.012284779221466145,79558.89243263421,781052.0254107538
668abc4e-780d-47a7-ae1a-1384dd9d08d0,121,30.25,6410436.915273917,6421918.370456788,0.33688275416001334,0.350377587580655,0.9956428343722703,1.013384560719537,8408.615471613755,11475.04913685045,-0.12406203680670683,-0.046507554559499745,1.5001179385850192,1.7110210792458376,0.0022911024288232466,0.01297892033715405,80995.98571366457,854511.0417296492
668abc4e-780d-47a7-ae1a-1384dd9d08d0,122,30.5,6410081.923056894,6421820.639661157,0.3372043904804851,0.3508246180066299,0.9955763132556463,1.0134181719206095,8425.45933617697,11693.220797346132,-0.12594089810667564,-0.044510429764411094,1.5002744478471908,1.7136992778462816,0.00232208021070147,0.013739653707821401,82420.33880796615,939321.1301590246
668abc4e-780d-47a7-ae1a-1384dd9d08d0,123,30.75,6409714.731850534,6421726.915411716,0.3375264769566421,0.3512802143496959,0.9955072200674194,1.0134523570333145,8442.490125722305,11934.090582984696,-0.1280166265456792,-0.04232772892897699,1.500428371778677,1.7166680656889062,0.0023521544690616974,0.01457737149457859,83825.65701953178,1038072.977352221
668abc4e-780d-47a7-ae1a-1384dd9d08d0,124,31.0,6409333.833714875,6421637.604227775,0.337848994429173,0.3517452663021195,0.9954352259918703,1.0134871814095086,8459.69016482789,12201.561102008669,-0.13032370019780512,-0.039929678442258296,1.5005793737794249,1.7199815271240142,0.002381135274350027,0.015504864957534717,85204.58937011629,1154167.3660778357
668abc4e-780d-47a7-ae1a-1384dd9d08d0,125,31.25,6408937.419927541,6421553.178489388,0.33817191758426146,0.3522208163262281,0.9953599339144784,1.0135227216808826,8477.038186508456,12500.526129190555,-0.13290556173998228,-0.03727926103145498,1.5007270863749267,1.7237084710680386,0.002408803478753283,0.016538085942732646,86548.52146676769,1292146.7311870875
668abc4e-780d-47a7-ae1a-1384dd9d08d0,126,31.5,6408523.29426114,6421474.192357597,0.33849521317388853,0.35270809838467976,0.9952808580472724,1.0135590686110187,8494.508615703662,12837.216034208532,-0.13581783311319026,-0.03432977244898589,1.5008711078940018,1.7279378848326894,0.0024349045990494714,0.017697225836783015,87847.31187983774,1458199.3393673142
668abc4e-780d-47a7-ae1a-1384dd9d08d0,127,31.75,6408088.752387214,6421401.303039686,0.33881883754250647,0.3532085901378054,0.9951973953695574,1.0135963309374483,8512.070652467342,13219.701324307034,-0.13913305075252574,-0.031021290802408195,1.5010109985924847,1.7327870250582362,0.002459140821858826,0.019008280943719775,89088.95052980515,1660948.3704322304
668abc4e-780d-47a7-ae1a-1384dd9d08d0,128,32.0,6407630.410155182,6421335.299772164,0.33914273310059406,0.3537240847552442,0.9951087846191319,1.013634640655303,8529.687074965583,13658.646847338377,-0.1429478447447943,-0.027275438325455603,1.501146276064561,1.7384137695096455,0.0024811603334610457,0.02050538597451808,90259.10673637428,1912728.3954517613
668abc4e-780d-47a7-ae1a-1384dd9d08d0,129,32.25,6407143.952301349,6421277.144245149,0.3394668231462711,0.3542567920751249,0.9950140457506995,1.0136741604575095,8547.312639431115,14168.477340764824,-0.14739419339624682,-0.02298736989589095,1.5012764097154554,1.7450361076929273,0.0025005427325817523,0.022234403375096152,91340.51678113207,2231730.9923997894
668abc4e-780d-47a7-ae1a-1384dd9d08d0,130,32.5,6406623.752823826,6421228.028511717,0.3397910039961451,0.35480948505984256,0.9949118876292634,1.0137150945029627,8564.89188142357,14769.245682110195,-0.1526577725316844,-0.01801307811787258,1.5014008139617923,1.7529641078306175,0.002516778527224188,0.024258650810069813,92312.13051508255,2645777.246748129
668abc4e-780d-47a7-ae1a-1384dd9d08d0,131,32.75,6406062.279530022,6421189.460580859,0.3401151325358855,0.35538571874472824,0.9948005618521328,1.0137577045100497,8582.355993898562,15489.759663054649,-0.1590093004922198,-0.012148417582810742,1.501518839649581,1.762654800306817,0.002529239368269655,0.02666844742516334,93147.88266089534,3199315.6899790913
668abc4e-780d-47a7-ae1a-1384dd9d08d0,132,33.0,6405449.117072323,6421163.395710883,0.34043900555601037,0.35599017027753155,0.9946776205461967,1.0138023347444731,8599.618217595638,16373.093664149445,-0.1668611886608109,-0.0050926639754432165,1.5013116797528276,1.774811733577097,0.002537133149910921,0.029597883389392062,93814.85382657957,3967273.59422131
668abc4e-780d-47a7-ae1a-1384dd9d08d0,133,33.25,6404769.273656889,6421152.447016735,0.3407623233960779,0.356629191876385,0.9945394924220782,1.0138496689824104,8616.566704208914,17486.940891424303,-0.17687729779257844,0.0036231855972925567,1.5003553620231327,1.7905781564634746,0.0025394331013421562,0.033256245491785255,94270.3868871779,5084765.230582736
668abc4e-780d-47a7-ae1a-1384dd9d08d0,134,33.5,6404000.038626338,6421168.286590174,0.34108462119783634,0.3573117668507618,0.9943806875028104,1.0139009362601556,8622.164569801625,18944.67193368505,-0.19020510500566912,0.014778827378573533,1.498021381402934,1.8119449662995553,0.002531864369642469,0.037992125171435805,94111.57838866969,6817698.158496802
668abc4e-780d-47a7-ae1a-1384dd9d08d0,135,33.75,6403104.617262924,6421238.279051286,0.34140472178634396,0.3580513308661982,0.9941921587734919,1.0139583358267905,8578.089616792755,20952.892694402974,-0.2090511040391098,0.029803882854002102,1.4929596044199633,1.8427504860601316,0.0025046793443173287,0.044438219514914556,92151.68839265537,9754716.048901618
668abc4e-780d-47a7-ae1a-1384dd9d08d0,136,34.0,6402017.519606496,6421394.37532941,0.3417194169374663,0.35886940639154236,0.9939575323454386,1.0140262552106811,8419.200696588807,23934.587851179618,-0.23835742625978187,0.05172577619726822,1.4818997116794175,1.8915543748346075,0.002447283033690484,0.053890093304164687,86735.30867211419,15435860.559420845
668abc4e-780d-47a7-ae1a-1384dd9d08d0,137,34.25,6400604.739796615,6421703.746113503,0.3420216838035808,0.3598040565927437,0.9936428000087787,1.014114878873137,7953.673239027859,28918.198585003352,-0.29184078217871456,0.08836810745395599,1.4550221635541303,1.9817452015766235,0.002339281235842495,0.06954030539405462,73992.53921186448,29076964.715650186
668abc4e-780d-47a7-ae1a-1384dd9d08d0,138,34.5,6398524.685163924,6422341.776587933,0.3422935413469793,0.3609335669968623,0.9931607139089126,1.0142542815999511,6420.98828456959,39209.203309391596,-0.42530110596715454,0.17025569855372025,1.3702579056253008,2.2045786067646493,0.0021339852509654443,0.1021605740099465,43991.13557282817,78528872.99238184
668abc4e-780d-47a7-ae1a-1384dd9d08d0,139,34.75,6394480.304047858,6424002.623117237,0.34247700491067007,0.36246552964601425,0.9921910102611851,1.0145804604538813,-1584.2461401179535,72906.65351304846,-1.1578082007632498,0.5859626947475428,0.834201012302372,3.3310470781463355,0.0015094284194151545,0.22320487149255738,-12890313.954705488,593209369.0316046
b040a2ba-eba1-4ef8-b8c1-61d0d44b362e,0,0.0,6435923.266468614,6439941.012097669,0.3002926942190099,0.31030191592354633,0.9999723692334324,1.0100276307665677,7601.718517253831,7803.1895474425,-0.0908071711678851,-0.08375221836361663,1.483632367999489,1.6581895391367112,0.00023349226706843374,0.0004255131881264079,6746.306597443812,12954.699464330773
b040a2ba-eba1-4ef8-b8c1-61d0d44b362e,1,0.25,6435746.363432525,6439782.032910751,0.30058545726706254,0.31060396419772895,0.9999446836280271,1.0100552439301924,7603.468420858876,7806.447142537303,-0.09085774212246273,-0.08372774849072757,1.4837352183205823,1.6583171190467019,0.00023822751407322855,0.0004348187057059917,6886.291716286749,13249.060102090523
b040a2ba-eba1-4ef8-b8c1-61d0d44b362e,2,0.5,6435569.288256772,6439623.06347806,0.3008782903132372,0.31090614749460604,0.9999169426270457,1.0100828395969355,7605.250308520829,7809.77434041818,-0.09090884608319962,-0.08370237498586697,1.4838384195721426,1.6584455460408862,0.00024304949167185024,0.0004443199210844865,7028.97091401255,13550.10811052196
b040a2ba-eba1-4ef8-b8c1-61d0d44b362e,3,0.75,6435392.038243721,6439464.104864586,0.30117119454871233,0.31120846854730966,0.9998891456611598,1.0101104178760705,7607.064788308702,7813.17273437403,-0.09096049546761215,-0.08367607790772995,1.4839419762260466,1.6585748374539002,0.0002479595731418979,0.0004540209526877716,7174.392202711694,13858.006211629188
b040a2ba-eba1-4ef8-b8c1-61d0d44b362e,4,1.0,6435214.610631436,6439305.158162227,0.30146417118713936,0.3115109301515457,0.9998612921481189,1.0101379788801699,7608.912478810987,7816.643956947325,-0.09101270300387573,-0.0836488368531014,1.484045892812445,1.6587050110508152,0.00025295914773399504,0.0004639260128129581,7322.6043802546255,14172.92177221966
b040a2ba-eba1-4ef8-b8c1-61d0d44b362e,5,1.25,6435037.002592,6439146.224490538,0.30175722146502165,0.3118135351671369,0.9998333814924056,1.0101655227251918,7610.794009293386,7820.1896810716635,-0.09106548174005338,-0.08362063094467515,1.484150173919804,1.658836085039673,0.00025804962065465635,0.00047403941019676885,7473.657041295875,14495.026968078248
b040a2ba-eba1-4ef8-b8c1-61d0d44b362e,6,1.5,6434859.211229789,6438987.304997515,0.3020503466420988,0.31211628651961104,0.9998054130848819,1.0101930495305718,7612.710019858092,7823.811621250127,-0.09111884505366277,-0.08359143881847599,1.4842548241949098,1.6589680780844716,0.00026323241303823677,0.00048436555267269656,7627.600588329616,14824.498955194013
b040a2ba-eba1-4ef8-b8c1-61d0d44b362e,7,1.75,6434681.233579687,6438828.400860389,0.3023435480017358,0.31241918720183504,0.9997773863024233,1.0102205594193159,7614.661161604578,7827.511534776208,-0.0911728066615968,-0.08356123861086846,1.4843598483428306,1.6591010093186231,0.0002685089619077836,0.0004949089499207408,7784.486242801109,15161.520048393853
b040a2ba-eba1-4ef8-b8c1-61d0d44b362e,8,2.0,6434503.066605247,6438669.513286461,0.302636826851318,0.3127222402756972,0.9997493005075416,1.010248052518098,7616.648096791878,7831.291222999177,-0.09122738063041326,-0.08353000794513533,1.4844652511268361,1.6592348983589051,0.00027388072012362116,0.0005056742163136874,7944.366056249955,15506.277907756776
b040a2ba-eba1-4ef8-b8c1-61d0d44b362e,9,2.25,6434324.707196791,6438510.643513958,0.30293018452265075,0.3130254488738394,0.9997211550479955,1.0102755289573595,7618.6714990023065,7835.152532635857,-0.09128258138701005,-0.08349772391760803,1.4845710373682708,1.659369765319926,0.00027934915631949557,0.0005166660738641607,8107.292921490093,15858.965733205903
b040a2ba-eba1-4ef8-b8c1-61d0d44b362e,10,2.5,6434146.152169457,6438351.792812914,0.30322362237236494,0.3133288162014404,0.999692949256389,1.0103029888714132,7620.732053306592,7839.097357130848,-0.09133842372970336,-0.0834643630833304,1.484677211946379,1.6595056308291285,0.0002849157548254231,0.0005278893552762296,8273.320583811717,16219.782467677996
b040a2ba-eba1-4ef8-b8c1-61d0d44b362e,11,2.75,6433967.39826117,6438192.962486085,0.30351714178232725,0.3136323455380533,0.999664682449756,1.0103304323985505,7622.830456430367,7843.127638067383,-0.09139492283972694,-0.0834299014412362,1.4847837797980783,1.6596425160423554,0.0002905820155765114,0.0005393490071072891,8442.503652194098,16588.93300934729
b040a2ba-eba1-4ef8-b8c1-61d0d44b362e,12,3.0,6433788.44213056,6438034.153869893,0.30381074416005616,0.31393604023949795,0.9996363539291324,1.0103578596811507,7624.96741692197,7847.245366631094,-0.09145209429317172,-0.08339431441881974,1.4848907459176806,1.6597804426600038,0.0002963494540070619,0.0005510500930436626,8614.897610519423,16966.628433329217
b040a2ba-eba1-4ef8-b8c1-61d0d44b362e,13,3.25,6433609.280354803,6437875.368335407,0.30410443093914297,0.3142399037398111,0.9996079629791131,1.0103852708657965,7627.143655321507,7851.452585129077,-0.09150995407338582,-0.08335757685627813,1.484998115356554,1.6599194329437932,0.0003022196009290889,0.0005629977972960382,8790.558828772884,17353.08622339147
b040a2ba-eba1-4ef8-b8c1-61d0d44b362e,14,3.5,6433429.909427399,6437716.607289342,0.3043982035796784,0.31454393955325616,0.999579508867395,1.0104126661033923,7629.359904331113,7855.7513885667895,-0.09156851858385638,-0.0833196629901024,1.4851058932227266,1.6600595097341782,0.0003081940023947865,0.0005751974281192409,8969.544574225709,17748.530514171616
b040a2ba-eba1-4ef8-b8c1-61d0d44b362e,15,3.75,6433250.325755863,6437557.872175112,0.3046920635686843,0.3148481512763954,0.9995509908443042,1.0104400455492857,7631.6169089863415,7860.143926285436,-0.09162780466159541,-0.08328054643609363,1.4852140846804263,1.6602006964684337,0.00031427421954143074,0.0005876544214627971,9151.91302256759,18153.19234448356
b040a2ba-eba1-4ef8-b8c1-61d0d44b362e,16,4.0,6433070.525659357,6437399.164473903,0.30498601242055073,0.31515254259022596,0.9995224081423081,1.0104674093633947,7633.915426828619,7864.632403662642,-0.09168782959105333,-0.08324020017177909,1.4853226949495542,1.6603430171994458,0.00032046182841870464,0.0006003743447571998,9337.723268998561,18567.30992227159
b040a2ba-eba1-4ef8-b8c1-61d0d44b362e,17,4.25,6432890.505366226,6437240.485705791,0.3052800516774785,0.31545711726238296,0.9994937599755098,1.010494757710339,7636.256228078689,7869.219083879375,-0.09174861111858501,-0.08319859651820198,1.485431729305088,1.6604864966152406,0.00032675841979673824,0.0006133629008426046,9527.035339241038,18991.128901853233
b040a2ba-eba1-4ef8-b8c1-61d0d44b362e,18,4.5,6432710.261011459,6437081.837430896,0.3055741829099265,0.31576187914941234,0.9994650455391265,1.0105220907595747,7638.640095810947,7873.906289756206,-0.0918101674674945,-0.08315570695317968,1.4855411930764122,1.6606311600592871,0.00033316559895430625,0.0006266259320464345,9719.910200466162,19424.902674112076
b040a2ba-eba1-4ef8-b8c1-61d0d44b362e,19,4.75,6432529.788634062,6436923.221250897,0.3058684077170648,0.31606683219911974,0.9994362640089484,1.0105494086855362,7641.067826127217,7878.696405662263,-0.09187251735368632,-0.08311150232292502,1.4856510916465318,1.660777033551611,0.00033968498543145587,0.0006401694244191803,9916.40977168215,19868.892670419253
b040a2ba-eba1-4ef8-b8c1-61d0d44b362e,20,5.0,6432349.084174337,6436764.638810148,0.30616272772723274,0.3163719804529889,0.9994074145407802,1.0105767116677815,7643.5402283329595,7883.591879500226,-0.09193568000195218,-0.08306595285034145,1.4857614304512539,1.6609241438107578,0.0003463182127789972,0.0006539995121297069,10116.596934548197,20323.368680846266
b040a2ba-eba1-4ef8-b8c1-61d0d44b362e,21,5.25,6432168.1434710715,6436606.091796785,0.3064571445984019,0.3166773280486773,0.999378496269863,1.0106039998911422,7646.058125114396,7888.595224771057,-0.09199967516292376,-0.08301902802160097,1.4858722149782915,1.6610725182766493,0.0003530669282881303,0.000668122482030522,10320.535544134373,20788.60918754953
b040a2ba-eba1-4ef8-b8c1-61d0d44b362e,22,5.5,6431986.962258626,6436447.5819440475,0.3067516600186447,0.31698287922259516,0.9993495083102751,1.0106312735458802,7648.622352715429,7893.709022722341,-0.09206452313072423,-0.0829706965643294,1.4859834507662564,1.661222185134373,0.00035993279268807017,0.0006825447784029078,10528.29043928045,21264.9017142275
b040a2ba-eba1-4ef8-b8c1-61d0d44b362e,23,5.75,6431805.536163919,6436289.111031659,0.30704627570660764,0.317288638312569,0.9993204497543126,1.01065853282785,7651.23376111493,7898.935924584307,-0.09213024476135269,-0.08292092642497385,1.4860951434035585,1.6613731733389554,0.0003669174798181461,0.0006972730078888779,10739.927452753729,21752.543192499186
b040a2ba-eba1-4ef8-b8c1-61d0d44b362e,24,6.0,6431623.860703306,6436130.680887245,0.30734099341199,0.3175946097605934,0.9992913196718464,1.0106857779386658,7653.893214204247,7904.278653897821,-0.0921968614918379,-0.08286968474531423,1.486207298527205,1.6615255126411648,0.00037402267627308756,0.0007123139446190227,10955.51342117781,22251.840346160632
b040a2ba-eba1-4ef8-b8c1-61d0d44b362e,25,6.25,6431441.931279348,6435972.293387807,0.30763581491602693,0.31790079811567395,0.9992621171096575,1.0107130090858767,7656.601589964803,7909.740008938901,-0.09226439536019956,-0.08281693783807881,1.4863199218214946,1.6616792336143966,0.00038125008102020993,0.0007276745355456019,11175.11619470403,22763.11009433076
b040a2ba-eba1-4ef8-b8c1-61d0d44b362e,26,6.5,6431259.743177458,6435813.950461256,0.3079307420319778,0.3182072080367656,0.9992328410907472,1.010740226483147,7659.359780645614,7915.322865244563,-0.0923328690262577,-0.08276265116162157,1.4864330190166017,1.661834367682697,0.0003886014049868424,0.000743361905990787,11398.80464638601,23286.679974563704
b040a2ba-eba1-4ef8-b8c1-61d0d44b362e,27,6.75,6431077.291562431,6435655.65408799,0.3082257766056192,0.3185138442958103,0.9992034906136221,1.0107674303504437,7662.1686929405705,7921.030178245082,-0.0924023057933329,-0.0827067892936164,1.4865465958870459,1.6619909471499814,0.00039607837061715135,0.0007593833654203836,11626.648681241144,23822.88858707096
b040a2ba-eba1-4ef8-b8c1-61d0d44b362e,28,7.0,6430894.571474843,6435497.406302535,0.30852092051574237,0.31882071178087845,0.9991740646515532,1.0107946209142307,7665.029248165295,7926.864986008048,-0.09247272963088288,-0.0826493159037212,1.4866606582500383,1.662149005230511,0.0004036827113959766,0.0007757464134547538,11858.71924493741,24372.086061296726
b040a2ba-eba1-4ef8-b8c1-61d0d44b362e,29,7.25,6430711.577827318,6435339.209195253,0.3088161756746555,0.31912781549941766,0.9991445621518071,1.0108217984076715,7667.9423824333835,7932.830412099915,-0.09254416519812335,-0.0825901937251618,1.4867752119637034,1.6623085760806904,0.00041141617133869514,0.0007924587461278588,12095.088332084275,24934.634546125715
b040a2ba-eba1-4ef8-b8c1-61d0d44b362e,30,7.5,6430528.305400657,6435181.0649141045,0.3091115440286903,0.3194351605816146,0.9991149820348482,1.0108489630708393,7670.9090468318245,7938.929668571086,-0.09261663786868411,-0.08252938452518309,1.4868902629251646,1.6624696948322588,0.0004192805044451632,0.000809528262406942,12335.828994077641,25510.90872511845
b040a2ba-eba1-4ef8-b8c1-61d0d44b362e,31,7.75,6430344.748839817,6435022.975666476,0.3094070275587124,0.31974275228387383,0.9990853231935107,1.0108761151509338,7673.93020759537,7945.16605907091,-0.09269017375635415,-0.08246684907431148,1.487005817068491,1.6626323976269448,0.00042727747411607463,0.000826963070986727,12581.015346456465,26101.29635828238
b040a2ba-eba1-4ef8-b8c1-61d0d44b362e,32,8.0,6430160.902649742,6434864.943721088,0.30970262828063677,0.32005059599241936,0.9990555844921396,1.0109032549025088,7677.006846279617,7951.542982099377,-0.092764799741973,-0.08240254711436974,1.4871218803624977,1.6627967216526653,0.00043540885252966094,0.0008447714973712356,12830.722575715878,26706.198851939247
b040a2ba-eba1-4ef8-b8c1-61d0d44b362e,33,8.25,6429976.761191028,6434706.971409959,0.3099983482459461,0.3203586972270238,0.9990257647656978,1.0109303825877067,7680.1399599325505,7958.063934402709,-0.09284054350152902,-0.0823364373251816,1.48723845880839,1.66296270518135,0.0004436764199770338,0.0008629620912579951,13085.026945531774,27326.031858383725
b040a2ba-eba1-4ef8-b8c1-61d0d44b362e,34,8.5,6429792.318675433,6434549.061130461,0.3102941895422135,0.3206670616448712,0.998995862818839,1.0109574984765042,7683.330561264262,7964.732514520451,-0.09291743353552867,-0.08226847728990011,1.4873555584372475,1.6631303876084795,0.00045208196415389676,0.0008815436342402811,13344.005802333935,27961.225907144522
b040a2ba-eba1-4ef8-b8c1-61d0d44b362e,35,8.75,6429607.569161196,6434391.215347443,0.3105901542936285,0.32097569504455914,0.9989658774249442,1.0109846028469653,7686.579678814556,7971.552426492179,-0.0929954991997053,-0.08219862345888945,1.4874731853073386,1.6632998094944318,0.0004606272794066694,0.000900525147844436,13607.737580173174,28612.22706979944
b040a2ba-eba1-4ef8-b8c1-61d0d44b362e,36,9.0,6429422.506548184,6434233.436595435,0.31088624466152637,0.32128460337024706,0.9989358073251202,1.0110116959855073,7689.888357118131,7978.527483732398,-0.09307477073713988,-0.08212683111208603,1.4875913455012555,1.663471012607734,0.0004693141659306684,0.0009199159019188059,13876.301804814862,29279.4976603833
b040a2ba-eba1-4ef8-b8c1-61d0d44b362e,37,9.25,6429237.12457284,6434075.72748095,0.31118246284492046,0.32159379271595623,0.9989056512271579,1.0110387781871755,7693.2576568669865,7985.6616130827915,-0.09315527931187065,-0.08205305431975983,1.4877100451228653,1.6636440399703274,0.0004781444289179071,0.0009397254233937523,14149.779096987642,29963.51697363212
b040a2ba-eba1-4ef8-b8c1-61d0d44b362e,38,9.5,6429051.416802933,6433918.09068486,0.3114788110810374,0.32190326933002944,0.9988754078044492,1.0110658497559293,7696.688655069707,7992.958859051506,-0.0932370570440737,-0.08197724590159251,1.4878292902940637,1.6638189359049587,0.0004871198776522194,0.0009599635054315552,14428.251174718775,30664.782063407485
b040a2ba-eba1-4ef8-b8c1-61d0d44b362e,39,9.75,6428865.3766321,6433760.528964881,0.31177529164585466,0.3222130396197574,0.9988450756948595,1.0110929110049414,7700.182445207233,8000.423388249808,-0.09332013704690151,-0.08189935738398336,1.4879490871513252,1.6639957460848136,0.0004962423245488282,0.000980640216987851,14711.800854668834,31383.80856386614
b040a2ba-eba1-4ef8-b8c1-61d0d44b362e,40,10.0,6428678.997274149,6433603.045158144,0.31207190685464026,0.32252311015617924,0.9988146534995545,1.011119962256908,7703.740137384699,8008.059494037106,-0.09340455346507219,-0.08181933895548879,1.4880694418420382,1.6641745175855263,0.0005055135841359124,0.001001765912806925,15000.512052389422,32121.131556103235
b040a2ba-eba1-4ef8-b8c1-61d0d44b362e,41,10.25,6428492.271757151,6433445.6421838775,0.31236865906249445,0.3228334876790661,0.998784139781778,1.0111470038443726,7707.362858478905,8015.871601386019,-0.09349034151530818,-0.08173713942029506,1.4881903605206153,1.6643552989396955,0.0005149354719750885,0.001023351243873407,15294.469781406882,32877.30648315889
b040a2ba-eba1-4ef8-b8c1-61d0d44b362e,42,10.5,6428305.19291727,6433288.323046191,0.3126655506648926,0.32314417910209553,0.9987535330655797,1.011174036110063,7711.051752280952,8023.864271979973,-0.09357753752872937,-0.08165270614961774,1.488311849344369,1.664538140194056,0.0005245098035179211,0.0010454071683467167,15593.760151038712,33652.910116565545
b040a2ba-eba1-4ef8-b8c1-61d0d44b362e,43,10.75,6428117.753392343,6433131.090836977,0.31296258409822925,0.3234551915182265,0.9987228318344878,1.0112010594072423,7714.807979633526,8032.042209556576,-0.09366617899531296,-0.08156598503091442,1.4884339144691399,1.6647230929694594,0.0005342383928949986,0.0010679449630041562,15898.470362829887,34448.54157778063
b040a2ba-eba1-4ef8-b8c1-61d0d44b362e,44,11.0,6427929.945615189,6432973.948738928,0.31325976184036275,0.3237665322052844,0.9986920345301277,1.0112280741000765,7718.632718562301,8040.41026551096,-0.09375630461053931,-0.08147692041479002,1.4885565620446661,1.6649102105238305,0.0005441230516346949,0.0010909762352219023,16208.688705511277,35264.82341815303
b040a2ba-eba1-4ef8-b8c1-61d0d44b362e,45,11.25,6427741.761806628,6432816.9000286795,0.3135570864111599,0.3240782086317665,0.9986611395507787,1.0112550805640155,7722.527164400886,8048.9734447741685,-0.09384795432435145,-0.08138545505946615,1.488679798209684,1.6650995478182742,0.0005541655873076793,0.0011145129355229623,16524.504548347937,36102.40276127931
b040a2ba-eba1-4ef8-b8c1-61d0d44b362e,46,11.5,6427553.193968204,6432659.948080079,0.3138545603730404,0.32439022846287824,0.998630145249871,1.0112820791861923,7726.492529908696,8057.7369119827345,-0.09394116939256418,-0.08129153007267752,1.4888036290867428,1.6652911615865258,0.0005643678020938216,0.0011385673707258773,16846.008332759666,36961.952511989824
b040a2ba-eba1-4ef8-b8c1-61d0d44b362e,47,11.75,6427364.233874594,6432503.096367595,0.3141521863315199,0.32470259956681213,0.9985990499344152,1.011309070365839,7730.530045381098,8066.705997956658,-0.09403599243086841,-0.08119508485084942,1.4889280607767255,1.6654851104079431,0.0005747314912672381,0.0011631522177273294,17173.29156206595,37844.172636437426
b040a2ba-eba1-4ef8-b8c1-61d0d44b362e,48,12.0,6427174.873065681,6432346.348469869,0.3144499669357524,0.3250153300212815,0.998567851863363,1.0113360545147212,7734.640958751125,8075.886206504194,-0.0941324674715858,-0.08109605701540054,1.4890530993530566,1.6656814547842602,0.0005852584415957859,0.0011882805379559043,17506.446789220623,38749.79151816862
b040a2ba-eba1-4ef8-b8c1-61d0d44b362e,49,12.25,6426985.102838277,6432189.708073416,0.3147479048790692,0.32532842812032153,0.998536549245896,1.0113630320575915,7738.826535682022,8085.283221573126,-0.0942306400233401,-0.08099438234600471,1.4891787508555865,1.6658802572203326,0.0005959504296504867,0.0012139657925368007,17845.567602373067,39679.56739543949
b040a2ba-eba1-4ef8-b8c1-61d0d44b362e,50,12.5,6426794.914237478,6432033.178976479,0.3150460028995162,0.3256419023813714,0.9985051402396353,1.0113900034326635,7743.088059649807,8094.902914769591,-0.09433055713382292,-0.08088999471063417,1.489305021284134,1.666081582309125,0.0006068092200204248,0.0012402218582077372,18190.74860809053,40634.289885380254
b040a2ba-eba1-4ef8-b8c1-61d0d44b362e,51,12.75,6426604.29804763,6431876.765093058,0.3153442637803868,0.3259557615526522,0.998473622948773,1.0114169690921067,7747.42683201502,8104.751353266989,-0.09443226745584425,-0.08078282599219443,1.4894319165916727,1.6662854968212055,0.0006178365634282558,0.0012670630440326316,18542.085412059056,41614.781601174654
b040a2ba-eba1-4ef8-b8c1-61d0d44b362e,52,13.0,6426413.244782882,6431720.470457106,0.3156426903507509,0.3262700146208555,0.9984419954221145,1.0114439295025641,7751.844172082733,8114.834808129135,-0.09453582131687174,-0.08067280601154796,1.489559442677146,1.666492069799035,0.0006290341947414704,0.0012945041089599874,18899.674597076166,42621.89986882202
b040a2ba-eba1-4ef8-b8c1-61d0d44b362e,53,13.25,6426221.744677303,6431564.299226904,0.31594128548597794,0.3265846708191591,0.9984102556510339,1.0114708851456944,7756.341417149858,8125.159763073535,-0.09464127079227738,-0.08055986244670944,1.4896876053778885,1.6667013726563575,0.0006404038308742487,0.0013225602802769585,19263.613698133435,43656.53855060738
b040a2ba-eba1-4ef8-b8c1-61d0d44b362e,54,13.5,6426029.78767455,6431408.255689643,0.3162400521082547,0.32689973963558777,0.9983784015673304,1.0114978365187368,7760.919922538722,8135.73292370256,-0.09474866978252604,-0.08044392074798024,1.4898164104616416,1.6669134792830222,0.0006519471685736549,0.001351247273014317,19634.001174348796,44719.62998300966
b040a2ba-eba1-4ef8-b8c1-61d0d44b362e,55,13.75,6425837.363417037,6431252.34426619,0.31653899318709505,0.3272152308217359,0.9983464310409855,1.0115247841351047,7765.581061615798,8146.561227232311,-0.09485807409455778,-0.08032490404877282,1.4899458636181404,1.6671284661555932,0.0006636658820855186,0.0013805813103611524,20010.93637754998,45812.147037406736
b040a2ba-eba1-4ef8-b8c1-61d0d44b362e,56,14.0,6425644.461234604,6431096.569516079,0.3168381117398422,0.3275311544018735,0.9983143418778131,1.011551728525006,7770.3262257944225,8157.6518527511935,-0.09496954152763418,-0.08020273307185852,1.490075970450253,1.667346412454127,0.0006755616206926253,0.001410579145151866,20394.5195172217,46935.105312616986
b040a2ba-eba1-4ef8-b8c1-61d0d44b362e,57,14.25,6425451.070132638,6430940.936142721,0.317137410832161,0.3278475206824549,0.9982821318169949,1.011578670236092,7775.156824520234,8169.0122320426,-0.09508313196393953,-0.0800773260307517,1.4902067364646518,1.6675674001855312,0.0006876360061192476,0.0014412580824932906,20784.85162156403,48089.56546910381
b040a2ba-eba1-4ef8-b8c1-61d0d44b362e,58,14.5,6425257.178779623,6430785.4489988545,0.3174368935785199,0.32816434026205277,0.9982497985284974,1.0116056098341393,7780.074285238,8180.6500610087005,-0.09519890746424943,-0.07994859852592316,1.490338167061995,1.6677915143139466,0.0006998906297954797,0.0014729722196341255,21182.03449438428,49287.88601412733
b040a2ba-eba1-4ef8-b8c1-61d0d44b362e,59,14.75,6425062.775494074,6430630.113092235,0.31773656314266097,0.3284816240417419,0.9982173396103607,1.0116325479037616,7785.080053338391,8192.57598153686,-0.09531695754088135,-0.07981643867264085,1.490470267526596,1.668018870057168,0.0007123270499733987,0.00151217569146133,21586.17066749247,50747.33177343158
b040a2ba-eba1-4ef8-b8c1-61d0d44b362e,60,15.0,6424867.848116,6430474.933639642,0.3180364227365408,0.32879938334013736,0.9981847525660944,1.011659485057991,7790.175591693551,8204.852227529509,-0.09543785745524967,-0.07968025624995999,1.4906030429913306,1.668250108047214,0.0007249467833744595,0.0015526170160036028,21997.363184857353,52260.77829396384
b040a2ba-eba1-4ef8-b8c1-61d0d44b362e,61,15.25,6424672.381782713,6430319.916996357,0.3183364755915385,0.3291176319067948,0.9981520344209465,1.0116864221084723,7795.362372893722,8217.491932842642,-0.09556171876792428,-0.07953991297967676,1.4907364979517856,1.6684853712427563,0.0007377511977997105,0.0015943438491861374,22415.712334060234,53830.76699392179
b040a2ba-eba1-4ef8-b8c1-61d0d44b362e,62,15.5,6424476.361032569,6430165.069781763,0.31863672498637285,0.32943638400670083,0.9981191820819547,1.0117133599024808,7800.641885232081,8230.508859018448,-0.09568865848250628,-0.07939526447010523,1.4908706366786135,1.6687248095513996,0.0007507416007190183,0.001637406131997409,22841.31839011512,55459.99042003535
b040a2ba-eba1-4ef8-b8c1-61d0d44b362e,63,15.75,6424279.769774246,6430010.39889241,0.3189371742472121,0.32975565444490695,0.9980861923318431,1.0117402993247393,7806.015632315624,8243.917433202301,-0.0958187993760019,-0.07924615986847659,1.4910054631979088,1.66896858025979,0.0007639192339494242,0.0016818562272078556,23274.281485428124,57151.303321024694
b040a2ba-eba1-4ef8-b8c1-61d0d44b362e,64,16.0,6424082.59125406,6429855.911515872,0.3192378267477358,0.330075458592652,0.9980530618225206,1.0117672412993464,7811.485132623768,8257.73278887972,-0.09595227035375252,-0.07909244148856223,1.4911409812703846,1.6692168484966037,0.0007772852679878175,0.0017277490661194328,23714.701467604307,58907.73469245399
b040a2ba-eba1-4ef8-b8c1-61d0d44b362e,65,16.25,6423884.808021138,6429701.615145422,0.31953868590914547,0.3303958124150832,0.9980197870681503,1.0117941867918245,7817.051919010384,8271.970809684122,-0.09608920683110378,-0.07893394441138153,1.4912771943692773,1.66946978773142,0.000790840795974928,0.0017751423062285542,24162.677744116598,60732.50089268379
b040a2ba-eba1-4ef8-b8c1-61d0d44b362e,66,16.5,6423686.401890294,6429547.517595607,0.3198397552001175,0.3307167325006962,0.9979863644377548,1.0118211368112995,7822.71753814467,8286.648176552264,-0.09622975114422407,-0.07877049605663829,1.4914141056569037,1.6697275803128082,0.0008045868272650594,0.0018240965007727072,24618.309112743675,62629.01994127368
b040a2ba-eba1-4ef8-b8c1-61d0d44b362e,67,16.75,6423487.353902412,6429393.627018782,0.3201410381366945,0.3310382360926261,0.9979527901473197,1.0118480924128175,7828.483549885843,8301.78241853346,-0.09637405299273624,-0.07860191572228634,1.4915517179597906,1.6699904180493137,0.0008434007967939131,0.0018746752812324277,25843.974148943493,64600.92712450103
b040a2ba-eba1-4ef8-b8c1-61d0d44b362e,68,17.0,6423287.644282145,6429239.951922674,0.32044253828210817,0.33136034112193224,0.9979190602513534,1.011875054699813,7834.52411278145,8317.391967591291,-0.09652226991711188,-0.07842801408935393,1.4916911852495984,1.6702585028374322,0.0008602946807988506,0.0019269455539742716,26402.343991258826,66652.09204779315
b040a2ba-eba1-4ef8-b8c1-61d0d44b362e,69,17.25,6423087.252392692,6429086.497808614,0.3207442658932643,0.3316830662430337,0.9978851706338562,1.011902024434969,7840.687861949909,8333.496217773329,-0.0966745510785669,-0.07824859606746433,1.4918314858621136,1.6705320437686888,0.0008775282633613009,0.001980977705839124,26973.633187323536,68786.63706606186
b040a2ba-eba1-4ef8-b8c1-61d0d44b362e,70,17.5,6422886.156722109,6428933.273577343,0.3210462253837168,0.33200643087138115,0.9978511169998756,1.0119290027813457,7846.9774955282455,8350.115588378243,-0.0968310691859994,-0.07806345406797979,1.4919726277275167,1.670811264333411,0.0008951073072806592,0.0020368458350797807,27558.141203256702,71008.95776993368
b040a2ba-eba1-4ef8-b8c1-61d0d44b362e,71,17.75,6422684.334801389,6428780.288525399,0.3213484212557247,0.33233045522376264,0.9978168948641586,1.0119559909563147,7853.395765241112,8367.271593687301,-0.09699200631055505,-0.07787237023075384,1.492114618476662,1.6710964002371262,0.0009130375717632765,0.002094628000769879,28156.172768023207,73323.74547128692
b040a2ba-eba1-4ef8-b8c1-61d0d44b362e,72,18.0,6422481.763149281,6428627.552367074,0.3216508581014127,0.3326551603612744,0.9977824995400622,1.0119829902346653,7859.945476676495,8384.986917880187,-0.0971575545277815,-0.07767511576240717,1.4922574654038432,1.6713877002575326,0.0009313248022385987,0.0021544064902044554,28768.037755235622,75736.0118030128
b040a2ba-eba1-4ef8-b8c1-61d0d44b362e,73,18.25,6422278.417213088,6428475.075257871,0.321953540603875,0.3329805682352318,0.9977479261276423,1.0120100019519283,7866.6294894707435,8403.285496281169,-0.0973279166140526,-0.07747145022095095,1.492401175426641,1.6716854271759025,0.0009499747191521053,0.0022162681085525276,29394.05103597021,78251.11577275177
b040a2ba-eba1-4ef8-b8c1-61d0d44b362e,74,18.5,6422074.271305073,6428322.867819574,0.32225647353821313,0.33330670173626853,0.9977131695008484,1.0120370275079376,7873.450717391385,8422.192603576303,-0.09750330680275726,-0.07726112074148185,1.4925457550426384,1.6719898587906632,0.0009689930056459404,0.0022803044929816446,30034.532299215687,80874.793557287
b040a2ba-eba1-4ef8-b8c1-61d0d44b362e,75,18.75,6421869.298534074,6428170.941167078,0.32255966177249723,0.3336335847468971,0.997678224293739,1.0120640683706512,7880.412128304971,8441.734949718279,-0.09768395160640007,-0.07704386119706158,1.4926912102827692,1.6723012890218376,0.0009883852940292073,0.002346612453736078,30689.80583618248,83613.19136289314
b040a2ba-eba1-4ef8-b8c1-61d0d44b362e,76,19.0,6421663.470731889,6428019.306937125,0.3228631102686387,0.33396124219783296,0.997643084885628,1.0120911260802528,7887.516744015849,8461.940784321707,-0.09787009071150082,-0.0768193912882007,1.4928375466610528,1.6726200291161035,0.0010081571509314951,0.002415294344939698,31360.20028430865,86472.90172117809
b040a2ba-eba1-4ef8-b8c1-61d0d44b362e,77,19.25,6421456.758373935,6427867.977319097,0.3231668240831609,0.3342897001284152,0.99760774538506,1.0121182022535582,7894.7676399603015,8482.840010449738,-0.09806197868147477,-0.07658741555357929,1.4929847691204479,1.672946408963454,0.001028314061023025,0.0024864584682364964,32046.048326335545,89461.00364151708
b040a2ba-eba1-4ef8-b8c1-61d0d44b362e,78,19.5,6421249.130492103,6427716.965088069,0.3234708083678319,0.33461898575149157,0.9975721996125,1.012145298588758,7902.167944738384,8504.464308845643,-0.09825988488531905,-0.07634762229362524,1.4931328819745318,1.6732807785393469,0.0010488614091722064,0.00256021951331229,32747.686339263968,92585.10712133296
b040a2ba-eba1-4ef8-b8c1-61d0d44b362e,79,19.75,6421040.554583126,6427566.283640301,0.3237750683701975,0.3349491275231791,0.9975364410816111,1.0121724168705226,7909.720839465443,8526.847273655463,-0.09846409481421815,-0.07609968239789845,1.4932818888447001,1.6736235094827072,0.0010698044609048615,0.0026366990378822158,33465.45398762123,95853.40251356887
b040a2ba-eba1-4ef8-b8c1-61d0d44b362e,80,20.0,6420830.996509061,6427415.947031397,0.32407960943395847,0.33528015521794957,0.9975004629789803,1.0121995589755068,7917.4295569215565,8550.024560986827,-0.0986749116147149,-0.07584324806571015,1.493431792592548,1.673974996827935,0.0010911483410101098,0.002716025992424819,34199.69375464415,99274.71541221908
b040a2ba-eba1-4ef8-b8c1-61d0d44b362e,81,20.25,6420620.420388932,6427265.970017386,0.32438443699916836,0.3356121000095445,0.9974642581421325,1.01222672687829,7925.297380475513,8574.034051768045,-0.09889265748528366,-0.07557795140815714,1.493582595247073,1.674335660909183,0.0011128980101242814,0.0027983372947635947,34950.750404320686,102858.56778303921
b040a2ba-eba1-4ef8-b8c1-61d0d44b362e,82,20.5,6420408.7884811945,6427116.368098967,0.3246895566022356,0.3359449945582803,0.9974278190356562,1.0122539226577956,7933.327642757603,8598.9160305445,-0.09911767520966336,-0.07530340291826654,1.4937342979263122,1.6747059494568424,0.0011350582391100076,0.002883778459969006,35718.970366519134,106615.24616506245
b040a2ba-eba1-4ef8-b8c1-61d0d44b362e,83,20.75,6420196.061056091,6426967.1575692585,0.3249949738757053,0.33627887310536897,0.9973911377252421,1.0122811485042338,7941.523724052622,8624.713382084563,-0.099350329843042,-0.07501918979415526,1.4938869007529925,1.675086339909494,0.0011576335810268784,0.0029725042919812854,36504.70103647663,110555.87790294529
b040a2ba-eba1-4ef8-b8c1-61d0d44b362e,84,21.0,6419982.196256823,6426818.355565352,0.32530069454779115,0.33661377157495276,0.9973542058494079,1.0123084067266244,7949.8890503813345,8651.471807925198,-0.09959101056940763,-0.07472487409807091,1.4940404027637415,1.675477341967887,0.0011806283404721903,0.0030646796442297904,37308.28997901338,114692.51652074586
b040a2ba-eba1-4ef8-b8c1-61d0d44b362e,85,21.25,6419767.149948321,6426669.980124063,0.32560672444162475,0.33694972768463544,0.9973170145886582,1.0123356997609536,7958.427091235204,8679.240065286343,-0.09984013275095882,-0.07441999073182423,1.4941948018113718,1.6758795004213343,0.001204046540045995,0.0031604802575284398,38130.084026685756,119038.2375248306
b040a2ba-eba1-4ef8-b8c1-61d0d44b362e,86,21.5,6419550.875552279,6426522.050242292,0.32591306947418686,0.33728678106538745,0.9972795546317917,1.012363030179034,7967.141356925305,8708.070231130405,-0.10009814019346384,-0.07410404520639156,1.4943500944597103,1.6762933982813835,0.0012278918836686212,0.003260093684694982,38970.42825983232,123607.24613301776
b040a2ba-eba1-4ef8-b8c1-61d0d44b362e,87,21.75,6419333.323866882,6426374.585942466,0.32621973565487844,0.33762497339181136,0.9972418161390322,1.0123904006981397,7976.035395501995,8738.01799454776,-0.10036550765495082,-0.0737765111802918,1.494506275870404,1.6767196602628553,0.0012521677164530971,0.0033637203127033907,39829.664855159564,128414.99867538232
b040a2ba-eba1-4ef8-b8c1-61d0d44b362e,88,22.0,6419114.442869511,6426227.608343582,0.3265267290836864,0.33796434852387897,0.9972037887016132,1.0124178141915001,7985.112789197058,8769.142981121713,-0.10064274362919402,-0.07343682773764262,1.4946633396810862,1.6771589566584635,0.0012768769807998618,0.0034715744947595396,40708.13178784808,133478.33970710664
b040a2ba-eba1-4ef8-b8c1-61d0d44b362e,89,22.25,6418894.177500422,6426081.139738444,0.3268340559488909,0.3383049526613942,0.9971654612973984,1.0124452736997474,7994.377150334586,8801.50911347998,-0.10093039344024742,-0.07308439637247761,1.4948212778742382,1.6776120076604446,0.0013020221683474244,0.0035838858065435444,41606.16137046017,138815.6572257349
b040a2ba-eba1-4ef8-b8c1-61d0d44b362e,90,22.5,6418672.469425151,6425935.203677764,0.32714172252425605,0.3386468345126015,0.9971268222420568,1.0124727824434212,8003.832116650691,8835.185012890188,-0.1012290426899049,-0.07271857764083817,1.4949800806360252,1.6780795881911306,0.001327605267371351,0.0037009004430366968,42524.07860990836,144447.058806426
b040a2ba-eba1-4ef8-b8c1-61d0d44b362e,91,22.75,6418449.25677307,6425789.825061869,0.3274497351656365,0.33899004547854955,0.9970878591352467,1.012500343836653,8013.481345955264,8870.244447523608,-0.10153932110660474,-0.07233868743619615,1.4951397362043288,1.678562533314461,0.0013536277051778975,0.0038228827749023303,43462.199361474406,150394.57197437075
b040a2ba-eba1-4ef8-b8c1-61d0d44b362e,92,23.0,6418224.473849129,6425645.030240875,0.3277581003069249,0.33933463985504064,0.9970485588011758,1.0125279615021665,8023.328510061155,8906.766833917784,-0.10186190685215157,-0.07194399283673626,1.4953002307051315,1.6790617443123916,0.001380090284987637,0.003950117086414824,44420.82825633424,156682.37274335945
b040a2ba-eba1-4ef8-b8c1-61d0d44b362e,93,23.25,6417998.050815401,6425500.847124292,0.3280668244552532,0.33968067505425253,0.9970089072228181,1.0125556392877473,8033.377287897343,8944.837799244211,-0.10219753135195818,-0.071533707464711,1.4954615479763353,1.6795781955243936,0.0014069931167441162,0.004082909520493429,45400.25637608967,163337.04698641333
b040a2ba-eba1-4ef8-b8c1-61d0d44b362e,94,23.5,6417769.91333853,6425357.305301155,0.3283759141853499,0.3400282118484173,0.9969688894689482,1.0125833812843639,8043.63135771265,8984.549813267518,-0.10254698472562439,-0.07110698628820732,1.495623669378026,1.6801129420652763,0.001434335541216847,0.004221590260650095,46400.758644538124,170387.89020006725
b040a2ba-eba1-4ef8-b8c1-61d0d44b362e,95,23.75,6417539.982198571,6425214.436171947,0.32868537613294063,0.3403773146382905,0.9969284896130284,1.0126111918461393,8054.094388265158,9026.002900412346,-0.10291112190796582,-0.07066291978389722,1.4957865735881015,1.6806671285570136,0.0014621160466893558,0.004366515984714806,47422.59090307146,177867.25231534807
b040a2ba-eba1-4ef8-b8c1-61d0d44b362e,96,24.0,6417308.172853992,6425072.273093738,0.3289952169870633,0.3407280517495521,0.9968876906428247,1.0126390756124093,8064.7700288795795,9069.305444188783,-0.10329086956656697,-0.07020052736526967,1.4959502363820945,1.6812419990348884,0.0014903321774366288,0.004518072631268701,48465.9866318198,185810.93554563893
b040a2ba-eba1-4ef8-b8c1-61d0d44b362e,97,24.25,6417074.394956785,6424930.851540203,0.3293054434811492,0.3410804957607612,0.9968464743594444,1.0126670375321372,8075.661898239994,9114.575098436258,-0.103687233941175,-0.06971874996394087,1.4961146303959145,1.6818389082180871,0.0015189804330922058,0.004676678526984082,49531.15327360133,194258.65490531514
b040a2ba-eba1-4ef8-b8c1-61d0d44b362e,98,24.5,6416838.551810595,6424790.209278415,0.32961606238269975,0.3414347238670528,0.9968048212642655,1.0126950828909946,8086.773571768445,9161.939822516573,-0.10410130975354218,-0.06921644163126325,1.4962797248701232,1.6824593343710976,0.0015480561578908418,0.004842787931859012,50618.26811211251,203254.5730646963
b040a2ba-eba1-4ef8-b8c1-61d0d44b362e,99,24.75,6416600.539763596,6424650.386564596,0.32992708048136044,0.34179081828443725,0.9967627104319632,1.0127232173414722,8098.108567420404,9211.539060829635,-0.10453429036464355,-0.06869236000278209,1.4964454853742275,1.6831048940264701,0.0015775534186341883,0.005016895069973891,51727.47364910713,212847.92372886837
b040a2ba-eba1-4ef8-b8c1-61d0d44b362e,100,25.0,6416360.247526382,6424511.426361393,0.3302385045751627,0.3421488667003606,0.9967201193675219,1.0127514469364363,8109.670329705671,9263.525090980822,-0.1049874793907851,-0.0681451554380828,1.4966118735093419,1.6837773588937188,0.0016074648700679184,0.0051995387263439686,52858.87241763816,223093.74087480866
b040a2ba-eba1-4ef8-b8c1-61d0d44b362e,101,25.25,6416117.55540341,6424373.374579623,0.3305503414546659,0.34250896277713805,0.9966770238447327,1.0127797781666268,8121.462211717311,9318.06456977601,-0.10546230403256682,-0.06757335861191113,1.4967788465874137,1.6844786753459269,0.0016377816061762176,0.0053913075062791,54012.52115962699,234053.71512904318
b040a2ba-eba1-4ef8-b8c1-61d0d44b362e,102,25.5,6415872.334424407,6424236.280347947,0.330862597884686,0.3428712067160162,0.9966333977232109,1.0128082180026692,8133.487454921056,9375.340312189472,-0.10596033042302641,-0.0669753662874338,1.4969463572850337,1.6852109869583431,0.0016684929956774191,0.00559284587312076,55188.42428548877,245797.20354771684
b040a2ba-eba1-4ef8-b8c1-61d0d44b362e,103,25.75,6415624.44535961,6424100.196314528,0.33117528058324275,0.34323570589099617,0.9965892127403966,1.0128367739422757,8145.7491664224335,9435.553345839371,-0.10648328136621825,-0.06634942494695588,1.4971143532696656,1.6859766606762494,0.0016995864997512574,0.005804861104241849,56386.52652148311,258402.4253781351
b040a2ba-eba1-4ef8-b8c1-61d0d44b362e,104,26.0,6415373.737599555,6423965.178985445,0.33148839619728987,0.3436025755632174,0.9965444382742991,1.0128654540634392,8158.250293387691,9498.925292702825,-0.10703305691844463,-0.06569361188648573,1.4972827767959092,1.686778317318342,0.0017310474697195223,0.006028131335047816,57606.70463599131,271957.8844462918
b040a2ba-eba1-4ef8-b8c1-61d0d44b362e,105,26.25,6415120.047876283,6423831.289105501,0.3318019512747134,0.34397193968872686,0.9964990410718862,1.0128942670845675,8170.993594246111,9565.701141316093,-0.10761175836590718,-0.0650058132945327,1.497451564269174,1.6876188672843015,0.0017628589220404032,0.006263514897966051,58848.758119019556,286564.0691758432
b040a2ba-eba1-4ef8-b8c1-61d0d44b362e,106,26.5,6414863.198798055,6423698.592088123,0.3321159522319811,0.3443439318349378,0.9964529849369468,1.0129232224326894,8183.981606243947,9636.152487205696,-0.10822171628070755,-0.06428369872756647,1.4976206457738632,1.6885015525411036,0.0017950012875382606,0.0065119612102248784,60112.398668959264,302335.49464703526
b040a2ba-eba1-4ef8-b8c1-61d0d44b362e,107,26.75,6414602.997163774,6423567.158502351,0.33243040531670515,0.3447186962241251,0.9964062303699175,1.0129523303210903,8197.216608852068,9710.581337674703,-0.10886552349993311,-0.0635246912582008,1.4977899445628586,1.689429996225283,0.0018274521312652559,0.006774523523406477,61397.23831651649,319403.1685659962
b040a2ba-eba1-4ef8-b8c1-61d0d44b362e,108,27.0,6414339.2320158705,6423437.064626507,0.3327453165642271,0.34509638892607064,0.9963587341504941,1.0129816018380122,8210.700582447807,9789.32460051995,-0.1095460740808122,-0.0627259323987655,1.4979593765047385,1.6904082615358176,0.0018601858387509104,0.007052373923069344,62702.77598661084,337917.5859373718
b040a2ba-eba1-4ef8-b8c1-61d0d44b362e,109,27.25,6414071.672381093,6423308.393080115,0.33306069174714237,0.34547717922665167,0.9963104488517232,1.0130110490483961,8224.435161593385,9872.759406394649,-0.11026660955325139,-0.061884240680888554,1.498128849484756,1.691440922029041,0.0018931732636154066,0.007346821063298523,64028.382263861786,358052.38756893075
b040a2ba-eba1-4ef8-b8c1-61d0d44b362e,110,27.5,6413800.064636832,6423181.233548088,0.33337653631644126,0.3458612512050288,0.9962613222715772,1.0130406851110783,8238.421582114348,9961.309453557791,-0.11103077413950474,-0.060996062485252196,1.498298262755126,1.6925331459966826,0.0019263813305607728,0.007659331245714947,65373.282084324535,380008.8580230234
b040a2ba-eba1-4ef8-b8c1-61d0d44b362e,111,27.75,6413524.129425477,6423055.683614326,0.3336928553326377,0.34624880555947607,0.9962112967645602,1.0130705244143956,8252.660621036397,10055.452614695243,-0.11184268106692975,-0.060057413343192555,1.4984675062296189,1.6936907983574345,0.001959772586563904,0.007991553614788895,66736.53502342968,404021.49315723806
b040a2ba-eba1-4ef8-b8c1-61d0d44b362e,112,28.0,6413243.558019871,6422931.849725734,0.33400965338486227,0.3466400617312755,0.9961603084514199,1.0131005827338464,8267.152528260529,10155.730112566544,-0.11270699270236226,-0.05906380744335017,1.4986364597168105,1.6949205644867233,0.0019933046916104074,0.008345350454398713,68117.01278488287,430364.94154529326
b040a2ba-eba1-4ef8-b8c1-61d0d44b362e,113,28.25,6412958.008017675,6422809.84831269,0.33432693449539047,0.3470352603881018,0.9961082862792195,1.013130877416334,8281.896948635322,10262.757660338566,-0.11362901804005184,-0.058010172430273635,1.4988049920855637,1.69623010174122,0.0020269298384322653,0.008722833852897023,69513.37341368251,459362.7259427663
b040a2ba-eba1-4ef8-b8c1-61d0d44b362e,114,28.5,6412667.098209398,6422689.807098339,0.3346447020064111,0.3474346663438063,0.9960551508963621,1.0131614275966632,8296.892832808593,10377.239082011447,-0.11461483215707235,-0.056890745718494916,1.4989729603554005,1.6976282262367146,0.00206059408834082,0.009126410381583624,70924.03165401732,491398.2924737883
b040a2ba-eba1-4ef8-b8c1-61d0d44b362e,115,28.75,6412370.402421094,6422571.866637439,0.3349629584449645,0.347838572011666,0.9960008132969791,1.0131922544534417,8312.138334891612,10499.983090399937,-0.11567142372299136,-0.05569894738033552,1.4991402087033068,1.6991251449027842,0.0020942366071946992,0.009558835941946528,72347.12474219462,526929.134122194
b040a2ba-eba1-4ef8-b8c1-61d0d44b362e,116,29.0,6412067.442074321,6422456.182136236,0.33528170536081,0.3482473015146499,0.9959451731754398,1.013223381513484,8327.630694523901,10631.924122295724,-0.11680687867887814,-0.054427223075612347,1.4993065673771568,1.700732746248187,0.0021277887816049737,0.010023283634697896,73780.47275741126,566505.0182551264
b040a2ba-eba1-4ef8-b8c1-61d0d44b362e,117,29.25,6411757.677127002,6422342.925619248,0.3356009431304024,0.34866121561141566,0.9958881169131912,1.0132548350164043,8343.366100352996,10774.148438684313,-0.11803061102890659,-0.05306684829576242,1.4994718515042662,1.702464968049172,0.0021611731903154983,0.010523428468725865,75221.53243537858,610791.7565085173
b040a2ba-eba1-4ef8-b8c1-61d0d44b362e,118,29.5,6411440.494950899,6422232.288527874,0.3359206707179957,0.3490807176439443,0.995829515094667,1.0132866443545567,8359.339531195414,10927.927131176884,-0.11935365568475227,-0.051607682124088665,1.4996358597814894,1.7043382669581795,0.002194302398878228,0.011063554080444626,76667.34306407822,660602.5537724666
b040a2ba-eba1-4ef8-b8c1-61d0d44b362e,119,29.75,6411115.196551978,6422124.484861624,0.33624088538189456,0.34950626077681707,0.995769219413543,1.0133188426081847,8375.544570157372,11094.758293495226,-0.12078904403474018,-0.050037854359209356,1.4997983730306337,1.70637222480726,0.002227077536602598,0.011648688555925248,78114.46270031403,716939.8635414807
b040a2ba-eba1-4ef8-b8c1-61d0d44b362e,120,30.0,6410780.979329947,6422019.7550080875,0.33656158230965694,0.3499383568863273,0.9957070587805503,1.013351467202137,8391.973185671892,11276.421510951235,-0.12235229126081114,-0.04834336358022615,1.49995915259957,1.7085903406928817,0.002259386602366813,0.012284779221466145,79558.89243263421,781052.0254107538
b040a2ba-eba1-4ef8-b8c1-61d0d44b362e,121,30.25,6410436.915273917,6421918.370456788,0.33688275416001334,0.350377587580655,0.9956428343722703,1.013384560719537,8408.615471613755,11475.04913685045,-0.12406203680670683,-0.046507554559499745,1.5001179385850192,1.7110210792458376,0.0022911024288232466,0.01297892033715405,80995.98571366457,854511.0417296492
b040a2ba-eba1-4ef8-b8c1-61d0d44b362e,122,30.5,6410081.923056894,6421820.639661157,0.3372043904804851,0.3508246180066299,0.9955763132556463,1.0134181719206095,8425.45933617697,11693.220797346132,-0.12594089810667564,-0.044510429764411094,1.5002744478471908,1.7136992778462816,0.00232208021070147,0.013739653707821401,82420.33880796615,939321.1301590246
b040a2ba-eba1-4ef8-b8c1-61d0d44b362e,123,30.75,6409714.731850534,6421726.915411716,0.3375264769566421,0.3512802143496959,0.9955072200674194,1.0134523570333145,8442.490125722305,11934.090582984696,-0.1280166265456792,-0.04232772892897699,1.500428371778677,1.7166680656889062,0.0023521544690616974,0.01457737149457859,83825.65701953178,1038072.977352221
b040a2ba-eba1-4ef8-b8c1-61d0d44b362e,124,31.0,6409333.833714875,6421637.604227775,0.337848994429173,0.3517452663021195,0.9954352259918703,1.0134871814095086,8459.69016482789,12201.561102008669,-0.13032370019780512,-0.039929678442258296,1.5005793737794249,1.7199815271240142,0.002381135274350027,0.015504864957534717,85204.58937011629,1154167.3660778357
b040a2ba-eba1-4ef8-b8c1-61d0d44b362e,125,31.25,6408937.419927541,6421553.178489388,0.33817191758426146,0.3522208163262281,0.9953599339144784,1.0135227216808826,8477.038186508456,12500.526129190555,-0.13290556173998228,-0.03727926103145498,1.5007270863749267,1.7237084710680386,0.002408803478753283,0.016538085942732646,86548.52146676769,1292146.7311870875
b040a2ba-eba1-4ef8-b8c1-61d0d44b362e,126,31.5,6408523.29426114,6421474.192357597,0.33849521317388853,0.35270809838467976,0.9952808580472724,1.0135590686110187,8494.508615703662,12837.216034208532,-0.13581783311319026,-0.03432977244898589,1.5008711078940018,1.7279378848326894,0.0024349045990494714,0.017697225836783015,87847.31187983774,1458199.3393673142
b040a2ba-eba1-4ef8-b8c1-61d0d44b362e,127,31.75,6408088.752387214,6421401.303039686,0.33881883754250647,0.3532085901378054,0.9951973953695574,1.0135963309374483,8512.070652467342,13219.701324307034,-0.13913305075252574,-0.031021290802408195,1.5010109985924847,1.7327870250582362,0.002459140821858826,0.019008280943719775,89088.95052980515,1660948.3704322304
b040a2ba-eba1-4ef8-b8c1-61d0d44b362e,128,32.0,6407630.410155182,6421335.299772164,0.33914273310059406,0.3537240847552442,0.9951087846191319,1.013634640655303,8529.687074965583,13658.646847338377,-0.1429478447447943,-0.027275438325455603,1.501146276064561,1.7384137695096455,0.0024811603334610457,0.02050538597451808,90259.10673637428,1912728.3954517613
b040a2ba-eba1-4ef8-b8c1-61d0d44b362e,129,32.25,6407143.952301349,6421277.144245149,0.3394668231462711,0.3542567920751249,0.9950140457506995,1.0136741604575095,8547.312639431115,14168.477340764824,-0.14739419339624682,-0.02298736989589095,1.5012764097154554,1.7450361076929273,0.0025005427325817523,0.022234403375096152,91340.51678113207,2231730.9923997894
b040a2ba-eba1-4ef8-b8c1-61d0d44b362e,130,32.5,6406623.752823826,6421228.028511717,0.3397910039961451,0.35480948505984256,0.9949118876292634,1.0137150945029627,8564.89188142357,14769.245682110195,-0.1526577725316844,-0.01801307811787258,1.5014008139617923,1.7529641078306175,0.002516778527224188,0.024258650810069813,92312.13051508255,2645777.246748129
b040a2ba-eba1-4ef8-b8c1-61d0d44b362e,131,32.75,6406062.279530022,6421189.460580859,0.3401151325358855,0.35538571874472824,0.9948005618521328,1.0137577045100497,8582.355993898562,15489.759663054649,-0.1590093004922198,-0.012148417582810742,1.501518839649581,1.762654800306817,0.002529239368269655,0.02666844742516334,93147.88266089534,3199315.6899790913
b040a2ba-eba1-4ef8-b8c1-61d0d44b362e,132,33.0,6405449.117072323,6421163.395710883,0.34043900555601037,0.35599017027753155,0.9946776205461967,1.0138023347444731,8599.618217595638,16373.093664149445,-0.1668611886608109,-0.0050926639754432165,1.5013116797528276,1.774811733577097,0.002537133149910921,0.029597883389392062,93814.85382657957,3967273.59422131
b040a2ba-eba1-4ef8-b8c1-61d0d44b362e,133,33.25,6404769.273656889,6421152.447016735,0.3407623233960779,0.356629191876385,0.9945394924220782,1.0138496689824104,8616.566704208914,17486.940891424303,-0.17687729779257844,0.0036231855972925567,1.5003553620231327,1.7905781564634746,0.0025394331013421562,0.033256245491785255,94270.3868871779,5084765.230582736
b040a2ba-eba1-4ef8-b8c1-61d0d44b362e,134,33.5,6404000.038626338,6421168.286590174,0.34108462119783634,0.3573117668507618,0.9943806875028104,1.0139009362601556,8622.164569801625,18944.67193368505,-0.19020510500566912,0.014778827378573533,1.498021381402934,1.8119449662995553,0.002531864369642469,0.037992125171435805,94111.57838866969,6817698.158496802
b040a2ba-eba1-4ef8-b8c1-61d0d44b362e,135,33.75,6403104.617262924,6421238.279051286,0.34140472178634396,0.3580513308661982,0.9941921587734919,1.0139583358267905,8578.089616792755,20952.892694402974,-0.2090511040391098,0.029803882854002102,1.4929596044199633,1.8427504860601316,0.0025046793443173287,0.044438219514914556,92151.68839265537,9754716.048901618
b040a2ba-eba1-4ef8-b8c1-61d0d44b362e,136,34.0,6402017.519606496,6421394.37532941,0.3417194169374663,0.35886940639154236,0.9939575323454386,1.0140262552106811,8419.200696588807,23934.587851179618,-0.23835742625978187,0.05172577619726822,1.4818997116794175,1.8915543748346075,0.002447283033690484,0.053890093304164687,86735.30867211419,15435860.559420845
b040a2ba-eba1-4ef8-b8c1-61d0d44b362e,137,34.25,6400604.739796615,6421703.746113503,0.3420216838035808,0.3598040565927437,0.9936428000087787,1.014114878873137,7953.673239027859,28918.198585003352,-0.29184078217871456,0.08836810745395599,1.4550221635541303,1.9817452015766235,0.002339281235842495,0.06954030539405462,73992.53921186448,29076964.715650186
b040a2ba-eba1-4ef8-b8c1-61d0d44b362e,138,34.5,6398524.685163924,6422341.776587933,0.3422935413469793,0.3609335669968623,0.9931607139089126,1.0142542815999511,6420.98828456959,39209.203309391596,-0.42530110596715454,0.17025569855372025,1.3702579056253008,2.2045786067646493,0.0021339852509654443,0.1021605740099465,43991.13557282817,78528872.99238184
b040a2ba-eba1-4ef8-b8c1-61d0d44b362e,139,34.75,6394480.304047858,6424002.623117237,0.34247700491067007,0.36246552964601425,0.9921910102611851,1.0145804604538813,-1584.2461401179535,72906.65351304846,-1.1578082007632498,0.5859626947475428,0.834201012302372,3.3310470781463355,0.0015094284194151545,0.22320487149255738,-12890313.954705488,593209369.0316046
2847e459-0007-49ea-9773-306b6aa1b30d,0,0.0,6435923.266468614,6439941.012097669,0.3002926942190099,0.31030191592354633,0.9999723692334324,1.0100276307665677,7601.718517253831,7803.1895474425,-0.0908071711678851,-0.08375221836361663,1.483632367999489,1.6581895391367112,0.00023349226706843374,0.0004255131881264079,6746.306597443812,12954.699464330773
2847e459-0007-49ea-9773-306b6aa1b30d,1,0.25,6435746.363432525,6439782.032910751,0.30058545726706254,0.31060396419772895,0.9999446836280271,1.0100552439301924,7603.468420858876,7806.447142537303,-0.09085774212246273,-0.08372774849072757,1.4837352183205823,1.6583171190467019,0.00023822751407322855,0.0004348187057059917,6886.291716286749,13249.060102090523
2847e459-0007-49ea-9773-306b6aa1b30d,2,0.5,6435569.288256772,6439623.06347806,0.3008782903132372,0.31090614749460604,0.9999169426270457,1.0100828395969355,7605.250308520829,7809.77434041818,-0.09090884608319962,-0.08370237498586697,1.4838384195721426,1.6584455460408862,0.00024304949167185024,0.0004443199210844865,7028.97091401255,13550.10811052196
2847e459-0007-49ea-9773-306b6aa1b30d,3,0.75,6435392.038243721,6439464.104864586,0.30117119454871233,0.31120846854730966,0.9998891456611598,1.0101104178760705,7607.064788308702,7813.17273437403,-0.09096049546761215,-0.08367607790772995,1.4839419762260466,1.6585748374539002,0.0002479595731418979,0.0004540209526877716,7174.392202711694,13858.006211629188
2847e459-0007-49ea-9773-306b6aa1b30d,4,1.0,6435214.610631436,6439305.158162227,0.30146417118713936,0.3115109301515457,0.9998612921481189,1.0101379788801699,7608.912478810987,7816.643956947325,-0.09101270300387573,-0.0836488368531014,1.484045892812445,1.6587050110508152,0.00025295914773399504,0.0004639260128129581,7322.6043802546255,14172.92177221966
2847e459-0007-49ea-9773-306b6aa1b30d,5,1.25,6435037.002592,6439146.224490538,0.30175722146502165,0.3118135351671369,0.9998333814924056,1.0101655227251918,7610.794009293386,7820.1896810716635,-0.09106548174005338,-0.08362063094467515,1.484150173919804,1.658836085039673,0.00025804962065465635,0.00047403941019676885,7473.657041295875,14495.026968078248
2847e459-0007-49ea-9773-306b6aa1b30d,6,1.5,6434859.211229789,6438987.304997515,0.3020503466420988,0.31211628651961104,0.9998054130848819,1.0101930495305718,7612.710019858092,7823.811621250127,-0.09111884505366277,-0.08359143881847599,1.4842548241949098,1.6589680780844716,0.00026323241303823677,0.00048436555267269656,7627.600588329616,14824.498955194013
2847e459-0007-49ea-9773-306b6aa1b30d,7,1.75,6434681.233579687,6438828.400860389,0.3023435480017358,0.31241918720183504,0.9997773863024233,1.0102205594193159,7614.661161604578,7827.511534776208,-0.0911728066615968,-0.08356123861086846,1.4843598483428306,1.6591010093186231,0.0002685089619077836,0.0004949089499207408,7784.486242801109,15161.520048393853
2847e459-0007-49ea-9773-306b6aa1b30d,8,2.0,6434503.066605247,6438669.513286461,0.302636826851318,0.3127222402756972,0.9997493005075416,1.010248052518098,7616.648096791878,7831.291222999177,-0.09122738063041326,-0.08353000794513533,1.4844652511268361,1.6592348983589051,0.00027388072012362116,0.0005056742163136874,7944.366056249955,15506.277907756776
2847e459-0007-49ea-9773-306b6aa1b30d,9,2.25,6434324.707196791,6438510.643513958,0.30293018452265075,0.3130254488738394,0.9997211550479955,1.0102755289573595,7618.6714990023065,7835.152532635857,-0.09128258138701005,-0.08349772391760803,1.4845710373682708,1.659369765319926,0.00027934915631949557,0.0005166660738641607,8107.292921490093,15858.965733205903
2847e459-0007-49ea-9773-306b6aa1b30d,10,2.5,6434146.152169457,6438351.792812914,0.30322362237236494,0.3133288162014404,0.999692949256389,1.0103029888714132,7620.732053306592,7839.097357130848,-0.09133842372970336,-0.0834643630833304,1.484677211946379,1.6595056308291285,0.0002849157548254231,0.0005278893552762296,8273.320583811717,16219.782467677996
2847e459-0007-49ea-9773-306b6aa1b30d,11,2.75,6433967.39826117,6438192.962486085,0.30351714178232725,0.3136323455380533,0.999664682449756,1.0103304323985505,7622.830456430367,7843.127638067383,-0.09139492283972694,-0.0834299014412362,1.4847837797980783,1.6596425160423554,0.0002905820155765114,0.0005393490071072891,8442.503652194098,16588.93300934729
2847e459-0007-49ea-9773-306b6aa1b30d,12,3.0,6433788.44213056,6438034.153869893,0.30381074416005616,0.31393604023949795,0.9996363539291324,1.0103578596811507,7624.96741692197,7847.245366631094,-0.09145209429317172,-0.08339431441881974,1.4848907459176806,1.6597804426600038,0.0002963494540070619,0.0005510500930436626,8614.897610519423,16966.628433329217
2847e459-0007-49ea-9773-306b6aa1b30d,13,3.25,6433609.280354803,6437875.368335407,0.30410443093914297,0.3142399037398111,0.9996079629791131,1.0103852708657965,7627.143655321507,7851.452585129077,-0.09150995407338582,-0.08335757685627813,1.484998115356554,1.6599194329437932,0.0003022196009290889,0.0005629977972960382,8790.558828772884,17353.08622339147
2847e459-0007-49ea-9773-306b6aa1b30d,14,3.5,6433429.909427399,6437716.607289342,0.3043982035796784,0.31454393955325616,0.999579508867395,1.0104126661033923,7629.359904331113,7855.7513885667895,-0.09156851858385638,-0.0833196629901024,1.4851058932227266,1.6600595097341782,0.0003081940023947865,0.0005751974281192409,8969.544574225709,17748.530514171616
2847e459-0007-49ea-9773-306b6aa1b30d,15,3.75,6433250.325755863,6437557.872175112,0.3046920635686843,0.3148481512763954,0.9995509908443042,1.0104400455492857,7631.6169089863415,7860.143926285436,-0.09162780466159541,-0.08328054643609363,1.4852140846804263,1.6602006964684337,0.00031427421954143074,0.0005876544214627971,9151.91302256759,18153.19234448356
2847e459-0007-49ea-9773-306b6aa1b30d,16,4.0,6433070.525659357,6437399.164473903,0.30498601242055073,0.31515254259022596,0.9995224081423081,1.0104674093633947,7633.915426828619,7864.632403662642,-0.09168782959105333,-0.08324020017177909,1.4853226949495542,1.6603430171994458,0.00032046182841870464,0.0006003743447571998,9337.723268998561,18567.30992227159
2847e459-0007-49ea-9773-306b6aa1b30d,17,4.25,6432890.505366226,6437240.485705791,0.3052800516774785,0.31545711726238296,0.9994937599755098,1.010494757710339,7636.256228078689,7869.219083879375,-0.09174861111858501,-0.08319859651820198,1.485431729305088,1.6604864966152406,0.00032675841979673824,0.0006133629008426046,9527.035339241038,18991.128901853233
2847e459-0007-49ea-9773-306b6aa1b30d,18,4.5,6432710.261011459,6437081.837430896,0.3055741829099265,0.31576187914941234,0.9994650455391265,1.0105220907595747,7638.640095810947,7873.906289756206,-0.0918101674674945,-0.08315570695317968,1.4855411930764122,1.6606311600592871,0.00033316559895430625,0.0006266259320464345,9719.910200466162,19424.902674112076
2847e459-0007-49ea-9773-306b6aa1b30d,19,4.75,6432529.788634062,6436923.221250897,0.3058684077170648,0.31606683219911974,0.9994362640089484,1.0105494086855362,7641.067826127217,7878.696405662263,-0.09187251735368632,-0.08311150232292502,1.4856510916465318,1.660777033551611,0.00033968498543145587,0.0006401694244191803,9916.40977168215,19868.892670419253
2847e459-0007-49ea-9773-306b6aa1b30d,20,5.0,6432349.084174337,6436764.638810148,0.30616272772723274,0.3163719804529889,0.9994074145407802,1.0105767116677815,7643.5402283329595,7883.591879500226,-0.09193568000195218,-0.08306595285034145,1.4857614304512539,1.6609241438107578,0.0003463182127789972,0.0006539995121297069,10116.596934548197,20323.368680846266
2847e459-0007-49ea-9773-306b6aa1b30d,21,5.25,6432168.1434710715,6436606.091796785,0.3064571445984019,0.3166773280486773,0.999378496269863,1.0106039998911422,7646.058125114396,7888.595224771057,-0.09199967516292376,-0.08301902802160097,1.4858722149782915,1.6610725182766493,0.0003530669282881303,0.000668122482030522,10320.535544134373,20788.60918754953
2847e459-0007-49ea-9773-306b6aa1b30d,22,5.5,6431986.962258626,6436447.5819440475,0.3067516600186447,0.31698287922259516,0.9993495083102751,1.0106312735458802,7648.622352715429,7893.709022722341,-0.09206452313072423,-0.0829706965643294,1.4859834507662564,1.661222185134373,0.00035993279268807017,0.0006825447784029078,10528.29043928045,21264.9017142275
2847e459-0007-49ea-9773-306b6aa1b30d,23,5.75,6431805.536163919,6436289.111031659,0.30704627570660764,0.317288638312569,0.9993204497543126,1.01065853282785,7651.23376111493,7898.935924584307,-0.09213024476135269,-0.08292092642497385,1.4860951434035585,1.6613731733389554,0.0003669174798181461,0.0006972730078888779,10739.927452753729,21752.543192499186
2847e459-0007-49ea-9773-306b6aa1b30d,24,6.0,6431623.860703306,6436130.680887245,0.30734099341199,0.3175946097605934,0.9992913196718464,1.0106857779386658,7653.893214204247,7904.278653897821,-0.0921968614918379,-0.08286968474531423,1.486207298527205,1.6615255126411648,0.00037402267627308756,0.0007123139446190227,10955.51342117781,22251.840346160632
2847e459-0007-49ea-9773-306b6aa1b30d,25,6.25,6431441.931279348,6435972.293387807,0.30763581491602693,0.31790079811567395,0.9992621171096575,1.0107130090858767,7656.601589964803,7909.740008938901,-0.09226439536019956,-0.08281693783807881,1.4863199218214946,1.6616792336143966,0.00038125008102020993,0.0007276745355456019,11175.11619470403,22763.11009433076
2847e459-0007-49ea-9773-306b6aa1b30d,26,6.5,6431259.743177458,6435813.950461256,0.3079307420319778,0.3182072080367656,0.9992328410907472,1.010740226483147,7659.359780645614,7915.322865244563,-0.0923328690262577,-0.08276265116162157,1.4864330190166017,1.661834367682697,0.0003886014049868424,0.000743361905990787,11398.80464638601,23286.679974563704
2847e459-0007-49ea-9773-306b6aa1b30d,27,6.75,6431077.291562431,6435655.65408799,0.3082257766056192,0.3185138442958103,0.9992034906136221,1.0107674303504437,7662.1686929405705,7921.030178245082,-0.0924023057933329,-0.0827067892936164,1.4865465958870459,1.6619909471499814,0.00039607837061715135,0.0007593833654203836,11626.648681241144,23822.88858707096
2847e459-0007-49ea-9773-306b6aa1b30d,28,7.0,6430894.571474843,6435497.406302535,0.30852092051574237,0.31882071178087845,0.9991740646515532,1.0107946209142307,7665.029248165295,7926.864986008048,-0.09247272963088288,-0.0826493159037212,1.4866606582500383,1.662149005230511,0.0004036827113959766,0.0007757464134547538,11858.71924493741,24372.086061296726
2847e459-0007-49ea-9773-306b6aa1b30d,29,7.25,6430711.577827318,6435339.209195253,0.3088161756746555,0.31912781549941766,0.9991445621518071,1.0108217984076715,7667.9423824333835,7932.830412099915,-0.09254416519812335,-0.0825901937251618,1.4867752119637034,1.6623085760806904,0.00041141617133869514,0.0007924587461278588,12095.088332084275,24934.634546125715
2847e459-0007-49ea-9773-306b6aa1b30d,30,7.5,6430528.305400657,6435181.0649141045,0.3091115440286903,0.3194351605816146,0.9991149820348482,1.0108489630708393,7670.9090468318245,7938.929668571086,-0.09261663786868411,-0.08252938452518309,1.4868902629251646,1.6624696948322588,0.0004192805044451632,0.000809528262406942,12335.828994077641,25510.90872511845
2847e459-0007-49ea-9773-306b6aa1b30d,31,7.75,6430344.748839817,6435022.975666476,0.3094070275587124,0.31974275228387383,0.9990853231935107,1.0108761151509338,7673.93020759537,7945.16605907091,-0.09269017375635415,-0.08246684907431148,1.487005817068491,1.6626323976269448,0.00042727747411607463,0.000826963070986727,12581.015346456465,26101.29635828238
2847e459-0007-49ea-9773-306b6aa1b30d,32,8.0,6430160.902649742,6434864.943721088,0.30970262828063677,0.32005059599241936,0.9990555844921396,1.0109032549025088,7677.006846279617,7951.542982099377,-0.092764799741973,-0.08240254711436974,1.4871218803624977,1.6627967216526653,0.00043540885252966094,0.0008447714973712356,12830.722575715878,26706.198851939247
2847e459-0007-49ea-9773-306b6aa1b30d,33,8.25,6429976.761191028,6434706.971409959,0.3099983482459461,0.3203586972270238,0.9990257647656978,1.0109303825877067,7680.1399599325505,7958.063934402709,-0.09284054350152902,-0.0823364373251816,1.48723845880839,1.66296270518135,0.0004436764199770338,0.0008629620912579951,13085.026945531774,27326.031858383725
2847e459-0007-49ea-9773-306b6aa1b30d,34,8.5,6429792.318675433,6434549.061130461,0.3102941895422135,0.3206670616448712,0.998995862818839,1.0109574984765042,7683.330561264262,7964.732514520451,-0.09291743353552867,-0.08226847728990011,1.4873555584372475,1.6631303876084795,0.00045208196415389676,0.0008815436342402811,13344.005802333935,27961.225907144522
2847e459-0007-49ea-9773-306b6aa1b30d,35,8.75,6429607.569161196,6434391.215347443,0.3105901542936285,0.32097569504455914,0.9989658774249442,1.0109846028469653,7686.579678814556,7971.552426492179,-0.0929954991997053,-0.08219862345888945,1.4874731853073386,1.6632998094944318,0.0004606272794066694,0.000900525147844436,13607.737580173174,28612.22706979944
2847e459-0007-49ea-9773-306b6aa1b30d,36,9.0,6429422.506548184,6434233.436595435,0.31088624466152637,0.32128460337024706,0.9989358073251202,1.0110116959855073,7689.888357118131,7978.527483732398,-0.09307477073713988,-0.08212683111208603,1.4875913455012555,1.663471012607734,0.0004693141659306684,0.0009199159019188059,13876.301804814862,29279.4976603833
2847e459-0007-49ea-9773-306b6aa1b30d,37,9.25,6429237.12457284,6434075.72748095,0.31118246284492046,0.32159379271595623,0.9989056512271579,1.0110387781871755,7693.2576568669865,7985.6616130827915,-0.09315527931187065,-0.08205305431975983,1.4877100451228653,1.6636440399703274,0.0004781444289179071,0.0009397254233937523,14149.779096987642,29963.51697363212
2847e459-0007-49ea-9773-306b6aa1b30d,38,9.5,6429051.416802933,6433918.09068486,0.3114788110810374,0.32190326933002944,0.9988754078044492,1.0110658497559293,7696.688655069707,7992.958859051506,-0.0932370570440737,-0.08197724590159251,1.4878292902940637,1.6638189359049587,0.0004871198776522194,0.0009599635054315552,14428.251174718775,30664.782063407485
2847e459-0007-49ea-9773-306b6aa1b30d,39,9.75,6428865.3766321,6433760.528964881,0.31177529164585466,0.3222130396197574,0.9988450756948595,1.0110929110049414,7700.182445207233,8000.423388249808,-0.09332013704690151,-0.08189935738398336,1.4879490871513252,1.6639957460848136,0.0004962423245488282,0.000980640216987851,14711.800854668834,31383.80856386614
2847e459-0007-49ea-9773-306b6aa1b30d,40,10.0,6428678.997274149,6433603.045158144,0.31207190685464026,0.32252311015617924,0.9988146534995545,1.011119962256908,7703.740137384699,8008.059494037106,-0.09340455346507219,-0.08181933895548879,1.4880694418420382,1.6641745175855263,0.0005055135841359124,0.001001765912806925,15000.512052389422,32121.131556103235
2847e459-0007-49ea-9773-306b6aa1b30d,41,10.25,6428492.271757151,6433445.6421838775,0.31236865906249445,0.3228334876790661,0.998784139781778,1.0111470038443726,7707.362858478905,8015.871601386019,-0.09349034151530818,-0.08173713942029506,1.4881903605206153,1.6643552989396955,0.0005149354719750885,0.001023351243873407,15294.469781406882,32877.30648315889
2847e459-0007-49ea-9773-306b6aa1b30d,42,10.5,6428305.19291727,6433288.323046191,0.3126655506648926,0.32314417910209553,0.9987535330655797,1.011174036110063,7711.051752280952,8023.864271979973,-0.09357753752872937,-0.08165270614961774,1.488311849344369,1.664538140194056,0.0005245098035179211,0.0010454071683467167,15593.760151038712,33652.910116565545
2847e459-0007-49ea-9773-306b6aa1b30d,43,10.75,6428117.753392343,6433131.090836977,0.31296258409822925,0.3234551915182265,0.9987228318344878,1.0112010594072423,7714.807979633526,8032.042209556576,-0.09366617899531296,-0.08156598503091442,1.4884339144691399,1.6647230929694594,0.0005342383928949986,0.0010679449630041562,15898.470362829887,34448.54157778063
2847e459-0007-49ea-9773-306b6aa1b30d,44,11.0,6427929.945615189,6432973.948738928,0.31325976184036275,0.3237665322052844,0.9986920345301277,1.0112280741000765,7718.632718562301,8040.41026551096,-0.09375630461053931,-0.08147692041479002,1.4885565620446661,1.6649102105238305,0.0005441230516346949,0.0010909762352219023,16208.688705511277,35264.82341815303
2847e459-0007-49ea-9773-306b6aa1b30d,45,11.25,6427741.761806628,6432816.9000286795,0.3135570864111599,0.3240782086317665,0.9986611395507787,1.0112550805640155,7722.527164400886,8048.9734447741685,-0.09384795432435145,-0.08138545505946615,1.488679798209684,1.6650995478182742,0.0005541655873076793,0.0011145129355229623,16524.504548347937,36102.40276127931
2847e459-0007-49ea-9773-306b6aa1b30d,46,11.5,6427553.193968204,6432659.948080079,0.3138545603730404,0.32439022846287824,0.998630145249871,1.0112820791861923,7726.492529908696,8057.7369119827345,-0.09394116939256418,-0.08129153007267752,1.4888036290867428,1.6652911615865258,0.0005643678020938216,0.0011385673707258773,16846.008332759666,36961.952511989824
2847e459-0007-49ea-9773-306b6aa1b30d,47,11.75,6427364.233874594,6432503.096367595,0.3141521863315199,0.32470259956681213,0.9985990499344152,1.011309070365839,7730.530045381098,8066.705997956658,-0.09403599243086841,-0.08119508485084942,1.4889280607767255,1.6654851104079431,0.0005747314912672381,0.0011631522177273294,17173.29156206595,37844.172636437426
2847e459-0007-49ea-9773-306b6aa1b30d,48,12.0,6427174.873065681,6432346.348469869,0.3144499669357524,0.3250153300212815,0.998567851863363,1.0113360545147212,7734.640958751125,8075.886206504194,-0.0941324674715858,-0.08109605701540054,1.4890530993530566,1.6656814547842602,0.0005852584415957859,0.0011882805379559043,17506.446789220623,38749.79151816862
2847e459-0007-49ea-9773-306b6aa1b30d,49,12.25,6426985.102838277,6432189.708073416,0.3147479048790692,0.32532842812032153,0.998536549245896,1.0113630320575915,7738.826535682022,8085.283221573126,-0.0942306400233401,-0.08099438234600471,1.4891787508555865,1.6658802572203326,0.0005959504296504867,0.0012139657925368007,17845.567602373067,39679.56739543949
2847e459-0007-49ea-9773-306b6aa1b30d,50,12.5,6426794.914237478,6432033.178976479,0.3150460028995162,0.3256419023813714,0.9985051402396353,1.0113900034326635,7743.088059649807,8094.902914769591,-0.09433055713382292,-0.08088999471063417,1.489305021284134,1.666081582309125,0.0006068092200204248,0.0012402218582077372,18190.74860809053,40634.289885380254
2847e459-0007-49ea-9773-306b6aa1b30d,51,12.75,6426604.29804763,6431876.765093058,0.3153442637803868,0.3259557615526522,0.998473622948773,1.0114169690921067,7747.42683201502,8104.751353266989,-0.09443226745584425,-0.08078282599219443,1.4894319165916727,1.6662854968212055,0.0006178365634282558,0.0012670630440326316,18542.085412059056,41614.781601174654
2847e459-0007-49ea-9773-306b6aa1b30d,52,13.0,6426413.244782882,6431720.470457106,0.3156426903507509,0.3262700146208555,0.9984419954221145,1.0114439295025641,7751.844172082733,8114.834808129135,-0.09453582131687174,-0.08067280601154796,1.489559442677146,1.666492069799035,0.0006290341947414704,0.0012945041089599874,18899.674597076166,42621.89986882202
2847e459-0007-49ea-9773-306b6aa1b30d,53,13.25,6426221.744677303,6431564.299226904,0.31594128548597794,0.3265846708191591,0.9984102556510339,1.0114708851456944,7756.341417149858,8125.159763073535,-0.09464127079227738,-0.08055986244670944,1.4896876053778885,1.6667013726563575,0.0006404038308742487,0.0013225602802769585,19263.613698133435,43656.53855060738
2847e459-0007-49ea-9773-306b6aa1b30d,54,13.5,6426029.78767455,6431408.255689643,0.3162400521082547,0.32689973963558777,0.9983784015673304,1.0114978365187368,7760.919922538722,8135.73292370256,-0.09474866978252604,-0.08044392074798024,1.4898164104616416,1.6669134792830222,0.0006519471685736549,0.001351247273014317,19634.001174348796,44719.62998300966
2847e459-0007-49ea-9773-306b6aa1b30d,55,13.75,6425837.363417037,6431252.34426619,0.31653899318709505,0.3272152308217359,0.9983464310409855,1.0115247841351047,7765.581061615798,8146.561227232311,-0.09485807409455778,-0.08032490404877282,1.4899458636181404,1.6671284661555932,0.0006636658820855186,0.0013805813103611524,20010.93637754998,45812.147037406736
2847e459-0007-49ea-9773-306b6aa1b30d,56,14.0,6425644.461234604,6431096.569516079,0.3168381117398422,0.3275311544018735,0.9983143418778131,1.011551728525006,7770.3262257944225,8157.6518527511935,-0.09496954152763418,-0.08020273307185852,1.490075970450253,1.667346412454127,0.0006755616206926253,0.001410579145151866,20394.5195172217,46935.105312616986
2847e459-0007-49ea-9773-306b6aa1b30d,57,14.25,6425451.070132638,6430940.936142721,0.317137410832161,0.3278475206824549,0.9982821318169949,1.011578670236092,7775.156824520234,8169.0122320426,-0.09508313196393953,-0.0800773260307517,1.4902067364646518,1.6675674001855312,0.0006876360061192476,0.0014412580824932906,20784.85162156403,48089.56546910381
2847e459-0007-49ea-9773-306b6aa1b30d,58,14.5,6425257.178779623,6430785.4489988545,0.3174368935785199,0.32816434026205277,0.9982497985284974,1.0116056098341393,7780.074285238,8180.6500610087005,-0.09519890746424943,-0.07994859852592316,1.490338167061995,1.6677915143139466,0.0006998906297954797,0.0014729722196341255,21182.03449438428,49287.88601412733
2847e459-0007-49ea-9773-306b6aa1b30d,59,14.75,6425062.775494074,6430630.113092235,0.31773656314266097,0.3284816240417419,0.9982173396103607,1.0116325479037616,7785.080053338391,8192.57598153686,-0.09531695754088135,-0.07981643867264085,1.490470267526596,1.668018870057168,0.0007123270499733987,0.00151217569146133,21586.17066749247,50747.33177343158
2847e459-0007-49ea-9773-306b6aa1b30d,60,15.0,6424867.848116,6430474.933639642,0.3180364227365408,0.32879938334013736,0.9981847525660944,1.011659485057991,7790.175591693551,8204.852227529509,-0.09543785745524967,-0.07968025624995999,1.4906030429913306,1.668250108047214,0.0007249467833744595,0.0015526170160036028,21997.363184857353,52260.77829396384
2847e459-0007-49ea-9773-306b6aa1b30d,61,15.25,6424672.381782713,6430319.916996357,0.3183364755915385,0.3291176319067948,0.9981520344209465,1.0116864221084723,7795.362372893722,8217.491932842642,-0.09556171876792428,-0.07953991297967676,1.4907364979517856,1.6684853712427563,0.0007377511977997105,0.0015943438491861374,22415.712334060234,53830.76699392179
2847e459-0007-49ea-9773-306b6aa1b30d,62,15.5,6424476.361032569,6430165.069781763,0.31863672498637285,0.32943638400670083,0.9981191820819547,1.0117133599024808,7800.641885232081,8230.508859018448,-0.09568865848250628,-0.07939526447010523,1.4908706366786135,1.6687248095513996,0.0007507416007190183,0.001637406131997409,22841.31839011512,55459.99042003535
2847e459-0007-49ea-9773-306b6aa1b30d,63,15.75,6424279.769774246,6430010.39889241,0.3189371742472121,0.32975565444490695,0.9980861923318431,1.0117402993247393,7806.015632315624,8243.917433202301,-0.0958187993760019,-0.07924615986847659,1.4910054631979088,1.66896858025979,0.0007639192339494242,0.0016818562272078556,23274.281485428124,57151.303321024694
2847e459-0007-49ea-9773-306b6aa1b30d,64,16.0,6424082.59125406,6429855.911515872,0.3192378267477358,0.330075458592652,0.9980530618225206,1.0117672412993464,7811.485132623768,8257.73278887972,-0.09595227035375252,-0.07909244148856223,1.4911409812703846,1.6692168484966037,0.0007772852679878175,0.0017277490661194328,23714.701467604307,58907.73469245399
2847e459-0007-49ea-9773-306b6aa1b30d,65,16.25,6423884.808021138,6429701.615145422,0.31953868590914547,0.3303958124150832,0.9980197870681503,1.0117941867918245,7817.051919010384,8271.970809684122,-0.09608920683110378,-0.07893394441138153,1.4912771943692773,1.66946978773142,0.000790840795974928,0.0017751423062285542,24162.677744116598,60732.50089268379
2847e459-0007-49ea-9773-306b6aa1b30d,66,16.5,6423686.401890294,6429547.517595607,0.3198397552001175,0.3307167325006962,0.9979863644377548,1.0118211368112995,7822.71753814467,8286.648176552264,-0.09622975114422407,-0.07877049605663829,1.4914141056569037,1.6697275803128082,0.0008045868272650594,0.0018240965007727072,24618.309112743675,62629.01994127368
2847e459-0007-49ea-9773-306b6aa1b30d,67,16.75,6423487.353902412,6429393.627018782,0.3201410381366945,0.3310382360926261,0.9979527901473197,1.0118480924128175,7828.483549885843,8301.78241853346,-0.09637405299273624,-0.07860191572228634,1.4915517179597906,1.6699904180493137,0.0008434007967939131,0.0018746752812324277,25843.974148943493,64600.92712450103
2847e459-0007-49ea-9773-306b6aa1b30d,68,17.0,6423287.644282145,6429239.951922674,0.32044253828210817,0.33136034112193224,0.9979190602513534,1.011875054699813,7834.52411278145,8317.391967591291,-0.09652226991711188,-0.07842801408935393,1.4916911852495984,1.6702585028374322,0.0008602946807988506,0.0019269455539742716,26402.343991258826,66652.09204779315
2847e459-0007-49ea-9773-306b6aa1b30d,69,17.25,6423087.252392692,6429086.497808614,0.3207442658932643,0.3316830662430337,0.9978851706338562,1.011902024434969,7840.687861949909,8333.496217773329,-0.0966745510785669,-0.07824859606746433,1.4918314858621136,1.6705320437686888,0.0008775282633613009,0.001980977705839124,26973.633187323536,68786.63706606186
2847e459-0007-49ea-9773-306b6aa1b30d,70,17.5,6422886.156722109,6428933.273577343,0.3210462253837168,0.33200643087138115,0.9978511169998756,1.0119290027813457,7846.9774955282455,8350.115588378243,-0.0968310691859994,-0.07806345406797979,1.4919726277275167,1.670811264333411,0.0008951073072806592,0.0020368458350797807,27558.141203256702,71008.95776993368
2847e459-0007-49ea-9773-306b6aa1b30d,71,17.75,6422684.334801389,6428780.288525399,0.3213484212557247,0.33233045522376264,0.9978168948641586,1.0119559909563147,7853.395765241112,8367.271593687301,-0.09699200631055505,-0.07787237023075384,1.492114618476662,1.6710964002371262,0.0009130375717632765,0.002094628000769879,28156.172768023207,73323.74547128692
2847e459-0007-49ea-9773-306b6aa1b30d,72,18.0,6422481.763149281,6428627.552367074,0.3216508581014127,0.3326551603612744,0.9977824995400622,1.0119829902346653,7859.945476676495,8384.986917880187,-0.0971575545277815,-0.07767511576240717,1.4922574654038432,1.6713877002575326,0.0009313248022385987,0.0021544064902044554,28768.037755235622,75736.0118030128
2847e459-0007-49ea-9773-306b6aa1b30d,73,18.25,6422278.417213088,6428475.075257871,0.321953540603875,0.3329805682352318,0.9977479261276423,1.0120100019519283,7866.6294894707435,8403.285496281169,-0.0973279166140526,-0.07747145022095095,1.492401175426641,1.6716854271759025,0.0009499747191521053,0.0022162681085525276,29394.05103597021,78251.11577275177
2847e459-0007-49ea-9773-306b6aa1b30d,74,18.5,6422074.271305073,6428322.867819574,0.32225647353821313,0.33330670173626853,0.9977131695008484,1.0120370275079376,7873.450717391385,8422.192603576303,-0.09750330680275726,-0.07726112074148185,1.4925457550426384,1.6719898587906632,0.0009689930056459404,0.0022803044929816446,30034.532299215687,80874.793557287
2847e459-0007-49ea-9773-306b6aa1b30d,75,18.75,6421869.298534074,6428170.941167078,0.32255966177249723,0.3336335847468971,0.997678224293739,1.0120640683706512,7880.412128304971,8441.734949718279,-0.09768395160640007,-0.07704386119706158,1.4926912102827692,1.6723012890218376,0.0009883852940292073,0.002346612453736078,30689.80583618248,83613.19136289314
2847e459-0007-49ea-9773-306b6aa1b30d,76,19.0,6421663.470731889,6428019.306937125,0.3228631102686387,0.33396124219783296,0.997643084885628,1.0120911260802528,7887.516744015849,8461.940784321707,-0.09787009071150082,-0.0768193912882007,1.4928375466610528,1.6726200291161035,0.0010081571509314951,0.002415294344939698,31360.20028430865,86472.90172117809
2847e459-0007-49ea-9773-306b6aa1b30d,77,19.25,6421456.758373935,6427867.977319097,0.3231668240831609,0.3342897001284152,0.99760774538506,1.0121182022535582,7894.7676399603015,8482.840010449738,-0.09806197868147477,-0.07658741555357929,1.4929847691204479,1.672946408963454,0.001028314061023025,0.0024864584682364964,32046.048326335545,89461.00364151708
2847e459-0007-49ea-9773-306b6aa1b30d,78,19.5,6421249.130492103,6427716.965088069,0.3234708083678319,0.33461898575149157,0.9975721996125,1.012145298588758,7902.167944738384,8504.464308845643,-0.09825988488531905,-0.07634762229362524,1.4931328819745318,1.6732807785393469,0.0010488614091722064,0.00256021951331229,32747.686339263968,92585.10712133296
2847e459-0007-49ea-9773-306b6aa1b30d,79,19.75,6421040.554583126,6427566.283640301,0.3237750683701975,0.3349491275231791,0.9975364410816111,1.0121724168705226,7909.720839465443,8526.847273655463,-0.09846409481421815,-0.07609968239789845,1.4932818888447001,1.6736235094827072,0.0010698044609048615,0.0026366990378822158,33465.45398762123,95853.40251356887
2847e459-0007-49ea-9773-306b6aa1b30d,80,20.0,6420830.996509061,6427415.947031397,0.32407960943395847,0.33528015521794957,0.9975004629789803,1.0121995589755068,7917.4295569215565,8550.024560986827,-0.0986749116147149,-0.07584324806571015,1.493431792592548,1.673974996827935,0.0010911483410101098,0.002716025992424819,34199.69375464415,99274.71541221908
2847e459-0007-49ea-9773-306b6aa1b30d,81,20.25,6420620.420388932,6427265.970017386,0.32438443699916836,0.3356121000095445,0.9974642581421325,1.01222672687829,7925.297380475513,8574.034051768045,-0.09889265748528366,-0.07557795140815714,1.493582595247073,1.674335660909183,0.0011128980101242814,0.0027983372947635947,34950.750404320686,102858.56778303921
2847e459-0007-49ea-9773-306b6aa1b30d,82,20.5,6420408.7884811945,6427116.368098967,0.3246895566022356,0.3359449945582803,0.9974278190356562,1.0122539226577956,7933.327642757603,8598.9160305445,-0.09911767520966336,-0.07530340291826654,1.4937342979263122,1.6747059494568424,0.0011350582391100076,0.002883778459969006,35718.970366519134,106615.24616506245
2847e459-0007-49ea-9773-306b6aa1b30d,83,20.75,6420196.061056091,6426967.1575692585,0.3249949738757053,0.33627887310536897,0.9973911377252421,1.0122811485042338,7941.523724052622,8624.713382084563,-0.099350329843042,-0.07501918979415526,1.4938869007529925,1.675086339909494,0.0011576335810268784,0.0029725042919812854,36504.70103647663,110555.87790294529
2847e459-0007-49ea-9773-306b6aa1b30d,84,21.0,6419982.196256823,6426818.355565352,0.32530069454779115,0.33661377157495276,0.9973542058494079,1.0123084067266244,7949.8890503813345,8651.471807925198,-0.09959101056940763,-0.07472487409807091,1.4940404027637415,1.675477341967887,0.0011806283404721903,0.0030646796442297904,37308.28997901338,114692.51652074586
2847e459-0007-49ea-9773-306b6aa1b30d,85,21.25,6419767.149948321,6426669.980124063,0.32560672444162475,0.33694972768463544,0.9973170145886582,1.0123356997609536,7958.427091235204,8679.240065286343,-0.09984013275095882,-0.07441999073182423,1.4941948018113718,1.6758795004213343,0.001204046540045995,0.0031604802575284398,38130.084026685756,119038.2375248306
2847e459-0007-49ea-9773-306b6aa1b30d,86,21.5,6419550.875552279,6426522.050242292,0.32591306947418686,0.33728678106538745,0.9972795546317917,1.012363030179034,7967.141356925305,8708.070231130405,-0.10009814019346384,-0.07410404520639156,1.4943500944597103,1.6762933982813835,0.0012278918836686212,0.003260093684694982,38970.42825983232,123607.24613301776
2847e459-0007-49ea-9773-306b6aa1b30d,87,21.75,6419333.323866882,6426374.585942466,0.32621973565487844,0.33762497339181136,0.9972418161390322,1.0123904006981397,7976.035395501995,8738.01799454776,-0.10036550765495082,-0.0737765111802918,1.494506275870404,1.6767196602628553,0.0012521677164530971,0.0033637203127033907,39829.664855159564,128414.99867538232
2847e459-0007-49ea-9773-306b6aa1b30d,88,22.0,6419114.442869511,6426227.608343582,0.3265267290836864,0.33796434852387897,0.9972037887016132,1.0124178141915001,7985.112789197058,8769.142981121713,-0.10064274362919402,-0.07343682773764262,1.4946633396810862,1.6771589566584635,0.0012768769807998618,0.0034715744947595396,40708.13178784808,133478.33970710664
2847e459-0007-49ea-9773-306b6aa1b30d,89,22.25,6418894.177500422,6426081.139738444,0.3268340559488909,0.3383049526613942,0.9971654612973984,1.0124452736997474,7994.377150334586,8801.50911347998,-0.10093039344024742,-0.07308439637247761,1.4948212778742382,1.6776120076604446,0.0013020221683474244,0.0035838858065435444,41606.16137046017,138815.6572257349
2847e459-0007-49ea-9773-306b6aa1b30d,90,22.5,6418672.469425151,6425935.203677764,0.32714172252425605,0.3386468345126015,0.9971268222420568,1.0124727824434212,8003.832116650691,8835.185012890188,-0.1012290426899049,-0.07271857764083817,1.4949800806360252,1.6780795881911306,0.001327605267371351,0.0037009004430366968,42524.07860990836,144447.058806426
2847e459-0007-49ea-9773-306b6aa1b30d,91,22.75,6418449.25677307,6425789.825061869,0.3274497351656365,0.33899004547854955,0.9970878591352467,1.012500343836653,8013.481345955264,8870.244447523608,-0.10153932110660474,-0.07233868743619615,1.4951397362043288,1.678562533314461,0.0013536277051778975,0.0038228827749023303,43462.199361474406,150394.57197437075
2847e459-0007-49ea-9773-306b6aa1b30d,92,23.0,6418224.473849129,6425645.030240875,0.3277581003069249,0.33933463985504064,0.9970485588011758,1.0125279615021665,8023.328510061155,8906.766833917784,-0.10186190685215157,-0.07194399283673626,1.4953002307051315,1.6790617443123916,0.001380090284987637,0.003950117086414824,44420.82825633424,156682.37274335945
2847e459-0007-49ea-9773-306b6aa1b30d,93,23.25,6417998.050815401,6425500.847124292,0.3280668244552532,0.33968067505425253,0.9970089072228181,1.0125556392877473,8033.377287897343,8944.837799244211,-0.10219753135195818,-0.071533707464711,1.4954615479763353,1.6795781955243936,0.0014069931167441162,0.004082909520493429,45400.25637608967,163337.04698641333
2847e459-0007-49ea-9773-306b6aa1b30d,94,23.5,6417769.91333853,6425357.305301155,0.3283759141853499,0.3400282118484173,0.9969688894689482,1.0125833812843639,8043.63135771265,8984.549813267518,-0.10254698472562439,-0.07110698628820732,1.495623669378026,1.6801129420652763,0.001434335541216847,0.004221590260650095,46400.758644538124,170387.89020006725
2847e459-0007-49ea-9773-306b6aa1b30d,95,23.75,6417539.982198571,6425214.436171947,0.32868537613294063,0.3403773146382905,0.9969284896130284,1.0126111918461393,8054.094388265158,9026.002900412346,-0.10291112190796582,-0.07066291978389722,1.4957865735881015,1.6806671285570136,0.0014621160466893558,0.004366515984714806,47422.59090307146,177867.25231534807
2847e459-0007-49ea-9773-306b6aa1b30d,96,24.0,6417308.172853992,6425072.273093738,0.3289952169870633,0.3407280517495521,0.9968876906428247,1.0126390756124093,8064.7700288795795,9069.305444188783,-0.10329086956656697,-0.07020052736526967,1.4959502363820945,1.6812419990348884,0.0014903321774366288,0.004518072631268701,48465.9866318198,185810.93554563893
2847e459-0007-49ea-9773-306b6aa1b30d,97,24.25,6417074.394956785,6424930.851540203,0.3293054434811492,0.3410804957607612,0.9968464743594444,1.0126670375321372,8075.661898239994,9114.575098436258,-0.103687233941175,-0.06971874996394087,1.4961146303959145,1.6818389082180871,0.0015189804330922058,0.004676678526984082,49531.15327360133,194258.65490531514
2847e459-0007-49ea-9773-306b6aa1b30d,98,24.5,6416838.551810595,6424790.209278415,0.32961606238269975,0.3414347238670528,0.9968048212642655,1.0126950828909946,8086.773571768445,9161.939822516573,-0.10410130975354218,-0.06921644163126325,1.4962797248701232,1.6824593343710976,0.0015480561578908418,0.004842787931859012,50618.26811211251,203254.5730646963
2847e459-0007-49ea-9773-306b6aa1b30d,99,24.75,6416600.539763596,6424650.386564596,0.32992708048136044,0.34179081828443725,0.9967627104319632,1.0127232173414722,8098.108567420404,9211.539060829635,-0.10453429036464355,-0.06869236000278209,1.4964454853742275,1.6831048940264701,0.0015775534186341883,0.005016895069973891,51727.47364910713,212847.92372886837
2847e459-0007-49ea-9773-306b6aa1b30d,100,25.0,6416360.247526382,6424511.426361393,0.3302385045751627,0.3421488667003606,0.9967201193675219,1.0127514469364363,8109.670329705671,9263.525090980822,-0.1049874793907851,-0.0681451554380828,1.4966118735093419,1.6837773588937188,0.0016074648700679184,0.0051995387263439686,52858.87241763816,223093.74087480866
2847e459-0007-49ea-9773-306b6aa1b30d,101,25.25,6416117.55540341,6424373.374579623,0.3305503414546659,0.34250896277713805,0.9966770238447327,1.0127797781666268,8121.462211717311,9318.06456977601,-0.10546230403256682,-0.06757335861191113,1.4967788465874137,1.6844786753459269,0.0016377816061762176,0.0053913075062791,54012.52115962699,234053.71512904318
2847e459-0007-49ea-9773-306b6aa1b30d,102,25.5,6415872.334424407,6424236.280347947,0.330862597884686,0.3428712067160162,0.9966333977232109,1.0128082180026692,8133.487454921056,9375.340312189472,-0.10596033042302641,-0.0669753662874338,1.4969463572850337,1.6852109869583431,0.0016684929956774191,0.00559284587312076,55188.42428548877,245797.20354771684
2847e459-0007-49ea-9773-306b6aa1b30d,103,25.75,6415624.44535961,6424100.196314528,0.33117528058324275,0.34323570589099617,0.9965892127403966,1.0128367739422757,8145.7491664224335,9435.553345839371,-0.10648328136621825,-0.06634942494695588,1.4971143532696656,1.6859766606762494,0.0016995864997512574,0.005804861104241849,56386.52652148311,258402.4253781351
2847e459-0007-49ea-9773-306b6aa1b30d,104,26.0,6415373.737599555,6423965.178985445,0.33148839619728987,0.3436025755632174,0.9965444382742991,1.0128654540634392,8158.250293387691,9498.925292702825,-0.10703305691844463,-0.06569361188648573,1.4972827767959092,1.686778317318342,0.0017310474697195223,0.006028131335047816,57606.70463599131,271957.8844462918
2847e459-0007-49ea-9773-306b6aa1b30d,105,26.25,6415120.047876283,6423831.289105501,0.3318019512747134,0.34397193968872686,0.9964990410718862,1.0128942670845675,8170.993594246111,9565.701141316093,-0.10761175836590718,-0.0650058132945327,1.497451564269174,1.6876188672843015,0.0017628589220404032,0.006263514897966051,58848.758119019556,286564.0691758432
2847e459-0007-49ea-9773-306b6aa1b30d,106,26.5,6414863.198798055,6423698.592088123,0.3321159522319811,0.3443439318349378,0.9964529849369468,1.0129232224326894,8183.981606243947,9636.152487205696,-0.10822171628070755,-0.06428369872756647,1.4976206457738632,1.6885015525411036,0.0017950012875382606,0.0065119612102248784,60112.398668959264,302335.49464703526
2847e459-0007-49ea-9773-306b6aa1b30d,107,26.75,6414602.997163774,6423567.158502351,0.33243040531670515,0.3447186962241251,0.9964062303699175,1.0129523303210903,8197.216608852068,9710.581337674703,-0.10886552349993311,-0.0635246912582008,1.4977899445628586,1.689429996225283,0.0018274521312652559,0.006774523523406477,61397.23831651649,319403.1685659962
2847e459-0007-49ea-9773-306b6aa1b30d,108,27.0,6414339.2320158705,6423437.064626507,0.3327453165642271,0.34509638892607064,0.9963587341504941,1.0129816018380122,8210.700582447807,9789.32460051995,-0.1095460740808122,-0.0627259323987655,1.4979593765047385,1.6904082615358176,0.0018601858387509104,0.007052373923069344,62702.77598661084,337917.5859373718
2847e459-0007-49ea-9773-306b6aa1b30d,109,27.25,6414071.672381093,6423308.393080115,0.33306069174714237,0.34547717922665167,0.9963104488517232,1.0130110490483961,8224.435161593385,9872.759406394649,-0.11026660955325139,-0.061884240680888554,1.498128849484756,1.691440922029041,0.0018931732636154066,0.007346821063298523,64028.382263861786,358052.38756893075
2847e459-0007-49ea-9773-306b6aa1b30d,110,27.5,6413800.064636832,6423181.233548088,0.33337653631644126,0.3458612512050288,0.9962613222715772,1.0130406851110783,8238.421582114348,9961.309453557791,-0.11103077413950474,-0.060996062485252196,1.498298262755126,1.6925331459966826,0.0019263813305607728,0.007659331245714947,65373.282084324535,380008.8580230234
2847e459-0007-49ea-9773-306b6aa1b30d,111,27.75,6413524.129425477,6423055.683614326,0.3336928553326377,0.34624880555947607,0.9962112967645602,1.0130705244143956,8252.660621036397,10055.452614695243,-0.11184268106692975,-0.060057413343192555,1.4984675062296189,1.6936907983574345,0.001959772586563904,0.007991553614788895,66736.53502342968,404021.49315723806
2847e459-0007-49ea-9773-306b6aa1b30d,112,28.0,6413243.558019871,6422931.849725734,0.33400965338486227,0.3466400617312755,0.9961603084514199,1.0131005827338464,8267.152528260529,10155.730112566544,-0.11270699270236226,-0.05906380744335017,1.4986364597168105,1.6949205644867233,0.0019933046916104074,0.008345350454398713,68117.01278488287,430364.94154529326
2847e459-0007-49ea-9773-306b6aa1b30d,113,28.25,6412958.008017675,6422809.84831269,0.33432693449539047,0.3470352603881018,0.9961082862792195,1.013130877416334,8281.896948635322,10262.757660338566,-0.11362901804005184,-0.058010172430273635,1.4988049920855637,1.69623010174122,0.0020269298384322653,0.008722833852897023,69513.37341368251,459362.7259427663
2847e459-0007-49ea-9773-306b6aa1b30d,114,28.5,6412667.098209398,6422689.807098339,0.3346447020064111,0.3474346663438063,0.9960551508963621,1.0131614275966632,8296.892832808593,10377.239082011447,-0.11461483215707235,-0.056890745718494916,1.4989729603554005,1.6976282262367146,0.00206059408834082,0.009126410381583624,70924.03165401732,491398.2924737883
2847e459-0007-49ea-9773-306b6aa1b30d,115,28.75,6412370.402421094,6422571.866637439,0.3349629584449645,0.347838572011666,0.9960008132969791,1.0131922544534417,8312.138334891612,10499.983090399937,-0.11567142372299136,-0.05569894738033552,1.4991402087033068,1.6991251449027842,0.0020942366071946992,0.009558835941946528,72347.12474219462,526929.134122194
2847e459-0007-49ea-9773-306b6aa1b30d,116,29.0,6412067.442074321,6422456.182136236,0.33528170536081,0.3482473015146499,0.9959451731754398,1.013223381513484,8327.630694523901,10631.924122295724,-0.11680687867887814,-0.054427223075612347,1.4993065673771568,1.700732746248187,0.0021277887816049737,0.010023283634697896,73780.47275741126,566505.0182551264
2847e459-0007-49ea-9773-306b6aa1b30d,117,29.25,6411757.677127002,6422342.925619248,0.3356009431304024,0.34866121561141566,0.9958881169131912,1.0132548350164043,8343.366100352996,10774.148438684313,-0.11803061102890659,-0.05306684829576242,1.4994718515042662,1.702464968049172,0.0021611731903154983,0.010523428468725865,75221.53243537858,610791.7565085173
2847e459-0007-49ea-9773-306b6aa1b30d,118,29.5,6411440.494950899,6422232.288527874,0.3359206707179957,0.3490807176439443,0.995829515094667,1.0132866443545567,8359.339531195414,10927.927131176884,-0.11935365568475227,-0.051607682124088665,1.4996358597814894,1.7043382669581795,0.002194302398878228,0.011063554080444626,76667.34306407822,660602.5537724666
2847e459-0007-49ea-9773-306b6aa1b30d,119,29.75,6411115.196551978,6422124.484861624,0.33624088538189456,0.34950626077681707,0.995769219413543,1.0133188426081847,8375.544570157372,11094.758293495226,-0.12078904403474018,-0.050037854359209356,1.4997983730306337,1.70637222480726,0.002227077536602598,0.011648688555925248,78114.46270031403,716939.8635414807
2847e459-0007-49ea-9773-306b6aa1b30d,120,30.0,6410780.979329947,6422019.7550080875,0.33656158230965694,0.3499383568863273,0.9957070587805503,1.013351467202137,8391.973185671892,11276.421510951235,-0.12235229126081114,-0.04834336358022615,1.49995915259957,1.7085903406928817,0.002259386602366813,0.012284779221466145,79558.89243263421,781052.0254107538
2847e459-0007-49ea-9773-306b6aa1b30d,121,30.25,6410436.915273917,6421918.370456788,0.33688275416001334,0.350377587580655,0.9956428343722703,1.013384560719537,8408.615471613755,11475.04913685045,-0.12406203680670683,-0.046507554559499745,1.5001179385850192,1.7110210792458376,0.0022911024288232466,0.01297892033715405,80995.98571366457,854511.0417296492
2847e459-0007-49ea-9773-306b6aa1b30d,122,30.5,6410081.923056894,6421820.639661157,0.3372043904804851,0.3508246180066299,0.9955763132556463,1.0134181719206095,8425.45933617697,11693.220797346132,-0.12594089810667564,-0.044510429764411094,1.5002744478471908,1.7136992778462816,0.00232208021070147,0.013739653707821401,82420.33880796615,939321.1301590246
2847e459-0007-49ea-9773-306b6aa1b30d,123,30.75,6409714.731850534,6421726.915411716,0.3375264769566421,0.3512802143496959,0.9955072200674194,1.0134523570333145,8442.490125722305,11934.090582984696,-0.1280166265456792,-0.04232772892897699,1.500428371778677,1.7166680656889062,0.0023521544690616974,0.01457737149457859,83825.65701953178,1038072.977352221
2847e459-0007-49ea-9773-306b6aa1b30d,124,31.0,6409333.833714875,6421637.604227775,0.337848994429173,0.3517452663021195,0.9954352259918703,1.0134871814095086,8459.69016482789,12201.561102008669,-0.13032370019780512,-0.039929678442258296,1.5005793737794249,1.7199815271240142,0.002381135274350027,0.015504864957534717,85204.58937011629,1154167.3660778357
2847e459-0007-49ea-9773-306b6aa1b30d,125,31.25,6408937.419927541,6421553.178489388,0.33817191758426146,0.3522208163262281,0.9953599339144784,1.0135227216808826,8477.038186508456,12500.526129190555,-0.13290556173998228,-0.03727926103145498,1.5007270863749267,1.7237084710680386,0.002408803478753283,0.016538085942732646,86548.52146676769,1292146.7311870875
2847e459-0007-49ea-9773-306b6aa1b30d,126,31.5,6408523.29426114,6421474.192357597,0.33849521317388853,0.35270809838467976,0.9952808580472724,1.0135590686110187,8494.508615703662,12837.216034208532,-0.13581783311319026,-0.03432977244898589,1.5008711078940018,1.7279378848326894,0.0024349045990494714,0.017697225836783015,87847.31187983774,1458199.3393673142
2847e459-0007-49ea-9773-306b6aa1b30d,127,31.75,6408088.752387214,6421401.303039686,0.33881883754250647,0.3532085901378054,0.9951973953695574,1.0135963309374483,8512.070652467342,13219.701324307034,-0.13913305075252574,-0.031021290802408195,1.5010109985924847,1.7327870250582362,0.002459140821858826,0.019008280943719775,89088.95052980515,1660948.3704322304
2847e459-0007-49ea-9773-306b6aa1b30d,128,32.0,6407630.410155182,6421335.299772164,0.33914273310059406,0.3537240847552442,0.9951087846191319,1.013634640655303,8529.687074965583,13658.646847338377,-0.1429478447447943,-0.027275438325455603,1.501146276064561,1.7384137695096455,0.0024811603334610457,0.02050538597451808,90259.10673637428,1912728.3954517613
2847e459-0007-49ea-9773-306b6aa1b30d,129,32.25,6407143.952301349,6421277.144245149,0.3394668231462711,0.3542567920751249,0.9950140457506995,1.0136741604575095,8547.312639431115,14168.477340764824,-0.14739419339624682,-0.02298736989589095,1.5012764097154554,1.7450361076929273,0.0025005427325817523,0.022234403375096152,91340.51678113207,2231730.9923997894
2847e459-0007-49ea-9773-306b6aa1b30d,130,32.5,6406623.752823826,6421228.028511717,0.3397910039961451,0.35480948505984256,0.9949118876292634,1.0137150945029627,8564.89188142357,14769.245682110195,-0.1526577725316844,-0.01801307811787258,1.5014008139617923,1.7529641078306175,0.002516778527224188,0.024258650810069813,92312.13051508255,2645777.246748129
2847e459-0007-49ea-9773-306b6aa1b30d,131,32.75,6406062.279530022,6421189.460580859,0.3401151325358855,0.35538571874472824,0.9948005618521328,1.0137577045100497,8582.355993898562,15489.759663054649,-0.1590093004922198,-0.012148417582810742,1.501518839649581,1.762654800306817,0.002529239368269655,0.02666844742516334,93147.88266089534,3199315.6899790913
2847e459-0007-49ea-9773-306b6aa1b30d,132,33.0,6405449.117072323,6421163.395710883,0.34043900555601037,0.35599017027753155,0.9946776205461967,1.0138023347444731,8599.618217595638,16373.093664149445,-0.1668611886608109,-0.0050926639754432165,1.5013116797528276,1.774811733577097,0.002537133149910921,0.029597883389392062,93814.85382657957,3967273.59422131
2847e459-0007-49ea-9773-306b6aa1b30d,133,33.25,6404769.273656889,6421152.447016735,0.3407623233960779,0.356629191876385,0.9945394924220782,1.0138496689824104,8616.566704208914,17486.940891424303,-0.17687729779257844,0.0036231855972925567,1.5003553620231327,1.7905781564634746,0.0025394331013421562,0.033256245491785255,94270.3868871779,5084765.230582736
2847e459-0007-49ea-9773-306b6aa1b30d,134,33.5,6404000.038626338,6421168.286590174,0.34108462119783634,0.3573117668507618,0.9943806875028104,1.0139009362601556,8622.164569801625,18944.67193368505,-0.19020510500566912,0.014778827378573533,1.498021381402934,1.8119449662995553,0.002531864369642469,0.037992125171435805,94111.57838866969,6817698.158496802
2847e459-0007-49ea-9773-306b6aa1b30d,135,33.75,6403104.617262924,6421238.279051286,0.34140472178634396,0.3580513308661982,0.9941921587734919,1.0139583358267905,8578.089616792755,20952.892694402974,-0.2090511040391098,0.029803882854002102,1.4929596044199633,1.8427504860601316,0.0025046793443173287,0.044438219514914556,92151.68839265537,9754716.048901618
2847e459-0007-49ea-9773-306b6aa1b30d,136,34.0,6402017.519606496,6421394.37532941,0.3417194169374663,0.35886940639154236,0.9939575323454386,1.0140262552106811,8419.200696588807,23934.587851179618,-0.23835742625978187,0.05172577619726822,1.4818997116794175,1.8915543748346075,0.002447283033690484,0.053890093304164687,86735.30867211419,15435860.559420845
2847e459-0007-49ea-9773-306b6aa1b30d,137,34.25,6400604.739796615,6421703.746113503,0.3420216838035808,0.3598040565927437,0.9936428000087787,1.014114878873137,7953.673239027859,28918.198585003352,-0.29184078217871456,0.08836810745395599,1.4550221635541303,1.9817452015766235,0.002339281235842495,0.06954030539405462,73992.53921186448,29076964.715650186
2847e459-0007-49ea-9773-306b6aa1b30d,138,34.5,6398524.685163924,6422341.776587933,0.3422935413469793,0.3609335669968623,0.9931607139089126,1.0142542815999511,6420.98828456959,39209.203309391596,-0.42530110596715454,0.17025569855372025,1.3702579056253008,2.2045786067646493,0.0021339852509654443,0.1021605740099465,43991.13557282817,78528872.99238184
2847e459-0007-49ea-9773-306b6aa1b30d,139,34.75,6394480.304047858,6424002.623117237,0.34247700491067007,0.36246552964601425,0.9921910102611851,1.0145804604538813,-1584.2461401179535,72906.65351304846,-1.1578082007632498,0.5859626947475428,0.834201012302372,3.3310470781463355,0.0015094284194151545,0.22320487149255738,-12890313.954705488,593209369.0316046
b6d7a6bc-2c33-4120-a068-e057f0d5a921,0,0.0,6435923.266468614,6439941.012097669,0.3002926942190099,0.31030191592354633,0.9999723692334324,1.0100276307665677,7601.718517253831,7803.1895474425,-0.0908071711678851,-0.08375221836361663,1.483632367999489,1.6581895391367112,0.00023349226706843374,0.0004255131881264079,6746.306597443812,12954.699464330773
b6d7a6bc-2c33-4120-a068-e057f0d5a921,1,0.25,6435746.363432525,6439782.032910751,0.30058545726706254,0.31060396419772895,0.9999446836280271,1.0100552439301924,7603.468420858876,7806.447142537303,-0.09085774212246273,-0.08372774849072757,1.4837352183205823,1.6583171190467019,0.00023822751407322855,0.0004348187057059917,6886.291716286749,13249.060102090523
b6d7a6bc-2c33-4120-a068-e057f0d5a921,2,0.5,6435569.288256772,6439623.06347806,0.3008782903132372,0.31090614749460604,0.9999169426270457,1.0100828395969355,7605.250308520829,7809.77434041818,-0.09090884608319962,-0.08370237498586697,1.4838384195721426,1.6584455460408862,0.00024304949167185024,0.0004443199210844865,7028.97091401255,13550.10811052196
b6d7a6bc-2c33-4120-a068-e057f0d5a921,3,0.75,6435392.038243721,6439464.104864586,0.30117119454871233,0.31120846854730966,0.9998891456611598,1.0101104178760705,7607.064788308702,7813.17273437403,-0.09096049546761215,-0.08367607790772995,1.4839419762260466,1.6585748374539002,0.0002479595731418979,0.0004540209526877716,7174.392202711694,13858.006211629188
b6d7a6bc-2c33-4120-a068-e057f0d5a921,4,1.0,6435214.610631436,6439305.158162227,0.30146417118713936,0.3115109301515457,0.9998612921481189,1.0101379788801699,7608.912478810987,7816.643956947325,-0.09101270300387573,-0.0836488368531014,1.484045892812445,1.6587050110508152,0.00025295914773399504,0.0004639260128129581,7322.6043802546255,14172.92177221966
b6d7a6bc-2c33-4120-a068-e057f0d5a921,5,1.25,6435037.002592,6439146.224490538,0.30175722146502165,0.3118135351671369,0.9998333814924056,1.0101655227251918,7610.794009293386,7820.1896810716635,-0.09106548174005338,-0.08362063094467515,1.484150173919804,1.658836085039673,0.00025804962065465635,0.00047403941019676885,7473.657041295875,14495.026968078248
b6d7a6bc-2c33-4120-a068-e057f0d5a921,6,1.5,6434859.211229789,6438987.304997515,0.3020503466420988,0.31211628651961104,0.9998054130848819,1.0101930495305718,7612.710019858092,7823.811621250127,-0.09111884505366277,-0.08359143881847599,1.4842548241949098,1.6589680780844716,0.00026323241303823677,0.00048436555267269656,7627.600588329616,14824.498955194013
b6d7a6bc-2c33-4120-a068-e057f0d5a921,7,1.75,6434681.233579687,6438828.400860389,0.3023435480017358,0.31241918720183504,0.9997773863024233,1.0102205594193159,7614.661161604578,7827.511534776208,-0.0911728066615968,-0.08356123861086846,1.4843598483428306,1.6591010093186231,0.0002685089619077836,0.0004949089499207408,7784.486242801109,15161.520048393853
b6d7a6bc-2c33-4120-a068-e057f0d5a921,8,2.0,6434503.066605247,6438669.513286461,0.302636826851318,0.3127222402756972,0.9997493005075416,1.010248052518098,7616.648096791878,7831.291222999177,-0.09122738063041326,-0.08353000794513533,1.4844652511268361,1.6592348983589051,0.00027388072012362116,0.0005056742163136874,7944.366056249955,15506.277907756776
b6d7a6bc-2c33-4120-a068-e057f0d5a921,9,2.25,6434324.707196791,6438510.643513958,0.30293018452265075,0.3130254488738394,0.9997211550479955,1.0102755289573595,7618.6714990023065,7835.152532635857,-0.09128258138701005,-0.08349772391760803,1.4845710373682708,1.659369765319926,0.00027934915631949557,0.0005166660738641607,8107.292921490093,15858.965733205903
b6d7a6bc-2c33-4120-a068-e057f0d5a921,10,2.5,6434146.152169457,6438351.792812914,0.30322362237236494,0.3133288162014404,0.999692949256389,1.0103029888714132,7620.732053306592,7839.097357130848,-0.09133842372970336,-0.0834643630833304,1.484677211946379,1.6595056308291285,0.0002849157548254231,0.0005278893552762296,8273.320583811717,16219.782467677996
b6d7a6bc-2c33-4120-a068-e057f0d5a921,11,2.75,6433967.39826117,6438192.962486085,0.30351714178232725,0.3136323455380533,0.999664682449756,1.0103304323985505,7622.830456430367,7843.127638067383,-0.09139492283972694,-0.0834299014412362,1.4847837797980783,1.6596425160423554,0.0002905820155765114,0.0005393490071072891,8442.503652194098,16588.93300934729
b6d7a6bc-2c33-4120-a068-e057f0d5a921,12,3.0,6433788.44213056,6438034.153869893,0.30381074416005616,0.31393604023949795,0.9996363539291324,1.0103578596811507,7624.96741692197,7847.245366631094,-0.09145209429317172,-0.08339431441881974,1.4848907459176806,1.6597804426600038,0.0002963494540070619,0.0005510500930436626,8614.897610519423,16966.628433329217
b6d7a6bc-2c33-4120-a068-e057f0d5a921,13,3.25,6433609.280354803,6437875.368335407,0.30410443093914297,0.3142399037398111,0.9996079629791131,1.0103852708657965,7627.143655321507,7851.452585129077,-0.09150995407338582,-0.08335757685627813,1.484998115356554,1.6599194329437932,0.0003022196009290889,0.0005629977972960382,8790.558828772884,17353.08622339147
b6d7a6bc-2c33-4120-a068-e057f0d5a921,14,3.5,6433429.909427399,6437716.607289342,0.3043982035796784,0.31454393955325616,0.999579508867395,1.0104126661033923,7629.359904331113,7855.7513885667895,-0.09156851858385638,-0.0833196629901024,1.4851058932227266,1.6600595097341782,0.0003081940023947865,0.0005751974281192409,8969.544574225709,17748.530514171616
b6d7a6bc-2c33-4120-a068-e057f0d5a921,15,3.75,6433250.325755863,6437557.872175112,0.3046920635686843,0.3148481512763954,0.9995509908443042,1.0104400455492857,7631.6169089863415,7860.143926285436,-0.09162780466159541,-0.08328054643609363,1.4852140846804263,1.6602006964684337,0.00031427421954143074,0.0005876544214627971,9151.91302256759,18153.19234448356
b6d7a6bc-2c33-4120-a068-e057f0d5a921,16,4.0,6433070.525659357,6437399.164473903,0.30498601242055073,0.31515254259022596,0.9995224081423081,1.0104674093633947,7633.915426828619,7864.632403662642,-0.09168782959105333,-0.08324020017177909,1.4853226949495542,1.6603430171994458,0.00032046182841870464,0.0006003743447571998,9337.723268998561,18567.30992227159
b6d7a6bc-2c33-4120-a068-e057f0d5a921,17,4.25,6432890.505366226,6437240.485705791,0.3052800516774785,0.31545711726238296,0.9994937599755098,1.010494757710339,7636.256228078689,7869.219083879375,-0.09174861111858501,-0.08319859651820198,1.485431729305088,1.6604864966152406,0.00032675841979673824,0.0006133629008426046,9527.035339241038,18991.128901853233
b6d7a6bc-2c33-4120-a068-e057f0d5a921,18,4.5,6432710.261011459,6437081.837430896,0.3055741829099265,0.31576187914941234,0.9994650455391265,1.0105220907595747,7638.640095810947,7873.906289756206,-0.0918101674674945,-0.08315570695317968,1.4855411930764122,1.6606311600592871,0.00033316559895430625,0.0006266259320464345,9719.910200466162,19424.902674112076
b6d7a6bc-2c33-4120-a068-e057f0d5a921,19,4.75,6432529.788634062,6436923.221250897,0.3058684077170648,0.31606683219911974,0.9994362640089484,1.0105494086855362,7641.067826127217,7878.696405662263,-0.09187251735368632,-0.08311150232292502,1.4856510916465318,1.660777033551611,0.00033968498543145587,0.0006401694244191803,9916.40977168215,19868.892670419253
b6d7a6bc-2c33-4120-a068-e057f0d5a921,20,5.0,6432349.084174337,6436764.638810148,0.30616272772723274,0.3163719804529889,0.9994074145407802,1.0105767116677815,7643.5402283329595,7883.591879500226,-0.09193568000195218,-0.08306595285034145,1.4857614304512539,1.6609241438107578,0.0003463182127789972,0.0006539995121297069,10116.596934548197,20323.368680846266
b6d7a6bc-2c33-4120-a068-e057f0d5a921,21,5.25,6432168.1434710715,6436606.091796785,0.3064571445984019,0.3166773280486773,0.999378496269863,1.0106039998911422,7646.058125114396,7888.595224771057,-0.09199967516292376,-0.08301902802160097,1.4858722149782915,1.6610725182766493,0.0003530669282881303,0.000668122482030522,10320.535544134373,20788.60918754953
b6d7a6bc-2c33-4120-a068-e057f0d5a921,22,5.5,6431986.962258626,6436447.5819440475,0.3067516600186447,0.31698287922259516,0.9993495083102751,1.0106312735458802,7648.622352715429,7893.709022722341,-0.09206452313072423,-0.0829706965643294,1.4859834507662564,1.661222185134373,0.00035993279268807017,0.0006825447784029078,10528.29043928045,21264.9017142275
b6d7a6bc-2c33-4120-a068-e057f0d5a921,23,5.75,6431805.536163919,6436289.111031659,0.30704627570660764,0.317288638312569,0.9993204497543126,1.01065853282785,7651.23376111493,7898.935924584307,-0.09213024476135269,-0.08292092642497385,1.4860951434035585,1.6613731733389554,0.0003669174798181461,0.0006972730078888779,10739.927452753729,21752.543192499186
b6d7a6bc-2c33-4120-a068-e057f0d5a921,24,6.0,6431623.860703306,6436130.680887245,0.30734099341199,0.3175946097605934,0.9992913196718464,1.0106857779386658,7653.893214204247,7904.278653897821,-0.0921968614918379,-0.08286968474531423,1.486207298527205,1.6615255126411648,0.00037402267627308756,0.0007123139446190227,10955.51342117781,22251.840346160632
b6d7a6bc-2c33-4120-a068-e057f0d5a921,25,6.25,6431441.931279348,6435972.293387807,0.30763581491602693,0.31790079811567395,0.9992621171096575,1.0107130090858767,7656.601589964803,7909.740008938901,-0.09226439536019956,-0.08281693783807881,1.4863199218214946,1.6616792336143966,0.00038125008102020993,0.0007276745355456019,11175.11619470403,22763.11009433076
b6d7a6bc-2c33-4120-a068-e057f0d5a921,26,6.5,6431259.743177458,6435813.950461256,0.3079307420319778,0.3182072080367656,0.9992328410907472,1.010740226483147,7659.359780645614,7915.322865244563,-0.0923328690262577,-0.08276265116162157,1.4864330190166017,1.661834367682697,0.0003886014049868424,0.000743361905990787,11398.80464638601,23286.679974563704
b6d7a6bc-2c33-4120-a068-e057f0d5a921,27,6.75,6431077.291562431,6435655.65408799,0.3082257766056192,0.3185138442958103,0.9992034906136221,1.0107674303504437,7662.1686929405705,7921.030178245082,-0.0924023057933329,-0.0827067892936164,1.4865465958870459,1.6619909471499814,0.00039607837061715135,0.0007593833654203836,11626.648681241144,23822.88858707096
b6d7a6bc-2c33-4120-a068-e057f0d5a921,28,7.0,6430894.571474843,6435497.406302535,0.30852092051574237,0.31882071178087845,0.9991740646515532,1.0107946209142307,7665.029248165295,7926.864986008048,-0.09247272963088288,-0.0826493159037212,1.4866606582500383,1.662149005230511,0.0004036827113959766,0.0007757464134547538,11858.71924493741,24372.086061296726
b6d7a6bc-2c33-4120-a068-e057f0d5a921,29,7.25,6430711.577827318,6435339.209195253,0.3088161756746555,0.31912781549941766,0.9991445621518071,1.0108217984076715,7667.9423824333835,7932.830412099915,-0.09254416519812335,-0.0825901937251618,1.4867752119637034,1.6623085760806904,0.00041141617133869514,0.0007924587461278588,12095.088332084275,24934.634546125715
b6d7a6bc-2c33-4120-a068-e057f0d5a921,30,7.5,6430528.305400657,6435181.0649141045,0.3091115440286903,0.3194351605816146,0.9991149820348482,1.0108489630708393,7670.9090468318245,7938.929668571086,-0.09261663786868411,-0.08252938452518309,1.4868902629251646,1.6624696948322588,0.0004192805044451632,0.000809528262406942,12335.828994077641,25510.90872511845
b6d7a6bc-2c33-4120-a068-e057f0d5a921,31,7.75,6430344.748839817,6435022.975666476,0.3094070275587124,0.31974275228387383,0.9990853231935107,1.0108761151509338,7673.93020759537,7945.16605907091,-0.09269017375635415,-0.08246684907431148,1.487005817068491,1.6626323976269448,0.00042727747411607463,0.000826963070986727,12581.015346456465,26101.29635828238
b6d7a6bc-2c33-4120-a068-e057f0d5a921,32,8.0,6430160.902649742,6434864.943721088,0.30970262828063677,0.32005059599241936,0.9990555844921396,1.0109032549025088,7677.006846279617,7951.542982099377,-0.092764799741973,-0.08240254711436974,1.4871218803624977,1.6627967216526653,0.00043540885252966094,0.0008447714973712356,12830.722575715878,26706.198851939247
b6d7a6bc-2c33-4120-a068-e057f0d5a921,33,8.25,6429976.761191028,6434706.971409959,0.3099983482459461,0.3203586972270238,0.9990257647656978,1.0109303825877067,7680.1399599325505,7958.063934402709,-0.09284054350152902,-0.0823364373251816,1.48723845880839,1.66296270518135,0.0004436764199770338,0.0008629620912579951,13085.026945531774,27326.031858383725
b6d7a6bc-2c33-4120-a068-e057f0d5a921,34,8.5,6429792.318675433,6434549.061130461,0.3102941895422135,0.3206670616448712,0.998995862818839,1.0109574984765042,7683.330561264262,7964.732514520451,-0.09291743353552867,-0.08226847728990011,1.4873555584372475,1.6631303876084795,0.00045208196415389676,0.0008815436342402811,13344.005802333935,27961.225907144522
b6d7a6bc-2c33-4120-a068-e057f0d5a921,35,8.75,6429607.569161196,6434391.215347443,0.3105901542936285,0.32097569504455914,0.9989658774249442,1.0109846028469653,7686.579678814556,7971.552426492179,-0.0929954991997053,-0.08219862345888945,1.4874731853073386,1.6632998094944318,0.0004606272794066694,0.000900525147844436,13607.737580173174,28612.22706979944
b6d7a6bc-2c33-4120-a068-e057f0d5a921,36,9.0,6429422.506548184,6434233.436595435,0.31088624466152637,0.32128460337024706,0.9989358073251202,1.0110116959855073,7689.888357118131,7978.527483732398,-0.09307477073713988,-0.08212683111208603,1.4875913455012555,1.663471012607734,0.0004693141659306684,0.0009199159019188059,13876.301804814862,29279.4976603833
b6d7a6bc-2c33-4120-a068-e057f0d5a921,37,9.25,6429237.12457284,6434075.72748095,0.31118246284492046,0.32159379271595623,0.9989056512271579,1.0110387781871755,7693.2576568669865,7985.6616130827915,-0.09315527931187065,-0.08205305431975983,1.4877100451228653,1.6636440399703274,0.0004781444289179071,0.0009397254233937523,14149.779096987642,29963.51697363212
b6d7a6bc-2c33-4120-a068-e057f0d5a921,38,9.5,6429051.416802933,6433918.09068486,0.3114788110810374,0.32190326933002944,0.9988754078044492,1.0110658497559293,7696.688655069707,7992.958859051506,-0.0932370570440737,-0.08197724590159251,1.4878292902940637,1.6638189359049587,0.0004871198776522194,0.0009599635054315552,14428.251174718775,30664.782063407485
b6d7a6bc-2c33-4120-a068-e057f0d5a921,39,9.75,6428865.3766321,6433760.528964881,0.31177529164585466,0.3222130396197574,0.9988450756948595,1.0110929110049414,7700.182445207233,8000.423388249808,-0.09332013704690151,-0.08189935738398336,1.4879490871513252,1.6639957460848136,0.0004962423245488282,0.000980640216987851,14711.800854668834,31383.80856386614
b6d7a6bc-2c33-4120-a068-e057f0d5a921,40,10.0,6428678.997274149,6433603.045158144,0.31207190685464026,0.32252311015617924,0.9988146534995545,1.011119962256908,7703.740137384699,8008.059494037106,-0.09340455346507219,-0.08181933895548879,1.4880694418420382,1.6641745175855263,0.0005055135841359124,0.001001765912806925,15000.512052389422,32121.131556103235
b6d7a6bc-2c33-4120-a068-e057f0d5a921,41,10.25,6428492.271757151,6433445.6421838775,0.31236865906249445,0.3228334876790661,0.998784139781778,1.0111470038443726,7707.362858478905,8015.871601386019,-0.09349034151530818,-0.08173713942029506,1.4881903605206153,1.6643552989396955,0.0005149354719750885,0.001023351243873407,15294.469781406882,32877.30648315889
b6d7a6bc-2c33-4120-a068-e057f0d5a921,42,10.5,6428305.19291727,6433288.323046191,0.3126655506648926,0.32314417910209553,0.9987535330655797,1.011174036110063,7711.051752280952,8023.864271979973,-0.09357753752872937,-0.08165270614961774,1.488311849344369,1.664538140194056,0.0005245098035179211,0.0010454071683467167,15593.760151038712,33652.910116565545
b6d7a6bc-2c33-4120-a068-e057f0d5a921,43,10.75,6428117.753392343,6433131.090836977,0.31296258409822925,0.3234551915182265,0.9987228318344878,1.0112010594072423,7714.807979633526,8032.042209556576,-0.09366617899531296,-0.08156598503091442,1.4884339144691399,1.6647230929694594,0.0005342383928949986,0.0010679449630041562,15898.470362829887,34448.54157778063
b6d7a6bc-2c33-4120-a068-e057f0d5a921,44,11.0,6427929.945615189,6432973.948738928,0.31325976184036275,0.3237665322052844,0.9986920345301277,1.0112280741000765,7718.632718562301,8040.41026551096,-0.09375630461053931,-0.08147692041479002,1.4885565620446661,1.6649102105238305,0.0005441230516346949,0.0010909762352219023,16208.688705511277,35264.82341815303
b6d7a6bc-2c33-4120-a068-e057f0d5a921,45,11.25,6427741.761806628,6432816.9000286795,0.3135570864111599,0.3240782086317665,0.9986611395507787,1.0112550805640155,7722.527164400886,8048.9734447741685,-0.09384795432435145,-0.08138545505946615,1.488679798209684,1.6650995478182742,0.0005541655873076793,0.0011145129355229623,16524.504548347937,36102.40276127931
b6d7a6bc-2c33-4120-a068-e057f0d5a921,46,11.5,6427553.193968204,6432659.948080079,0.3138545603730404,0.32439022846287824,0.998630145249871,1.0112820791861923,7726.492529908696,8057.7369119827345,-0.09394116939256418,-0.08129153007267752,1.4888036290867428,1.6652911615865258,0.0005643678020938216,0.0011385673707258773,16846.008332759666,36961.952511989824
b6d7a6bc-2c33-4120-a068-e057f0d5a921,47,11.75,6427364.233874594,6432503.096367595,0.3141521863315199,0.32470259956681213,0.9985990499344152,1.011309070365839,7730.530045381098,8066.705997956658,-0.09403599243086841,-0.08119508485084942,1.4889280607767255,1.6654851104079431,0.0005747314912672381,0.0011631522177273294,17173.29156206595,37844.172636437426
b6d7a6bc-2c33-4120-a068-e057f0d5a921,48,12.0,6427174.873065681,6432346.348469869,0.3144499669357524,0.3250153300212815,0.998567851863363,1.0113360545147212,7734.640958751125,8075.886206504194,-0.0941324674715858,-0.08109605701540054,1.4890530993530566,1.6656814547842602,0.0005852584415957859,0.0011882805379559043,17506.446789220623,38749.79151816862
b6d7a6bc-2c33-4120-a068-e057f0d5a921,49,12.25,6426985.102838277,6432189.708073416,0.3147479048790692,0.32532842812032153,0.998536549245896,1.0113630320575915,7738.826535682022,8085.283221573126,-0.0942306400233401,-0.08099438234600471,1.4891787508555865,1.6658802572203326,0.0005959504296504867,0.0012139657925368007,17845.567602373067,39679.56739543949
b6d7a6bc-2c33-4120-a068-e057f0d5a921,50,12.5,6426794.914237478,6432033.178976479,0.3150460028995162,0.3256419023813714,0.9985051402396353,1.0113900034326635,7743.088059649807,8094.902914769591,-0.09433055713382292,-0.08088999471063417,1.489305021284134,1.666081582309125,0.0006068092200204248,0.0012402218582077372,18190.74860809053,40634.289885380254
b6d7a6bc-2c33-4120-a068-e057f0d5a921,51,12.75,6426604.29804763,6431876.765093058,0.3153442637803868,0.3259557615526522,0.998473622948773,1.0114169690921067,7747.42683201502,8104.751353266989,-0.09443226745584425,-0.08078282599219443,1.4894319165916727,1.6662854968212055,0.0006178365634282558,0.0012670630440326316,18542.085412059056,41614.781601174654
b6d7a6bc-2c33-4120-a068-e057f0d5a921,52,13.0,6426413.244782882,6431720.470457106,0.3156426903507509,0.3262700146208555,0.9984419954221145,1.0114439295025641,7751.844172082733,8114.834808129135,-0.09453582131687174,-0.08067280601154796,1.489559442677146,1.666492069799035,0.0006290341947414704,0.0012945041089599874,18899.674597076166,42621.89986882202
b6d7a6bc-2c33-4120-a068-e057f0d5a921,53,13.25,6426221.744677303,6431564.299226904,0.31594128548597794,0.3265846708191591,0.9984102556510339,1.0114708851456944,7756.341417149858,8125.159763073535,-0.09464127079227738,-0.08055986244670944,1.4896876053778885,1.6667013726563575,0.0006404038308742487,0.0013225602802769585,19263.613698133435,43656.53855060738
b6d7a6bc-2c33-4120-a068-e057f0d5a921,54,13.5,6426029.78767455,6431408.255689643,0.3162400521082547,0.32689973963558777,0.9983784015673304,1.0114978365187368,7760.919922538722,8135.73292370256,-0.09474866978252604,-0.08044392074798024,1.4898164104616416,1.6669134792830222,0.0006519471685736549,0.001351247273014317,19634.001174348796,44719.62998300966
b6d7a6bc-2c33-4120-a068-e057f0d5a921,55,13.75,6425837.363417037,6431252.34426619,0.31653899318709505,0.3272152308217359,0.9983464310409855,1.0115247841351047,7765.581061615798,8146.561227232311,-0.09485807409455778,-0.08032490404877282,1.4899458636181404,1.6671284661555932,0.0006636658820855186,0.0013805813103611524,20010.93637754998,45812.147037406736
b6d7a6bc-2c33-4120-a068-e057f0d5a921,56,14.0,6425644.461234604,6431096.569516079,0.3168381117398422,0.3275311544018735,0.9983143418778131,1.011551728525006,7770.3262257944225,8157.6518527511935,-0.09496954152763418,-0.08020273307185852,1.490075970450253,1.667346412454127,0.0006755616206926253,0.001410579145151866,20394.5195172217,46935.105312616986
b6d7a6bc-2c33-4120-a068-e057f0d5a921,57,14.25,6425451.070132638,6430940.936142721,0.317137410832161,0.3278475206824549,0.9982821318169949,1.011578670236092,7775.156824520234,8169.0122320426,-0.09508313196393953,-0.0800773260307517,1.4902067364646518,1.6675674001855312,0.0006876360061192476,0.0014412580824932906,20784.85162156403,48089.56546910381
b6d7a6bc-2c33-4120-a068-e057f0d5a921,58,14.5,6425257.178779623,6430785.4489988545,0.3174368935785199,0.32816434026205277,0.9982497985284974,1.0116056098341393,7780.074285238,8180.6500610087005,-0.09519890746424943,-0.07994859852592316,1.490338167061995,1.6677915143139466,0.0006998906297954797,0.0014729722196341255,21182.03449438428,49287.88601412733
b6d7a6bc-2c33-4120-a068-e057f0d5a921,59,14.75,6425062.775494074,6430630.113092235,0.31773656314266097,0.3284816240417419,0.9982173396103607,1.0116325479037616,7785.080053338391,8192.57598153686,-0.09531695754088135,-0.07981643867264085,1.490470267526596,1.668018870057168,0.0007123270499733987,0.00151217569146133,21586.17066749247,50747.33177343158
b6d7a6bc-2c33-4120-a068-e057f0d5a921,60,15.0,6424867.848116,6430474.933639642,0.3180364227365408,0.32879938334013736,0.9981847525660944,1.011659485057991,7790.175591693551,8204.852227529509,-0.09543785745524967,-0.07968025624995999,1.4906030429913306,1.668250108047214,0.0007249467833744595,0.0015526170160036028,21997.363184857353,52260.77829396384
b6d7a6bc-2c33-4120-a068-e057f0d5a921,61,15.25,6424672.381782713,6430319.916996357,0.3183364755915385,0.3291176319067948,0.9981520344209465,1.0116864221084723,7795.362372893722,8217.491932842642,-0.09556171876792428,-0.07953991297967676,1.4907364979517856,1.6684853712427563,0.0007377511977997105,0.0015943438491861374,22415.712334060234,53830.76699392179
b6d7a6bc-2c33-4120-a068-e057f0d5a921,62,15.5,6424476.361032569,6430165.069781763,0.31863672498637285,0.32943638400670083,0.9981191820819547,1.0117133599024808,7800.641885232081,8230.508859018448,-0.09568865848250628,-0.07939526447010523,1.4908706366786135,1.6687248095513996,0.0007507416007190183,0.001637406131997409,22841.31839011512,55459.99042003535
b6d7a6bc-2c33-4120-a068-e057f0d5a921,63,15.75,6424279.769774246,6430010.39889241,0.3189371742472121,0.32975565444490695,0.9980861923318431,1.0117402993247393,7806.015632315624,8243.917433202301,-0.0958187993760019,-0.07924615986847659,1.4910054631979088,1.66896858025979,0.0007639192339494242,0.0016818562272078556,23274.281485428124,57151.303321024694
b6d7a6bc-2c33-4120-a068-e057f0d5a921,64,16.0,6424082.59125406,6429855.911515872,0.3192378267477358,0.330075458592652,0.9980530618225206,1.0117672412993464,7811.485132623768,8257.73278887972,-0.09595227035375252,-0.07909244148856223,1.4911409812703846,1.6692168484966037,0.0007772852679878175,0.0017277490661194328,23714.701467604307,58907.73469245399
b6d7a6bc-2c33-4120-a068-e057f0d5a921,65,16.25,6423884.808021138,6429701.615145422,0.31953868590914547,0.3303958124150832,0.9980197870681503,1.0117941867918245,7817.051919010384,8271.970809684122,-0.09608920683110378,-0.07893394441138153,1.4912771943692773,1.66946978773142,0.000790840795974928,0.0017751423062285542,24162.677744116598,60732.50089268379
b6d7a6bc-2c33-4120-a068-e057f0d5a921,66,16.5,6423686.401890294,6429547.517595607,0.3198397552001175,0.3307167325006962,0.9979863644377548,1.0118211368112995,7822.71753814467,8286.648176552264,-0.09622975114422407,-0.07877049605663829,1.4914141056569037,1.6697275803128082,0.0008045868272650594,0.0018240965007727072,24618.309112743675,62629.01994127368
b6d7a6bc-2c33-4120-a068-e057f0d5a921,67,16.75,6423487.353902412,6429393.627018782,0.3201410381366945,0.3310382360926261,0.9979527901473197,1.0118480924128175,7828.483549885843,8301.78241853346,-0.09637405299273624,-0.07860191572228634,1.4915517179597906,1.6699904180493137,0.0008434007967939131,0.0018746752812324277,25843.974148943493,64600.92712450103
b6d7a6bc-2c33-4120-a068-e057f0d5a921,68,17.0,6423287.644282145,6429239.951922674,0.32044253828210817,0.33136034112193224,0.9979190602513534,1.011875054699813,7834.52411278145,8317.391967591291,-0.09652226991711188,-0.07842801408935393,1.4916911852495984,1.6702585028374322,0.0008602946807988506,0.0019269455539742716,26402.343991258826,66652.09204779315
b6d7a6bc-2c33-4120-a068-e057f0d5a921,69,17.25,6423087.252392692,6429086.497808614,0.3207442658932643,0.3316830662430337,0.9978851706338562,1.011902024434969,7840.687861949909,8333.496217773329,-0.0966745510785669,-0.07824859606746433,1.4918314858621136,1.6705320437686888,0.0008775282633613009,0.001980977705839124,26973.633187323536,68786.63706606186
b6d7a6bc-2c33-4120-a068-e057f0d5a921,70,17.5,6422886.156722109,6428933.273577343,0.3210462253837168,0.33200643087138115,0.9978511169998756,1.0119290027813457,7846.9774955282455,8350.115588378243,-0.0968310691859994,-0.07806345406797979,1.4919726277275167,1.670811264333411,0.0008951073072806592,0.0020368458350797807,27558.141203256702,71008.95776993368
b6d7a6bc-2c33-4120-a068-e057f0d5a921,71,17.75,6422684.334801389,6428780.288525399,0.3213484212557247,0.33233045522376264,0.9978168948641586,1.0119559909563147,7853.395765241112,8367.271593687301,-0.09699200631055505,-0.07787237023075384,1.492114618476662,1.6710964002371262,0.0009130375717632765,0.002094628000769879,28156.172768023207,73323.74547128692
b6d7a6bc-2c33-4120-a068-e057f0d5a921,72,18.0,6422481.763149281,6428627.552367074,0.3216508581014127,0.3326551603612744,0.9977824995400622,1.0119829902346653,7859.945476676495,8384.986917880187,-0.0971575545277815,-0.07767511576240717,1.4922574654038432,1.6713877002575326,0.0009313248022385987,0.0021544064902044554,28768.037755235622,75736.0118030128
b6d7a6bc-2c33-4120-a068-e057f0d5a921,73,18.25,6422278.417213088,6428475.075257871,0.321953540603875,0.3329805682352318,0.9977479261276423,1.0120100019519283,7866.6294894707435,8403.285496281169,-0.0973279166140526,-0.07747145022095095,1.492401175426641,1.6716854271759025,0.0009499747191521053,0.0022162681085525276,29394.05103597021,78251.11577275177
b6d7a6bc-2c33-4120-a068-e057f0d5a921,74,18.5,6422074.271305073,6428322.867819574,0.32225647353821313,0.33330670173626853,0.9977131695008484,1.0120370275079376,7873.450717391385,8422.192603576303,-0.09750330680275726,-0.07726112074148185,1.4925457550426384,1.6719898587906632,0.0009689930056459404,0.0022803044929816446,30034.532299215687,80874.793557287
b6d7a6bc-2c33-4120-a068-e057f0d5a921,75,18.75,6421869.298534074,6428170.941167078,0.32255966177249723,0.3336335847468971,0.997678224293739,1.0120640683706512,7880.412128304971,8441.734949718279,-0.09768395160640007,-0.07704386119706158,1.4926912102827692,1.6723012890218376,0.0009883852940292073,0.002346612453736078,30689.80583618248,83613.19136289314
b6d7a6bc-2c33-4120-a068-e057f0d5a921,76,19.0,6421663.470731889,6428019.306937125,0.3228631102686387,0.33396124219783296,0.997643084885628,1.0120911260802528,7887.516744015849,8461.940784321707,-0.09787009071150082,-0.0768193912882007,1.4928375466610528,1.6726200291161035,0.0010081571509314951,0.002415294344939698,31360.20028430865,86472.90172117809
b6d7a6bc-2c33-4120-a068-e057f0d5a921,77,19.25,6421456.758373935,6427867.977319097,0.3231668240831609,0.3342897001284152,0.99760774538506,1.0121182022535582,7894.7676399603015,8482.840010449738,-0.09806197868147477,-0.07658741555357929,1.4929847691204479,1.672946408963454,0.001028314061023025,0.0024864584682364964,32046.048326335545,89461.00364151708
b6d7a6bc-2c33-4120-a068-e057f0d5a921,78,19.5,6421249.130492103,6427716.965088069,0.3234708083678319,0.33461898575149157,0.9975721996125,1.012145298588758,7902.167944738384,8504.464308845643,-0.09825988488531905,-0.07634762229362524,1.4931328819745318,1.6732807785393469,0.0010488614091722064,0.00256021951331229,32747.686339263968,92585.10712133296
b6d7a6bc-2c33-4120-a068-e057f0d5a921,79,19.75,6421040.554583126,6427566.283640301,0.3237750683701975,0.3349491275231791,0.9975364410816111,1.0121724168705226,7909.720839465443,8526.847273655463,-0.09846409481421815,-0.07609968239789845,1.4932818888447001,1.6736235094827072,0.0010698044609048615,0.0026366990378822158,33465.45398762123,95853.40251356887
b6d7a6bc-2c33-4120-a068-e057f0d5a921,80,20.0,6420830.996509061,6427415.947031397,0.32407960943395847,0.33528015521794957,0.9975004629789803,1.0121995589755068,7917.4295569215565,8550.024560986827,-0.0986749116147149,-0.07584324806571015,1.493431792592548,1.673974996827935,0.0010911483410101098,0.002716025992424819,34199.69375464415,99274.71541221908
b6d7a6bc-2c33-4120-a068-e057f0d5a921,81,20.25,6420620.420388932,6427265.970017386,0.32438443699916836,0.3356121000095445,0.9974642581421325,1.01222672687829,7925.297380475513,8574.034051768045,-0.09889265748528366,-0.07557795140815714,1.493582595247073,1.674335660909183,0.0011128980101242814,0.0027983372947635947,34950.750404320686,102858.56778303921
b6d7a6bc-2c33-4120-a068-e057f0d5a921,82,20.5,6420408.7884811945,6427116.368098967,0.3246895566022356,0.3359449945582803,0.9974278190356562,1.0122539226577956,7933.327642757603,8598.9160305445,-0.09911767520966336,-0.07530340291826654,1.4937342979263122,1.6747059494568424,0.0011350582391100076,0.002883778459969006,35718.970366519134,106615.24616506245
b6d7a6bc-2c33-4120-a068-e057f0d5a921,83,20.75,6420196.061056091,6426967.1575692585,0.3249949738757053,0.33627887310536897,0.9973911377252421,1.0122811485042338,7941.523724052622,8624.713382084563,-0.099350329843042,-0.07501918979415526,1.4938869007529925,1.675086339909494,0.0011576335810268784,0.0029725042919812854,36504.70103647663,110555.87790294529
b6d7a6bc-2c33-4120-a068-e057f0d5a921,84,21.0,6419982.196256823,6426818.355565352,0.32530069454779115,0.33661377157495276,0.9973542058494079,1.0123084067266244,7949.8890503813345,8651.471807925198,-0.09959101056940763,-0.07472487409807091,1.4940404027637415,1.675477341967887,0.0011806283404721903,0.0030646796442297904,37308.28997901338,114692.51652074586
b6d7a6bc-2c33-4120-a068-e057f0d5a921,85,21.25,6419767.149948321,6426669.980124063,0.32560672444162475,0.33694972768463544,0.9973170145886582,1.0123356997609536,7958.427091235204,8679.240065286343,-0.09984013275095882,-0.07441999073182423,1.4941948018113718,1.6758795004213343,0.001204046540045995,0.0031604802575284398,38130.084026685756,119038.2375248306
b6d7a6bc-2c33-4120-a068-e057f0d5a921,86,21.5,6419550.875552279,6426522.050242292,0.32591306947418686,0.33728678106538745,0.9972795546317917,1.012363030179034,7967.141356925305,8708.070231130405,-0.10009814019346384,-0.07410404520639156,1.4943500944597103,1.6762933982813835,0.0012278918836686212,0.003260093684694982,38970.42825983232,123607.24613301776
b6d7a6bc-2c33-4120-a068-e057f0d5a921,87,21.75,6419333.323866882,6426374.585942466,0.32621973565487844,0.33762497339181136,0.9972418161390322,1.0123904006981397,7976.035395501995,8738.01799454776,-0.10036550765495082,-0.0737765111802918,1.494506275870404,1.6767196602628553,0.0012521677164530971,0.0033637203127033907,39829.664855159564,128414.99867538232
b6d7a6bc-2c33-4120-a068-e057f0d5a921,88,22.0,6419114.442869511,6426227.608343582,0.3265267290836864,0.33796434852387897,0.9972037887016132,1.0124178141915001,7985.112789197058,8769.142981121713,-0.10064274362919402,-0.07343682773764262,1.4946633396810862,1.6771589566584635,0.0012768769807998618,0.0034715744947595396,40708.13178784808,133478.33970710664
b6d7a6bc-2c33-4120-a068-e057f0d5a921,89,22.25,6418894.177500422,6426081.139738444,0.3268340559488909,0.3383049526613942,0.9971654612973984,1.0124452736997474,7994.377150334586,8801.50911347998,-0.10093039344024742,-0.07308439637247761,1.4948212778742382,1.6776120076604446,0.0013020221683474244,0.0035838858065435444,41606.16137046017,138815.6572257349
b6d7a6bc-2c33-4120-a068-e057f0d5a921,90,22.5,6418672.469425151,6425935.203677764,0.32714172252425605,0.3386468345126015,0.9971268222420568,1.0124727824434212,8003.832116650691,8835.185012890188,-0.1012290426899049,-0.07271857764083817,1.4949800806360252,1.6780795881911306,0.001327605267371351,0.0037009004430366968,42524.07860990836,144447.058806426
b6d7a6bc-2c33-4120-a068-e057f0d5a921,91,22.75,6418449.25677307,6425789.825061869,0.3274497351656365,0.33899004547854955,0.9970878591352467,1.012500343836653,8013.481345955264,8870.244447523608,-0.10153932110660474,-0.07233868743619615,1.4951397362043288,1.678562533314461,0.0013536277051778975,0.0038228827749023303,43462.199361474406,150394.57197437075
b6d7a6bc-2c33-4120-a068-e057f0d5a921,92,23.0,6418224.473849129,6425645.030240875,0.3277581003069249,0.33933463985504064,0.9970485588011758,1.0125279615021665,8023.328510061155,8906.766833917784,-0.10186190685215157,-0.07194399283673626,1.4953002307051315,1.6790617443123916,0.001380090284987637,0.003950117086414824,44420.82825633424,156682.37274335945
b6d7a6bc-2c33-4120-a068-e057f0d5a921,93,23.25,6417998.050815401,6425500.847124292,0.3280668244552532,0.33968067505425253,0.9970089072228181,1.0125556392877473,8033.377287897343,8944.837799244211,-0.10219753135195818,-0.071533707464711,1.4954615479763353,1.6795781955243936,0.0014069931167441162,0.004082909520493429,45400.25637608967,163337.04698641333
b6d7a6bc-2c33-4120-a068-e057f0d5a921,94,23.5,6417769.91333853,6425357.305301155,0.3283759141853499,0.3400282118484173,0.9969688894689482,1.0125833812843639,8043.63135771265,8984.549813267518,-0.10254698472562439,-0.07110698628820732,1.495623669378026,1.6801129420652763,0.001434335541216847,0.004221590260650095,46400.758644538124,170387.89020006725
b6d7a6bc-2c33-4120-a068-e057f0d5a921,95,23.75,6417539.982198571,6425214.436171947,0.32868537613294063,0.3403773146382905,0.9969284896130284,1.0126111918461393,8054.094388265158,9026.002900412346,-0.10291112190796582,-0.07066291978389722,1.4957865735881015,1.6806671285570136,0.0014621160466893558,0.004366515984714806,47422.59090307146,177867.25231534807
b6d7a6bc-2c33-4120-a068-e057f0d5a921,96,24.0,6417308.172853992,6425072.273093738,0.3289952169870633,0.3407280517495521,0.9968876906428247,1.0126390756124093,8064.7700288795795,9069.305444188783,-0.10329086956656697,-0.07020052736526967,1.4959502363820945,1.6812419990348884,0.0014903321774366288,0.004518072631268701,48465.9866318198,185810.93554563893
b6d7a6bc-2c33-4120-a068-e057f0d5a921,97,24.25,6417074.394956785,6424930.851540203,0.3293054434811492,0.3410804957607612,0.9968464743594444,1.0126670375321372,8075.661898239994,9114.575098436258,-0.103687233941175,-0.06971874996394087,1.4961146303959145,1.6818389082180871,0.0015189804330922058,0.004676678526984082,49531.15327360133,194258.65490531514
b6d7a6bc-2c33-4120-a068-e057f0d5a921,98,24.5,6416838.551810595,6424790.209278415,0.32961606238269975,0.3414347238670528,0.9968048212642655,1.0126950828909946,8086.773571768445,9161.939822516573,-0.10410130975354218,-0.06921644163126325,1.4962797248701232,1.6824593343710976,0.0015480561578908418,0.004842787931859012,50618.26811211251,203254.5730646963
b6d7a6bc-2c33-4120-a068-e057f0d5a921,99,24.75,6416600.539763596,6424650.386564596,0.32992708048136044,0.34179081828443725,0.9967627104319632,1.0127232173414722,8098.108567420404,9211.539060829635,-0.10453429036464355,-0.06869236000278209,1.4964454853742275,1.6831048940264701,0.0015775534186341883,0.005016895069973891,51727.47364910713,212847.92372886837
b6d7a6bc-2c33-4120-a068-e057f0d5a921,100,25.0,6416360.247526382,6424511.426361393,0.3302385045751627,0.3421488667003606,0.9967201193675219,1.0127514469364363,8109.670329705671,9263.525090980822,-0.1049874793907851,-0.0681451554380828,1.4966118735093419,1.6837773588937188,0.0016074648700679184,0.0051995387263439686,52858.87241763816,223093.74087480866
b6d7a6bc-2c33-4120-a068-e057f0d5a921,101,25.25,6416117.55540341,6424373.374579623,0.3305503414546659,0.34250896277713805,0.9966770238447327,1.0127797781666268,8121.462211717311,9318.06456977601,-0.10546230403256682,-0.06757335861191113,1.4967788465874137,1.6844786753459269,0.0016377816061762176,0.0053913075062791,54012.52115962699,234053.71512904318
b6d7a6bc-2c33-4120-a068-e057f0d5a921,102,25.5,6415872.334424407,6424236.280347947,0.330862597884686,0.3428712067160162,0.9966333977232109,1.0128082180026692,8133.487454921056,9375.340312189472,-0.10596033042302641,-0.0669753662874338,1.4969463572850337,1.6852109869583431,0.0016684929956774191,0.00559284587312076,55188.42428548877,245797.20354771684
b6d7a6bc-2c33-4120-a068-e057f0d5a921,103,25.75,6415624.44535961,6424100.196314528,0.33117528058324275,0.34323570589099617,0.9965892127403966,1.0128367739422757,8145.7491664224335,9435.553345839371,-0.10648328136621825,-0.06634942494695588,1.4971143532696656,1.6859766606762494,0.0016995864997512574,0.005804861104241849,56386.52652148311,258402.4253781351
b6d7a6bc-2c33-4120-a068-e057f0d5a921,104,26.0,6415373.737599555,6423965.178985445,0.33148839619728987,0.3436025755632174,0.9965444382742991,1.0128654540634392,8158.250293387691,9498.925292702825,-0.10703305691844463,-0.06569361188648573,1.4972827767959092,1.686778317318342,0.0017310474697195223,0.006028131335047816,57606.70463599131,271957.8844462918
b6d7a6bc-2c33-4120-a068-e057f0d5a921,105,26.25,6415120.047876283,6423831.289105501,0.3318019512747134,0.34397193968872686,0.9964990410718862,1.0128942670845675,8170.993594246111,9565.701141316093,-0.10761175836590718,-0.0650058132945327,1.497451564269174,1.6876188672843015,0.0017628589220404032,0.006263514897966051,58848.758119019556,286564.0691758432
b6d7a6bc-2c33-4120-a068-e057f0d5a921,106,26.5,6414863.198798055,6423698.592088123,0.3321159522319811,0.3443439318349378,0.9964529849369468,1.0129232224326894,8183.981606243947,9636.152487205696,-0.10822171628070755,-0.06428369872756647,1.4976206457738632,1.6885015525411036,0.0017950012875382606,0.0065119612102248784,60112.398668959264,302335.49464703526
b6d7a6bc-2c33-4120-a068-e057f0d5a921,107,26.75,6414602.997163774,6423567.158502351,0.33243040531670515,0.3447186962241251,0.9964062303699175,1.0129523303210903,8197.216608852068,9710.581337674703,-0.10886552349993311,-0.0635246912582008,1.4977899445628586,1.689429996225283,0.0018274521312652559,0.006774523523406477,61397.23831651649,319403.1685659962
b6d7a6bc-2c33-4120-a068-e057f0d5a921,108,27.0,6414339.2320158705,6423437.064626507,0.3327453165642271,0.34509638892607064,0.9963587341504941,1.0129816018380122,8210.700582447807,9789.32460051995,-0.1095460740808122,-0.0627259323987655,1.4979593765047385,1.6904082615358176,0.0018601858387509104,0.007052373923069344,62702.77598661084,337917.5859373718
b6d7a6bc-2c33-4120-a068-e057f0d5a921,109,27.25,6414071.672381093,6423308.393080115,0.33306069174714237,0.34547717922665167,0.9963104488517232,1.0130110490483961,8224.435161593385,9872.759406394649,-0.11026660955325139,-0.061884240680888554,1.498128849484756,1.691440922029041,0.0018931732636154066,0.007346821063298523,64028.382263861786,358052.38756893075
b6d7a6bc-2c33-4120-a068-e057f0d5a921,110,27.5,6413800.064636832,6423181.233548088,0.33337653631644126,0.3458612512050288,0.9962613222715772,1.0130406851110783,8238.421582114348,9961.309453557791,-0.11103077413950474,-0.060996062485252196,1.498298262755126,1.6925331459966826,0.0019263813305607728,0.007659331245714947,65373.282084324535,380008.8580230234
b6d7a6bc-2c33-4120-a068-e057f0d5a921,111,27.75,6413524.129425477,6423055.683614326,0.3336928553326377,0.34624880555947607,0.9962112967645602,1.0130705244143956,8252.660621036397,10055.452614695243,-0.11184268106692975,-0.060057413343192555,1.4984675062296189,1.6936907983574345,0.001959772586563904,0.007991553614788895,66736.53502342968,404021.49315723806
b6d7a6bc-2c33-4120-a068-e057f0d5a921,112,28.0,6413243.558019871,6422931.849725734,0.33400965338486227,0.3466400617312755,0.9961603084514199,1.0131005827338464,8267.152528260529,10155.730112566544,-0.11270699270236226,-0.05906380744335017,1.4986364597168105,1.6949205644867233,0.0019933046916104074,0.008345350454398713,68117.01278488287,430364.94154529326
b6d7a6bc-2c33-4120-a068-e057f0d5a921,113,28.25,6412958.008017675,6422809.84831269,0.33432693449539047,0.3470352603881018,0.9961082862792195,1.013130877416334,8281.896948635322,10262.757660338566,-0.11362901804005184,-0.058010172430273635,1.4988049920855637,1.69623010174122,0.0020269298384322653,0.008722833852897023,69513.37341368251,459362.7259427663
b6d7a6bc-2c33-4120-a068-e057f0d5a921,114,28.5,6412667.098209398,6422689.807098339,0.3346447020064111,0.3474346663438063,0.9960551508963621,1.0131614275966632,8296.892832808593,10377.239082011447,-0.11461483215707235,-0.056890745718494916,1.4989729603554005,1.6976282262367146,0.00206059408834082,0.009126410381583624,70924.03165401732,491398.2924737883
b6d7a6bc-2c33-4120-a068-e057f0d5a921,115,28.75,6412370.402421094,6422571.866637439,0.3349629584449645,0.347838572011666,0.9960008132969791,1.0131922544534417,8312.138334891612,10499.983090399937,-0.11567142372299136,-0.05569894738033552,1.4991402087033068,1.6991251449027842,0.0020942366071946992,0.009558835941946528,72347.12474219462,526929.134122194
b6d7a6bc-2c33-4120-a068-e057f0d5a921,116,29.0,6412067.442074321,6422456.182136236,0.33528170536081,0.3482473015146499,0.9959451731754398,1.013223381513484,8327.630694523901,10631.924122295724,-0.11680687867887814,-0.054427223075612347,1.4993065673771568,1.700732746248187,0.0021277887816049737,0.010023283634697896,73780.47275741126,566505.0182551264
b6d7a6bc-2c33-4120-a068-e057f0d5a921,117,29.25,6411757.677127002,6422342.925619248,0.3356009431304024,0.34866121561141566,0.9958881169131912,1.0132548350164043,8343.366100352996,10774.148438684313,-0.11803061102890659,-0.05306684829576242,1.4994718515042662,1.702464968049172,0.0021611731903154983,0.010523428468725865,75221.53243537858,610791.7565085173
b6d7a6bc-2c33-4120-a068-e057f0d5a921,118,29.5,6411440.494950899,6422232.288527874,0.3359206707179957,0.3490807176439443,0.995829515094667,1.0132866443545567,8359.339531195414,10927.927131176884,-0.11935365568475227,-0.051607682124088665,1.4996358597814894,1.7043382669581795,0.002194302398878228,0.011063554080444626,76667.34306407822,660602.5537724666
b6d7a6bc-2c33-4120-a068-e057f0d5a921,119,29.75,6411115.196551978,6422124.484861624,0.33624088538189456,0.34950626077681707,0.995769219413543,1.0133188426081847,8375.544570157372,11094.758293495226,-0.12078904403474018,-0.050037854359209356,1.4997983730306337,1.70637222480726,0.002227077536602598,0.011648688555925248,78114.46270031403,716939.8635414807
b6d7a6bc-2c33-4120-a068-e057f0d5a921,120,30.0,6410780.979329947,6422019.7550080875,0.33656158230965694,0.3499383568863273,0.9957070587805503,1.013351467202137,8391.973185671892,11276.421510951235,-0.12235229126081114,-0.04834336358022615,1.49995915259957,1.7085903406928817,0.002259386602366813,0.012284779221466145,79558.89243263421,781052.0254107538
b6d7a6bc-2c33-4120-a068-e057f0d5a921,121,30.25,6410436.915273917,6421918.370456788,0.33688275416001334,0.350377587580655,0.9956428343722703,1.013384560719537,8408.615471613755,11475.04913685045,-0.12406203680670683,-0.046507554559499745,1.5001179385850192,1.7110210792458376,0.0022911024288232466,0.01297892033715405,80995.98571366457,854511.0417296492
b6d7a6bc-2c33-4120-a068-e057f0d5a921,122,30.5,6410081.923056894,6421820.639661157,0.3372043904804851,0.3508246180066299,0.9955763132556463,1.0134181719206095,8425.45933617697,11693.220797346132,-0.12594089810667564,-0.044510429764411094,1.5002744478471908,1.7136992778462816,0.00232208021070147,0.013739653707821401,82420.33880796615,939321.1301590246
b6d7a6bc-2c33-4120-a068-e057f0d5a921,123,30.75,6409714.731850534,6421726.915411716,0.3375264769566421,0.3512802143496959,0.9955072200674194,1.0134523570333145,8442.490125722305,11934.090582984696,-0.1280166265456792,-0.04232772892897699,1.500428371778677,1.7166680656889062,0.0023521544690616974,0.01457737149457859,83825.65701953178,1038072.977352221
b6d7a6bc-2c33-4120-a068-e057f0d5a921,124,31.0,6409333.833714875,6421637.604227775,0.337848994429173,0.3517452663021195,0.9954352259918703,1.0134871814095086,8459.69016482789,12201.561102008669,-0.13032370019780512,-0.039929678442258296,1.5005793737794249,1.7199815271240142,0.002381135274350027,0.015504864957534717,85204.58937011629,1154167.3660778357
b6d7a6bc-2c33-4120-a068-e057f0d5a921,125,31.25,6408937.419927541,6421553.178489388,0.33817191758426146,0.3522208163262281,0.9953599339144784,1.0135227216808826,8477.038186508456,12500.526129190555,-0.13290556173998228,-0.03727926103145498,1.5007270863749267,1.7237084710680386,0.002408803478753283,0.016538085942732646,86548.52146676769,1292146.7311870875
b6d7a6bc-2c33-4120-a068-e057f0d5a921,126,31.5,6408523.29426114,6421474.192357597,0.33849521317388853,0.35270809838467976,0.9952808580472724,1.0135590686110187,8494.508615703662,12837.216034208532,-0.13581783311319026,-0.03432977244898589,1.5008711078940018,1.7279378848326894,0.0024349045990494714,0.017697225836783015,87847.31187983774,1458199.3393673142
b6d7a6bc-2c33-4120-a068-e057f0d5a921,127,31.75,6408088.752387214,6421401.303039686,0.33881883754250647,0.3532085901378054,0.9951973953695574,1.0135963309374483,8512.070652467342,13219.701324307034,-0.13913305075252574,-0.031021290802408195,1.5010109985924847,1.7327870250582362,0.002459140821858826,0.019008280943719775,89088.95052980515,1660948.3704322304
b6d7a6bc-2c33-4120-a068-e057f0d5a921,128,32.0,6407630.410155182,6421335.299772164,0.33914273310059406,0.3537240847552442,0.9951087846191319,1.013634640655303,8529.687074965583,13658.646847338377,-0.1429478447447943,-0.027275438325455603,1.501146276064561,1.7384137695096455,0.0024811603334610457,0.02050538597451808,90259.10673637428,1912728.3954517613
b6d7a6bc-2c33-4120-a068-e057f0d5a921,129,32.25,6407143.952301349,6421277.144245149,0.3394668231462711,0.3542567920751249,0.9950140457506995,1.0136741604575095,8547.312639431115,14168.477340764824,-0.14739419339624682,-0.02298736989589095,1.5012764097154554,1.7450361076929273,0.0025005427325817523,0.022234403375096152,91340.51678113207,2231730.9923997894
b6d7a6bc-2c33-4120-a068-e057f0d5a921,130,32.5,6406623.752823826,6421228.028511717,0.3397910039961451,0.35480948505984256,0.9949118876292634,1.0137150945029627,8564.89188142357,14769.245682110195,-0.1526577725316844,-0.01801307811787258,1.5014008139617923,1.7529641078306175,0.002516778527224188,0.024258650810069813,92312.13051508255,2645777.246748129
b6d7a6bc-2c33-4120-a068-e057f0d5a921,131,32.75,6406062.279530022,6421189.460580859,0.3401151325358855,0.35538571874472824,0.9948005618521328,1.0137577045100497,8582.355993898562,15489.759663054649,-0.1590093004922198,-0.012148417582810742,1.501518839649581,1.762654800306817,0.002529239368269655,0.02666844742516334,93147.88266089534,3199315.6899790913
b6d7a6bc-2c33-4120-a068-e057f0d5a921,132,33.0,6405449.117072323,6421163.395710883,0.34043900555601037,0.35599017027753155,0.9946776205461967,1.0138023347444731,8599.618217595638,16373.093664149445,-0.1668611886608109,-0.0050926639754432165,1.5013116797528276,1.774811733577097,0.002537133149910921,0.029597883389392062,93814.85382657957,3967273.59422131
b6d7a6bc-2c33-4120-a068-e057f0d5a921,133,33.25,6404769.273656889,6421152.447016735,0.3407623233960779,0.356629191876385,0.9945394924220782,1.0138496689824104,8616.566704208914,17486.940891424303,-0.17687729779257844,0.0036231855972925567,1.5003553620231327,1.7905781564634746,0.0025394331013421562,0.033256245491785255,94270.3868871779,5084765.230582736
b6d7a6bc-2c33-4120-a068-e057f0d5a921,134,33.5,6404000.038626338,6421168.286590174,0.34108462119783634,0.3573117668507618,0.9943806875028104,1.0139009362601556,8622.164569801625,18944.67193368505,-0.19020510500566912,0.014778827378573533,1.498021381402934,1.8119449662995553,0.002531864369642469,0.037992125171435805,94111.57838866969,6817698.158496802
b6d7a6bc-2c33-4120-a068-e057f0d5a921,135,33.75,6403104.617262924,6421238.279051286,0.34140472178634396,0.3580513308661982,0.9941921587734919,1.0139583358267905,8578.089616792755,20952.892694402974,-0.2090511040391098,0.029803882854002102,1.4929596044199633,1.8427504860601316,0.0025046793443173287,0.044438219514914556,92151.68839265537,9754716.048901618
b6d7a6bc-2c33-4120-a068-e057f0d5a921,136,34.0,6402017.519606496,6421394.37532941,0.3417194169374663,0.35886940639154236,0.9939575323454386,1.0140262552106811,8419.200696588807,23934.587851179618,-0.23835742625978187,0.05172577619726822,1.4818997116794175,1.8915543748346075,0.002447283033690484,0.053890093304164687,86735.30867211419,15435860.559420845
b6d7a6bc-2c33-4120-a068-e057f0d5a921,137,34.25,6400604.739796615,6421703.746113503,0.3420216838035808,0.3598040565927437,0.9936428000087787,1.014114878873137,7953.673239027859,28918.198585003352,-0.29184078217871456,0.08836810745395599,1.4550221635541303,1.9817452015766235,0.002339281235842495,0.06954030539405462,73992.53921186448,29076964.715650186
b6d7a6bc-2c33-4120-a068-e057f0d5a921,138,34.5,6398524.685163924,6422341.776587933,0.3422935413469793,0.3609335669968623,0.9931607139089126,1.0142542815999511,6420.98828456959,39209.203309391596,-0.42530110596715454,0.17025569855372025,1.3702579056253008,2.2045786067646493,0.0021339852509654443,0.1021605740099465,43991.13557282817,78528872.99238184
b6d7a6bc-2c33-4120-a068-e057f0d5a921,139,34.75,6394480.304047858,6424002.623117237,0.34247700491067007,0.36246552964601425,0.9921910102611851,1.0145804604538813,-1584.2461401179535,72906.65351304846,-1.1578082007632498,0.5859626947475428,0.834201012302372,3.3310470781463355,0.0015094284194151545,0.22320487149255738,-12890313.954705488,593209369.0316046
8975e864-af2c-4908-b92a-ca9e7d9d38de,0,0.0,6435923.266468614,6439941.012097669,0.3002926942190099,0.31030191592354633,0.9999723692334324,1.0100276307665677,7601.718517253831,7803.1895474425,-0.0908071711678851,-0.08375221836361663,1.483632367999489,1.6581895391367112,0.00023349226706843374,0.0004255131881264079,6746.306597443812,12954.699464330773
8975e864-af2c-4908-b92a-ca9e7d9d38de,1,0.25,6435746.363432525,6439782.032910751,0.30058545726706254,0.31060396419772895,0.9999446836280271,1.0100552439301924,7603.468420858876,7806.447142537303,-0.09085774212246273,-0.08372774849072757,1.4837352183205823,1.6583171190467019,0.00023822751407322855,0.0004348187057059917,6886.291716286749,13249.060102090523
8975e864-af2c-4908-b92a-ca9e7d9d38de,2,0.5,6435569.288256772,6439623.06347806,0.3008782903132372,0.31090614749460604,0.9999169426270457,1.0100828395969355,7605.250308520829,7809.77434041818,-0.09090884608319962,-0.08370237498586697,1.4838384195721426,1.6584455460408862,0.00024304949167185024,0.0004443199210844865,7028.97091401255,13550.10811052196
8975e864-af2c-4908-b92a-ca9e7d9d38de,3,0.75,6435392.038243721,6439464.104864586,0.30117119454871233,0.31120846854730966,0.9998891456611598,1.0101104178760705,7607.064788308702,7813.17273437403,-0.09096049546761215,-0.08367607790772995,1.4839419762260466,1.6585748374539002,0.0002479595731418979,0.0004540209526877716,7174.392202711694,13858.006211629188
8975e864-af2c-4908-b92a-ca9e7d9d38de,4,1.0,6435214.610631436,6439305.158162227,0.30146417118713936,0.3115109301515457,0.9998612921481189,1.0101379788801699,7608.912478810987,7816.643956947325,-0.09101270300387573,-0.0836488368531014,1.484045892812445,1.6587050110508152,0.00025295914773399504,0.0004639260128129581,7322.6043802546255,14172.92177221966
8975e864-af2c-4908-b92a-ca9e7d9d38de,5,1.25,6435037.002592,6439146.224490538,0.30175722146502165,0.3118135351671369,0.9998333814924056,1.0101655227251918,7610.794009293386,7820.1896810716635,-0.09106548174005338,-0.08362063094467515,1.484150173919804,1.658836085039673,0.00025804962065465635,0.00047403941019676885,7473.657041295875,14495.026968078248
8975e864-af2c-4908-b92a-ca9e7d9d38de,6,1.5,6434859.211229789,6438987.304997515,0.3020503466420988,0.31211628651961104,0.9998054130848819,1.0101930495305718,7612.710019858092,7823.811621250127,-0.09111884505366277,-0.08359143881847599,1.4842548241949098,1.6589680780844716,0.00026323241303823677,0.00048436555267269656,7627.600588329616,14824.498955194013
8975e864-af2c-4908-b92a-ca9e7d9d38de,7,1.75,6434681.233579687,6438828.400860389,0.3023435480017358,0.31241918720183504,0.9997773863024233,1.0102205594193159,7614.661161604578,7827.511534776208,-0.0911728066615968,-0.08356123861086846,1.4843598483428306,1.6591010093186231,0.0002685089619077836,0.0004949089499207408,7784.486242801109,15161.520048393853
8975e864-af2c-4908-b92a-ca9e7d9d38de,8,2.0,6434503.066605247,6438669.513286461,0.302636826851318,0.3127222402756972,0.9997493005075416,1.010248052518098,7616.648096791878,7831.291222999177,-0.09122738063041326,-0.08353000794513533,1.4844652511268361,1.6592348983589051,0.00027388072012362116,0.0005056742163136874,7944.366056249955,15506.277907756776
8975e864-af2c-4908-b92a-ca9e7d9d38de,9,2.25,6434324.707196791,6438510.643513958,0.30293018452265075,0.3130254488738394,0.9997211550479955,1.0102755289573595,7618.6714990023065,7835.152532635857,-0.09128258138701005,-0.08349772391760803,1.4845710373682708,1.659369765319926,0.00027934915631949557,0.0005166660738641607,8107.292921490093,15858.965733205903
8975e864-af2c-4908-b92a-ca9e7d9d38de,10,2.5,6434146.152169457,6438351.792812914,0.30322362237236494,0.3133288162014404,0.999692949256389,1.0103029888714132,7620.732053306592,7839.097357130848,-0.09133842372970336,-0.0834643630833304,1.484677211946379,1.6595056308291285,0.0002849157548254231,0.0005278893552762296,8273.320583811717,16219.782467677996
8975e864-af2c-4908-b92a-ca9e7d9d38de,11,2.75,6433967.39826117,6438192.962486085,0.30351714178232725,0.3136323455380533,0.999664682449756,1.0103304323985505,7622.830456430367,7843.127638067383,-0.09139492283972694,-0.0834299014412362,1.4847837797980783,1.6596425160423554,0.0002905820155765114,0.0005393490071072891,8442.503652194098,16588.93300934729
8975e864-af2c-4908-b92a-ca9e7d9d38de,12,3.0,6433788.44213056,6438034.153869893,0.30381074416005616,0.31393604023949795,0.9996363539291324,1.0103578596811507,7624.96741692197,7847.245366631094,-0.09145209429317172,-0.08339431441881974,1.4848907459176806,1.6597804426600038,0.0002963494540070619,0.0005510500930436626,8614.897610519423,16966.628433329217
8975e864-af2c-4908-b92a-ca9e7d9d38de,13,3.25,6433609.280354803,6437875.368335407,0.30410443093914297,0.3142399037398111,0.9996079629791131,1.0103852708657965,7627.143655321507,7851.452585129077,-0.09150995407338582,-0.08335757685627813,1.484998115356554,1.6599194329437932,0.0003022196009290889,0.0005629977972960382,8790.558828772884,17353.08622339147
8975e864-af2c-4908-b92a-ca9e7d9d38de,14,3.5,6433429.909427399,6437716.607289342,0.3043982035796784,0.31454393955325616,0.999579508867395,1.0104126661033923,7629.359904331113,7855.7513885667895,-0.09156851858385638,-0.0833196629901024,1.4851058932227266,1.6600595097341782,0.0003081940023947865,0.0005751974281192409,8969.544574225709,17748.530514171616
8975e864-af2c-4908-b92a-ca9e7d9d38de,15,3.75,6433250.325755863,6437557.872175112,0.3046920635686843,0.3148481512763954,0.9995509908443042,1.0104400455492857,7631.6169089863415,7860.143926285436,-0.09162780466159541,-0.08328054643609363,1.4852140846804263,1.6602006964684337,0.00031427421954143074,0.0005876544214627971,9151.91302256759,18153.19234448356
8975e864-af2c-4908-b92a-ca9e7d9d38de,16,4.0,6433070.525659357,6437399.164473903,0.30498601242055073,0.31515254259022596,0.9995224081423081,1.0104674093633947,7633.915426828619,7864.632403662642,-0.09168782959105333,-0.08324020017177909,1.4853226949495542,1.6603430171994458,0.00032046182841870464,0.0006003743447571998,9337.723268998561,18567.30992227159
8975e864-af2c-4908-b92a-ca9e7d9d38de,17,4.25,6432890.505366226,6437240.485705791,0.3052800516774785,0.31545711726238296,0.9994937599755098,1.010494757710339,7636.256228078689,7869.219083879375,-0.09174861111858501,-0.08319859651820198,1.485431729305088,1.6604864966152406,0.00032675841979673824,0.0006133629008426046,9527.035339241038,18991.128901853233
8975e864-af2c-4908-b92a-ca9e7d9d38de,18,4.5,6432710.261011459,6437081.837430896,0.3055741829099265,0.31576187914941234,0.9994650455391265,1.0105220907595747,7638.640095810947,7873.906289756206,-0.0918101674674945,-0.08315570695317968,1.4855411930764122,1.6606311600592871,0.00033316559895430625,0.0006266259320464345,9719.910200466162,19424.902674112076
8975e864-af2c-4908-b92a-ca9e7d9d38de,19,4.75,6432529.788634062,6436923.221250897,0.3058684077170648,0.31606683219911974,0.9994362640089484,1.0105494086855362,7641.067826127217,7878.696405662263,-0.09187251735368632,-0.08311150232292502,1.4856510916465318,1.660777033551611,0.00033968498543145587,0.0006401694244191803,9916.40977168215,19868.892670419253
8975e864-af2c-4908-b92a-ca9e7d9d38de,20,5.0,6432349.084174337,6436764.638810148,0.30616272772723274,0.3163719804529889,0.9994074145407802,1.0105767116677815,7643.5402283329595,7883.591879500226,-0.09193568000195218,-0.08306595285034145,1.4857614304512539,1.6609241438107578,0.0003463182127789972,0.0006539995121297069,10116.596934548197,20323.368680846266
8975e864-af2c-4908-b92a-ca9e7d9d38de,21,5.25,6432168.1434710715,6436606.091796785,0.3064571445984019,0.3166773280486773,0.999378496269863,1.0106039998911422,7646.058125114396,7888.595224771057,-0.09199967516292376,-0.08301902802160097,1.4858722149782915,1.6610725182766493,0.0003530669282881303,0.000668122482030522,10320.535544134373,20788.60918754953
8975e864-af2c-4908-b92a-ca9e7d9d38de,22,5.5,6431986.962258626,6436447.5819440475,0.3067516600186447,0.31698287922259516,0.9993495083102751,1.0106312735458802,7648.622352715429,7893.709022722341,-0.09206452313072423,-0.0829706965643294,1.4859834507662564,1.661222185134373,0.00035993279268807017,0.0006825447784029078,10528.29043928045,21264.9017142275
8975e864-af2c-4908-b92a-ca9e7d9d38de,23,5.75,6431805.536163919,6436289.111031659,0.30704627570660764,0.317288638312569,0.9993204497543126,1.01065853282785,7651.23376111493,7898.935924584307,-0.09213024476135269,-0.08292092642497385,1.4860951434035585,1.6613731733389554,0.0003669174798181461,0.0006972730078888779,10739.927452753729,21752.543192499186
8975e864-af2c-4908-b92a-ca9e7d9d38de,24,6.0,6431623.860703306,6436130.680887245,0.30734099341199,0.3175946097605934,0.9992913196718464,1.0106857779386658,7653.893214204247,7904.278653897821,-0.0921968614918379,-0.08286968474531423,1.486207298527205,1.6615255126411648,0.00037402267627308756,0.0007123139446190227,10955.51342117781,22251.840346160632
8975e864-af2c-4908-b92a-ca9e7d9d38de,25,6.25,6431441.931279348,6435972.293387807,0.30763581491602693,0.31790079811567395,0.9992621171096575,1.0107130090858767,7656.601589964803,7909.740008938901,-0.09226439536019956,-0.08281693783807881,1.4863199218214946,1.6616792336143966,0.00038125008102020993,0.0007276745355456019,11175.11619470403,22763.11009433076
8975e864-af2c-4908-b92a-ca9e7d9d38de,26,6.5,6431259.743177458,6435813.950461256,0.3079307420319778,0.3182072080367656,0.9992328410907472,1.010740226483147,7659.359780645614,7915.322865244563,-0.0923328690262577,-0.08276265116162157,1.4864330190166017,1.661834367682697,0.0003886014049868424,0.000743361905990787,11398.80464638601,23286.679974563704
8975e864-af2c-4908-b92a-ca9e7d9d38de,27,6.75,6431077.291562431,6435655.65408799,0.3082257766056192,0.3185138442958103,0.9992034906136221,1.0107674303504437,7662.1686929405705,7921.030178245082,-0.0924023057933329,-0.0827067892936164,1.4865465958870459,1.6619909471499814,0.00039607837061715135,0.0007593833654203836,11626.648681241144,23822.88858707096
8975e864-af2c-4908-b92a-ca9e7d9d38de,28,7.0,6430894.571474843,6435497.406302535,0.30852092051574237,0.31882071178087845,0.9991740646515532,1.0107946209142307,7665.029248165295,7926.864986008048,-0.09247272963088288,-0.0826493159037212,1.4866606582500383,1.662149005230511,0.0004036827113959766,0.0007757464134547538,11858.71924493741,24372.086061296726
8975e864-af2c-4908-b92a-ca9e7d9d38de,29,7.25,6430711.577827318,6435339.209195253,0.3088161756746555,0.31912781549941766,0.9991445621518071,1.0108217984076715,7667.9423824333835,7932.830412099915,-0.09254416519812335,-0.0825901937251618,1.4867752119637034,1.6623085760806904,0.00041141617133869514,0.0007924587461278588,12095.088332084275,24934.634546125715
8975e864-af2c-4908-b92a-ca9e7d9d38de,30,7.5,6430528.305400657,6435181.0649141045,0.3091115440286903,0.3194351605816146,0.9991149820348482,1.0108489630708393,7670.9090468318245,7938.929668571086,-0.09261663786868411,-0.08252938452518309,1.4868902629251646,1.6624696948322588,0.0004192805044451632,0.000809528262406942,12335.828994077641,25510.90872511845
8975e864-af2c-4908-b92a-ca9e7d9d38de,31,7.75,6430344.748839817,6435022.975666476,0.3094070275587124,0.31974275228387383,0.9990853231935107,1.0108761151509338,7673.93020759537,7945.16605907091,-0.09269017375635415,-0.08246684907431148,1.487005817068491,1.6626323976269448,0.00042727747411607463,0.000826963070986727,12581.015346456465,26101.29635828238
8975e864-af2c-4908-b92a-ca9e7d9d38de,32,8.0,6430160.902649742,6434864.943721088,0.30970262828063677,0.32005059599241936,0.9990555844921396,1.0109032549025088,7677.006846279617,7951.542982099377,-0.092764799741973,-0.08240254711436974,1.4871218803624977,1.6627967216526653,0.00043540885252966094,0.0008447714973712356,12830.722575715878,26706.198851939247
8975e864-af2c-4908-b92a-ca9e7d9d38de,33,8.25,6429976.761191028,6434706.971409959,0.3099983482459461,0.3203586972270238,0.9990257647656978,1.0109303825877067,7680.1399599325505,7958.063934402709,-0.09284054350152902,-0.0823364373251816,1.48723845880839,1.66296270518135,0.0004436764199770338,0.0008629620912579951,13085.026945531774,27326.031858383725
8975e864-af2c-4908-b92a-ca9e7d9d38de,34,8.5,6429792.318675433,6434549.061130461,0.3102941895422135,0.3206670616448712,0.998995862818839,1.0109574984765042,7683.330561264262,7964.732514520451,-0.09291743353552867,-0.08226847728990011,1.4873555584372475,1.6631303876084795,0.00045208196415389676,0.0008815436342402811,13344.005802333935,27961.225907144522
8975e864-af2c-4908-b92a-ca9e7d9d38de,35,8.75,6429607.569161196,6434391.215347443,0.3105901542936285,0.32097569504455914,0.9989658774249442,1.0109846028469653,7686.579678814556,7971.552426492179,-0.0929954991997053,-0.08219862345888945,1.4874731853073386,1.6632998094944318,0.0004606272794066694,0.000900525147844436,13607.737580173174,28612.22706979944
8975e864-af2c-4908-b92a-ca9e7d9d38de,36,9.0,6429422.506548184,6434233.436595435,0.31088624466152637,0.32128460337024706,0.9989358073251202,1.0110116959855073,7689.888357118131,7978.527483732398,-0.09307477073713988,-0.08212683111208603,1.4875913455012555,1.663471012607734,0.0004693141659306684,0.0009199159019188059,13876.301804814862,29279.4976603833
8975e864-af2c-4908-b92a-ca9e7d9d38de,37,9.25,6429237.12457284,6434075.72748095,0.31118246284492046,0.32159379271595623,0.9989056512271579,1.0110387781871755,7693.2576568669865,7985.6616130827915,-0.09315527931187065,-0.08205305431975983,1.4877100451228653,1.6636440399703274,0.0004781444289179071,0.0009397254233937523,14149.779096987642,29963.51697363212
8975e864-af2c-4908-b92a-ca9e7d9d38de,38,9.5,6429051.416802933,6433918.09068486,0.3114788110810374,0.32190326933002944,0.9988754078044492,1.0110658497559293,7696.688655069707,7992.958859051506,-0.0932370570440737,-0.08197724590159251,1.4878292902940637,1.6638189359049587,0.0004871198776522194,0.0009599635054315552,14428.251174718775,30664.782063407485
8975e864-af2c-4908-b92a-ca9e7d9d38de,39,9.75,6428865.3766321,6433760.528964881,0.31177529164585466,0.3222130396197574,0.9988450756948595,1.0110929110049414,7700.182445207233,8000.423388249808,-0.09332013704690151,-0.08189935738398336,1.4879490871513252,1.6639957460848136,0.0004962423245488282,0.000980640216987851,14711.800854668834,31383.80856386614
8975e864-af2c-4908-b92a-ca9e7d9d38de,40,10.0,6428678.997274149,6433603.045158144,0.31207190685464026,0.32252311015617924,0.9988146534995545,1.011119962256908,7703.740137384699,8008.059494037106,-0.09340455346507219,-0.08181933895548879,1.4880694418420382,1.6641745175855263,0.0005055135841359124,0.001001765912806925,15000.512052389422,32121.131556103235
8975e864-af2c-4908-b92a-ca9e7d9d38de,41,10.25,6428492.271757151,6433445.6421838775,0.31236865906249445,0.3228334876790661,0.998784139781778,1.0111470038443726,7707.362858478905,8015.871601386019,-0.09349034151530818,-0.08173713942029506,1.4881903605206153,1.6643552989396955,0.0005149354719750885,0.001023351243873407,15294.469781406882,32877.30648315889
8975e864-af2c-4908-b92a-ca9e7d9d38de,42,10.5,6428305.19291727,6433288.323046191,0.3126655506648926,0.32314417910209553,0.9987535330655797,1.011174036110063,7711.051752280952,8023.864271979973,-0.09357753752872937,-0.08165270614961774,1.488311849344369,1.664538140194056,0.0005245098035179211,0.0010454071683467167,15593.760151038712,33652.910116565545
8975e864-af2c-4908-b92a-ca9e7d9d38de,43,10.75,6428117.753392343,6433131.090836977,0.31296258409822925,0.3234551915182265,0.9987228318344878,1.0112010594072423,7714.807979633526,8032.042209556576,-0.09366617899531296,-0.08156598503091442,1.4884339144691399,1.6647230929694594,0.0005342383928949986,0.0010679449630041562,15898.470362829887,34448.54157778063
8975e864-af2c-4908-b92a-ca9e7d9d38de,44,11.0,6427929.945615189,6432973.948738928,0.31325976184036275,0.3237665322052844,0.9986920345301277,1.0112280741000765,7718.632718562301,8040.41026551096,-0.09375630461053931,-0.08147692041479002,1.4885565620446661,1.6649102105238305,0.0005441230516346949,0.0010909762352219023,16208.688705511277,35264.82341815303
8975e864-af2c-4908-b92a-ca9e7d9d38de,45,11.25,6427741.761806628,6432816.9000286795,0.3135570864111599,0.3240782086317665,0.9986611395507787,1.0112550805640155,7722.527164400886,8048.9734447741685,-0.09384795432435145,-0.08138545505946615,1.488679798209684,1.6650995478182742,0.0005541655873076793,0.0011145129355229623,16524.504548347937,36102.40276127931
8975e864-af2c-4908-b92a-ca9e7d9d38de,46,11.5,6427553.193968204,6432659.948080079,0.3138545603730404,0.32439022846287824,0.998630145249871,1.0112820791861923,7726.492529908696,8057.7369119827345,-0.09394116939256418,-0.08129153007267752,1.4888036290867428,1.6652911615865258,0.0005643678020938216,0.0011385673707258773,16846.008332759666,36961.952511989824
8975e864-af2c-4908-b92a-ca9e7d9d38de,47,11.75,6427364.233874594,6432503.096367595,0.3141521863315199,0.32470259956681213,0.9985990499344152,1.011309070365839,7730.530045381098,8066.705997956658,-0.09403599243086841,-0.08119508485084942,1.4889280607767255,1.6654851104079431,0.0005747314912672381,0.0011631522177273294,17173.29156206595,37844.172636437426
8975e864-af2c-4908-b92a-ca9e7d9d38de,48,12.0,6427174.873065681,6432346.348469869,0.3144499669357524,0.3250153300212815,0.998567851863363,1.0113360545147212,7734.640958751125,8075.886206504194,-0.0941324674715858,-0.08109605701540054,1.4890530993530566,1.6656814547842602,0.0005852584415957859,0.0011882805379559043,17506.446789220623,38749.79151816862
8975e864-af2c-4908-b92a-ca9e7d9d38de,49,12.25,6426985.102838277,6432189.708073416,0.3147479048790692,0.32532842812032153,0.998536549245896,1.0113630320575915,7738.826535682022,8085.283221573126,-0.0942306400233401,-0.08099438234600471,1.4891787508555865,1.6658802572203326,0.0005959504296504867,0.0012139657925368007,17845.567602373067,39679.56739543949
8975e864-af2c-4908-b92a-ca9e7d9d38de,50,12.5,6426794.914237478,6432033.178976479,0.3150460028995162,0.3256419023813714,0.9985051402396353,1.0113900034326635,7743.088059649807,8094.902914769591,-0.09433055713382292,-0.08088999471063417,1.489305021284134,1.666081582309125,0.0006068092200204248,0.0012402218582077372,18190.74860809053,40634.289885380254
8975e864-af2c-4908-b92a-ca9e7d9d38de,51,12.75,6426604.29804763,6431876.765093058,0.3153442637803868,0.3259557615526522,0.998473622948773,1.0114169690921067,7747.42683201502,8104.751353266989,-0.09443226745584425,-0.08078282599219443,1.4894319165916727,1.6662854968212055,0.0006178365634282558,0.0012670630440326316,18542.085412059056,41614.781601174654
8975e864-af2c-4908-b92a-ca9e7d9d38de,52,13.0,6426413.244782882,6431720.470457106,0.3156426903507509,0.3262700146208555,0.9984419954221145,1.0114439295025641,7751.844172082733,8114.834808129135,-0.09453582131687174,-0.08067280601154796,1.489559442677146,1.666492069799035,0.0006290341947414704,0.0012945041089599874,18899.674597076166,42621.89986882202
8975e864-af2c-4908-b92a-ca9e7d9d38de,53,13.25,6426221.744677303,6431564.299226904,0.31594128548597794,0.3265846708191591,0.9984102556510339,1.0114708851456944,7756.341417149858,8125.159763073535,-0.09464127079227738,-0.08055986244670944,1.4896876053778885,1.6667013726563575,0.0006404038308742487,0.0013225602802769585,19263.613698133435,43656.53855060738
8975e864-af2c-4908-b92a-ca9e7d9d38de,54,13.5,6426029.78767455,6431408.255689643,0.3162400521082547,0.32689973963558777,0.9983784015673304,1.0114978365187368,7760.919922538722,8135.73292370256,-0.09474866978252604,-0.08044392074798024,1.4898164104616416,1.6669134792830222,0.0006519471685736549,0.001351247273014317,19634.001174348796,44719.62998300966
8975e864-af2c-4908-b92a-ca9e7d9d38de,55,13.75,6425837.363417037,6431252.34426619,0.31653899318709505,0.3272152308217359,0.9983464310409855,1.0115247841351047,7765.581061615798,8146.561227232311,-0.09485807409455778,-0.08032490404877282,1.4899458636181404,1.6671284661555932,0.0006636658820855186,0.0013805813103611524,20010.93637754998,45812.147037406736
8975e864-af2c-4908-b92a-ca9e7d9d38de,56,14.0,6425644.461234604,6431096.569516079,0.3168381117398422,0.3275311544018735,0.9983143418778131,1.011551728525006,7770.3262257944225,8157.6518527511935,-0.09496954152763418,-0.08020273307185852,1.490075970450253,1.667346412454127,0.0006755616206926253,0.001410579145151866,20394.5195172217,46935.105312616986
8975e864-af2c-4908-b92a-ca9e7d9d38de,57,14.25,6425451.070132638,6430940.936142721,0.317137410832161,0.3278475206824549,0.9982821318169949,1.011578670236092,7775.156824520234,8169.0122320426,-0.09508313196393953,-0.0800773260307517,1.4902067364646518,1.6675674001855312,0.0006876360061192476,0.0014412580824932906,20784.85162156403,48089.56546910381
8975e864-af2c-4908-b92a-ca9e7d9d38de,58,14.5,6425257.178779623,6430785.4489988545,0.3174368935785199,0.32816434026205277,0.9982497985284974,1.0116056098341393,7780.074285238,8180.6500610087005,-0.09519890746424943,-0.07994859852592316,1.490338167061995,1.6677915143139466,0.0006998906297954797,0.0014729722196341255,21182.03449438428,49287.88601412733
8975e864-af2c-4908-b92a-ca9e7d9d38de,59,14.75,6425062.775494074,6430630.113092235,0.31773656314266097,0.3284816240417419,0.9982173396103607,1.0116325479037616,7785.080053338391,8192.57598153686,-0.09531695754088135,-0.07981643867264085,1.490470267526596,1.668018870057168,0.0007123270499733987,0.00151217569146133,21586.17066749247,50747.33177343158
8975e864-af2c-4908-b92a-ca9e7d9d38de,60,15.0,6424867.848116,6430474.933639642,0.3180364227365408,0.32879938334013736,0.9981847525660944,1.011659485057991,7790.175591693551,8204.852227529509,-0.09543785745524967,-0.07968025624995999,1.4906030429913306,1.668250108047214,0.0007249467833744595,0.0015526170160036028,21997.363184857353,52260.77829396384
8975e864-af2c-4908-b92a-ca9e7d9d38de,61,15.25,6424672.381782713,6430319.916996357,0.3183364755915385,0.3291176319067948,0.9981520344209465,1.0116864221084723,7795.362372893722,8217.491932842642,-0.09556171876792428,-0.07953991297967676,1.4907364979517856,1.6684853712427563,0.0007377511977997105,0.0015943438491861374,22415.712334060234,53830.76699392179
8975e864-af2c-4908-b92a-ca9e7d9d38de,62,15.5,6424476.361032569,6430165.069781763,0.31863672498637285,0.32943638400670083,0.9981191820819547,1.0117133599024808,7800.641885232081,8230.508859018448,-0.09568865848250628,-0.07939526447010523,1.4908706366786135,1.6687248095513996,0.0007507416007190183,0.001637406131997409,22841.31839011512,55459.99042003535
8975e864-af2c-4908-b92a-ca9e7d9d38de,63,15.75,6424279.769774246,6430010.39889241,0.3189371742472121,0.32975565444490695,0.9980861923318431,1.0117402993247393,7806.015632315624,8243.917433202301,-0.0958187993760019,-0.07924615986847659,1.4910054631979088,1.66896858025979,0.0007639192339494242,0.0016818562272078556,23274.281485428124,57151.303321024694
8975e864-af2c-4908-b92a-ca9e7d9d38de,64,16.0,6424082.59125406,6429855.911515872,0.3192378267477358,0.330075458592652,0.9980530618225206,1.0117672412993464,7811.485132623768,8257.73278887972,-0.09595227035375252,-0.07909244148856223,1.4911409812703846,1.6692168484966037,0.0007772852679878175,0.0017277490661194328,23714.701467604307,58907.73469245399
8975e864-af2c-4908-b92a-ca9e7d9d38de,65,16.25,6423884.808021138,6429701.615145422,0.31953868590914547,0.3303958124150832,0.9980197870681503,1.0117941867918245,7817.051919010384,8271.970809684122,-0.09608920683110378,-0.07893394441138153,1.4912771943692773,1.66946978773142,0.000790840795974928,0.0017751423062285542,24162.677744116598,60732.50089268379
8975e864-af2c-4908-b92a-ca9e7d9d38de,66,16.5,6423686.401890294,6429547.517595607,0.3198397552001175,0.3307167325006962,0.9979863644377548,1.0118211368112995,7822.71753814467,8286.648176552264,-0.09622975114422407,-0.07877049605663829,1.4914141056569037,1.6697275803128082,0.0008045868272650594,0.0018240965007727072,24618.309112743675,62629.01994127368
8975e864-af2c-4908-b92a-ca9e7d9d38de,67,16.75,6423487.353902412,6429393.627018782,0.3201410381366945,0.3310382360926261,0.9979527901473197,1.0118480924128175,7828.483549885843,8301.78241853346,-0.09637405299273624,-0.07860191572228634,1.4915517179597906,1.6699904180493137,0.0008434007967939131,0.0018746752812324277,25843.974148943493,64600.92712450103
8975e864-af2c-4908-b92a-ca9e7d9d38de,68,17.0,6423287.644282145,6429239.951922674,0.32044253828210817,0.33136034112193224,0.9979190602513534,1.011875054699813,7834.52411278145,8317.391967591291,-0.09652226991711188,-0.07842801408935393,1.4916911852495984,1.6702585028374322,0.0008602946807988506,0.0019269455539742716,26402.343991258826,66652.09204779315
8975e864-af2c-4908-b92a-ca9e7d9d38de,69,17.25,6423087.252392692,6429086.497808614,0.3207442658932643,0.3316830662430337,0.9978851706338562,1.011902024434969,7840.687861949909,8333.496217773329,-0.0966745510785669,-0.07824859606746433,1.4918314858621136,1.6705320437686888,0.0008775282633613009,0.001980977705839124,26973.633187323536,68786.63706606186
8975e864-af2c-4908-b92a-ca9e7d9d38de,70,17.5,6422886.156722109,6428933.273577343,0.3210462253837168,0.33200643087138115,0.9978511169998756,1.0119290027813457,7846.9774955282455,8350.115588378243,-0.0968310691859994,-0.07806345406797979,1.4919726277275167,1.670811264333411,0.0008951073072806592,0.0020368458350797807,27558.141203256702,71008.95776993368
8975e864-af2c-4908-b92a-ca9e7d9d38de,71,17.75,6422684.334801389,6428780.288525399,0.3213484212557247,0.33233045522376264,0.9978168948641586,1.0119559909563147,7853.395765241112,8367.271593687301,-0.09699200631055505,-0.07787237023075384,1.492114618476662,1.6710964002371262,0.0009130375717632765,0.002094628000769879,28156.172768023207,73323.74547128692
8975e864-af2c-4908-b92a-ca9e7d9d38de,72,18.0,6422481.763149281,6428627.552367074,0.3216508581014127,0.3326551603612744,0.9977824995400622,1.0119829902346653,7859.945476676495,8384.986917880187,-0.0971575545277815,-0.07767511576240717,1.4922574654038432,1.6713877002575326,0.0009313248022385987,0.0021544064902044554,28768.037755235622,75736.0118030128
8975e864-af2c-4908-b92a-ca9e7d9d38de,73,18.25,6422278.417213088,6428475.075257871,0.321953540603875,0.3329805682352318,0.9977479261276423,1.0120100019519283,7866.6294894707435,8403.285496281169,-0.0973279166140526,-0.07747145022095095,1.492401175426641,1.6716854271759025,0.0009499747191521053,0.0022162681085525276,29394.05103597021,78251.11577275177
8975e864-af2c-4908-b92a-ca9e7d9d38de,74,18.5,6422074.271305073,6428322.867819574,0.32225647353821313,0.33330670173626853,0.9977131695008484,1.0120370275079376,7873.450717391385,8422.192603576303,-0.09750330680275726,-0.07726112074148185,1.4925457550426384,1.6719898587906632,0.0009689930056459404,0.0022803044929816446,30034.532299215687,80874.793557287
8975e864-af2c-4908-b92a-ca9e7d9d38de,75,18.75,6421869.298534074,6428170.941167078,0.32255966177249723,0.3336335847468971,0.997678224293739,1.0120640683706512,7880.412128304971,8441.734949718279,-0.09768395160640007,-0.07704386119706158,1.4926912102827692,1.6723012890218376,0.0009883852940292073,0.002346612453736078,30689.80583618248,83613.19136289314
8975e864-af2c-4908-b92a-ca9e7d9d38de,76,19.0,6421663.470731889,6428019.306937125,0.3228631102686387,0.33396124219783296,0.997643084885628,1.0120911260802528,7887.516744015849,8461.940784321707,-0.09787009071150082,-0.0768193912882007,1.4928375466610528,1.6726200291161035,0.0010081571509314951,0.002415294344939698,31360.20028430865,86472.90172117809
8975e864-af2c-4908-b92a-ca9e7d9d38de,77,19.25,6421456.758373935,6427867.977319097,0.3231668240831609,0.3342897001284152,0.99760774538506,1.0121182022535582,7894.7676399603015,8482.840010449738,-0.09806197868147477,-0.07658741555357929,1.4929847691204479,1.672946408963454,0.001028314061023025,0.0024864584682364964,32046.048326335545,89461.00364151708
8975e864-af2c-4908-b92a-ca9e7d9d38de,78,19.5,6421249.130492103,6427716.965088069,0.3234708083678319,0.33461898575149157,0.9975721996125,1.012145298588758,7902.167944738384,8504.464308845643,-0.09825988488531905,-0.07634762229362524,1.4931328819745318,1.6732807785393469,0.0010488614091722064,0.00256021951331229,32747.686339263968,92585.10712133296
8975e864-af2c-4908-b92a-ca9e7d9d38de,79,19.75,6421040.554583126,6427566.283640301,0.3237750683701975,0.3349491275231791,0.9975364410816111,1.0121724168705226,7909.720839465443,8526.847273655463,-0.09846409481421815,-0.07609968239789845,1.4932818888447001,1.6736235094827072,0.0010698044609048615,0.0026366990378822158,33465.45398762123,95853.40251356887
8975e864-af2c-4908-b92a-ca9e7d9d38de,80,20.0,6420830.996509061,6427415.947031397,0.32407960943395847,0.33528015521794957,0.9975004629789803,1.0121995589755068,7917.4295569215565,8550.024560986827,-0.0986749116147149,-0.07584324806571015,1.493431792592548,1.673974996827935,0.0010911483410101098,0.002716025992424819,34199.69375464415,99274.71541221908
8975e864-af2c-4908-b92a-ca9e7d9d38de,81,20.25,6420620.420388932,6427265.970017386,0.32438443699916836,0.3356121000095445,0.9974642581421325,1.01222672687829,7925.297380475513,8574.034051768045,-0.09889265748528366,-0.07557795140815714,1.493582595247073,1.674335660909183,0.0011128980101242814,0.0027983372947635947,34950.750404320686,102858.56778303921
8975e864-af2c-4908-b92a-ca9e7d9d38de,82,20.5,6420408.7884811945,6427116.368098967,0.3246895566022356,0.3359449945582803,0.9974278190356562,1.0122539226577956,7933.327642757603,8598.9160305445,-0.09911767520966336,-0.07530340291826654,1.4937342979263122,1.6747059494568424,0.0011350582391100076,0.002883778459969006,35718.970366519134,106615.24616506245
8975e864-af2c-4908-b92a-ca9e7d9d38de,83,20.75,6420196.061056091,6426967.1575692585,0.3249949738757053,0.33627887310536897,0.9973911377252421,1.0122811485042338,7941.523724052622,8624.713382084563,-0.099350329843042,-0.07501918979415526,1.4938869007529925,1.675086339909494,0.0011576335810268784,0.0029725042919812854,36504.70103647663,110555.87790294529
8975e864-af2c-4908-b92a-ca9e7d9d38de,84,21.0,6419982.196256823,6426818.355565352,0.32530069454779115,0.33661377157495276,0.9973542058494079,1.0123084067266244,7949.8890503813345,8651.471807925198,-0.09959101056940763,-0.07472487409807091,1.4940404027637415,1.675477341967887,0.0011806283404721903,0.0030646796442297904,37308.28997901338,114692.51652074586
8975e864-af2c-4908-b92a-ca9e7d9d38de,85,21.25,6419767.149948321,6426669.980124063,0.32560672444162475,0.33694972768463544,0.9973170145886582,1.0123356997609536,7958.427091235204,8679.240065286343,-0.09984013275095882,-0.07441999073182423,1.4941948018113718,1.6758795004213343,0.001204046540045995,0.0031604802575284398,38130.084026685756,119038.2375248306
8975e864-af2c-4908-b92a-ca9e7d9d38de,86,21.5,6419550.875552279,6426522.050242292,0.32591306947418686,0.33728678106538745,0.9972795546317917,1.012363030179034,7967.141356925305,8708.070231130405,-0.10009814019346384,-0.07410404520639156,1.4943500944597103,1.6762933982813835,0.0012278918836686212,0.003260093684694982,38970.42825983232,123607.24613301776
8975e864-af2c-4908-b92a-ca9e7d9d38de,87,21.75,6419333.323866882,6426374.585942466,0.32621973565487844,0.33762497339181136,0.9972418161390322,1.0123904006981397,7976.035395501995,8738.01799454776,-0.10036550765495082,-0.0737765111802918,1.494506275870404,1.6767196602628553,0.0012521677164530971,0.0033637203127033907,39829.664855159564,128414.99867538232
8975e864-af2c-4908-b92a-ca9e7d9d38de,88,22.0,6419114.442869511,6426227.608343582,0.3265267290836864,0.33796434852387897,0.9972037887016132,1.0124178141915001,7985.112789197058,8769.142981121713,-0.10064274362919402,-0.07343682773764262,1.4946633396810862,1.6771589566584635,0.0012768769807998618,0.0034715744947595396,40708.13178784808,133478.33970710664
8975e864-af2c-4908-b92a-ca9e7d9d38de,89,22.25,6418894.177500422,6426081.139738444,0.3268340559488909,0.3383049526613942,0.9971654612973984,1.0124452736997474,7994.377150334586,8801.50911347998,-0.10093039344024742,-0.07308439637247761,1.4948212778742382,1.6776120076604446,0.0013020221683474244,0.0035838858065435444,41606.16137046017,138815.6572257349
8975e864-af2c-4908-b92a-ca9e7d9d38de,90,22.5,6418672.469425151,6425935.203677764,0.32714172252425605,0.3386468345126015,0.9971268222420568,1.0124727824434212,8003.832116650691,8835.185012890188,-0.1012290426899049,-0.07271857764083817,1.4949800806360252,1.6780795881911306,0.001327605267371351,0.0037009004430366968,42524.07860990836,144447.058806426
8975e864-af2c-4908-b92a-ca9e7d9d38de,91,22.75,6418449.25677307,6425789.825061869,0.3274497351656365,0.33899004547854955,0.9970878591352467,1.012500343836653,8013.481345955264,8870.244447523608,-0.10153932110660474,-0.07233868743619615,1.4951397362043288,1.678562533314461,0.0013536277051778975,0.0038228827749023303,43462.199361474406,150394.57197437075
8975e864-af2c-4908-b92a-ca9e7d9d38de,92,23.0,6418224.473849129,6425645.030240875,0.3277581003069249,0.33933463985504064,0.9970485588011758,1.0125279615021665,8023.328510061155,8906.766833917784,-0.10186190685215157,-0.07194399283673626,1.4953002307051315,1.6790617443123916,0.001380090284987637,0.003950117086414824,44420.82825633424,156682.37274335945
8975e864-af2c-4908-b92a-ca9e7d9d38de,93,23.25,6417998.050815401,6425500.847124292,0.3280668244552532,0.33968067505425253,0.9970089072228181,1.0125556392877473,8033.377287897343,8944.837799244211,-0.10219753135195818,-0.071533707464711,1.4954615479763353,1.6795781955243936,0.0014069931167441162,0.004082909520493429,45400.25637608967,163337.04698641333
8975e864-af2c-4908-b92a-ca9e7d9d38de,94,23.5,6417769.91333853,6425357.305301155,0.3283759141853499,0.3400282118484173,0.9969688894689482,1.0125833812843639,8043.63135771265,8984.549813267518,-0.10254698472562439,-0.07110698628820732,1.495623669378026,1.6801129420652763,0.001434335541216847,0.004221590260650095,46400.758644538124,170387.89020006725
8975e864-af2c-4908-b92a-ca9e7d9d38de,95,23.75,6417539.982198571,6425214.436171947,0.32868537613294063,0.3403773146382905,0.9969284896130284,1.0126111918461393,8054.094388265158,9026.002900412346,-0.10291112190796582,-0.07066291978389722,1.4957865735881015,1.6806671285570136,0.0014621160466893558,0.004366515984714806,47422.59090307146,177867.25231534807
8975e864-af2c-4908-b92a-ca9e7d9d38de,96,24.0,6417308.172853992,6425072.273093738,0.3289952169870633,0.3407280517495521,0.9968876906428247,1.0126390756124093,8064.7700288795795,9069.305444188783,-0.10329086956656697,-0.07020052736526967,1.4959502363820945,1.6812419990348884,0.0014903321774366288,0.004518072631268701,48465.9866318198,185810.93554563893
8975e864-af2c-4908-b92a-ca9e7d9d38de,97,24.25,6417074.394956785,6424930.851540203,0.3293054434811492,0.3410804957607612,0.9968464743594444,1.0126670375321372,8075.661898239994,9114.575098436258,-0.103687233941175,-0.06971874996394087,1.4961146303959145,1.6818389082180871,0.0015189804330922058,0.004676678526984082,49531.15327360133,194258.65490531514
8975e864-af2c-4908-b92a-ca9e7d9d38de,98,24.5,6416838.551810595,6424790.209278415,0.32961606238269975,0.3414347238670528,0.9968048212642655,1.0126950828909946,8086.773571768445,9161.939822516573,-0.10410130975354218,-0.06921644163126325,1.4962797248701232,1.6824593343710976,0.0015480561578908418,0.004842787931859012,50618.26811211251,203254.5730646963
8975e864-af2c-4908-b92a-ca9e7d9d38de,99,24.75,6416600.539763596,6424650.386564596,0.32992708048136044,0.34179081828443725,0.9967627104319632,1.0127232173414722,8098.108567420404,9211.539060829635,-0.10453429036464355,-0.06869236000278209,1.4964454853742275,1.6831048940264701,0.0015775534186341883,0.005016895069973891,51727.47364910713,212847.92372886837
8975e864-af2c-4908-b92a-ca9e7d9d38de,100,25.0,6416360.247526382,6424511.426361393,0.3302385045751627,0.3421488667003606,0.9967201193675219,1.0127514469364363,8109.670329705671,9263.525090980822,-0.1049874793907851,-0.0681451554380828,1.4966118735093419,1.6837773588937188,0.0016074648700679184,0.0051995387263439686,52858.87241763816,223093.74087480866
8975e864-af2c-4908-b92a-ca9e7d9d38de,101,25.25,6416117.55540341,6424373.374579623,0.3305503414546659,0.34250896277713805,0.9966770238447327,1.0127797781666268,8121.462211717311,9318.06456977601,-0.10546230403256682,-0.06757335861191113,1.4967788465874137,1.6844786753459269,0.0016377816061762176,0.0053913075062791,54012.52115962699,234053.71512904318
8975e864-af2c-4908-b92a-ca9e7d9d38de,102,25.5,6415872.334424407,6424236.280347947,0.330862597884686,0.3428712067160162,0.9966333977232109,1.0128082180026692,8133.487454921056,9375.340312189472,-0.10596033042302641,-0.0669753662874338,1.4969463572850337,1.6852109869583431,0.0016684929956774191,0.00559284587312076,55188.42428548877,245797.20354771684
8975e864-af2c-4908-b92a-ca9e7d9d38de,103,25.75,6415624.44535961,6424100.196314528,0.33117528058324275,0.34323570589099617,0.9965892127403966,1.0128367739422757,8145.7491664224335,9435.553345839371,-0.10648328136621825,-0.06634942494695588,1.4971143532696656,1.6859766606762494,0.0016995864997512574,0.005804861104241849,56386.52652148311,258402.4253781351
8975e864-af2c-4908-b92a-ca9e7d9d38de,104,26.0,6415373.737599555,6423965.178985445,0.33148839619728987,0.3436025755632174,0.9965444382742991,1.0128654540634392,8158.250293387691,9498.925292702825,-0.10703305691844463,-0.06569361188648573,1.4972827767959092,1.686778317318342,0.0017310474697195223,0.006028131335047816,57606.70463599131,271957.8844462918
8975e864-af2c-4908-b92a-ca9e7d9d38de,105,26.25,6415120.047876283,6423831.289105501,0.3318019512747134,0.34397193968872686,0.9964990410718862,1.0128942670845675,8170.993594246111,9565.701141316093,-0.10761175836590718,-0.0650058132945327,1.497451564269174,1.6876188672843015,0.0017628589220404032,0.006263514897966051,58848.758119019556,286564.0691758432
8975e864-af2c-4908-b92a-ca9e7d9d38de,106,26.5,6414863.198798055,6423698.592088123,0.3321159522319811,0.3443439318349378,0.9964529849369468,1.0129232224326894,8183.981606243947,9636.152487205696,-0.10822171628070755,-0.06428369872756647,1.4976206457738632,1.6885015525411036,0.0017950012875382606,0.0065119612102248784,60112.398668959264,302335.49464703526
8975e864-af2c-4908-b92a-ca9e7d9d38de,107,26.75,6414602.997163774,6423567.158502351,0.33243040531670515,0.3447186962241251,0.9964062303699175,1.0129523303210903,8197.216608852068,9710.581337674703,-0.10886552349993311,-0.0635246912582008,1.4977899445628586,1.689429996225283,0.0018274521312652559,0.006774523523406477,61397.23831651649,319403.1685659962
8975e864-af2c-4908-b92a-ca9e7d9d38de,108,27.0,6414339.2320158705,6423437.064626507,0.3327453165642271,0.34509638892607064,0.9963587341504941,1.0129816018380122,8210.700582447807,9789.32460051995,-0.1095460740808122,-0.0627259323987655,1.4979593765047385,1.6904082615358176,0.0018601858387509104,0.007052373923069344,62702.77598661084,337917.5859373718
8975e864-af2c-4908-b92a-ca9e7d9d38de,109,27.25,6414071.672381093,6423308.393080115,0.33306069174714237,0.34547717922665167,0.9963104488517232,1.0130110490483961,8224.435161593385,9872.759406394649,-0.11026660955325139,-0.061884240680888554,1.498128849484756,1.691440922029041,0.0018931732636154066,0.007346821063298523,64028.382263861786,358052.38756893075
8975e864-af2c-4908-b92a-ca9e7d9d38de,110,27.5,6413800.064636832,6423181.233548088,0.33337653631644126,0.3458612512050288,0.9962613222715772,1.0130406851110783,8238.421582114348,9961.309453557791,-0.11103077413950474,-0.060996062485252196,1.498298262755126,1.6925331459966826,0.0019263813305607728,0.007659331245714947,65373.282084324535,380008.8580230234
8975e864-af2c-4908-b92a-ca9e7d9d38de,111,27.75,6413524.129425477,6423055.683614326,0.3336928553326377,0.34624880555947607,0.9962112967645602,1.0130705244143956,8252.660621036397,10055.452614695243,-0.11184268106692975,-0.060057413343192555,1.4984675062296189,1.6936907983574345,0.001959772586563904,0.007991553614788895,66736.53502342968,404021.49315723806
8975e864-af2c-4908-b92a-ca9e7d9d38de,112,28.0,6413243.558019871,6422931.849725734,0.33400965338486227,0.3466400617312755,0.9961603084514199,1.0131005827338464,8267.152528260529,10155.730112566544,-0.11270699270236226,-0.05906380744335017,1.4986364597168105,1.6949205644867233,0.0019933046916104074,0.008345350454398713,68117.01278488287,430364.94154529326
8975e864-af2c-4908-b92a-ca9e7d9d38de,113,28.25,6412958.008017675,6422809.84831269,0.33432693449539047,0.3470352603881018,0.9961082862792195,1.013130877416334,8281.896948635322,10262.757660338566,-0.11362901804005184,-0.058010172430273635,1.4988049920855637,1.69623010174122,0.0020269298384322653,0.008722833852897023,69513.37341368251,459362.7259427663
8975e864-af2c-4908-b92a-ca9e7d9d38de,114,28.5,6412667.098209398,6422689.807098339,0.3346447020064111,0.3474346663438063,0.9960551508963621,1.0131614275966632,8296.892832808593,10377.239082011447,-0.11461483215707235,-0.056890745718494916,1.4989729603554005,1.6976282262367146,0.00206059408834082,0.009126410381583624,70924.03165401732,491398.2924737883
8975e864-af2c-4908-b92a-ca9e7d9d38de,115,28.75,6412370.402421094,6422571.866637439,0.3349629584449645,0.347838572011666,0.9960008132969791,1.0131922544534417,8312.138334891612,10499.983090399937,-0.11567142372299136,-0.05569894738033552,1.4991402087033068,1.6991251449027842,0.0020942366071946992,0.009558835941946528,72347.12474219462,526929.134122194
8975e864-af2c-4908-b92a-ca9e7d9d38de,116,29.0,6412067.442074321,6422456.182136236,0.33528170536081,0.3482473015146499,0.9959451731754398,1.013223381513484,8327.630694523901,10631.924122295724,-0.11680687867887814,-0.054427223075612347,1.4993065673771568,1.700732746248187,0.0021277887816049737,0.010023283634697896,73780.47275741126,566505.0182551264
8975e864-af2c-4908-b92a-ca9e7d9d38de,117,29.25,6411757.677127002,6422342.925619248,0.3356009431304024,0.34866121561141566,0.9958881169131912,1.0132548350164043,8343.366100352996,10774.148438684313,-0.11803061102890659,-0.05306684829576242,1.4994718515042662,1.702464968049172,0.0021611731903154983,0.010523428468725865,75221.53243537858,610791.7565085173
8975e864-af2c-4908-b92a-ca9e7d9d38de,118,29.5,6411440.494950899,6422232.288527874,0.3359206707179957,0.3490807176439443,0.995829515094667,1.0132866443545567,8359.339531195414,10927.927131176884,-0.11935365568475227,-0.051607682124088665,1.4996358597814894,1.7043382669581795,0.002194302398878228,0.011063554080444626,76667.34306407822,660602.5537724666
8975e864-af2c-4908-b92a-ca9e7d9d38de,119,29.75,6411115.196551978,6422124.484861624,0.33624088538189456,0.34950626077681707,0.995769219413543,1.0133188426081847,8375.544570157372,11094.758293495226,-0.12078904403474018,-0.050037854359209356,1.4997983730306337,1.70637222480726,0.002227077536602598,0.011648688555925248,78114.46270031403,716939.8635414807
8975e864-af2c-4908-b92a-ca9e7d9d38de,120,30.0,6410780.979329947,6422019.7550080875,0.33656158230965694,0.3499383568863273,0.9957070587805503,1.013351467202137,8391.973185671892,11276.421510951235,-0.12235229126081114,-0.04834336358022615,1.49995915259957,1.7085903406928817,0.002259386602366813,0.012284779221466145,79558.89243263421,781052.0254107538
8975e864-af2c-4908-b92a-ca9e7d9d38de,121,30.25,6410436.915273917,6421918.370456788,0.33688275416001334,0.350377587580655,0.9956428343722703,1.013384560719537,8408.615471613755,11475.04913685045,-0.12406203680670683,-0.046507554559499745,1.5001179385850192,1.7110210792458376,0.0022911024288232466,0.01297892033715405,80995.98571366457,854511.0417296492
8975e864-af2c-4908-b92a-ca9e7d9d38de,122,30.5,6410081.923056894,6421820.639661157,0.3372043904804851,0.3508246180066299,0.9955763132556463,1.0134181719206095,8425.45933617697,11693.220797346132,-0.12594089810667564,-0.044510429764411094,1.5002744478471908,1.7136992778462816,0.00232208021070147,0.013739653707821401,82420.33880796615,939321.1301590246
8975e864-af2c-4908-b92a-ca9e7d9d38de,123,30.75,6409714.731850534,6421726.915411716,0.3375264769566421,0.3512802143496959,0.9955072200674194,1.0134523570333145,8442.490125722305,11934.090582984696,-0.1280166265456792,-0.04232772892897699,1.500428371778677,1.7166680656889062,0.0023521544690616974,0.01457737149457859,83825.65701953178,1038072.977352221
8975e864-af2c-4908-b92a-ca9e7d9d38de,124,31.0,6409333.833714875,6421637.604227775,0.337848994429173,0.3517452663021195,0.9954352259918703,1.0134871814095086,8459.69016482789,12201.561102008669,-0.13032370019780512,-0.039929678442258296,1.5005793737794249,1.7199815271240142,0.002381135274350027,0.015504864957534717,85204.58937011629,1154167.3660778357
8975e864-af2c-4908-b92a-ca9e7d9d38de,125,31.25,6408937.419927541,6421553.178489388,0.33817191758426146,0.3522208163262281,0.9953599339144784,1.0135227216808826,8477.038186508456,12500.526129190555,-0.13290556173998228,-0.03727926103145498,1.5007270863749267,1.7237084710680386,0.002408803478753283,0.016538085942732646,86548.52146676769,1292146.7311870875
8975e864-af2c-4908-b92a-ca9e7d9d38de,126,31.5,6408523.29426114,6421474.192357597,0.33849521317388853,0.35270809838467976,0.9952808580472724,1.0135590686110187,8494.508615703662,12837.216034208532,-0.13581783311319026,-0.03432977244898589,1.5008711078940018,1.7279378848326894,0.0024349045990494714,0.017697225836783015,87847.31187983774,1458199.3393673142
8975e864-af2c-4908-b92a-ca9e7d9d38de,127,31.75,6408088.752387214,6421401.303039686,0.33881883754250647,0.3532085901378054,0.9951973953695574,1.0135963309374483,8512.070652467342,13219.701324307034,-0.13913305075252574,-0.031021290802408195,1.5010109985924847,1.7327870250582362,0.002459140821858826,0.019008280943719775,89088.95052980515,1660948.3704322304
8975e864-af2c-4908-b92a-ca9e7d9d38de,128,32.0,6407630.410155182,6421335.299772164,0.33914273310059406,0.3537240847552442,0.9951087846191319,1.013634640655303,8529.687074965583,13658.646847338377,-0.1429478447447943,-0.027275438325455603,1.501146276064561,1.7384137695096455,0.0024811603334610457,0.02050538597451808,90259.10673637428,1912728.3954517613
8975e864-af2c-4908-b92a-ca9e7d9d38de,129,32.25,6407143.952301349,6421277.144245149,0.3394668231462711,0.3542567920751249,0.9950140457506995,1.0136741604575095,8547.312639431115,14168.477340764824,-0.14739419339624682,-0.02298736989589095,1.5012764097154554,1.7450361076929273,0.0025005427325817523,0.022234403375096152,91340.51678113207,2231730.9923997894
8975e864-af2c-4908-b92a-ca9e7d9d38de,130,32.5,6406623.752823826,6421228.028511717,0.3397910039961451,0.35480948505984256,0.9949118876292634,1.0137150945029627,8564.89188142357,14769.245682110195,-0.1526577725316844,-0.01801307811787258,1.5014008139617923,1.7529641078306175,0.002516778527224188,0.024258650810069813,92312.13051508255,2645777.246748129
8975e864-af2c-4908-b92a-ca9e7d9d38de,131,32.75,6406062.279530022,6421189.460580859,0.3401151325358855,0.35538571874472824,0.9948005618521328,1.0137577045100497,8582.355993898562,15489.759663054649,-0.1590093004922198,-0.012148417582810742,1.501518839649581,1.762654800306817,0.002529239368269655,0.02666844742516334,93147.88266089534,3199315.6899790913
8975e864-af2c-4908-b92a-ca9e7d9d38de,132,33.0,6405449.117072323,6421163.395710883,0.34043900555601037,0.35599017027753155,0.9946776205461967,1.0138023347444731,8599.618217595638,16373.093664149445,-0.1668611886608109,-0.0050926639754432165,1.5013116797528276,1.774811733577097,0.002537133149910921,0.029597883389392062,93814.85382657957,3967273.59422131
8975e864-af2c-4908-b92a-ca9e7d9d38de,133,33.25,6404769.273656889,6421152.447016735,0.3407623233960779,0.356629191876385,0.9945394924220782,1.0138496689824104,8616.566704208914,17486.940891424303,-0.17687729779257844,0.0036231855972925567,1.5003553620231327,1.7905781564634746,0.0025394331013421562,0.033256245491785255,94270.3868871779,5084765.230582736
8975e864-af2c-4908-b92a-ca9e7d9d38de,134,33.5,6404000.038626338,6421168.286590174,0.34108462119783634,0.3573117668507618,0.9943806875028104,1.0139009362601556,8622.164569801625,18944.67193368505,-0.19020510500566912,0.014778827378573533,1.498021381402934,1.8119449662995553,0.002531864369642469,0.037992125171435805,94111.57838866969,6817698.158496802
8975e864-af2c-4908-b92a-ca9e7d9d38de,135,33.75,6403104.617262924,6421238.279051286,0.34140472178634396,0.3580513308661982,0.9941921587734919,1.0139583358267905,8578.089616792755,20952.892694402974,-0.2090511040391098,0.029803882854002102,1.4929596044199633,1.8427504860601316,0.0025046793443173287,0.044438219514914556,92151.68839265537,9754716.048901618
8975e864-af2c-4908-b92a-ca9e7d9d38de,136,34.0,6402017.519606496,6421394.37532941,0.3417194169374663,0.35886940639154236,0.9939575323454386,1.0140262552106811,8419.200696588807,23934.587851179618,-0.23835742625978187,0.05172577619726822,1.4818997116794175,1.8915543748346075,0.002447283033690484,0.053890093304164687,86735.30867211419,15435860.559420845
8975e864-af2c-4908-b92a-ca9e7d9d38de,137,34.25,6400604.739796615,6421703.746113503,0.3420216838035808,0.3598040565927437,0.9936428000087787,1.014114878873137,7953.673239027859,28918.198585003352,-0.29184078217871456,0.08836810745395599,1.4550221635541303,1.9817452015766235,0.002339281235842495,0.06954030539405462,73992.53921186448,29076964.715650186
8975e864-af2c-4908-b92a-ca9e7d9d38de,138,34.5,6398524.685163924,6422341.776587933,0.3422935413469793,0.3609335669968623,0.9931607139089126,1.0142542815999511,6420.98828456959,39209.203309391596,-0.42530110596715454,0.17025569855372025,1.3702579056253008,2.2045786067646493,0.0021339852509654443,0.1021605740099465,43991.13557282817,78528872.99238184
8975e864-af2c-4908-b92a-ca9e7d9d38de,139,34.75,6394480.304047858,6424002.623117237,0.34247700491067007,0.36246552964601425,0.9921910102611851,1.0145804604538813,-1584.2461401179535,72906.65351304846,-1.1578082007632498,0.5859626947475428,0.834201012302372,3.3310470781463355,0.0015094284194151545,0.22320487149255738,-12890313.954705488,593209369.0316046
26e4e1a0-daea-4a1f-8b79-66a7c13a95eb,0,0.0,6435923.266468614,6439941.012097669,0.3002926942190099,0.31030191592354633,0.9999723692334324,1.0100276307665677,7601.718517253831,7803.1895474425,-0.0908071711678851,-0.08375221836361663,1.483632367999489,1.6581895391367112,0.00023349226706843374,0.0004255131881264079,6746.306597443812,12954.699464330773
26e4e1a0-daea-4a1f-8b79-66a7c13a95eb,1,0.25,6435746.363432525,6439782.032910751,0.30058545726706254,0.31060396419772895,0.9999446836280271,1.0100552439301924,7603.468420858876,7806.447142537303,-0.09085774212246273,-0.08372774849072757,1.4837352183205823,1.6583171190467019,0.00023822751407322855,0.0004348187057059917,6886.291716286749,13249.060102090523
26e4e1a0-daea-4a1f-8b79-66a7c13a95eb,2,0.5,6435569.288256772,6439623.06347806,0.3008782903132372,0.31090614749460604,0.9999169426270457,1.0100828395969355,7605.250308520829,7809.77434041818,-0.09090884608319962,-0.08370237498586697,1.4838384195721426,1.6584455460408862,0.00024304949167185024,0.0004443199210844865,7028.97091401255,13550.10811052196
26e4e1a0-daea-4a1f-8b79-66a7c13a95eb,3,0.75,6435392.038243721,6439464.104864586,0.30117119454871233,0.31120846854730966,0.9998891456611598,1.0101104178760705,7607.064788308702,7813.17273437403,-0.09096049546761215,-0.08367607790772995,1.4839419762260466,1.6585748374539002,0.0002479595731418979,0.0004540209526877716,7174.392202711694,13858.006211629188
26e4e1a0-daea-4a1f-8b79-66a7c13a95eb,4,1.0,6435214.610631436,6439305.158162227,0.30146417118713936,0.3115109301515457,0.9998612921481189,1.0101379788801699,7608.912478810987,7816.643956947325,-0.09101270300387573,-0.0836488368531014,1.484045892812445,1.6587050110508152,0.00025295914773399504,0.0004639260128129581,7322.6043802546255,14172.92177221966
26e4e1a0-daea-4a1f-8b79-66a7c13a95eb,5,1.25,6435037.002592,6439146.224490538,0.30175722146502165,0.3118135351671369,0.9998333814924056,1.0101655227251918,7610.794009293386,7820.1896810716635,-0.09106548174005338,-0.08362063094467515,1.484150173919804,1.658836085039673,0.00025804962065465635,0.00047403941019676885,7473.657041295875,14495.026968078248
26e4e1a0-daea-4a1f-8b79-66a7c13a95eb,6,1.5,6434859.211229789,6438987.304997515,0.3020503466420988,0.31211628651961104,0.9998054130848819,1.0101930495305718,7612.710019858092,7823.811621250127,-0.09111884505366277,-0.08359143881847599,1.4842548241949098,1.6589680780844716,0.00026323241303823677,0.00048436555267269656,7627.600588329616,14824.498955194013
26e4e1a0-daea-4a1f-8b79-66a7c13a95eb,7,1.75,6434681.233579687,6438828.400860389,0.3023435480017358,0.31241918720183504,0.9997773863024233,1.0102205594193159,7614.661161604578,7827.511534776208,-0.0911728066615968,-0.08356123861086846,1.4843598483428306,1.6591010093186231,0.0002685089619077836,0.0004949089499207408,7784.486242801109,15161.520048393853
26e4e1a0-daea-4a1f-8b79-66a7c13a95eb,8,2.0,6434503.066605247,6438669.513286461,0.302636826851318,0.3127222402756972,0.9997493005075416,1.010248052518098,7616.648096791878,7831.291222999177,-0.09122738063041326,-0.08353000794513533,1.4844652511268361,1.6592348983589051,0.00027388072012362116,0.0005056742163136874,7944.366056249955,15506.277907756776
26e4e1a0-daea-4a1f-8b79-66a7c13a95eb,9,2.25,6434324.707196791,6438510.643513958,0.30293018452265075,0.3130254488738394,0.9997211550479955,1.0102755289573595,7618.6714990023065,7835.152532635857,-0.09128258138701005,-0.08349772391760803,1.4845710373682708,1.659369765319926,0.00027934915631949557,0.0005166660738641607,8107.292921490093,15858.965733205903
26e4e1a0-daea-4a1f-8b79-66a7c13a95eb,10,2.5,6434146.152169457,6438351.792812914,0.30322362237236494,0.3133288162014404,0.999692949256389,1.0103029888714132,7620.732053306592,7839.097357130848,-0.09133842372970336,-0.0834643630833304,1.484677211946379,1.6595056308291285,0.0002849157548254231,0.0005278893552762296,8273.320583811717,16219.782467677996
26e4e1a0-daea-4a1f-8b79-66a7c13a95eb,11,2.75,6433967.39826117,6438192.962486085,0.30351714178232725,0.3136323455380533,0.999664682449756,1.0103304323985505,7622.830456430367,7843.127638067383,-0.09139492283972694,-0.0834299014412362,1.4847837797980783,1.6596425160423554,0.0002905820155765114,0.0005393490071072891,8442.503652194098,16588.93300934729
26e4e1a0-daea-4a1f-8b79-66a7c13a95eb,12,3.0,6433788.44213056,6438034.153869893,0.30381074416005616,0.31393604023949795,0.9996363539291324,1.0103578596811507,7624.96741692197,7847.245366631094,-0.09145209429317172,-0.08339431441881974,1.4848907459176806,1.6597804426600038,0.0002963494540070619,0.0005510500930436626,8614.897610519423,16966.628433329217
26e4e1a0-daea-4a1f-8b79-66a7c13a95eb,13,3.25,6433609.280354803,6437875.368335407,0.30410443093914297,0.3142399037398111,0.9996079629791131,1.0103852708657965,7627.143655321507,7851.452585129077,-0.09150995407338582,-0.08335757685627813,1.484998115356554,1.6599194329437932,0.0003022196009290889,0.0005629977972960382,8790.558828772884,17353.08622339147
26e4e1a0-daea-4a1f-8b79-66a7c13a95eb,14,3.5,6433429.909427399,6437716.607289342,0.3043982035796784,0.31454393955325616,0.999579508867395,1.0104126661033923,7629.359904331113,7855.7513885667895,-0.09156851858385638,-0.0833196629901024,1.4851058932227266,1.6600595097341782,0.0003081940023947865,0.0005751974281192409,8969.544574225709,17748.530514171616
26e4e1a0-daea-4a1f-8b79-66a7c13a95eb,15,3.75,6433250.325755863,6437557.872175112,0.3046920635686843,0.3148481512763954,0.9995509908443042,1.0104400455492857,7631.6169089863415,7860.143926285436,-0.09162780466159541,-0.08328054643609363,1.4852140846804263,1.6602006964684337,0.00031427421954143074,0.0005876544214627971,9151.91302256759,18153.19234448356
26e4e1a0-daea-4a1f-8b79-66a7c13a95eb,16,4.0,6433070.525659357,6437399.164473903,0.30498601242055073,0.31515254259022596,0.9995224081423081,1.0104674093633947,7633.915426828619,7864.632403662642,-0.09168782959105333,-0.08324020017177909,1.4853226949495542,1.6603430171994458,0.00032046182841870464,0.0006003743447571998,9337.723268998561,18567.30992227159
26e4e1a0-daea-4a1f-8b79-66a7c13a95eb,17,4.25,6432890.505366226,6437240.485705791,0.3052800516774785,0.31545711726238296,0.9994937599755098,1.010494757710339,7636.256228078689,7869.219083879375,-0.09174861111858501,-0.08319859651820198,1.485431729305088,1.6604864966152406,0.00032675841979673824,0.0006133629008426046,9527.035339241038,18991.128901853233
26e4e1a0-daea-4a1f-8b79-66a7c13a95eb,18,4.5,6432710.261011459,6437081.837430896,0.3055741829099265,0.31576187914941234,0.9994650455391265,1.0105220907595747,7638.640095810947,7873.906289756206,-0.0918101674674945,-0.08315570695317968,1.4855411930764122,1.6606311600592871,0.00033316559895430625,0.0006266259320464345,9719.910200466162,19424.902674112076
26e4e1a0-daea-4a1f-8b79-66a7c13a95eb,19,4.75,6432529.788634062,6436923.221250897,0.3058684077170648,0.31606683219911974,0.9994362640089484,1.0105494086855362,7641.067826127217,7878.696405662263,-0.09187251735368632,-0.08311150232292502,1.4856510916465318,1.660777033551611,0.00033968498543145587,0.0006401694244191803,9916.40977168215,19868.892670419253
26e4e1a0-daea-4a1f-8b79-66a7c13a95eb,20,5.0,6432349.084174337,6436764.638810148,0.30616272772723274,0.3163719804529889,0.9994074145407802,1.0105767116677815,7643.5402283329595,7883.591879500226,-0.09193568000195218,-0.08306595285034145,1.4857614304512539,1.6609241438107578,0.0003463182127789972,0.0006539995121297069,10116.596934548197,20323.368680846266
26e4e1a0-daea-4a1f-8b79-66a7c13a95eb,21,5.25,6432168.1434710715,6436606.091796785,0.3064571445984019,0.3166773280486773,0.999378496269863,1.0106039998911422,7646.058125114396,7888.595224771057,-0.09199967516292376,-0.08301902802160097,1.4858722149782915,1.6610725182766493,0.0003530669282881303,0.000668122482030522,10320.535544134373,20788.60918754953
26e4e1a0-daea-4a1f-8b79-66a7c13a95eb,22,5.5,6431986.962258626,6436447.5819440475,0.3067516600186447,0.31698287922259516,0.9993495083102751,1.0106312735458802,7648.622352715429,7893.709022722341,-0.09206452313072423,-0.0829706965643294,1.4859834507662564,1.661222185134373,0.00035993279268807017,0.0006825447784029078,10528.29043928045,21264.9017142275
26e4e1a0-daea-4a1f-8b79-66a7c13a95eb,23,5.75,6431805.536163919,6436289.111031659,0.30704627570660764,0.317288638312569,0.9993204497543126,1.01065853282785,7651.23376111493,7898.935924584307,-0.09213024476135269,-0.08292092642497385,1.4860951434035585,1.6613731733389554,0.0003669174798181461,0.0006972730078888779,10739.927452753729,21752.543192499186
26e4e1a0-daea-4a1f-8b79-66a7c13a95eb,24,6.0,6431623.860703306,6436130.680887245,0.30734099341199,0.3175946097605934,0.9992913196718464,1.0106857779386658,7653.893214204247,7904.278653897821,-0.0921968614918379,-0.08286968474531423,1.486207298527205,1.6615255126411648,0.00037402267627308756,0.0007123139446190227,10955.51342117781,22251.840346160632
26e4e1a0-daea-4a1f-8b79-66a7c13a95eb,25,6.25,6431441.931279348,6435972.293387807,0.30763581491602693,0.31790079811567395,0.9992621171096575,1.0107130090858767,7656.601589964803,7909.740008938901,-0.09226439536019956,-0.08281693783807881,1.4863199218214946,1.6616792336143966,0.00038125008102020993,0.0007276745355456019,11175.11619470403,22763.11009433076
26e4e1a0-daea-4a1f-8b79-66a7c13a95eb,26,6.5,6431259.743177458,6435813.950461256,0.3079307420319778,0.3182072080367656,0.9992328410907472,1.010740226483147,7659.359780645614,7915.322865244563,-0.0923328690262577,-0.08276265116162157,1.4864330190166017,1.661834367682697,0.0003886014049868424,0.000743361905990787,11398.80464638601,23286.679974563704
26e4e1a0-daea-4a1f-8b79-66a7c13a95eb,27,6.75,6431077.291562431,6435655.65408799,0.3082257766056192,0.3185138442958103,0.9992034906136221,1.0107674303504437,7662.1686929405705,7921.030178245082,-0.0924023057933329,-0.0827067892936164,1.4865465958870459,1.6619909471499814,0.00039607837061715135,0.0007593833654203836,11626.648681241144,23822.88858707096
26e4e1a0-daea-4a1f-8b79-66a7c13a95eb,28,7.0,6430894.571474843,6435497.406302535,0.30852092051574237,0.31882071178087845,0.9991740646515532,1.0107946209142307,7665.029248165295,7926.864986008048,-0.09247272963088288,-0.0826493159037212,1.4866606582500383,1.662149005230511,0.0004036827113959766,0.0007757464134547538,11858.71924493741,24372.086061296726
26e4e1a0-daea-4a1f-8b79-66a7c13a95eb,29,7.25,6430711.577827318,6435339.209195253,0.3088161756746555,0.31912781549941766,0.9991445621518071,1.0108217984076715,7667.9423824333835,7932.830412099915,-0.09254416519812335,-0.0825901937251618,1.4867752119637034,1.6623085760806904,0.00041141617133869514,0.0007924587461278588,12095.088332084275,24934.634546125715
26e4e1a0-daea-4a1f-8b79-66a7c13a95eb,30,7.5,6430528.305400657,6435181.0649141045,0.3091115440286903,0.3194351605816146,0.9991149820348482,1.0108489630708393,7670.9090468318245,7938.929668571086,-0.09261663786868411,-0.08252938452518309,1.4868902629251646,1.6624696948322588,0.0004192805044451632,0.000809528262406942,12335.828994077641,25510.90872511845
26e4e1a0-daea-4a1f-8b79-66a7c13a95eb,31,7.75,6430344.748839817,6435022.975666476,0.3094070275587124,0.31974275228387383,0.9990853231935107,1.0108761151509338,7673.93020759537,7945.16605907091,-0.09269017375635415,-0.08246684907431148,1.487005817068491,1.6626323976269448,0.00042727747411607463,0.000826963070986727,12581.015346456465,26101.29635828238
26e4e1a0-daea-4a1f-8b79-66a7c13a95eb,32,8.0,6430160.902649742,6434864.943721088,0.30970262828063677,0.32005059599241936,0.9990555844921396,1.0109032549025088,7677.006846279617,7951.542982099377,-0.092764799741973,-0.08240254711436974,1.4871218803624977,1.6627967216526653,0.00043540885252966094,0.0008447714973712356,12830.722575715878,26706.198851939247
26e4e1a0-daea-4a1f-8b79-66a7c13a95eb,33,8.25,6429976.761191028,6434706.971409959,0.3099983482459461,0.3203586972270238,0.9990257647656978,1.0109303825877067,7680.1399599325505,7958.063934402709,-0.09284054350152902,-0.0823364373251816,1.48723845880839,1.66296270518135,0.0004436764199770338,0.0008629620912579951,13085.026945531774,27326.031858383725
26e4e1a0-daea-4a1f-8b79-66a7c13a95eb,34,8.5,6429792.318675433,6434549.061130461,0.3102941895422135,0.3206670616448712,0.998995862818839,1.0109574984765042,7683.330561264262,7964.732514520451,-0.09291743353552867,-0.08226847728990011,1.4873555584372475,1.6631303876084795,0.00045208196415389676,0.0008815436342402811,13344.005802333935,27961.225907144522
26e4e1a0-daea-4a1f-8b79-66a7c13a95eb,35,8.75,6429607.569161196,6434391.215347443,0.3105901542936285,0.32097569504455914,0.9989658774249442,1.0109846028469653,7686.579678814556,7971.552426492179,-0.0929954991997053,-0.08219862345888945,1.4874731853073386,1.6632998094944318,0.0004606272794066694,0.000900525147844436,13607.737580173174,28612.22706979944
26e4e1a0-daea-4a1f-8b79-66a7c13a95eb,36,9.0,6429422.506548184,6434233.436595435,0.31088624466152637,0.32128460337024706,0.9989358073251202,1.0110116959855073,7689.888357118131,7978.527483732398,-0.09307477073713988,-0.08212683111208603,1.4875913455012555,1.663471012607734,0.0004693141659306684,0.0009199159019188059,13876.301804814862,29279.4976603833
26e4e1a0-daea-4a1f-8b79-66a7c13a95eb,37,9.25,6429237.12457284,6434075.72748095,0.31118246284492046,0.32159379271595623,0.9989056512271579,1.0110387781871755,7693.2576568669865,7985.6616130827915,-0.09315527931187065,-0.08205305431975983,1.4877100451228653,1.6636440399703274,0.0004781444289179071,0.0009397254233937523,14149.779096987642,29963.51697363212
26e4e1a0-daea-4a1f-8b79-66a7c13a95eb,38,9.5,6429051.416802933,6433918.09068486,0.3114788110810374,0.32190326933002944,0.9988754078044492,1.0110658497559293,7696.688655069707,7992.958859051506,-0.0932370570440737,-0.08197724590159251,1.4878292902940637,1.6638189359049587,0.0004871198776522194,0.0009599635054315552,14428.251174718775,30664.782063407485
26e4e1a0-daea-4a1f-8b79-66a7c13a95eb,39,9.75,6428865.3766321,6433760.528964881,0.31177529164585466,0.3222130396197574,0.9988450756948595,1.0110929110049414,7700.182445207233,8000.423388249808,-0.09332013704690151,-0.08189935738398336,1.4879490871513252,1.6639957460848136,0.0004962423245488282,0.000980640216987851,14711.800854668834,31383.80856386614
26e4e1a0-daea-4a1f-8b79-66a7c13a95eb,40,10.0,6428678.997274149,6433603.045158144,0.31207190685464026,0.32252311015617924,0.9988146534995545,1.011119962256908,7703.740137384699,8008.059494037106,-0.09340455346507219,-0.08181933895548879,1.4880694418420382,1.6641745175855263,0.0005055135841359124,0.001001765912806925,15000.512052389422,32121.131556103235
26e4e1a0-daea-4a1f-8b79-66a7c13a95eb,41,10.25,6428492.271757151,6433445.6421838775,0.31236865906249445,0.3228334876790661,0.998784139781778,1.0111470038443726,7707.362858478905,8015.871601386019,-0.09349034151530818,-0.08173713942029506,1.4881903605206153,1.6643552989396955,0.0005149354719750885,0.001023351243873407,15294.469781406882,32877.30648315889
26e4e1a0-daea-4a1f-8b79-66a7c13a95eb,42,10.5,6428305.19291727,6433288.323046191,0.3126655506648926,0.32314417910209553,0.9987535330655797,1.011174036110063,7711.051752280952,8023.864271979973,-0.09357753752872937,-0.08165270614961774,1.488311849344369,1.664538140194056,0.0005245098035179211,0.0010454071683467167,15593.760151038712,33652.910116565545
26e4e1a0-daea-4a1f-8b79-66a7c13a95eb,43,10.75,6428117.753392343,6433131.090836977,0.31296258409822925,0.3234551915182265,0.9987228318344878,1.0112010594072423,7714.807979633526,8032.042209556576,-0.09366617899531296,-0.08156598503091442,1.4884339144691399,1.6647230929694594,0.0005342383928949986,0.0010679449630041562,15898.470362829887,34448.54157778063
26e4e1a0-daea-4a1f-8b79-66a7c13a95eb,44,11.0,6427929.945615189,6432973.948738928,0.31325976184036275,0.3237665322052844,0.9986920345301277,1.0112280741000765,7718.632718562301,8040.41026551096,-0.09375630461053931,-0.08147692041479002,1.4885565620446661,1.6649102105238305,0.0005441230516346949,0.0010909762352219023,16208.688705511277,35264.82341815303
26e4e1a0-daea-4a1f-8b79-66a7c13a95eb,45,11.25,6427741.761806628,6432816.9000286795,0.3135570864111599,0.3240782086317665,0.9986611395507787,1.0112550805640155,7722.527164400886,8048.9734447741685,-0.09384795432435145,-0.08138545505946615,1.488679798209684,1.6650995478182742,0.0005541655873076793,0.0011145129355229623,16524.504548347937,36102.40276127931
26e4e1a0-daea-4a1f-8b79-66a7c13a95eb,46,11.5,6427553.193968204,6432659.948080079,0.3138545603730404,0.32439022846287824,0.998630145249871,1.0112820791861923,7726.492529908696,8057.7369119827345,-0.09394116939256418,-0.08129153007267752,1.4888036290867428,1.6652911615865258,0.0005643678020938216,0.0011385673707258773,16846.008332759666,36961.952511989824
26e4e1a0-daea-4a1f-8b79-66a7c13a95eb,47,11.75,6427364.233874594,6432503.096367595,0.3141521863315199,0.32470259956681213,0.9985990499344152,1.011309070365839,7730.530045381098,8066.705997956658,-0.09403599243086841,-0.08119508485084942,1.4889280607767255,1.6654851104079431,0.0005747314912672381,0.0011631522177273294,17173.29156206595,37844.172636437426
26e4e1a0-daea-4a1f-8b79-66a7c13a95eb,48,12.0,6427174.873065681,6432346.348469869,0.3144499669357524,0.3250153300212815,0.998567851863363,1.0113360545147212,7734.640958751125,8075.886206504194,-0.0941324674715858,-0.08109605701540054,1.4890530993530566,1.6656814547842602,0.0005852584415957859,0.0011882805379559043,17506.446789220623,38749.79151816862
26e4e1a0-daea-4a1f-8b79-66a7c13a95eb,49,12.25,6426985.102838277,6432189.708073416,0.3147479048790692,0.32532842812032153,0.998536549245896,1.0113630320575915,7738.826535682022,8085.283221573126,-0.0942306400233401,-0.08099438234600471,1.4891787508555865,1.6658802572203326,0.0005959504296504867,0.0012139657925368007,17845.567602373067,39679.56739543949
26e4e1a0-daea-4a1f-8b79-66a7c13a95eb,50,12.5,6426794.914237478,6432033.178976479,0.3150460028995162,0.3256419023813714,0.9985051402396353,1.0113900034326635,7743.088059649807,8094.902914769591,-0.09433055713382292,-0.08088999471063417,1.489305021284134,1.666081582309125,0.0006068092200204248,0.0012402218582077372,18190.74860809053,40634.289885380254
26e4e1a0-daea-4a1f-8b79-66a7c13a95eb,51,12.75,6426604.29804763,6431876.765093058,0.3153442637803868,0.3259557615526522,0.998473622948773,1.0114169690921067,7747.42683201502,8104.751353266989,-0.09443226745584425,-0.08078282599219443,1.4894319165916727,1.6662854968212055,0.0006178365634282558,0.0012670630440326316,18542.085412059056,41614.781601174654
26e4e1a0-daea-4a1f-8b79-66a7c13a95eb,52,13.0,6426413.244782882,6431720.470457106,0.3156426903507509,0.3262700146208555,0.9984419954221145,1.0114439295025641,7751.844172082733,8114.834808129135,-0.09453582131687174,-0.08067280601154796,1.489559442677146,1.666492069799035,0.0006290341947414704,0.0012945041089599874,18899.674597076166,42621.89986882202
26e4e1a0-daea-4a1f-8b79-66a7c13a95eb,53,13.25,6426221.744677303,6431564.299226904,0.31594128548597794,0.3265846708191591,0.9984102556510339,1.0114708851456944,7756.341417149858,8125.159763073535,-0.09464127079227738,-0.08055986244670944,1.4896876053778885,1.6667013726563575,0.0006404038308742487,0.0013225602802769585,19263.613698133435,43656.53855060738
26e4e1a0-daea-4a1f-8b79-66a7c13a95eb,54,13.5,6426029.78767455,6431408.255689643,0.3162400521082547,0.32689973963558777,0.9983784015673304,1.0114978365187368,7760.919922538722,8135.73292370256,-0.09474866978252604,-0.08044392074798024,1.4898164104616416,1.6669134792830222,0.0006519471685736549,0.001351247273014317,19634.001174348796,44719.62998300966
26e4e1a0-daea-4a1f-8b79-66a7c13a95eb,55,13.75,6425837.363417037,6431252.34426619,0.31653899318709505,0.3272152308217359,0.9983464310409855,1.0115247841351047,7765.581061615798,8146.561227232311,-0.09485807409455778,-0.08032490404877282,1.4899458636181404,1.6671284661555932,0.0006636658820855186,0.0013805813103611524,20010.93637754998,45812.147037406736
26e4e1a0-daea-4a1f-8b79-66a7c13a95eb,56,14.0,6425644.461234604,6431096.569516079,0.3168381117398422,0.3275311544018735,0.9983143418778131,1.011551728525006,7770.3262257944225,8157.6518527511935,-0.09496954152763418,-0.08020273307185852,1.490075970450253,1.667346412454127,0.0006755616206926253,0.001410579145151866,20394.5195172217,46935.105312616986
26e4e1a0-daea-4a1f-8b79-66a7c13a95eb,57,14.25,6425451.070132638,6430940.936142721,0.317137410832161,0.3278475206824549,0.9982821318169949,1.011578670236092,7775.156824520234,8169.0122320426,-0.09508313196393953,-0.0800773260307517,1.4902067364646518,1.6675674001855312,0.0006876360061192476,0.0014412580824932906,20784.85162156403,48089.56546910381
26e4e1a0-daea-4a1f-8b79-66a7c13a95eb,58,14.5,6425257.178779623,6430785.4489988545,0.3174368935785199,0.32816434026205277,0.9982497985284974,1.0116056098341393,7780.074285238,8180.6500610087005,-0.09519890746424943,-0.07994859852592316,1.490338167061995,1.6677915143139466,0.0006998906297954797,0.0014729722196341255,21182.03449438428,49287.88601412733
26e4e1a0-daea-4a1f-8b79-66a7c13a95eb,59,14.75,6425062.775494074,6430630.113092235,0.31773656314266097,0.3284816240417419,0.9982173396103607,1.0116325479037616,7785.080053338391,8192.57598153686,-0.09531695754088135,-0.07981643867264085,1.490470267526596,1.668018870057168,0.0007123270499733987,0.00151217569146133,21586.17066749247,50747.33177343158
26e4e1a0-daea-4a1f-8b79-66a7c13a95eb,60,15.0,6424867.848116,6430474.933639642,0.3180364227365408,0.32879938334013736,0.9981847525660944,1.011659485057991,7790.175591693551,8204.852227529509,-0.09543785745524967,-0.07968025624995999,1.4906030429913306,1.668250108047214,0.0007249467833744595,0.0015526170160036028,21997.363184857353,52260.77829396384
26e4e1a0-daea-4a1f-8b79-66a7c13a95eb,61,15.25,6424672.381782713,6430319.916996357,0.3183364755915385,0.3291176319067948,0.9981520344209465,1.0116864221084723,7795.362372893722,8217.491932842642,-0.09556171876792428,-0.07953991297967676,1.4907364979517856,1.6684853712427563,0.0007377511977997105,0.0015943438491861374,22415.712334060234,53830.76699392179
26e4e1a0-daea-4a1f-8b79-66a7c13a95eb,62,15.5,6424476.361032569,6430165.069781763,0.31863672498637285,0.32943638400670083,0.9981191820819547,1.0117133599024808,7800.641885232081,8230.508859018448,-0.09568865848250628,-0.07939526447010523,1.4908706366786135,1.6687248095513996,0.0007507416007190183,0.001637406131997409,22841.31839011512,55459.99042003535
26e4e1a0-daea-4a1f-8b79-66a7c13a95eb,63,15.75,6424279.769774246,6430010.39889241,0.3189371742472121,0.32975565444490695,0.9980861923318431,1.0117402993247393,7806.015632315624,8243.917433202301,-0.0958187993760019,-0.07924615986847659,1.4910054631979088,1.66896858025979,0.0007639192339494242,0.0016818562272078556,23274.281485428124,57151.303321024694
26e4e1a0-daea-4a1f-8b79-66a7c13a95eb,64,16.0,6424082.59125406,6429855.911515872,0.3192378267477358,0.330075458592652,0.9980530618225206,1.0117672412993464,7811.485132623768,8257.73278887972,-0.09595227035375252,-0.07909244148856223,1.4911409812703846,1.6692168484966037,0.0007772852679878175,0.0017277490661194328,23714.701467604307,58907.73469245399
26e4e1a0-daea-4a1f-8b79-66a7c13a95eb,65,16.25,6423884.808021138,6429701.615145422,0.31953868590914547,0.3303958124150832,0.9980197870681503,1.0117941867918245,7817.051919010384,8271.970809684122,-0.09608920683110378,-0.07893394441138153,1.4912771943692773,1.66946978773142,0.000790840795974928,0.0017751423062285542,24162.677744116598,60732.50089268379
26e4e1a0-daea-4a1f-8b79-66a7c13a95eb,66,16.5,6423686.401890294,6429547.517595607,0.3198397552001175,0.3307167325006962,0.9979863644377548,1.0118211368112995,7822.71753814467,8286.648176552264,-0.09622975114422407,-0.07877049605663829,1.4914141056569037,1.6697275803128082,0.0008045868272650594,0.0018240965007727072,24618.309112743675,62629.01994127368
26e4e1a0-daea-4a1f-8b79-66a7c13a95eb,67,16.75,6423487.353902412,6429393.627018782,0.3201410381366945,0.3310382360926261,0.9979527901473197,1.0118480924128175,7828.483549885843,8301.78241853346,-0.09637405299273624,-0.07860191572228634,1.4915517179597906,1.6699904180493137,0.0008434007967939131,0.0018746752812324277,25843.974148943493,64600.92712450103
26e4e1a0-daea-4a1f-8b79-66a7c13a95eb,68,17.0,6423287.644282145,6429239.951922674,0.32044253828210817,0.33136034112193224,0.9979190602513534,1.011875054699813,7834.52411278145,8317.391967591291,-0.09652226991711188,-0.07842801408935393,1.4916911852495984,1.6702585028374322,0.0008602946807988506,0.0019269455539742716,26402.343991258826,66652.09204779315
26e4e1a0-daea-4a1f-8b79-66a7c13a95eb,69,17.25,6423087.252392692,6429086.497808614,0.3207442658932643,0.3316830662430337,0.9978851706338562,1.011902024434969,7840.687861949909,8333.496217773329,-0.0966745510785669,-0.07824859606746433,1.4918314858621136,1.6705320437686888,0.0008775282633613009,0.001980977705839124,26973.633187323536,68786.63706606186
26e4e1a0-daea-4a1f-8b79-66a7c13a95eb,70,17.5,6422886.156722109,6428933.273577343,0.3210462253837168,0.33200643087138115,0.9978511169998756,1.0119290027813457,7846.9774955282455,8350.115588378243,-0.0968310691859994,-0.07806345406797979,1.4919726277275167,1.670811264333411,0.0008951073072806592,0.0020368458350797807,27558.141203256702,71008.95776993368
26e4e1a0-daea-4a1f-8b79-66a7c13a95eb,71,17.75,6422684.334801389,6428780.288525399,0.3213484212557247,0.33233045522376264,0.9978168948641586,1.0119559909563147,7853.395765241112,8367.271593687301,-0.09699200631055505,-0.07787237023075384,1.492114618476662,1.6710964002371262,0.0009130375717632765,0.002094628000769879,28156.172768023207,73323.74547128692
26e4e1a0-daea-4a1f-8b79-66a7c13a95eb,72,18.0,6422481.763149281,6428627.552367074,0.3216508581014127,0.3326551603612744,0.9977824995400622,1.0119829902346653,7859.945476676495,8384.986917880187,-0.0971575545277815,-0.07767511576240717,1.4922574654038432,1.6713877002575326,0.0009313248022385987,0.0021544064902044554,28768.037755235622,75736.0118030128
26e4e1a0-daea-4a1f-8b79-66a7c13a95eb,73,18.25,6422278.417213088,6428475.075257871,0.321953540603875,0.3329805682352318,0.9977479261276423,1.0120100019519283,7866.6294894707435,8403.285496281169,-0.0973279166140526,-0.07747145022095095,1.492401175426641,1.6716854271759025,0.0009499747191521053,0.0022162681085525276,29394.05103597021,78251.11577275177
26e4e1a0-daea-4a1f-8b79-66a7c13a95eb,74,18.5,6422074.271305073,6428322.867819574,0.32225647353821313,0.33330670173626853,0.9977131695008484,1.0120370275079376,7873.450717391385,8422.192603576303,-0.09750330680275726,-0.07726112074148185,1.4925457550426384,1.6719898587906632,0.0009689930056459404,0.0022803044929816446,30034.532299215687,80874.793557287
26e4e1a0-daea-4a1f-8b79-66a7c13a95eb,75,18.75,6421869.298534074,6428170.941167078,0.32255966177249723,0.3336335847468971,0.997678224293739,1.0120640683706512,7880.412128304971,8441.734949718279,-0.09768395160640007,-0.07704386119706158,1.4926912102827692,1.6723012890218376,0.0009883852940292073,0.002346612453736078,30689.80583618248,83613.19136289314
26e4e1a0-daea-4a1f-8b79-66a7c13a95eb,76,19.0,6421663.470731889,6428019.306937125,0.3228631102686387,0.33396124219783296,0.997643084885628,1.0120911260802528,7887.516744015849,8461.940784321707,-0.09787009071150082,-0.0768193912882007,1.4928375466610528,1.6726200291161035,0.0010081571509314951,0.002415294344939698,31360.20028430865,86472.90172117809
26e4e1a0-daea-4a1f-8b79-66a7c13a95eb,77,19.25,6421456.758373935,6427867.977319097,0.3231668240831609,0.3342897001284152,0.99760774538506,1.0121182022535582,7894.7676399603015,8482.840010449738,-0.09806197868147477,-0.07658741555357929,1.4929847691204479,1.672946408963454,0.001028314061023025,0.0024864584682364964,32046.048326335545,89461.00364151708
26e4e1a0-daea-4a1f-8b79-66a7c13a95eb,78,19.5,6421249.130492103,6427716.965088069,0.3234708083678319,0.33461898575149157,0.9975721996125,1.012145298588758,7902.167944738384,8504.464308845643,-0.09825988488531905,-0.07634762229362524,1.4931328819745318,1.6732807785393469,0.0010488614091722064,0.00256021951331229,32747.686339263968,92585.10712133296
26e4e1a0-daea-4a1f-8b79-66a7c13a95eb,79,19.75,6421040.554583126,6427566.283640301,0.3237750683701975,0.3349491275231791,0.9975364410816111,1.0121724168705226,7909.720839465443,8526.847273655463,-0.09846409481421815,-0.07609968239789845,1.4932818888447001,1.6736235094827072,0.0010698044609048615,0.0026366990378822158,33465.45398762123,95853.40251356887
26e4e1a0-daea-4a1f-8b79-66a7c13a95eb,80,20.0,6420830.996509061,6427415.947031397,0.32407960943395847,0.33528015521794957,0.9975004629789803,1.0121995589755068,7917.4295569215565,8550.024560986827,-0.0986749116147149,-0.07584324806571015,1.493431792592548,1.673974996827935,0.0010911483410101098,0.002716025992424819,34199.69375464415,99274.71541221908
26e4e1a0-daea-4a1f-8b79-66a7c13a95eb,81,20.25,6420620.420388932,6427265.970017386,0.32438443699916836,0.3356121000095445,0.9974642581421325,1.01222672687829,7925.297380475513,8574.034051768045,-0.09889265748528366,-0.07557795140815714,1.493582595247073,1.674335660909183,0.0011128980101242814,0.0027983372947635947,34950.750404320686,102858.56778303921
26e4e1a0-daea-4a1f-8b79-66a7c13a95eb,82,20.5,6420408.7884811945,6427116.368098967,0.3246895566022356,0.3359449945582803,0.9974278190356562,1.0122539226577956,7933.327642757603,8598.9160305445,-0.09911767520966336,-0.07530340291826654,1.4937342979263122,1.6747059494568424,0.0011350582391100076,0.002883778459969006,35718.970366519134,106615.24616506245
26e4e1a0-daea-4a1f-8b79-66a7c13a95eb,83,20.75,6420196.061056091,6426967.1575692585,0.3249949738757053,0.33627887310536897,0.9973911377252421,1.0122811485042338,7941.523724052622,8624.713382084563,-0.099350329843042,-0.07501918979415526,1.4938869007529925,1.675086339909494,0.0011576335810268784,0.0029725042919812854,36504.70103647663,110555.87790294529
26e4e1a0-daea-4a1f-8b79-66a7c13a95eb,84,21.0,6419982.196256823,6426818.355565352,0.32530069454779115,0.33661377157495276,0.9973542058494079,1.0123084067266244,7949.8890503813345,8651.471807925198,-0.09959101056940763,-0.07472487409807091,1.4940404027637415,1.675477341967887,0.0011806283404721903,0.0030646796442297904,37308.28997901338,114692.51652074586
26e4e1a0-daea-4a1f-8b79-66a7c13a95eb,85,21.25,6419767.149948321,6426669.980124063,0.32560672444162475,0.33694972768463544,0.9973170145886582,1.0123356997609536,7958.427091235204,8679.240065286343,-0.09984013275095882,-0.07441999073182423,1.4941948018113718,1.6758795004213343,0.001204046540045995,0.0031604802575284398,38130.084026685756,119038.2375248306
26e4e1a0-daea-4a1f-8b79-66a7c13a95eb,86,21.5,6419550.875552279,6426522.050242292,0.32591306947418686,0.33728678106538745,0.9972795546317917,1.012363030179034,7967.141356925305,8708.070231130405,-0.10009814019346384,-0.07410404520639156,1.4943500944597103,1.6762933982813835,0.0012278918836686212,0.003260093684694982,38970.42825983232,123607.24613301776
26e4e1a0-daea-4a1f-8b79-66a7c13a95eb,87,21.75,6419333.323866882,6426374.585942466,0.32621973565487844,0.33762497339181136,0.9972418161390322,1.0123904006981397,7976.035395501995,8738.01799454776,-0.10036550765495082,-0.0737765111802918,1.494506275870404,1.6767196602628553,0.0012521677164530971,0.0033637203127033907,39829.664855159564,128414.99867538232
26e4e1a0-daea-4a1f-8b79-66a7c13a95eb,88,22.0,6419114.442869511,6426227.608343582,0.3265267290836864,0.33796434852387897,0.9972037887016132,1.0124178141915001,7985.112789197058,8769.142981121713,-0.10064274362919402,-0.07343682773764262,1.4946633396810862,1.6771589566584635,0.0012768769807998618,0.0034715744947595396,40708.13178784808,133478.33970710664
26e4e1a0-daea-4a1f-8b79-66a7c13a95eb,89,22.25,6418894.177500422,6426081.139738444,0.3268340559488909,0.3383049526613942,0.9971654612973984,1.0124452736997474,7994.377150334586,8801.50911347998,-0.10093039344024742,-0.07308439637247761,1.4948212778742382,1.6776120076604446,0.0013020221683474244,0.0035838858065435444,41606.16137046017,138815.6572257349
26e4e1a0-daea-4a1f-8b79-66a7c13a95eb,90,22.5,6418672.469425151,6425935.203677764,0.32714172252425605,0.3386468345126015,0.9971268222420568,1.0124727824434212,8003.832116650691,8835.185012890188,-0.1012290426899049,-0.07271857764083817,1.4949800806360252,1.6780795881911306,0.001327605267371351,0.0037009004430366968,42524.07860990836,144447.058806426
26e4e1a0-daea-4a1f-8b79-66a7c13a95eb,91,22.75,6418449.25677307,6425789.825061869,0.3274497351656365,0.33899004547854955,0.9970878591352467,1.012500343836653,8013.481345955264,8870.244447523608,-0.10153932110660474,-0.07233868743619615,1.4951397362043288,1.678562533314461,0.0013536277051778975,0.0038228827749023303,43462.199361474406,150394.57197437075
26e4e1a0-daea-4a1f-8b79-66a7c13a95eb,92,23.0,6418224.473849129,6425645.030240875,0.3277581003069249,0.33933463985504064,0.9970485588011758,1.0125279615021665,8023.328510061155,8906.766833917784,-0.10186190685215157,-0.07194399283673626,1.4953002307051315,1.6790617443123916,0.001380090284987637,0.003950117086414824,44420.82825633424,156682.37274335945
26e4e1a0-daea-4a1f-8b79-66a7c13a95eb,93,23.25,6417998.050815401,6425500.847124292,0.3280668244552532,0.33968067505425253,0.9970089072228181,1.0125556392877473,8033.377287897343,8944.837799244211,-0.10219753135195818,-0.071533707464711,1.4954615479763353,1.6795781955243936,0.0014069931167441162,0.004082909520493429,45400.25637608967,163337.04698641333
26e4e1a0-daea-4a1f-8b79-66a7c13a95eb,94,23.5,6417769.91333853,6425357.305301155,0.3283759141853499,0.3400282118484173,0.9969688894689482,1.0125833812843639,8043.63135771265,8984.549813267518,-0.10254698472562439,-0.07110698628820732,1.495623669378026,1.6801129420652763,0.001434335541216847,0.004221590260650095,46400.758644538124,170387.89020006725
26e4e1a0-daea-4a1f-8b79-66a7c13a95eb,95,23.75,6417539.982198571,6425214.436171947,0.32868537613294063,0.3403773146382905,0.9969284896130284,1.0126111918461393,8054.094388265158,9026.002900412346,-0.10291112190796582,-0.07066291978389722,1.4957865735881015,1.6806671285570136,0.0014621160466893558,0.004366515984714806,47422.59090307146,177867.25231534807
26e4e1a0-daea-4a1f-8b79-66a7c13a95eb,96,24.0,6417308.172853992,6425072.273093738,0.3289952169870633,0.3407280517495521,0.9968876906428247,1.0126390756124093,8064.7700288795795,9069.305444188783,-0.10329086956656697,-0.07020052736526967,1.4959502363820945,1.6812419990348884,0.0014903321774366288,0.004518072631268701,48465.9866318198,185810.93554563893
26e4e1a0-daea-4a1f-8b79-66a7c13a95eb,97,24.25,6417074.394956785,6424930.851540203,0.3293054434811492,0.3410804957607612,0.9968464743594444,1.0126670375321372,8075.661898239994,9114.575098436258,-0.103687233941175,-0.06971874996394087,1.4961146303959145,1.6818389082180871,0.0015189804330922058,0.004676678526984082,49531.15327360133,194258.65490531514
26e4e1a0-daea-4a1f-8b79-66a7c13a95eb,98,24.5,6416838.551810595,6424790.209278415,0.32961606238269975,0.3414347238670528,0.9968048212642655,1.0126950828909946,8086.773571768445,9161.939822516573,-0.10410130975354218,-0.06921644163126325,1.4962797248701232,1.6824593343710976,0.0015480561578908418,0.004842787931859012,50618.26811211251,203254.5730646963
26e4e1a0-daea-4a1f-8b79-66a7c13a95eb,99,24.75,6416600.539763596,6424650.386564596,0.32992708048136044,0.34179081828443725,0.9967627104319632,1.0127232173414722,8098.108567420404,9211.539060829635,-0.10453429036464355,-0.06869236000278209,1.4964454853742275,1.6831048940264701,0.0015775534186341883,0.005016895069973891,51727.47364910713,212847.92372886837
26e4e1a0-daea-4a1f-8b79-66a7c13a95eb,100,25.0,6416360.247526382,6424511.426361393,0.3302385045751627,0.3421488667003606,0.9967201193675219,1.0127514469364363,8109.670329705671,9263.525090980822,-0.1049874793907851,-0.0681451554380828,1.4966118735093419,1.6837773588937188,0.0016074648700679184,0.0051995387263439686,52858.87241763816,223093.74087480866
26e4e1a0-daea-4a1f-8b79-66a7c13a95eb,101,25.25,6416117.55540341,6424373.374579623,0.3305503414546659,0.34250896277713805,0.9966770238447327,1.0127797781666268,8121.462211717311,9318.06456977601,-0.10546230403256682,-0.06757335861191113,1.4967788465874137,1.6844786753459269,0.0016377816061762176,0.0053913075062791,54012.52115962699,234053.71512904318
26e4e1a0-daea-4a1f-8b79-66a7c13a95eb,102,25.5,6415872.334424407,6424236.280347947,0.330862597884686,0.3428712067160162,0.9966333977232109,1.0128082180026692,8133.487454921056,9375.340312189472,-0.10596033042302641,-0.0669753662874338,1.4969463572850337,1.6852109869583431,0.0016684929956774191,0.00559284587312076,55188.42428548877,245797.20354771684
26e4e1a0-daea-4a1f-8b79-66a7c13a95eb,103,25.75,6415624.44535961,6424100.196314528,0.33117528058324275,0.34323570589099617,0.9965892127403966,1.0128367739422757,8145.7491664224335,9435.553345839371,-0.10648328136621825,-0.06634942494695588,1.4971143532696656,1.6859766606762494,0.0016995864997512574,0.005804861104241849,56386.52652148311,258402.4253781351
26e4e1a0-daea-4a1f-8b79-66a7c13a95eb,104,26.0,6415373.737599555,6423965.178985445,0.33148839619728987,0.3436025755632174,0.9965444382742991,1.0128654540634392,8158.250293387691,9498.925292702825,-0.10703305691844463,-0.06569361188648573,1.4972827767959092,1.686778317318342,0.0017310474697195223,0.006028131335047816,57606.70463599131,271957.8844462918
26e4e1a0-daea-4a1f-8b79-66a7c13a95eb,105,26.25,6415120.047876283,6423831.289105501,0.3318019512747134,0.34397193968872686,0.9964990410718862,1.0128942670845675,8170.993594246111,9565.701141316093,-0.10761175836590718,-0.0650058132945327,1.497451564269174,1.6876188672843015,0.0017628589220404032,0.006263514897966051,58848.758119019556,286564.0691758432
26e4e1a0-daea-4a1f-8b79-66a7c13a95eb,106,26.5,6414863.198798055,6423698.592088123,0.3321159522319811,0.3443439318349378,0.9964529849369468,1.0129232224326894,8183.981606243947,9636.152487205696,-0.10822171628070755,-0.06428369872756647,1.4976206457738632,1.6885015525411036,0.0017950012875382606,0.0065119612102248784,60112.398668959264,302335.49464703526
26e4e1a0-daea-4a1f-8b79-66a7c13a95eb,107,26.75,6414602.997163774,6423567.158502351,0.33243040531670515,0.3447186962241251,0.9964062303699175,1.0129523303210903,8197.216608852068,9710.581337674703,-0.10886552349993311,-0.0635246912582008,1.4977899445628586,1.689429996225283,0.0018274521312652559,0.006774523523406477,61397.23831651649,319403.1685659962
26e4e1a0-daea-4a1f-8b79-66a7c13a95eb,108,27.0,6414339.2320158705,6423437.064626507,0.3327453165642271,0.34509638892607064,0.9963587341504941,1.0129816018380122,8210.700582447807,9789.32460051995,-0.1095460740808122,-0.0627259323987655,1.4979593765047385,1.6904082615358176,0.0018601858387509104,0.007052373923069344,62702.77598661084,337917.5859373718
26e4e1a0-daea-4a1f-8b79-66a7c13a95eb,109,27.25,6414071.672381093,6423308.393080115,0.33306069174714237,0.34547717922665167,0.9963104488517232,1.0130110490483961,8224.435161593385,9872.759406394649,-0.11026660955325139,-0.061884240680888554,1.498128849484756,1.691440922029041,0.0018931732636154066,0.007346821063298523,64028.382263861786,358052.38756893075
26e4e1a0-daea-4a1f-8b79-66a7c13a95eb,110,27.5,6413800.064636832,6423181.233548088,0.33337653631644126,0.3458612512050288,0.9962613222715772,1.0130406851110783,8238.421582114348,9961.309453557791,-0.11103077413950474,-0.060996062485252196,1.498298262755126,1.6925331459966826,0.0019263813305607728,0.007659331245714947,65373.282084324535,380008.8580230234
26e4e1a0-daea-4a1f-8b79-66a7c13a95eb,111,27.75,6413524.129425477,6423055.683614326,0.3336928553326377,0.34624880555947607,0.9962112967645602,1.0130705244143956,8252.660621036397,10055.452614695243,-0.11184268106692975,-0.060057413343192555,1.4984675062296189,1.6936907983574345,0.001959772586563904,0.007991553614788895,66736.53502342968,404021.49315723806
26e4e1a0-daea-4a1f-8b79-66a7c13a95eb,112,28.0,6413243.558019871,6422931.849725734,0.33400965338486227,0.3466400617312755,0.9961603084514199,1.0131005827338464,8267.152528260529,10155.730112566544,-0.11270699270236226,-0.05906380744335017,1.4986364597168105,1.6949205644867233,0.0019933046916104074,0.008345350454398713,68117.01278488287,430364.94154529326
26e4e1a0-daea-4a1f-8b79-66a7c13a95eb,113,28.25,6412958.008017675,6422809.84831269,0.33432693449539047,0.3470352603881018,0.9961082862792195,1.013130877416334,8281.896948635322,10262.757660338566,-0.11362901804005184,-0.058010172430273635,1.4988049920855637,1.69623010174122,0.0020269298384322653,0.008722833852897023,69513.37341368251,459362.7259427663
26e4e1a0-daea-4a1f-8b79-66a7c13a95eb,114,28.5,6412667.098209398,6422689.807098339,0.3346447020064111,0.3474346663438063,0.9960551508963621,1.0131614275966632,8296.892832808593,10377.239082011447,-0.11461483215707235,-0.056890745718494916,1.4989729603554005,1.6976282262367146,0.00206059408834082,0.009126410381583624,70924.03165401732,491398.2924737883
26e4e1a0-daea-4a1f-8b79-66a7c13a95eb,115,28.75,6412370.402421094,6422571.866637439,0.3349629584449645,0.347838572011666,0.9960008132969791,1.0131922544534417,8312.138334891612,10499.983090399937,-0.11567142372299136,-0.05569894738033552,1.4991402087033068,1.6991251449027842,0.0020942366071946992,0.009558835941946528,72347.12474219462,526929.134122194
26e4e1a0-daea-4a1f-8b79-66a7c13a95eb,116,29.0,6412067.442074321,6422456.182136236,0.33528170536081,0.3482473015146499,0.9959451731754398,1.013223381513484,8327.630694523901,10631.924122295724,-0.11680687867887814,-0.054427223075612347,1.4993065673771568,1.700732746248187,0.0021277887816049737,0.010023283634697896,73780.47275741126,566505.0182551264
26e4e1a0-daea-4a1f-8b79-66a7c13a95eb,117,29.25,6411757.677127002,6422342.925619248,0.3356009431304024,0.34866121561141566,0.9958881169131912,1.0132548350164043,8343.366100352996,10774.148438684313,-0.11803061102890659,-0.05306684829576242,1.4994718515042662,1.702464968049172,0.0021611731903154983,0.010523428468725865,75221.53243537858,610791.7565085173
26e4e1a0-daea-4a1f-8b79-66a7c13a95eb,118,29.5,6411440.494950899,6422232.288527874,0.3359206707179957,0.3490807176439443,0.995829515094667,1.0132866443545567,8359.339531195414,10927.927131176884,-0.11935365568475227,-0.051607682124088665,1.4996358597814894,1.7043382669581795,0.002194302398878228,0.011063554080444626,76667.34306407822,660602.5537724666
26e4e1a0-daea-4a1f-8b79-66a7c13a95eb,119,29.75,6411115.196551978,6422124.484861624,0.33624088538189456,0.34950626077681707,0.995769219413543,1.0133188426081847,8375.544570157372,11094.758293495226,-0.12078904403474018,-0.050037854359209356,1.4997983730306337,1.70637222480726,0.002227077536602598,0.011648688555925248,78114.46270031403,716939.8635414807
26e4e1a0-daea-4a1f-8b79-66a7c13a95eb,120,30.0,6410780.979329947,6422019.7550080875,0.33656158230965694,0.3499383568863273,0.9957070587805503,1.013351467202137,8391.973185671892,11276.421510951235,-0.12235229126081114,-0.04834336358022615,1.49995915259957,1.7085903406928817,0.002259386602366813,0.012284779221466145,79558.89243263421,781052.0254107538
26e4e1a0-daea-4a1f-8b79-66a7c13a95eb,121,30.25,6410436.915273917,6421918.370456788,0.33688275416001334,0.350377587580655,0.9956428343722703,1.013384560719537,8408.615471613755,11475.04913685045,-0.12406203680670683,-0.046507554559499745,1.5001179385850192,1.7110210792458376,0.0022911024288232466,0.01297892033715405,80995.98571366457,854511.0417296492
26e4e1a0-daea-4a1f-8b79-66a7c13a95eb,122,30.5,6410081.923056894,6421820.639661157,0.3372043904804851,0.3508246180066299,0.9955763132556463,1.0134181719206095,8425.45933617697,11693.220797346132,-0.12594089810667564,-0.044510429764411094,1.5002744478471908,1.7136992778462816,0.00232208021070147,0.013739653707821401,82420.33880796615,939321.1301590246
26e4e1a0-daea-4a1f-8b79-66a7c13a95eb,123,30.75,6409714.731850534,6421726.915411716,0.3375264769566421,0.3512802143496959,0.9955072200674194,1.0134523570333145,8442.490125722305,11934.090582984696,-0.1280166265456792,-0.04232772892897699,1.500428371778677,1.7166680656889062,0.0023521544690616974,0.01457737149457859,83825.65701953178,1038072.977352221
26e4e1a0-daea-4a1f-8b79-66a7c13a95eb,124,31.0,6409333.833714875,6421637.604227775,0.337848994429173,0.3517452663021195,0.9954352259918703,1.0134871814095086,8459.69016482789,12201.561102008669,-0.13032370019780512,-0.039929678442258296,1.5005793737794249,1.7199815271240142,0.002381135274350027,0.015504864957534717,85204.58937011629,1154167.3660778357
26e4e1a0-daea-4a1f-8b79-66a7c13a95eb,125,31.25,6408937.419927541,6421553.178489388,0.33817191758426146,0.3522208163262281,0.9953599339144784,1.0135227216808826,8477.038186508456,12500.526129190555,-0.13290556173998228,-0.03727926103145498,1.5007270863749267,1.7237084710680386,0.002408803478753283,0.016538085942732646,86548.52146676769,1292146.7311870875
26e4e1a0-daea-4a1f-8b79-66a7c13a95eb,126,31.5,6408523.29426114,6421474.192357597,0.33849521317388853,0.35270809838467976,0.9952808580472724,1.0135590686110187,8494.508615703662,12837.216034208532,-0.13581783311319026,-0.03432977244898589,1.5008711078940018,1.7279378848326894,0.0024349045990494714,0.017697225836783015,87847.31187983774,1458199.3393673142
26e4e1a0-daea-4a1f-8b79-66a7c13a95eb,127,31.75,6408088.752387214,6421401.303039686,0.33881883754250647,0.3532085901378054,0.9951973953695574,1.0135963309374483,8512.070652467342,13219.701324307034,-0.13913305075252574,-0.031021290802408195,1.5010109985924847,1.7327870250582362,0.002459140821858826,0.019008280943719775,89088.95052980515,1660948.3704322304
26e4e1a0-daea-4a1f-8b79-66a7c13a95eb,128,32.0,6407630.410155182,6421335.299772164,0.33914273310059406,0.3537240847552442,0.9951087846191319,1.013634640655303,8529.687074965583,13658.646847338377,-0.1429478447447943,-0.027275438325455603,1.501146276064561,1.7384137695096455,0.0024811603334610457,0.02050538597451808,90259.10673637428,1912728.3954517613
26e4e1a0-daea-4a1f-8b79-66a7c13a95eb,129,32.25,6407143.952301349,6421277.144245149,0.3394668231462711,0.3542567920751249,0.9950140457506995,1.0136741604575095,8547.312639431115,14168.477340764824,-0.14739419339624682,-0.02298736989589095,1.5012764097154554,1.7450361076929273,0.0025005427325817523,0.022234403375096152,91340.51678113207,2231730.9923997894
26e4e1a0-daea-4a1f-8b79-66a7c13a95eb,130,32.5,6406623.752823826,6421228.028511717,0.3397910039961451,0.35480948505984256,0.9949118876292634,1.0137150945029627,8564.89188142357,14769.245682110195,-0.1526577725316844,-0.01801307811787258,1.5014008139617923,1.7529641078306175,0.002516778527224188,0.024258650810069813,92312.13051508255,2645777.246748129
26e4e1a0-daea-4a1f-8b79-66a7c13a95eb,131,32.75,6406062.279530022,6421189.460580859,0.3401151325358855,0.35538571874472824,0.9948005618521328,1.0137577045100497,8582.355993898562,15489.759663054649,-0.1590093004922198,-0.012148417582810742,1.501518839649581,1.762654800306817,0.002529239368269655,0.02666844742516334,93147.88266089534,3199315.6899790913
26e4e1a0-daea-4a1f-8b79-66a7c13a95eb,132,33.0,6405449.117072323,6421163.395710883,0.34043900555601037,0.35599017027753155,0.9946776205461967,1.0138023347444731,8599.618217595638,16373.093664149445,-0.1668611886608109,-0.0050926639754432165,1.5013116797528276,1.774811733577097,0.002537133149910921,0.029597883389392062,93814.85382657957,3967273.59422131
26e4e1a0-daea-4a1f-8b79-66a7c13a95eb,133,33.25,6404769.273656889,6421152.447016735,0.3407623233960779,0.356629191876385,0.9945394924220782,1.0138496689824104,8616.566704208914,17486.940891424303,-0.17687729779257844,0.0036231855972925567,1.5003553620231327,1.7905781564634746,0.0025394331013421562,0.033256245491785255,94270.3868871779,5084765.230582736
26e4e1a0-daea-4a1f-8b79-66a7c13a95eb,134,33.5,6404000.038626338,6421168.286590174,0.34108462119783634,0.3573117668507618,0.9943806875028104,1.0139009362601556,8622.164569801625,18944.67193368505,-0.19020510500566912,0.014778827378573533,1.498021381402934,1.8119449662995553,0.002531864369642469,0.037992125171435805,94111.57838866969,6817698.158496802
26e4e1a0-daea-4a1f-8b79-66a7c13a95eb,135,33.75,6403104.617262924,6421238.279051286,0.34140472178634396,0.3580513308661982,0.9941921587734919,1.0139583358267905,8578.089616792755,20952.892694402974,-0.2090511040391098,0.029803882854002102,1.4929596044199633,1.8427504860601316,0.0025046793443173287,0.044438219514914556,92151.68839265537,9754716.048901618
26e4e1a0-daea-4a1f-8b79-66a7c13a95eb,136,34.0,6402017.519606496,6421394.37532941,0.3417194169374663,0.35886940639154236,0.9939575323454386,1.0140262552106811,8419.200696588807,23934.587851179618,-0.23835742625978187,0.05172577619726822,1.4818997116794175,1.8915543748346075,0.002447283033690484,0.053890093304164687,86735.30867211419,15435860.559420845
26e4e1a0-daea-4a1f-8b79-66a7c13a95eb,137,34.25,6400604.739796615,6421703.746113503,0.3420216838035808,0.3598040565927437,0.9936428000087787,1.014114878873137,7953.673239027859,28918.198585003352,-0.29184078217871456,0.08836810745395599,1.4550221635541303,1.9817452015766235,0.002339281235842495,0.06954030539405462,73992.53921186448,29076964.715650186
26e4e1a0-daea-4a1f-8b79-66a7c13a95eb,138,34.5,6398524.685163924,6422341.776587933,0.3422935413469793,0.3609335669968623,0.9931607139089126,1.0142542815999511,6420.98828456959,39209.203309391596,-0.42530110596715454,0.17025569855372025,1.3702579056253008,2.2045786067646493,0.0021339852509654443,0.1021605740099465,43991.13557282817,78528872.99238184
26e4e1a0-daea-4a1f-8b79-66a7c13a95eb,139,34.75,6394480.304047858,6424002.623117237,0.34247700491067007,0.36246552964601425,0.9921910102611851,1.0145804604538813,-1584.2461401179535,72906.65351304846,-1.1578082007632498,0.5859626947475428,0.834201012302372,3.3310470781463355,0.0015094284194151545,0.22320487149255738,-12890313.954705488,593209369.0316046
79dd10ec-c3a6-4479-bd6b-282a540ec681,0,0.0,6435923.266468614,6439941.012097669,0.3002926942190099,0.31030191592354633,0.9999723692334324,1.0100276307665677,7601.718517253831,7803.1895474425,-0.0908071711678851,-0.08375221836361663,1.483632367999489,1.6581895391367112,0.00023349226706843374,0.0004255131881264079,6746.306597443812,12954.699464330773
79dd10ec-c3a6-4479-bd6b-282a540ec681,1,0.25,6435746.363432525,6439782.032910751,0.30058545726706254,0.31060396419772895,0.9999446836280271,1.0100552439301924,7603.468420858876,7806.447142537303,-0.09085774212246273,-0.08372774849072757,1.4837352183205823,1.6583171190467019,0.00023822751407322855,0.0004348187057059917,6886.291716286749,13249.060102090523
79dd10ec-c3a6-4479-bd6b-282a540ec681,2,0.5,6435569.288256772,6439623.06347806,0.3008782903132372,0.31090614749460604,0.9999169426270457,1.0100828395969355,7605.250308520829,7809.77434041818,-0.09090884608319962,-0.08370237498586697,1.4838384195721426,1.6584455460408862,0.00024304949167185024,0.0004443199210844865,7028.97091401255,13550.10811052196
79dd10ec-c3a6-4479-bd6b-282a540ec681,3,0.75,6435392.038243721,6439464.104864586,0.30117119454871233,0.31120846854730966,0.9998891456611598,1.0101104178760705,7607.064788308702,7813.17273437403,-0.09096049546761215,-0.08367607790772995,1.4839419762260466,1.6585748374539002,0.0002479595731418979,0.0004540209526877716,7174.392202711694,13858.006211629188
79dd10ec-c3a6-4479-bd6b-282a540ec681,4,1.0,6435214.610631436,6439305.158162227,0.30146417118713936,0.3115109301515457,0.9998612921481189,1.0101379788801699,7608.912478810987,7816.643956947325,-0.09101270300387573,-0.0836488368531014,1.484045892812445,1.6587050110508152,0.00025295914773399504,0.0004639260128129581,7322.6043802546255,14172.92177221966
79dd10ec-c3a6-4479-bd6b-282a540ec681,5,1.25,6435037.002592,6439146.224490538,0.30175722146502165,0.3118135351671369,0.9998333814924056,1.0101655227251918,7610.794009293386,7820.1896810716635,-0.09106548174005338,-0.08362063094467515,1.484150173919804,1.658836085039673,0.00025804962065465635,0.00047403941019676885,7473.657041295875,14495.026968078248
79dd10ec-c3a6-4479-bd6b-282a540ec681,6,1.5,6434859.211229789,6438987.304997515,0.3020503466420988,0.31211628651961104,0.9998054130848819,1.0101930495305718,7612.710019858092,7823.811621250127,-0.09111884505366277,-0.08359143881847599,1.4842548241949098,1.6589680780844716,0.00026323241303823677,0.00048436555267269656,7627.600588329616,14824.498955194013
79dd10ec-c3a6-4479-bd6b-282a540ec681,7,1.75,6434681.233579687,6438828.400860389,0.3023435480017358,0.31241918720183504,0.9997773863024233,1.0102205594193159,7614.661161604578,7827.511534776208,-0.0911728066615968,-0.08356123861086846,1.4843598483428306,1.6591010093186231,0.0002685089619077836,0.0004949089499207408,7784.486242801109,15161.520048393853
79dd10ec-c3a6-4479-bd6b-282a540ec681,8,2.0,6434503.066605247,6438669.513286461,0.302636826851318,0.3127222402756972,0.9997493005075416,1.010248052518098,7616.648096791878,7831.291222999177,-0.09122738063041326,-0.08353000794513533,1.4844652511268361,1.6592348983589051,0.00027388072012362116,0.0005056742163136874,7944.366056249955,15506.277907756776
79dd10ec-c3a6-4479-bd6b-282a540ec681,9,2.25,6434324.707196791,6438510.643513958,0.30293018452265075,0.3130254488738394,0.9997211550479955,1.0102755289573595,7618.6714990023065,7835.152532635857,-0.09128258138701005,-0.08349772391760803,1.4845710373682708,1.659369765319926,0.00027934915631949557,0.0005166660738641607,8107.292921490093,15858.965733205903
79dd10ec-c3a6-4479-bd6b-282a540ec681,10,2.5,6434146.152169457,6438351.792812914,0.30322362237236494,0.3133288162014404,0.999692949256389,1.0103029888714132,7620.732053306592,7839.097357130848,-0.09133842372970336,-0.0834643630833304,1.484677211946379,1.6595056308291285,0.0002849157548254231,0.0005278893552762296,8273.320583811717,16219.782467677996
79dd10ec-c3a6-4479-bd6b-282a540ec681,11,2.75,6433967.39826117,6438192.962486085,0.30351714178232725,0.3136323455380533,0.999664682449756,1.0103304323985505,7622.830456430367,7843.127638067383,-0.09139492283972694,-0.0834299014412362,1.4847837797980783,1.6596425160423554,0.0002905820155765114,0.0005393490071072891,8442.503652194098,16588.93300934729
79dd10ec-c3a6-4479-bd6b-282a540ec681,12,3.0,6433788.44213056,6438034.153869893,0.30381074416005616,0.31393604023949795,0.9996363539291324,1.0103578596811507,7624.96741692197,7847.245366631094,-0.09145209429317172,-0.08339431441881974,1.4848907459176806,1.6597804426600038,0.0002963494540070619,0.0005510500930436626,8614.897610519423,16966.628433329217
79dd10ec-c3a6-4479-bd6b-282a540ec681,13,3.25,6433609.280354803,6437875.368335407,0.30410443093914297,0.3142399037398111,0.9996079629791131,1.0103852708657965,7627.143655321507,7851.452585129077,-0.09150995407338582,-0.08335757685627813,1.484998115356554,1.6599194329437932,0.0003022196009290889,0.0005629977972960382,8790.558828772884,17353.08622339147
79dd10ec-c3a6-4479-bd6b-282a540ec681,14,3.5,6433429.909427399,6437716.607289342,0.3043982035796784,0.31454393955325616,0.999579508867395,1.0104126661033923,7629.359904331113,7855.7513885667895,-0.09156851858385638,-0.0833196629901024,1.4851058932227266,1.6600595097341782,0.0003081940023947865,0.0005751974281192409,8969.544574225709,17748.530514171616
79dd10ec-c3a6-4479-bd6b-282a540ec681,15,3.75,6433250.325755863,6437557.872175112,0.3046920635686843,0.3148481512763954,0.9995509908443042,1.0104400455492857,7631.6169089863415,7860.143926285436,-0.09162780466159541,-0.08328054643609363,1.4852140846804263,1.6602006964684337,0.00031427421954143074,0.0005876544214627971,9151.91302256759,18153.19234448356
79dd10ec-c3a6-4479-bd6b-282a540ec681,16,4.0,6433070.525659357,6437399.164473903,0.30498601242055073,0.31515254259022596,0.9995224081423081,1.0104674093633947,7633.915426828619,7864.632403662642,-0.09168782959105333,-0.08324020017177909,1.4853226949495542,1.6603430171994458,0.00032046182841870464,0.0006003743447571998,9337.723268998561,18567.30992227159
79dd10ec-c3a6-4479-bd6b-282a540ec681,17,4.25,6432890.505366226,6437240.485705791,0.3052800516774785,0.31545711726238296,0.9994937599755098,1.010494757710339,7636.256228078689,7869.219083879375,-0.09174861111858501,-0.08319859651820198,1.485431729305088,1.6604864966152406,0.00032675841979673824,0.0006133629008426046,9527.035339241038,18991.128901853233
79dd10ec-c3a6-4479-bd6b-282a540ec681,18,4.5,6432710.261011459,6437081.837430896,0.3055741829099265,0.31576187914941234,0.9994650455391265,1.0105220907595747,7638.640095810947,7873.906289756206,-0.0918101674674945,-0.08315570695317968,1.4855411930764122,1.6606311600592871,0.00033316559895430625,0.0006266259320464345,9719.910200466162,19424.902674112076
79dd10ec-c3a6-4479-bd6b-282a540ec681,19,4.75,6432529.788634062,6436923.221250897,0.3058684077170648,0.31606683219911974,0.9994362640089484,1.0105494086855362,7641.067826127217,7878.696405662263,-0.09187251735368632,-0.08311150232292502,1.4856510916465318,1.660777033551611,0.00033968498543145587,0.0006401694244191803,9916.40977168215,19868.892670419253
79dd10ec-c3a6-4479-bd6b-282a540ec681,20,5.0,6432349.084174337,6436764.638810148,0.30616272772723274,0.3163719804529889,0.9994074145407802,1.0105767116677815,7643.5402283329595,7883.591879500226,-0.09193568000195218,-0.08306595285034145,1.4857614304512539,1.6609241438107578,0.0003463182127789972,0.0006539995121297069,10116.596934548197,20323.368680846266
79dd10ec-c3a6-4479-bd6b-282a540ec681,21,5.25,6432168.1434710715,6436606.091796785,0.3064571445984019,0.3166773280486773,0.999378496269863,1.0106039998911422,7646.058125114396,7888.595224771057,-0.09199967516292376,-0.08301902802160097,1.4858722149782915,1.6610725182766493,0.0003530669282881303,0.000668122482030522,10320.535544134373,20788.60918754953
79dd10ec-c3a6-4479-bd6b-282a540ec681,22,5.5,6431986.962258626,6436447.5819440475,0.3067516600186447,0.31698287922259516,0.9993495083102751,1.0106312735458802,7648.622352715429,7893.709022722341,-0.09206452313072423,-0.0829706965643294,1.4859834507662564,1.661222185134373,0.00035993279268807017,0.0006825447784029078,10528.29043928045,21264.9017142275
79dd10ec-c3a6-4479-bd6b-282a540ec681,23,5.75,6431805.536163919,6436289.111031659,0.30704627570660764,0.317288638312569,0.9993204497543126,1.01065853282785,7651.23376111493,7898.935924584307,-0.09213024476135269,-0.08292092642497385,1.4860951434035585,1.6613731733389554,0.0003669174798181461,0.0006972730078888779,10739.927452753729,21752.543192499186
79dd10ec-c3a6-4479-bd6b-282a540ec681,24,6.0,6431623.860703306,6436130.680887245,0.30734099341199,0.3175946097605934,0.9992913196718464,1.0106857779386658,7653.893214204247,7904.278653897821,-0.0921968614918379,-0.08286968474531423,1.486207298527205,1.6615255126411648,0.00037402267627308756,0.0007123139446190227,10955.51342117781,22251.840346160632
79dd10ec-c3a6-4479-bd6b-282a540ec681,25,6.25,6431441.931279348,6435972.293387807,0.30763581491602693,0.31790079811567395,0.9992621171096575,1.0107130090858767,7656.601589964803,7909.740008938901,-0.09226439536019956,-0.08281693783807881,1.4863199218214946,1.6616792336143966,0.00038125008102020993,0.0007276745355456019,11175.11619470403,22763.11009433076
79dd10ec-c3a6-4479-bd6b-282a540ec681,26,6.5,6431259.743177458,6435813.950461256,0.3079307420319778,0.3182072080367656,0.9992328410907472,1.010740226483147,7659.359780645614,7915.322865244563,-0.0923328690262577,-0.08276265116162157,1.4864330190166017,1.661834367682697,0.0003886014049868424,0.000743361905990787,11398.80464638601,23286.679974563704
79dd10ec-c3a6-4479-bd6b-282a540ec681,27,6.75,6431077.291562431,6435655.65408799,0.3082257766056192,0.3185138442958103,0.9992034906136221,1.0107674303504437,7662.1686929405705,7921.030178245082,-0.0924023057933329,-0.0827067892936164,1.4865465958870459,1.6619909471499814,0.00039607837061715135,0.0007593833654203836,11626.648681241144,23822.88858707096
79dd10ec-c3a6-4479-bd6b-282a540ec681,28,7.0,6430894.571474843,6435497.406302535,0.30852092051574237,0.31882071178087845,0.9991740646515532,1.0107946209142307,7665.029248165295,7926.864986008048,-0.09247272963088288,-0.0826493159037212,1.4866606582500383,1.662149005230511,0.0004036827113959766,0.0007757464134547538,11858.71924493741,24372.086061296726
79dd10ec-c3a6-4479-bd6b-282a540ec681,29,7.25,6430711.577827318,6435339.209195253,0.3088161756746555,0.31912781549941766,0.9991445621518071,1.0108217984076715,7667.9423824333835,7932.830412099915,-0.09254416519812335,-0.0825901937251618,1.4867752119637034,1.6623085760806904,0.00041141617133869514,0.0007924587461278588,12095.088332084275,24934.634546125715
79dd10ec-c3a6-4479-bd6b-282a540ec681,30,7.5,6430528.305400657,6435181.0649141045,0.3091115440286903,0.3194351605816146,0.9991149820348482,1.0108489630708393,7670.9090468318245,7938.929668571086,-0.09261663786868411,-0.08252938452518309,1.4868902629251646,1.6624696948322588,0.0004192805044451632,0.000809528262406942,12335.828994077641,25510.90872511845
79dd10ec-c3a6-4479-bd6b-282a540ec681,31,7.75,6430344.748839817,6435022.975666476,0.3094070275587124,0.31974275228387383,0.9990853231935107,1.0108761151509338,7673.93020759537,7945.16605907091,-0.09269017375635415,-0.08246684907431148,1.487005817068491,1.6626323976269448,0.00042727747411607463,0.000826963070986727,12581.015346456465,26101.29635828238
79dd10ec-c3a6-4479-bd6b-282a540ec681,32,8.0,6430160.902649742,6434864.943721088,0.30970262828063677,0.32005059599241936,0.9990555844921396,1.0109032549025088,7677.006846279617,7951.542982099377,-0.092764799741973,-0.08240254711436974,1.4871218803624977,1.6627967216526653,0.00043540885252966094,0.0008447714973712356,12830.722575715878,26706.198851939247
79dd10ec-c3a6-4479-bd6b-282a540ec681,33,8.25,6429976.761191028,6434706.971409959,0.3099983482459461,0.3203586972270238,0.9990257647656978,1.0109303825877067,7680.1399599325505,7958.063934402709,-0.09284054350152902,-0.0823364373251816,1.48723845880839,1.66296270518135,0.0004436764199770338,0.0008629620912579951,13085.026945531774,27326.031858383725
79dd10ec-c3a6-4479-bd6b-282a540ec681,34,8.5,6429792.318675433,6434549.061130461,0.3102941895422135,0.3206670616448712,0.998995862818839,1.0109574984765042,7683.330561264262,7964.732514520451,-0.09291743353552867,-0.08226847728990011,1.4873555584372475,1.6631303876084795,0.00045208196415389676,0.0008815436342402811,13344.005802333935,27961.225907144522
79dd10ec-c3a6-4479-bd6b-282a540ec681,35,8.75,6429607.569161196,6434391.215347443,0.3105901542936285,0.32097569504455914,0.9989658774249442,1.0109846028469653,7686.579678814556,7971.552426492179,-0.0929954991997053,-0.08219862345888945,1.4874731853073386,1.6632998094944318,0.0004606272794066694,0.000900525147844436,13607.737580173174,28612.22706979944
79dd10ec-c3a6-4479-bd6b-282a540ec681,36,9.0,6429422.506548184,6434233.436595435,0.31088624466152637,0.32128460337024706,0.9989358073251202,1.0110116959855073,7689.888357118131,7978.527483732398,-0.09307477073713988,-0.08212683111208603,1.4875913455012555,1.663471012607734,0.0004693141659306684,0.0009199159019188059,13876.301804814862,29279.4976603833
79dd10ec-c3a6-4479-bd6b-282a540ec681,37,9.25,6429237.12457284,6434075.72748095,0.31118246284492046,0.32159379271595623,0.9989056512271579,1.0110387781871755,7693.2576568669865,7985.6616130827915,-0.09315527931187065,-0.08205305431975983,1.4877100451228653,1.6636440399703274,0.0004781444289179071,0.0009397254233937523,14149.779096987642,29963.51697363212
79dd10ec-c3a6-4479-bd6b-282a540ec681,38,9.5,6429051.416802933,6433918.09068486,0.3114788110810374,0.32190326933002944,0.9988754078044492,1.0110658497559293,7696.688655069707,7992.958859051506,-0.0932370570440737,-0.08197724590159251,1.4878292902940637,1.6638189359049587,0.0004871198776522194,0.0009599635054315552,14428.251174718775,30664.782063407485
79dd10ec-c3a6-4479-bd6b-282a540ec681,39,9.75,6428865.3766321,6433760.528964881,0.31177529164585466,0.3222130396197574,0.9988450756948595,1.0110929110049414,7700.182445207233,8000.423388249808,-0.09332013704690151,-0.08189935738398336,1.4879490871513252,1.6639957460848136,0.0004962423245488282,0.000980640216987851,14711.800854668834,31383.80856386614
79dd10ec-c3a6-4479-bd6b-282a540ec681,40,10.0,6428678.997274149,6433603.045158144,0.31207190685464026,0.32252311015617924,0.9988146534995545,1.011119962256908,7703.740137384699,8008.059494037106,-0.09340455346507219,-0.08181933895548879,1.4880694418420382,1.6641745175855263,0.0005055135841359124,0.001001765912806925,15000.512052389422,32121.131556103235
79dd10ec-c3a6-4479-bd6b-282a540ec681,41,10.25,6428492.271757151,6433445.6421838775,0.31236865906249445,0.3228334876790661,0.998784139781778,1.0111470038443726,7707.362858478905,8015.871601386019,-0.09349034151530818,-0.08173713942029506,1.4881903605206153,1.6643552989396955,0.0005149354719750885,0.001023351243873407,15294.469781406882,32877.30648315889
79dd10ec-c3a6-4479-bd6b-282a540ec681,42,10.5,6428305.19291727,6433288.323046191,0.3126655506648926,0.32314417910209553,0.9987535330655797,1.011174036110063,7711.051752280952,8023.864271979973,-0.09357753752872937,-0.08165270614961774,1.488311849344369,1.664538140194056,0.0005245098035179211,0.0010454071683467167,15593.760151038712,33652.910116565545
79dd10ec-c3a6-4479-bd6b-282a540ec681,43,10.75,6428117.753392343,6433131.090836977,0.31296258409822925,0.3234551915182265,0.9987228318344878,1.0112010594072423,7714.807979633526,8032.042209556576,-0.09366617899531296,-0.08156598503091442,1.4884339144691399,1.6647230929694594,0.0005342383928949986,0.0010679449630041562,15898.470362829887,34448.54157778063
79dd10ec-c3a6-4479-bd6b-282a540ec681,44,11.0,6427929.945615189,6432973.948738928,0.31325976184036275,0.3237665322052844,0.9986920345301277,1.0112280741000765,7718.632718562301,8040.41026551096,-0.09375630461053931,-0.08147692041479002,1.4885565620446661,1.6649102105238305,0.0005441230516346949,0.0010909762352219023,16208.688705511277,35264.82341815303
79dd10ec-c3a6-4479-bd6b-282a540ec681,45,11.25,6427741.761806628,6432816.9000286795,0.3135570864111599,0.3240782086317665,0.9986611395507787,1.0112550805640155,7722.527164400886,8048.9734447741685,-0.09384795432435145,-0.08138545505946615,1.488679798209684,1.6650995478182742,0.0005541655873076793,0.0011145129355229623,16524.504548347937,36102.40276127931
79dd10ec-c3a6-4479-bd6b-282a540ec681,46,11.5,6427553.193968204,6432659.948080079,0.3138545603730404,0.32439022846287824,0.998630145249871,1.0112820791861923,7726.492529908696,8057.7369119827345,-0.09394116939256418,-0.08129153007267752,1.4888036290867428,1.6652911615865258,0.0005643678020938216,0.0011385673707258773,16846.008332759666,36961.952511989824
79dd10ec-c3a6-4479-bd6b-282a540ec681,47,11.75,6427364.233874594,6432503.096367595,0.3141521863315199,0.32470259956681213,0.9985990499344152,1.011309070365839,7730.530045381098,8066.705997956658,-0.09403599243086841,-0.08119508485084942,1.4889280607767255,1.6654851104079431,0.0005747314912672381,0.0011631522177273294,17173.29156206595,37844.172636437426
79dd10ec-c3a6-4479-bd6b-282a540ec681,48,12.0,6427174.873065681,6432346.348469869,0.3144499669357524,0.3250153300212815,0.998567851863363,1.0113360545147212,7734.640958751125,8075.886206504194,-0.0941324674715858,-0.08109605701540054,1.4890530993530566,1.6656814547842602,0.0005852584415957859,0.0011882805379559043,17506.446789220623,38749.79151816862
79dd10ec-c3a6-4479-bd6b-282a540ec681,49,12.25,6426985.102838277,6432189.708073416,0.3147479048790692,0.32532842812032153,0.998536549245896,1.0113630320575915,7738.826535682022,8085.283221573126,-0.0942306400233401,-0.08099438234600471,1.4891787508555865,1.6658802572203326,0.0005959504296504867,0.0012139657925368007,17845.567602373067,39679.56739543949
79dd10ec-c3a6-4479-bd6b-282a540ec681,50,12.5,6426794.914237478,6432033.178976479,0.3150460028995162,0.3256419023813714,0.9985051402396353,1.0113900034326635,7743.088059649807,8094.902914769591,-0.09433055713382292,-0.08088999471063417,1.489305021284134,1.666081582309125,0.0006068092200204248,0.0012402218582077372,18190.74860809053,40634.289885380254
79dd10ec-c3a6-4479-bd6b-282a540ec681,51,12.75,6426604.29804763,6431876.765093058,0.3153442637803868,0.3259557615526522,0.998473622948773,1.0114169690921067,7747.42683201502,8104.751353266989,-0.09443226745584425,-0.08078282599219443,1.4894319165916727,1.6662854968212055,0.0006178365634282558,0.0012670630440326316,18542.085412059056,41614.781601174654
79dd10ec-c3a6-4479-bd6b-282a540ec681,52,13.0,6426413.244782882,6431720.470457106,0.3156426903507509,0.3262700146208555,0.9984419954221145,1.0114439295025641,7751.844172082733,8114.834808129135,-0.09453582131687174,-0.08067280601154796,1.489559442677146,1.666492069799035,0.0006290341947414704,0.0012945041089599874,18899.674597076166,42621.89986882202
79dd10ec-c3a6-4479-bd6b-282a540ec681,53,13.25,6426221.744677303,6431564.299226904,0.31594128548597794,0.3265846708191591,0.9984102556510339,1.0114708851456944,7756.341417149858,8125.159763073535,-0.09464127079227738,-0.08055986244670944,1.4896876053778885,1.6667013726563575,0.0006404038308742487,0.0013225602802769585,19263.613698133435,43656.53855060738
79dd10ec-c3a6-4479-bd6b-282a540ec681,54,13.5,6426029.78767455,6431408.255689643,0.3162400521082547,0.32689973963558777,0.9983784015673304,1.0114978365187368,7760.919922538722,8135.73292370256,-0.09474866978252604,-0.08044392074798024,1.4898164104616416,1.6669134792830222,0.0006519471685736549,0.001351247273014317,19634.001174348796,44719.62998300966
79dd10ec-c3a6-4479-bd6b-282a540ec681,55,13.75,6425837.363417037,6431252.34426619,0.31653899318709505,0.3272152308217359,0.9983464310409855,1.0115247841351047,7765.581061615798,8146.561227232311,-0.09485807409455778,-0.08032490404877282,1.4899458636181404,1.6671284661555932,0.0006636658820855186,0.0013805813103611524,20010.93637754998,45812.147037406736
79dd10ec-c3a6-4479-bd6b-282a540ec681,56,14.0,6425644.461234604,6431096.569516079,0.3168381117398422,0.3275311544018735,0.9983143418778131,1.011551728525006,7770.3262257944225,8157.6518527511935,-0.09496954152763418,-0.08020273307185852,1.490075970450253,1.667346412454127,0.0006755616206926253,0.001410579145151866,20394.5195172217,46935.105312616986
79dd10ec-c3a6-4479-bd6b-282a540ec681,57,14.25,6425451.070132638,6430940.936142721,0.317137410832161,0.3278475206824549,0.9982821318169949,1.011578670236092,7775.156824520234,8169.0122320426,-0.09508313196393953,-0.0800773260307517,1.4902067364646518,1.6675674001855312,0.0006876360061192476,0.0014412580824932906,20784.85162156403,48089.56546910381
79dd10ec-c3a6-4479-bd6b-282a540ec681,58,14.5,6425257.178779623,6430785.4489988545,0.3174368935785199,0.32816434026205277,0.9982497985284974,1.0116056098341393,7780.074285238,8180.6500610087005,-0.09519890746424943,-0.07994859852592316,1.490338167061995,1.6677915143139466,0.0006998906297954797,0.0014729722196341255,21182.03449438428,49287.88601412733
79dd10ec-c3a6-4479-bd6b-282a540ec681,59,14.75,6425062.775494074,6430630.113092235,0.31773656314266097,0.3284816240417419,0.9982173396103607,1.0116325479037616,7785.080053338391,8192.57598153686,-0.09531695754088135,-0.07981643867264085,1.490470267526596,1.668018870057168,0.0007123270499733987,0.00151217569146133,21586.17066749247,50747.33177343158
79dd10ec-c3a6-4479-bd6b-282a540ec681,60,15.0,6424867.848116,6430474.933639642,0.3180364227365408,0.32879938334013736,0.9981847525660944,1.011659485057991,7790.175591693551,8204.852227529509,-0.09543785745524967,-0.07968025624995999,1.4906030429913306,1.668250108047214,0.0007249467833744595,0.0015526170160036028,21997.363184857353,52260.77829396384
79dd10ec-c3a6-4479-bd6b-282a540ec681,61,15.25,6424672.381782713,6430319.916996357,0.3183364755915385,0.3291176319067948,0.9981520344209465,1.0116864221084723,7795.362372893722,8217.491932842642,-0.09556171876792428,-0.07953991297967676,1.4907364979517856,1.6684853712427563,0.0007377511977997105,0.0015943438491861374,22415.712334060234,53830.76699392179
79dd10ec-c3a6-4479-bd6b-282a540ec681,62,15.5,6424476.361032569,6430165.069781763,0.31863672498637285,0.32943638400670083,0.9981191820819547,1.0117133599024808,7800.641885232081,8230.508859018448,-0.09568865848250628,-0.07939526447010523,1.4908706366786135,1.6687248095513996,0.0007507416007190183,0.001637406131997409,22841.31839011512,55459.99042003535
79dd10ec-c3a6-4479-bd6b-282a540ec681,63,15.75,6424279.769774246,6430010.39889241,0.3189371742472121,0.32975565444490695,0.9980861923318431,1.0117402993247393,7806.015632315624,8243.917433202301,-0.0958187993760019,-0.07924615986847659,1.4910054631979088,1.66896858025979,0.0007639192339494242,0.0016818562272078556,23274.281485428124,57151.303321024694
79dd10ec-c3a6-4479-bd6b-282a540ec681,64,16.0,6424082.59125406,6429855.911515872,0.3192378267477358,0.330075458592652,0.9980530618225206,1.0117672412993464,7811.485132623768,8257.73278887972,-0.09595227035375252,-0.07909244148856223,1.4911409812703846,1.6692168484966037,0.0007772852679878175,0.0017277490661194328,23714.701467604307,58907.73469245399
79dd10ec-c3a6-4479-bd6b-282a540ec681,65,16.25,6423884.808021138,6429701.615145422,0.31953868590914547,0.3303958124150832,0.9980197870681503,1.0117941867918245,7817.051919010384,8271.970809684122,-0.09608920683110378,-0.07893394441138153,1.4912771943692773,1.66946978773142,0.000790840795974928,0.0017751423062285542,24162.677744116598,60732.50089268379
79dd10ec-c3a6-4479-bd6b-282a540ec681,66,16.5,6423686.401890294,6429547.517595607,0.3198397552001175,0.3307167325006962,0.9979863644377548,1.0118211368112995,7822.71753814467,8286.648176552264,-0.09622975114422407,-0.07877049605663829,1.4914141056569037,1.6697275803128082,0.0008045868272650594,0.0018240965007727072,24618.309112743675,62629.01994127368
79dd10ec-c3a6-4479-bd6b-282a540ec681,67,16.75,6423487.353902412,6429393.627018782,0.3201410381366945,0.3310382360926261,0.9979527901473197,1.0118480924128175,7828.483549885843,8301.78241853346,-0.09637405299273624,-0.07860191572228634,1.4915517179597906,1.6699904180493137,0.0008434007967939131,0.0018746752812324277,25843.974148943493,64600.92712450103
79dd10ec-c3a6-4479-bd6b-282a540ec681,68,17.0,6423287.644282145,6429239.951922674,0.32044253828210817,0.33136034112193224,0.9979190602513534,1.011875054699813,7834.52411278145,8317.391967591291,-0.09652226991711188,-0.07842801408935393,1.4916911852495984,1.6702585028374322,0.0008602946807988506,0.0019269455539742716,26402.343991258826,66652.09204779315
79dd10ec-c3a6-4479-bd6b-282a540ec681,69,17.25,6423087.252392692,6429086.497808614,0.3207442658932643,0.3316830662430337,0.9978851706338562,1.011902024434969,7840.687861949909,8333.496217773329,-0.0966745510785669,-0.07824859606746433,1.4918314858621136,1.6705320437686888,0.0008775282633613009,0.001980977705839124,26973.633187323536,68786.63706606186
79dd10ec-c3a6-4479-bd6b-282a540ec681,70,17.5,6422886.156722109,6428933.273577343,0.3210462253837168,0.33200643087138115,0.9978511169998756,1.0119290027813457,7846.9774955282455,8350.115588378243,-0.0968310691859994,-0.07806345406797979,1.4919726277275167,1.670811264333411,0.0008951073072806592,0.0020368458350797807,27558.141203256702,71008.95776993368
79dd10ec-c3a6-4479-bd6b-282a540ec681,71,17.75,6422684.334801389,6428780.288525399,0.3213484212557247,0.33233045522376264,0.9978168948641586,1.0119559909563147,7853.395765241112,8367.271593687301,-0.09699200631055505,-0.07787237023075384,1.492114618476662,1.6710964002371262,0.0009130375717632765,0.002094628000769879,28156.172768023207,73323.74547128692
79dd10ec-c3a6-4479-bd6b-282a540ec681,72,18.0,6422481.763149281,6428627.552367074,0.3216508581014127,0.3326551603612744,0.9977824995400622,1.0119829902346653,7859.945476676495,8384.986917880187,-0.0971575545277815,-0.07767511576240717,1.4922574654038432,1.6713877002575326,0.0009313248022385987,0.0021544064902044554,28768.037755235622,75736.0118030128
79dd10ec-c3a6-4479-bd6b-282a540ec681,73,18.25,6422278.417213088,6428475.075257871,0.321953540603875,0.3329805682352318,0.9977479261276423,1.0120100019519283,7866.6294894707435,8403.285496281169,-0.0973279166140526,-0.07747145022095095,1.492401175426641,1.6716854271759025,0.0009499747191521053,0.0022162681085525276,29394.05103597021,78251.11577275177
79dd10ec-c3a6-4479-bd6b-282a540ec681,74,18.5,6422074.271305073,6428322.867819574,0.32225647353821313,0.33330670173626853,0.9977131695008484,1.0120370275079376,7873.450717391385,8422.192603576303,-0.09750330680275726,-0.07726112074148185,1.4925457550426384,1.6719898587906632,0.0009689930056459404,0.0022803044929816446,30034.532299215687,80874.793557287
79dd10ec-c3a6-4479-bd6b-282a540ec681,75,18.75,6421869.298534074,6428170.941167078,0.32255966177249723,0.3336335847468971,0.997678224293739,1.0120640683706512,7880.412128304971,8441.734949718279,-0.09768395160640007,-0.07704386119706158,1.4926912102827692,1.6723012890218376,0.0009883852940292073,0.002346612453736078,30689.80583618248,83613.19136289314
79dd10ec-c3a6-4479-bd6b-282a540ec681,76,19.0,6421663.470731889,6428019.306937125,0.3228631102686387,0.33396124219783296,0.997643084885628,1.0120911260802528,7887.516744015849,8461.940784321707,-0.09787009071150082,-0.0768193912882007,1.4928375466610528,1.6726200291161035,0.0010081571509314951,0.002415294344939698,31360.20028430865,86472.90172117809
79dd10ec-c3a6-4479-bd6b-282a540ec681,77,19.25,6421456.758373935,6427867.977319097,0.3231668240831609,0.3342897001284152,0.99760774538506,1.0121182022535582,7894.7676399603015,8482.840010449738,-0.09806197868147477,-0.07658741555357929,1.4929847691204479,1.672946408963454,0.001028314061023025,0.0024864584682364964,32046.048326335545,89461.00364151708
79dd10ec-c3a6-4479-bd6b-282a540ec681,78,19.5,6421249.130492103,6427716.965088069,0.3234708083678319,0.33461898575149157,0.9975721996125,1.012145298588758,7902.167944738384,8504.464308845643,-0.09825988488531905,-0.07634762229362524,1.4931328819745318,1.6732807785393469,0.0010488614091722064,0.00256021951331229,32747.686339263968,92585.10712133296
79dd10ec-c3a6-4479-bd6b-282a540ec681,79,19.75,6421040.554583126,6427566.283640301,0.3237750683701975,0.3349491275231791,0.9975364410816111,1.0121724168705226,7909.720839465443,8526.847273655463,-0.09846409481421815,-0.07609968239789845,1.4932818888447001,1.6736235094827072,0.0010698044609048615,0.0026366990378822158,33465.45398762123,95853.40251356887
79dd10ec-c3a6-4479-bd6b-282a540ec681,80,20.0,6420830.996509061,6427415.947031397,0.32407960943395847,0.33528015521794957,0.9975004629789803,1.0121995589755068,7917.4295569215565,8550.024560986827,-0.0986749116147149,-0.07584324806571015,1.493431792592548,1.673974996827935,0.0010911483410101098,0.002716025992424819,34199.69375464415,99274.71541221908
79dd10ec-c3a6-4479-bd6b-282a540ec681,81,20.25,6420620.420388932,6427265.970017386,0.32438443699916836,0.3356121000095445,0.9974642581421325,1.01222672687829,7925.297380475513,8574.034051768045,-0.09889265748528366,-0.07557795140815714,1.493582595247073,1.674335660909183,0.0011128980101242814,0.0027983372947635947,34950.750404320686,102858.56778303921
79dd10ec-c3a6-4479-bd6b-282a540ec681,82,20.5,6420408.7884811945,6427116.368098967,0.3246895566022356,0.3359449945582803,0.9974278190356562,1.0122539226577956,7933.327642757603,8598.9160305445,-0.09911767520966336,-0.07530340291826654,1.4937342979263122,1.6747059494568424,0.0011350582391100076,0.002883778459969006,35718.970366519134,106615.24616506245
79dd10ec-c3a6-4479-bd6b-282a540ec681,83,20.75,6420196.061056091,6426967.1575692585,0.3249949738757053,0.33627887310536897,0.9973911377252421,1.0122811485042338,7941.523724052622,8624.713382084563,-0.099350329843042,-0.07501918979415526,1.4938869007529925,1.675086339909494,0.0011576335810268784,0.0029725042919812854,36504.70103647663,110555.87790294529
79dd10ec-c3a6-4479-bd6b-282a540ec681,84,21.0,6419982.196256823,6426818.355565352,0.32530069454779115,0.33661377157495276,0.9973542058494079,1.0123084067266244,7949.8890503813345,8651.471807925198,-0.09959101056940763,-0.07472487409807091,1.4940404027637415,1.675477341967887,0.0011806283404721903,0.0030646796442297904,37308.28997901338,114692.51652074586
79dd10ec-c3a6-4479-bd6b-282a540ec681,85,21.25,6419767.149948321,6426669.980124063,0.32560672444162475,0.33694972768463544,0.9973170145886582,1.0123356997609536,7958.427091235204,8679.240065286343,-0.09984013275095882,-0.07441999073182423,1.4941948018113718,1.6758795004213343,0.001204046540045995,0.0031604802575284398,38130.084026685756,119038.2375248306
79dd10ec-c3a6-4479-bd6b-282a540ec681,86,21.5,6419550.875552279,6426522.050242292,0.32591306947418686,0.33728678106538745,0.9972795546317917,1.012363030179034,7967.141356925305,8708.070231130405,-0.10009814019346384,-0.07410404520639156,1.4943500944597103,1.6762933982813835,0.0012278918836686212,0.003260093684694982,38970.42825983232,123607.24613301776
79dd10ec-c3a6-4479-bd6b-282a540ec681,87,21.75,6419333.323866882,6426374.585942466,0.32621973565487844,0.33762497339181136,0.9972418161390322,1.0123904006981397,7976.035395501995,8738.01799454776,-0.10036550765495082,-0.0737765111802918,1.494506275870404,1.6767196602628553,0.0012521677164530971,0.0033637203127033907,39829.664855159564,128414.99867538232
79dd10ec-c3a6-4479-bd6b-282a540ec681,88,22.0,6419114.442869511,6426227.608343582,0.3265267290836864,0.33796434852387897,0.9972037887016132,1.0124178141915001,7985.112789197058,8769.142981121713,-0.10064274362919402,-0.07343682773764262,1.4946633396810862,1.6771589566584635,0.0012768769807998618,0.0034715744947595396,40708.13178784808,133478.33970710664
79dd10ec-c3a6-4479-bd6b-282a540ec681,89,22.25,6418894.177500422,6426081.139738444,0.3268340559488909,0.3383049526613942,0.9971654612973984,1.0124452736997474,7994.377150334586,8801.50911347998,-0.10093039344024742,-0.07308439637247761,1.4948212778742382,1.6776120076604446,0.0013020221683474244,0.0035838858065435444,41606.16137046017,138815.6572257349
79dd10ec-c3a6-4479-bd6b-282a540ec681,90,22.5,6418672.469425151,6425935.203677764,0.32714172252425605,0.3386468345126015,0.9971268222420568,1.0124727824434212,8003.832116650691,8835.185012890188,-0.1012290426899049,-0.07271857764083817,1.4949800806360252,1.6780795881911306,0.001327605267371351,0.0037009004430366968,42524.07860990836,144447.058806426
79dd10ec-c3a6-4479-bd6b-282a540ec681,91,22.75,6418449.25677307,6425789.825061869,0.3274497351656365,0.33899004547854955,0.9970878591352467,1.012500343836653,8013.481345955264,8870.244447523608,-0.10153932110660474,-0.07233868743619615,1.4951397362043288,1.678562533314461,0.0013536277051778975,0.0038228827749023303,43462.199361474406,150394.57197437075
79dd10ec-c3a6-4479-bd6b-282a540ec681,92,23.0,6418224.473849129,6425645.030240875,0.3277581003069249,0.33933463985504064,0.9970485588011758,1.0125279615021665,8023.328510061155,8906.766833917784,-0.10186190685215157,-0.07194399283673626,1.4953002307051315,1.6790617443123916,0.001380090284987637,0.003950117086414824,44420.82825633424,156682.37274335945
79dd10ec-c3a6-4479-bd6b-282a540ec681,93,23.25,6417998.050815401,6425500.847124292,0.3280668244552532,0.33968067505425253,0.9970089072228181,1.0125556392877473,8033.377287897343,8944.837799244211,-0.10219753135195818,-0.071533707464711,1.4954615479763353,1.6795781955243936,0.0014069931167441162,0.004082909520493429,45400.25637608967,163337.04698641333
79dd10ec-c3a6-4479-bd6b-282a540ec681,94,23.5,6417769.91333853,6425357.305301155,0.3283759141853499,0.3400282118484173,0.9969688894689482,1.0125833812843639,8043.63135771265,8984.549813267518,-0.10254698472562439,-0.07110698628820732,1.495623669378026,1.6801129420652763,0.001434335541216847,0.004221590260650095,46400.758644538124,170387.89020006725
79dd10ec-c3a6-4479-bd6b-282a540ec681,95,23.75,6417539.982198571,6425214.436171947,0.32868537613294063,0.3403773146382905,0.9969284896130284,1.0126111918461393,8054.094388265158,9026.002900412346,-0.10291112190796582,-0.07066291978389722,1.4957865735881015,1.6806671285570136,0.0014621160466893558,0.004366515984714806,47422.59090307146,177867.25231534807
79dd10ec-c3a6-4479-bd6b-282a540ec681,96,24.0,6417308.172853992,6425072.273093738,0.3289952169870633,0.3407280517495521,0.9968876906428247,1.0126390756124093,8064.7700288795795,9069.305444188783,-0.10329086956656697,-0.07020052736526967,1.4959502363820945,1.6812419990348884,0.0014903321774366288,0.004518072631268701,48465.9866318198,185810.93554563893
79dd10ec-c3a6-4479-bd6b-282a540ec681,97,24.25,6417074.394956785,6424930.851540203,0.3293054434811492,0.3410804957607612,0.9968464743594444,1.0126670375321372,8075.661898239994,9114.575098436258,-0.103687233941175,-0.06971874996394087,1.4961146303959145,1.6818389082180871,0.0015189804330922058,0.004676678526984082,49531.15327360133,194258.65490531514
79dd10ec-c3a6-4479-bd6b-282a540ec681,98,24.5,6416838.551810595,6424790.209278415,0.32961606238269975,0.3414347238670528,0.9968048212642655,1.0126950828909946,8086.773571768445,9161.939822516573,-0.10410130975354218,-0.06921644163126325,1.4962797248701232,1.6824593343710976,0.0015480561578908418,0.004842787931859012,50618.26811211251,203254.5730646963
79dd10ec-c3a6-4479-bd6b-282a540ec681,99,24.75,6416600.539763596,6424650.386564596,0.32992708048136044,0.34179081828443725,0.9967627104319632,1.0127232173414722,8098.108567420404,9211.539060829635,-0.10453429036464355,-0.06869236000278209,1.4964454853742275,1.6831048940264701,0.0015775534186341883,0.005016895069973891,51727.47364910713,212847.92372886837
79dd10ec-c3a6-4479-bd6b-282a540ec681,100,25.0,6416360.247526382,6424511.426361393,0.3302385045751627,0.3421488667003606,0.9967201193675219,1.0127514469364363,8109.670329705671,9263.525090980822,-0.1049874793907851,-0.0681451554380828,1.4966118735093419,1.6837773588937188,0.0016074648700679184,0.0051995387263439686,52858.87241763816,223093.74087480866
79dd10ec-c3a6-4479-bd6b-282a540ec681,101,25.25,6416117.55540341,6424373.374579623,0.3305503414546659,0.34250896277713805,0.9966770238447327,1.0127797781666268,8121.462211717311,9318.06456977601,-0.10546230403256682,-0.06757335861191113,1.4967788465874137,1.6844786753459269,0.0016377816061762176,0.0053913075062791,54012.52115962699,234053.71512904318
79dd10ec-c3a6-4479-bd6b-282a540ec681,102,25.5,6415872.334424407,6424236.280347947,0.330862597884686,0.3428712067160162,0.9966333977232109,1.0128082180026692,8133.487454921056,9375.340312189472,-0.10596033042302641,-0.0669753662874338,1.4969463572850337,1.6852109869583431,0.0016684929956774191,0.00559284587312076,55188.42428548877,245797.20354771684
79dd10ec-c3a6-4479-bd6b-282a540ec681,103,25.75,6415624.44535961,6424100.196314528,0.33117528058324275,0.34323570589099617,0.9965892127403966,1.0128367739422757,8145.7491664224335,9435.553345839371,-0.10648328136621825,-0.06634942494695588,1.4971143532696656,1.6859766606762494,0.0016995864997512574,0.005804861104241849,56386.52652148311,258402.4253781351
79dd10ec-c3a6-4479-bd6b-282a540ec681,104,26.0,6415373.737599555,6423965.178985445,0.33148839619728987,0.3436025755632174,0.9965444382742991,1.0128654540634392,8158.250293387691,9498.925292702825,-0.10703305691844463,-0.06569361188648573,1.4972827767959092,1.686778317318342,0.0017310474697195223,0.006028131335047816,57606.70463599131,271957.8844462918
79dd10ec-c3a6-4479-bd6b-282a540ec681,105,26.25,6415120.047876283,6423831.289105501,0.3318019512747134,0.34397193968872686,0.9964990410718862,1.0128942670845675,8170.993594246111,9565.701141316093,-0.10761175836590718,-0.0650058132945327,1.497451564269174,1.6876188672843015,0.0017628589220404032,0.006263514897966051,58848.758119019556,286564.0691758432
79dd10ec-c3a6-4479-bd6b-282a540ec681,106,26.5,6414863.198798055,6423698.592088123,0.3321159522319811,0.3443439318349378,0.9964529849369468,1.0129232224326894,8183.981606243947,9636.152487205696,-0.10822171628070755,-0.06428369872756647,1.4976206457738632,1.6885015525411036,0.0017950012875382606,0.0065119612102248784,60112.398668959264,302335.49464703526
79dd10ec-c3a6-4479-bd6b-282a540ec681,107,26.75,6414602.997163774,6423567.158502351,0.33243040531670515,0.3447186962241251,0.9964062303699175,1.0129523303210903,8197.216608852068,9710.581337674703,-0.10886552349993311,-0.0635246912582008,1.4977899445628586,1.689429996225283,0.0018274521312652559,0.006774523523406477,61397.23831651649,319403.1685659962
79dd10ec-c3a6-4479-bd6b-282a540ec681,108,27.0,6414339.2320158705,6423437.064626507,0.3327453165642271,0.34509638892607064,0.9963587341504941,1.0129816018380122,8210.700582447807,9789.32460051995,-0.1095460740808122,-0.0627259323987655,1.4979593765047385,1.6904082615358176,0.0018601858387509104,0.007052373923069344,62702.77598661084,337917.5859373718
79dd10ec-c3a6-4479-bd6b-282a540ec681,109,27.25,6414071.672381093,6423308.393080115,0.33306069174714237,0.34547717922665167,0.9963104488517232,1.0130110490483961,8224.435161593385,9872.759406394649,-0.11026660955325139,-0.061884240680888554,1.498128849484756,1.691440922029041,0.0018931732636154066,0.007346821063298523,64028.382263861786,358052.38756893075
79dd10ec-c3a6-4479-bd6b-282a540ec681,110,27.5,6413800.064636832,6423181.233548088,0.33337653631644126,0.3458612512050288,0.9962613222715772,1.0130406851110783,8238.421582114348,9961.309453557791,-0.11103077413950474,-0.060996062485252196,1.498298262755126,1.6925331459966826,0.0019263813305607728,0.007659331245714947,65373.282084324535,380008.8580230234
79dd10ec-c3a6-4479-bd6b-282a540ec681,111,27.75,6413524.129425477,6423055.683614326,0.3336928553326377,0.34624880555947607,0.9962112967645602,1.0130705244143956,8252.660621036397,10055.452614695243,-0.11184268106692975,-0.060057413343192555,1.4984675062296189,1.6936907983574345,0.001959772586563904,0.007991553614788895,66736.53502342968,404021.49315723806
79dd10ec-c3a6-4479-bd6b-282a540ec681,112,28.0,6413243.558019871,6422931.849725734,0.33400965338486227,0.3466400617312755,0.9961603084514199,1.0131005827338464,8267.152528260529,10155.730112566544,-0.11270699270236226,-0.05906380744335017,1.4986364597168105,1.6949205644867233,0.0019933046916104074,0.008345350454398713,68117.01278488287,430364.94154529326
79dd10ec-c3a6-4479-bd6b-282a540ec681,113,28.25,6412958.008017675,6422809.84831269,0.33432693449539047,0.3470352603881018,0.9961082862792195,1.013130877416334,8281.896948635322,10262.757660338566,-0.11362901804005184,-0.058010172430273635,1.4988049920855637,1.69623010174122,0.0020269298384322653,0.008722833852897023,69513.37341368251,459362.7259427663
79dd10ec-c3a6-4479-bd6b-282a540ec681,114,28.5,6412667.098209398,6422689.807098339,0.3346447020064111,0.3474346663438063,0.9960551508963621,1.0131614275966632,8296.892832808593,10377.239082011447,-0.11461483215707235,-0.056890745718494916,1.4989729603554005,1.6976282262367146,0.00206059408834082,0.009126410381583624,70924.03165401732,491398.2924737883
79dd10ec-c3a6-4479-bd6b-282a540ec681,115,28.75,6412370.402421094,6422571.866637439,0.3349629584449645,0.347838572011666,0.9960008132969791,1.0131922544534417,8312.138334891612,10499.983090399937,-0.11567142372299136,-0.05569894738033552,1.4991402087033068,1.6991251449027842,0.0020942366071946992,0.009558835941946528,72347.12474219462,526929.134122194
79dd10ec-c3a6-4479-bd6b-282a540ec681,116,29.0,6412067.442074321,6422456.182136236,0.33528170536081,0.3482473015146499,0.9959451731754398,1.013223381513484,8327.630694523901,10631.924122295724,-0.11680687867887814,-0.054427223075612347,1.4993065673771568,1.700732746248187,0.0021277887816049737,0.010023283634697896,73780.47275741126,566505.0182551264
79dd10ec-c3a6-4479-bd6b-282a540ec681,117,29.25,6411757.677127002,6422342.925619248,0.3356009431304024,0.34866121561141566,0.9958881169131912,1.0132548350164043,8343.366100352996,10774.148438684313,-0.11803061102890659,-0.05306684829576242,1.4994718515042662,1.702464968049172,0.0021611731903154983,0.010523428468725865,75221.53243537858,610791.7565085173
79dd10ec-c3a6-4479-bd6b-282a540ec681,118,29.5,6411440.494950899,6422232.288527874,0.3359206707179957,0.3490807176439443,0.995829515094667,1.0132866443545567,8359.339531195414,10927.927131176884,-0.11935365568475227,-0.051607682124088665,1.4996358597814894,1.7043382669581795,0.002194302398878228,0.011063554080444626,76667.34306407822,660602.5537724666
79dd10ec-c3a6-4479-bd6b-282a540ec681,119,29.75,6411115.196551978,6422124.484861624,0.33624088538189456,0.34950626077681707,0.995769219413543,1.0133188426081847,8375.544570157372,11094.758293495226,-0.12078904403474018,-0.050037854359209356,1.4997983730306337,1.70637222480726,0.002227077536602598,0.011648688555925248,78114.46270031403,716939.8635414807
79dd10ec-c3a6-4479-bd6b-282a540ec681,120,30.0,6410780.979329947,6422019.7550080875,0.33656158230965694,0.3499383568863273,0.9957070587805503,1.013351467202137,8391.973185671892,11276.421510951235,-0.12235229126081114,-0.04834336358022615,1.49995915259957,1.7085903406928817,0.002259386602366813,0.012284779221466145,79558.89243263421,781052.0254107538
79dd10ec-c3a6-4479-bd6b-282a540ec681,121,30.25,6410436.915273917,6421918.370456788,0.33688275416001334,0.350377587580655,0.9956428343722703,1.013384560719537,8408.615471613755,11475.04913685045,-0.12406203680670683,-0.046507554559499745,1.5001179385850192,1.7110210792458376,0.0022911024288232466,0.01297892033715405,80995.98571366457,854511.0417296492
79dd10ec-c3a6-4479-bd6b-282a540ec681,122,30.5,6410081.923056894,6421820.639661157,0.3372043904804851,0.3508246180066299,0.9955763132556463,1.0134181719206095,8425.45933617697,11693.220797346132,-0.12594089810667564,-0.044510429764411094,1.5002744478471908,1.7136992778462816,0.00232208021070147,0.013739653707821401,82420.33880796615,939321.1301590246
79dd10ec-c3a6-4479-bd6b-282a540ec681,123,30.75,6409714.731850534,6421726.915411716,0.3375264769566421,0.3512802143496959,0.9955072200674194,1.0134523570333145,8442.490125722305,11934.090582984696,-0.1280166265456792,-0.04232772892897699,1.500428371778677,1.7166680656889062,0.0023521544690616974,0.01457737149457859,83825.65701953178,1038072.977352221
79dd10ec-c3a6-4479-bd6b-282a540ec681,124,31.0,6409333.833714875,6421637.604227775,0.337848994429173,0.3517452663021195,0.9954352259918703,1.0134871814095086,8459.69016482789,12201.561102008669,-0.13032370019780512,-0.039929678442258296,1.5005793737794249,1.7199815271240142,0.002381135274350027,0.015504864957534717,85204.58937011629,1154167.3660778357
79dd10ec-c3a6-4479-bd6b-282a540ec681,125,31.25,6408937.419927541,6421553.178489388,0.33817191758426146,0.3522208163262281,0.9953599339144784,1.0135227216808826,8477.038186508456,12500.526129190555,-0.13290556173998228,-0.03727926103145498,1.5007270863749267,1.7237084710680386,0.002408803478753283,0.016538085942732646,86548.52146676769,1292146.7311870875
79dd10ec-c3a6-4479-bd6b-282a540ec681,126,31.5,6408523.29426114,6421474.192357597,0.33849521317388853,0.35270809838467976,0.9952808580472724,1.0135590686110187,8494.508615703662,12837.216034208532,-0.13581783311319026,-0.03432977244898589,1.5008711078940018,1.7279378848326894,0.0024349045990494714,0.017697225836783015,87847.31187983774,1458199.3393673142
79dd10ec-c3a6-4479-bd6b-282a540ec681,127,31.75,6408088.752387214,6421401.303039686,0.33881883754250647,0.3532085901378054,0.9951973953695574,1.0135963309374483,8512.070652467342,13219.701324307034,-0.13913305075252574,-0.031021290802408195,1.5010109985924847,1.7327870250582362,0.002459140821858826,0.019008280943719775,89088.95052980515,1660948.3704322304
79dd10ec-c3a6-4479-bd6b-282a540ec681,128,32.0,6407630.410155182,6421335.299772164,0.33914273310059406,0.3537240847552442,0.9951087846191319,1.013634640655303,8529.687074965583,13658.646847338377,-0.1429478447447943,-0.027275438325455603,1.501146276064561,1.7384137695096455,0.0024811603334610457,0.02050538597451808,90259.10673637428,1912728.3954517613
79dd10ec-c3a6-4479-bd6b-282a540ec681,129,32.25,6407143.952301349,6421277.144245149,0.3394668231462711,0.3542567920751249,0.9950140457506995,1.0136741604575095,8547.312639431115,14168.477340764824,-0.14739419339624682,-0.02298736989589095,1.5012764097154554,1.7450361076929273,0.0025005427325817523,0.022234403375096152,91340.51678113207,2231730.9923997894
79dd10ec-c3a6-4479-bd6b-282a540ec681,130,32.5,6406623.752823826,6421228.028511717,0.3397910039961451,0.35480948505984256,0.9949118876292634,1.0137150945029627,8564.89188142357,14769.245682110195,-0.1526577725316844,-0.01801307811787258,1.5014008139617923,1.7529641078306175,0.002516778527224188,0.024258650810069813,92312.13051508255,2645777.246748129
79dd10ec-c3a6-4479-bd6b-282a540ec681,131,32.75,6406062.279530022,6421189.460580859,0.3401151325358855,0.35538571874472824,0.9948005618521328,1.0137577045100497,8582.355993898562,15489.759663054649,-0.1590093004922198,-0.012148417582810742,1.501518839649581,1.762654800306817,0.002529239368269655,0.02666844742516334,93147.88266089534,3199315.6899790913
79dd10ec-c3a6-4479-bd6b-282a540ec681,132,33.0,6405449.117072323,6421163.395710883,0.34043900555601037,0.35599017027753155,0.9946776205461967,1.0138023347444731,8599.618217595638,16373.093664149445,-0.1668611886608109,-0.0050926639754432165,1.5013116797528276,1.774811733577097,0.002537133149910921,0.029597883389392062,93814.85382657957,3967273.59422131
79dd10ec-c3a6-4479-bd6b-282a540ec681,133,33.25,6404769.273656889,6421152.447016735,0.3407623233960779,0.356629191876385,0.9945394924220782,1.0138496689824104,8616.566704208914,17486.940891424303,-0.17687729779257844,0.0036231855972925567,1.5003553620231327,1.7905781564634746,0.0025394331013421562,0.033256245491785255,94270.3868871779,5084765.230582736
79dd10ec-c3a6-4479-bd6b-282a540ec681,134,33.5,6404000.038626338,6421168.286590174,0.34108462119783634,0.3573117668507618,0.9943806875028104,1.0139009362601556,8622.164569801625,18944.67193368505,-0.19020510500566912,0.014778827378573533,1.498021381402934,1.8119449662995553,0.002531864369642469,0.037992125171435805,94111.57838866969,6817698.158496802
79dd10ec-c3a6-4479-bd6b-282a540ec681,135,33.75,6403104.617262924,6421238.279051286,0.34140472178634396,0.3580513308661982,0.9941921587734919,1.0139583358267905,8578.089616792755,20952.892694402974,-0.2090511040391098,0.029803882854002102,1.4929596044199633,1.8427504860601316,0.0025046793443173287,0.044438219514914556,92151.68839265537,9754716.048901618
79dd10ec-c3a6-4479-bd6b-282a540ec681,136,34.0,6402017.519606496,6421394.37532941,0.3417194169374663,0.35886940639154236,0.9939575323454386,1.0140262552106811,8419.200696588807,23934.587851179618,-0.23835742625978187,0.05172577619726822,1.4818997116794175,1.8915543748346075,0.002447283033690484,0.053890093304164687,86735.30867211419,15435860.559420845
79dd10ec-c3a6-4479-bd6b-282a540ec681,137,34.25,6400604.739796615,6421703.746113503,0.3420216838035808,0.3598040565927437,0.9936428000087787,1.014114878873137,7953.673239027859,28918.198585003352,-0.29184078217871456,0.08836810745395599,1.4550221635541303,1.9817452015766235,0.002339281235842495,0.06954030539405462,73992.53921186448,29076964.715650186
79dd10ec-c3a6-4479-bd6b-282a540ec681,138,34.5,6398524.685163924,6422341.776587933,0.3422935413469793,0.3609335669968623,0.9931607139089126,1.0142542815999511,6420.98828456959,39209.203309391596,-0.42530110596715454,0.17025569855372025,1.3702579056253008,2.2045786067646493,0.0021339852509654443,0.1021605740099465,43991.13557282817,78528872.99238184
79dd10ec-c3a6-4479-bd6b-282a540ec681,139,34.75,6394480.304047858,6424002.623117237,0.34247700491067007,0.36246552964601425,0.9921910102611851,1.0145804604538813,-1584.2461401179535,72906.65351304846,-1.1578082007632498,0.5859626947475428,0.834201012302372,3.3310470781463355,0.0015094284194151545,0.22320487149255738,-12890313.954705488,593209369.0316046
de95200d-f372-46c1-bfdc-3e1ed5b9dfb4,0,0.0,6435923.266468614,6439941.012097669,0.3002926942190099,0.31030191592354633,0.9999723692334324,1.0100276307665677,7601.717506282508,7803.187567750608,-0.09080715210087482,-0.08375223743062692,1.4836323602788348,1.6581895193516405,0.00023349226706843374,0.0004255131881264079,6746.304803027974,12954.692891041714
de95200d-f372-46c1-bfdc-3e1ed5b9dfb4,1,0.25,6435746.363514448,6439782.032895786,0.3005854572291431,0.3106039641206149,0.9999446836413471,1.0100552439255823,7603.466377688102,7806.44313616787,-0.0908577036253534,-0.08372778721822778,1.483735202716922,1.658317078976454,0.0002382275148113399,0.0004348187008667964,6886.288036714976,13249.046355465083
de95200d-f372-46c1-bfdc-3e1ed5b9dfb4,2,0.5,6435569.288504393,6439623.063432454,0.30087829019868634,0.31090614726142163,0.9999169426673623,1.0100828395830055,7605.247211509301,7809.768259198455,-0.09090878778367309,-0.08370243398149414,1.4838383959204686,1.6584454851725228,0.00024304949395630978,0.00044431990616414647,7028.965255402201,13550.086553450434
de95200d-f372-46c1-bfdc-3e1ed5b9dfb4,3,0.75,6435392.038742717,6439464.104771935,0.30117119431801037,0.3112084680772096,0.9998891457425161,1.0101104178480087,7607.060615394644,7813.164528909466,-0.09096041698384572,-0.08367615779365613,1.4839419443586737,1.6585747552612726,0.0002479595778553842,0.0004540209220183985,7174.384467956036,13857.97616792371
de95200d-f372-46c1-bfdc-3e1ed5b9dfb4,4,1.0,6435214.611469436,6439305.1580053745,0.30146417079994353,0.3115109293617477,0.9998612922849341,1.0101379788330591,7608.9072075047325,7816.633576585647,-0.09101260394425685,-0.08364893826642339,1.484045852558988,1.6587049069941746,0.0002529591558382692,0.00046392596027636614,7322.594468943348,14172.882524490951
de95200d-f372-46c1-bfdc-3e1ed5b9dfb4,5,1.25,6435037.003858638,6439146.224251556,0.3017572208801504,0.3118135339728725,0.9998333816994861,1.0101655226540072,7610.787616669864,7820.177073865647,-0.09106536170288393,-0.08362075453781703,1.4841501251071574,1.6588359585652652,0.0002580496331952585,0.00047403932919888397,7473.644849629703,14494.977755498856
de95200d-f372-46c1-bfdc-3e1ed5b9dfb4,6,1.5,6434859.213016757,6438987.304657677,0.3020503458175158,0.3121162848340746,0.9998054133774317,1.0101930494301776,7612.702482549199,7823.796733919032,-0.09111870362685232,-0.08359158525960483,1.4842547666472272,1.658967928624118,0.000263232431149702,0.00048436543611652836,7627.586009042179,14824.438971137306
de95200d-f372-46c1-bfdc-3e1ed5b9dfb4,7,1.75,6434681.235980791,6438828.4004001515,0.3023435468945337,0.3124191849361315,0.9997773866960551,1.0102205592844626,7614.652455791443,7827.494312665803,-0.09117264342234442,-0.08356140858432376,1.4843597818815062,1.6591008362892852,0.00026850898681881697,0.0004949087901781237,7784.469165071651,15161.448437950292
de95200d-f372-46c1-bfdc-3e1ed5b9dfb4,8,2.0,6434503.069716466,6438669.512685437,0.302636825417702,0.3127222373387881,0.9997493010182884,1.0102480523434192,7616.63819819702,7831.2716100403,-0.0912271951448774,-0.08353020215187276,1.4844651755704865,1.6592347011622341,0.0002738807531627611,0.0005056740051954661,7944.346365621967,15506.193765112434
de95200d-f372-46c1-bfdc-3e1ed5b9dfb4,9,2.25,6434324.711116336,6438510.64275089,0.3029301827179218,0.31302544517248737,0.9997211556923226,1.010275528737369,7618.660382881687,7835.130471301443,-0.09128237320996588,-0.08349794307565811,1.4845709525327182,1.6593695433417948,0.00027934919892099927,0.0005166658025887212,8107.270499787918,15858.8680988748
de95200d-f372-46c1-bfdc-3e1ed5b9dfb4,10,2.5,6434146.1569978325,6438351.791865651,0.30322362015090276,0.31332881164015197,0.9996929500512057,1.0103029886005013,7620.719694441553,7839.072788391355,-0.09133819240418703,-0.08346460792827272,1.4846771176446358,1.6595053834391464,0.00028491580853544455,0.0005278890144367402,8273.295309056939,16219.67032559365
de95200d-f372-46c1-bfdc-3e1ed5b9dfb4,11,2.75,6433967.404101238,6438192.961331553,0.30351713909757283,0.31363234001901985,0.9996646834124291,1.0103304320709803,7622.8168291194615,7843.100501344547,-0.09139466789666623,-0.08343017272668975,1.4847836758403334,1.659642242593365,0.0002905820820596095,0.0005393485866368596,8442.475398522563,16588.805283783033
de95200d-f372-46c1-bfdc-3e1ed5b9dfb4,12,3.0,6433788.449087604,6438034.152484071,0.3038107409644943,0.3139360336625349,0.9996363550774986,1.0103578592910551,7624.95249497269,7847.215599749934,-0.09145181525100228,-0.08339461291695019,1.4848906321112858,1.6597801424875578,0.0002963495350529575,0.0005510495821790021,8614.866248096305,16966.48398565855
de95200d-f372-46c1-bfdc-3e1ed5b9dfb4,13,3.25,6433609.288536599,6437875.366693295,0.3041044271842844,0.3142398960022953,0.9996079643314928,1.0103852704071747,7627.127412041898,7851.420124268073,-0.09150965043765259,-0.08335790335832262,1.484997991506013,1.659919105365612,0.00030221969845991583,0.00056299718453903,8790.524223712611,17352.92384866357
de95200d-f372-46c1-bfdc-3e1ed5b9dfb4,14,3.5,6433429.918944281,6437716.605364932,0.30439819921604155,0.31454393055006125,0.9995795104426062,1.0104126655701053,7629.342312521282,7855.716168206149,-0.09156818984679925,-0.08332001830691267,1.4851057591296857,1.6600591540495855,0.0003081941184725407,0.0005751967011967847,8969.506588507986,17748.3489375054
de95200d-f372-46c1-bfdc-3e1ed5b9dfb4,15,3.75,6433250.336720799,6437557.869941357,0.30469205854577697,0.3148481408998251,0.9995509926616772,1.0104400449350528,7631.59794092986,7860.1058791533615,-0.09162745030171855,-0.08328093139869833,1.4852139401436661,1.6602003119577715,0.0003142743563760031,0.0005876535672843003,9151.871513960412,18152.99021725318
de95200d-f372-46c1-bfdc-3e1ed5b9dfb4,16,4.0,6433070.5381880235,6437399.161902684,0.3049860066868513,0.31515253072994526,0.9995224102217002,1.0104674086617893,7633.895054283819,7864.591460679507,-0.09168744907267735,-0.08324061563196598,1.485322539764984,1.6603426031234654,0.00032046198837615254,0.0006003733493698569,9337.678090977968,18567.085818079253
de95200d-f372-46c1-bfdc-3e1ed5b9dfb4,17,4.25,6432890.519577084,6437240.4827678865,0.3052800451804166,0.31545710380534725,0.9994937623373209,1.010494756914784,7636.234422269854,7869.175174099702,-0.09174820389138112,-0.08319904334912105,1.4854315632657416,1.6604860522144695,0.0003267586054079479,0.0006133617493846287,9526.986340911753,18990.88131228526
de95200d-f372-46c1-bfdc-3e1ed5b9dfb4,18,4.5,6432710.2770258365,6437081.834095946,0.3055741755958641,0.31576186397979406,0.999465048204315,1.010522089863339,7638.616827419401,7873.859340308361,-0.09180973296599985,-0.0831561860525335,1.4855410159724451,1.6606306845533714,0.00033316581292429565,0.0006266246086975803,9719.857226490165,19424.630004248174
de95200d-f372-46c1-bfdc-3e1ed5b9dfb4,19,4.75,6432529.806576234,6436923.217487361,0.3058683995312763,0.31606681519823276,0.999436266999048,1.0105494076817294,7641.043065282328,7878.646341685735,-0.09187205499679961,-0.08311201460872342,1.485650903265223,1.66077652613863,0.0003396852306491406,0.0006401679123487577,9916.352662209802,19868.593234090695
de95200d-f372-46c1-bfdc-3e1ed5b9dfb4,20,5.0,6432349.104171614,6436764.634585277,0.30616271861388517,0.3163719614992105,0.999407417877917,1.0105767105493495,7643.513944603011,7883.5386240803955,-0.09193518919240855,-0.08306649926391399,1.4857612305770078,1.660923603666513,0.00034631849232711487,0.000653997793441938,10116.53552514263,20323.040695627413
de95200d-f372-46c1-bfdc-3e1ed5b9dfb4,21,5.25,6432168.165653887,6436606.087076577,0.30645713450053463,0.3166773070173674,0.9993784999767732,1.0106039986508624,7646.030287497369,7888.538698871321,-0.091999155286748,-0.08301960952829385,1.4858720033926425,1.6610719445539215,0.00035306724545395673,0.0006681205377069309,10320.469665707507,20788.25076946123
de95200d-f372-46c1-bfdc-3e1ed5b9dfb4,22,5.5,6431986.986760629,6436447.576693214,0.30675164887814893,0.31698285598601317,0.9993495124103237,1.0106312721763562,7648.592929629694,7893.649145113472,-0.09206397355666116,-0.08297131415422832,1.485983227247877,1.6612215769621512,0.0003599331509745575,0.0006825425882417138,10528.21991802955,21264.51087213868
de95200d-f372-46c1-bfdc-3e1ed5b9dfb4,23,5.75,6431805.56312207,6436289.105213577,0.30704626346420555,0.3172886127397877,0.9993204542715121,1.0106585313215064,7651.202720389839,7898.872611770904,-0.09212966484027366,-0.08292158111365414,1.4860949077282701,1.6613725298216326,0.0003669178829556325,0.0006972705504412364,10739.852110102614,21752.11782220829
de95200d-f372-46c1-bfdc-3e1ed5b9dfb4,24,6.0,6431623.890257976,6436130.67446392,0.30734098000721355,0.31759458171740995,0.999291324630877,1.0106857762877433,7653.860523070637,7904.211820041719,-0.09219625055612221,-0.08287037757461943,1.4862070504679907,1.6615248328576997,0.0003740231282315622,0.0007123111971218959,10955.43307372202,22251.378224135613
de95200d-f372-46c1-bfdc-3e1ed5b9dfb4,25,6.25,6431441.963574418,6435972.286319829,0.3076358002871965,0.31790076746451784,0.9992621225358875,1.0107130072824255,7656.56721504541,7909.669565779376,-0.09226375272308954,-0.08281766987692916,1.486319661148516,1.661678516617441,0.00038125058602225066,0.0007276714738510215,11175.030654163136,22762.60887108451
de95200d-f372-46c1-bfdc-3e1ed5b9dfb4,26,6.5,6431259.778360429,6435813.942707747,0.30793072611618044,0.3182071746366036,0.9992328470102542,1.0107402245190216,7659.3236879454,7915.2487220151825,-0.09233219398118596,-0.08276342350685362,1.4864327454972195,1.6618336124976854,0.0003886019675212657,0.0007433585044911769,11398.713719563988,23286.137167637968
de95200d-f372-46c1-bfdc-3e1ed5b9dfb4,27,6.75,6431077.329784533,6435655.645606562,0.3082257593386864,0.3185138080020481,0.9992034970532152,1.0107674282172963,7662.13084783697,7920.9522415870215,-0.09240159761322064,-0.08270760307085535,1.4865463092858422,1.6619901527741812,0.0003960789954531819,0.0007593795969704026,11626.552169988972,23822.301573625147
de95200d-f372-46c1-bfdc-3e1ed5b9dfb4,28,7.0,6430894.612891148,6435497.397049239,0.3085209018322279,0.3188206724452588,0.999174071638796,1.0107946186035055,7664.989615398384,7926.783159879707,-0.09247198756740749,-0.08265017226828761,1.4866603583288451,1.6621481706320318,0.0004036834035981933,0.0007757422492885112,11858.616946125188,24371.452070246552
de95200d-f372-46c1-bfdc-3e1ed5b9dfb4,29,7.25,6430711.622596861,6435339.199124526,0.3088161555078126,0.3191277729699151,0.9991445697150414,1.010821795910598,7667.900926095972,7932.744597682631,-0.09254338848095386,-0.08259109386301419,1.4867748984816331,1.6623077001974504,0.00041141693628282536,0.0007924541557715548,12094.980037584764,24933.95064981258
de95200d-f372-46c1-bfdc-3e1ed5b9dfb4,30,7.5,6430528.353686556,6435181.053978716,0.30911152231044864,0.3194351147023265,0.9991149902032186,1.010848960378425,7670.865730359487,7938.839764170749,-0.09261582570468278,-0.08253032965389831,1.4868899356386451,1.6624687765709052,0.000419281347834526,0.0008095232135874455,12335.714490755206,25510.171830503536
de95200d-f372-46c1-bfdc-3e1ed5b9dfb4,31,7.75,6430344.800809404,6435022.963817474,0.309407004219655,0.3197427028949073,0.9990853319969907,1.0108761122539576,7673.884993756407,7945.071960015262,-0.09268932532874237,-0.08246784044410464,1.4870054757313063,1.662631435861726,0.000427278401998859,0.0008269575295346466,12580.894416166686,26100.503197596332
de95200d-f372-46c1-bfdc-3e1ed5b9dfb4,32,8.0,6430160.958474692,6434864.930907739,0.30970260324997617,0.3200505429297744,0.9990555939615579,1.010903251791513,7676.959697164963,7951.444580630784,-0.09276391420945974,-0.08240358600915566,1.487121524725831,1.6627957152242536,0.000435409871317139,0.0008447654271188562,12830.594995318632,26705.34597277347
de95200d-f372-46c1-bfdc-3e1ed5b9dfb4,33,8.25,6429976.821047503,6434706.957579691,0.30999832145150064,0.3203586403224722,0.999025774932766,1.0109303792529907,7680.090836945627,7957.961119566137,-0.09283961999739965,-0.08233752506367997,1.4872380886208734,1.6629616528956095,0.00044367753646261935,0.0008629554539315837,13084.892486914992,27325.115613180133
de95200d-f372-46c1-bfdc-3e1ed5b9dfb4,34,8.5,6429792.382744217,6434549.046228797,0.31029416091038303,0.3206670007258309,0.9989958737161808,1.0109574949081144,7683.279425110793,7964.625172046425,-0.09291647116669213,-0.08226961522678643,1.487355173445017,1.6631292882351794,0.00045208318553320234,0.0008815363893468969,13343.864232452443,27960.242442058472
de95200d-f372-46c1-bfdc-3e1ed5b9dfb4,35,8.75,6429607.637627851,6434391.199317937,0.3105901237493699,0.32097562993396417,0.9989658890861252,1.0109845990346886,7686.526489492346,7971.4404386744245,-0.09299449704569747,-0.08219981298599423,1.4874727852540928,1.663298661765899,0.000460628613298558,0.0009005172525520227,13607.588661102393,28611.172312865285
de95200d-f372-46c1-bfdc-3e1ed5b9dfb4,36,9.0,6429422.579603202,6434233.419379606,0.31088621212832873,0.3212845338864126,0.9989358197846788,1.0110116919188619,7689.83307390681,7978.410729299902,-0.09307372784908048,-0.08212807365964457,1.4875909301283219,1.6634698152174439,0.0004693156203992924,0.000919907310929905,13876.145293819112,29278.367308958917
de95200d-f372-46c1-bfdc-3e1ed5b9dfb4,37,9.25,6429237.202411803,6434075.709018209,0.3111824282447801,0.3215937186724385,0.9989056645206382,1.0110387738554012,7693.200238317744,7985.53996706596,-0.09315419471137135,-0.08205435135771544,1.4877096141692714,1.6636427915714291,0.00047814601249591764,0.0009397160888121944,14149.614746608378,29962.306481065043
de95200d-f372-46c1-bfdc-3e1ed5b9dfb4,38,9.5,6429051.499626686,6433918.07091244,0.31147877433443244,0.32190319053548067,0.9988754219684347,1.011065845147979,7696.629058995017,7992.8321926421,-0.09323592972209463,-0.08197859894095573,1.4878288434966154,1.6638176351087293,0.00048712159936506114,0.0009599533766217337,14428.078732880263,30663.486624870176
de95200d-f372-46c1-bfdc-3e1ed5b9dfb4,39,9.75,6428865.464646917,6433760.507817757,0.31177525267171935,0.3222129558777749,0.9988450907670081,1.0110929061094713,7700.120628670574,8000.291568654319,-0.0933189659625533,-0.08190076797825031,1.4879486242446909,1.66399439145904,0.0004962441939404214,0.0009806292404261276,14711.620064810228,31382.423101302982
de95200d-f372-46c1-bfdc-3e1ed5b9dfb4,40,10.0,6428679.090691922,6433603.022568955,0.3120718655703391,0.3225230212651491,0.9988146695186354,1.0111199570622669,7703.676056690297,8007.922384323187,-0.0934033375443605,-0.08182080870212173,1.4880689625588406,1.664173107652808,0.0005055156112954841,0.0010017540319245824,15000.322653616266,32119.650702224168
de95200d-f372-46c1-bfdc-3e1ed5b9dfb4,41,10.25,6428492.370795577,6433445.618082843,0.31236861538379607,0.32283339343200057,0.9987841567877098,1.0111469983385912,7707.296469161498,8015.729060321595,-0.09348907964981734,-0.08173866996226858,1.4881898645915308,1.6643538321756655,0.0005149376675653005,0.0010233383988908686,15294.27150866654,32875.724564420474
de95200d-f372-46c1-bfdc-3e1ed5b9dfb4,42,10.5,6428305.297800048,6433288.297361025,0.31266550450594316,0.3231440792864641,0.9987535510994701,1.0111740302808434,7710.983009095596,8023.716153864606,-0.09357622857424183,-0.08165429917703408,1.4883113364982345,1.6645366150255145,0.0005245121788045094,0.0010453932960981394,15593.552735326228,33651.22113505669
de95200d-f372-46c1-bfdc-3e1ed5b9dfb4,43,10.75,6428117.864349381,6433131.063492798,0.3129625353715259,0.3234550859157806,0.9987228509386754,1.0112010532419464,7714.736836545452,8031.88836404464,-0.0936648217703606,-0.08156764228269175,1.4884333844330673,1.6647215077724156,0.0005342409597778648,0.0010679299967525431,15898.253531422775,34446.73919195906
de95200d-f372-46c1-bfdc-3e1ed5b9dfb4,44,11.0,6427930.0628828155,6432973.919658167,0.3132597104567266,0.3237664205918749,0.9986920547482251,1.0112280675857135,7718.55912873685,8040.250537426155,-0.09375489789488287,-0.08147864368042772,1.488556014544167,1.664908563621445,0.000544125822680545,0.0010909601044629036,16208.462182236322,35262.90092231019
de95200d-f372-46c1-bfdc-3e1ed5b9dfb4,45,11.25,6427741.885627818,6432816.869130978,0.313557032279709,0.324078090777154,0.9986611609277181,1.0112550736872297,7722.451080193522,8048.807673914861,-0.09384649685738362,-0.08138724618089137,1.4886792329688014,1.665097837478699,0.0005541685757844457,0.0011144955657778413,16524.268053887434,36100.35306368032
de95200d-f372-46c1-bfdc-3e1ed5b9dfb4,46,11.5,6427553.324592815,6432659.915282191,0.31385450340116205,0.32439010413053576,0.998630167831951,1.0112820719332496,7726.413902855134,8057.56493291759,-0.0939396598716321,-0.08129339094617768,1.4888030458281951,1.6652893860206346,0.0005643710220065345,0.0011385486833221856,16845.761584987547,36959.768111567144
de95200d-f372-46c1-bfdc-3e1ed5b9dfb4,47,11.75,6427364.371559604,6432503.061583277,0.31415212642484347,0.3247024685137198,0.9985990737693504,1.0113090627226136,7730.448826187551,8066.527639809981,-0.09403442950951037,-0.08119701742909552,1.4889274592220576,1.6654832677669433,0.0005747349573960666,0.001163132129567144,17173.034276435745,37841.84559795291
de95200d-f372-46c1-bfdc-3e1ed5b9dfb4,48,12.0,6427175.0180754475,6432346.311609771,0.31444990399812117,0.3250151919977127,0.9985678770003357,1.011336046466681,7734.557097284701,8075.701292730361,-0.09413084975767737,-0.08109806330956636,1.489052479222804,1.6656795431571825,0.0005852621695357147,0.0011882589612701798,17506.178679189994,38747.313445709595
de95200d-f372-46c1-bfdc-3e1ed5b9dfb4,49,12.25,6426985.255444801,6432189.669044964,0.3147478388125127,0.3253282828696203,0.9985365757356094,1.011363023589783,7738.739980961287,8085.091569719455,-0.09422896607714391,-0.08099646442798775,1.4891781118694487,1.6658782746313885,0.0005959544358531545,0.0012139426346251142,17845.2883798813,39676.92940413052
de95200d-f372-46c1-bfdc-3e1ed5b9dfb4,50,12.5,6426795.074720685,6432033.137683757,0.315045933604222,0.32564174963972037,0.998505168134371,1.0113899945296965,7742.998759835549,8094.704336226928,-0.09432882546593621,-0.08089215471538404,1.4893043631611609,1.6660795267149244,0.0006068135218379578,0.0012401970211628711,18190.45798408473,40631.482571189394
de95200d-f372-46c1-bfdc-3e1ed5b9dfb4,51,12.75,6426604.466695657,6431876.721436677,0.31534419115467227,0.32595560104883087,0.9984736523024487,1.0114169597381377,7747.334734401229,8104.545653007265,-0.09443047652503789,-0.08078506612015526,1.489431239050463,1.6662833661078258,0.0006178411791595584,0.001267036424448866,18541.783097083902,41611.795008665526
de95200d-f372-46c1-bfdc-3e1ed5b9dfb4,52,13.0,6426413.421892382,6431720.4243340725,0.31564261429103463,0.3262698460759882,0.9984420262903468,1.0114439196812794,7751.7492230878315,8114.6217844290795,-0.0945339695278139,-0.08067512853122147,1.4895587454360573,1.6664898617789314,0.000629039143680675,0.0012944755976232424,18899.3603019193,42618.72345666915
de95200d-f372-46c1-bfdc-3e1ed5b9dfb4,53,13.25,6426221.930553769,6431564.250530486,0.3159412058867517,0.32658449394645217,0.9984102880912022,1.0114708748402916,7756.243562308211,8124.939207223667,-0.09463935649313455,-0.08056226969734605,1.489686888155263,1.6666990850651058,0.0006404091333616736,0.0013225297618363894,19263.28713453809,43653.16115472904
de95200d-f372-46c1-bfdc-3e1ed5b9dfb4,54,13.5,6426029.98263264,6431408.20430922,0.31623996886205447,0.32689955414005495,0.9983784356386451,1.0114978257119067,7760.819106492462,8135.50461970053,-0.09474669126243358,-0.08044641514240605,1.4898156729760443,1.6669111097758815,0.000651952846049454,0.0013512146256344413,19633.66205580061,44716.039777143844
de95200d-f372-46c1-bfdc-3e1ed5b9dfb4,55,13.75,6425837.56778093,6431252.290087106,0.31653890618447283,0.3272150363999121,0.9983464668045589,1.0115247728090113,7765.477228106997,8146.32495145959,-0.09485602958095159,-0.0803274880763609,1.4899451055886137,1.6671260123038776,0.00066367195714601,0.0013805464053519233,20010.584420138992,45808.33149088791
de95200d-f372-46c1-bfdc-3e1ed5b9dfb4,56,14.0,6425644.675338363,6431096.512419481,0.3168380208693372,0.3275309507415157,0.9983143793967332,1.0115517166612658,7770.219317657649,8157.407373632024,-0.09496742918343445,-0.08020540930165322,1.4900751915965853,1.6673438717413733,0.0006755681171494833,0.0014105418465762028,20394.15444058688,46931.05114516581
de95200d-f372-46c1-bfdc-3e1ed5b9dfb4,57,14.25,6425451.294320595,6430940.876005396,0.3171373159802711,0.3278473074622297,0.9982821711564043,1.0115786578157526,7775.046783675539,8168.759309684058,-0.0950809498845769,-0.08008009711475596,1.4902059365076643,1.667564770003449,0.000687642949061991,0.0014412182467503191,20784.47314993517,48085.258602384856
de95200d-f372-46c1-bfdc-3e1ed5b9dfb4,58,14.5,6425257.413406779,6430785.385693054,0.3174367946296732,0.3281641171512097,0.9982498397556748,1.0116055968376567,7779.961052684371,8180.388446820615,-0.09519665367452301,-0.07995146720255898,1.4903373457238447,1.667788791958136,0.000699898045656914,0.0014729252038654156,21181.64235771309,49283.160529147455
de95200d-f372-46c1-bfdc-3e1ed5b9dfb4,59,14.75,6425063.020926526,6430630.046485496,0.31773645997918737,0.3284813906997719,0.9982173827948072,1.0116325343109767,7784.963569147729,8192.305380228494,-0.09531462963749869,-0.07981940811868464,1.4904694245310972,1.668016052339985,0.0007123349665984032,0.001512125099597565,21585.76460268691,50742.281745752145
de95200d-f372-46c1-bfdc-3e1ed5b9dfb4,60,15.0,6424868.104732998,6430474.8635939155,0.31803631523866505,0.32879913941494804,0.9981847977799025,1.01165947084798,7790.055795010911,8204.572324040346,-0.09543545286947917,-0.07968332982309312,1.4906021780646517,1.668247191567992,0.0007249552301676601,0.0015525625938168388,21996.94293945105,52255.3809512023
de95200d-f372-46c1-bfdc-3e1ed5b9dfb4,61,15.25,6424672.64997763,6430319.84336763,0.31833636363735945,0.32911737703393623,0.9981520817389872,1.011686407259489,7795.239201939365,8217.20239760395,-0.09555923480890749,-0.0795430941784266,1.4907356108232221,1.6684823524418566,0.0007377602058261871,0.001594285324015471,22415.27766858778,53824.99783214667
de95200d-f372-46c1-bfdc-3e1ed5b9dfb4,62,15.5,6424476.6412136005,6430164.992419755,0.31863660845183933,0.3294361178087962,0.9981192315820168,1.0117133443919155,7800.515277300322,8230.20934709392,-0.09568609232992158,-0.07939855694164268,1.4908697270810805,1.6687216847005748,0.0007507512028006768,0.001637343211309483,22840.869080276167,55453.82305667551
de95200d-f372-46c1-bfdc-3e1ed5b9dfb4,63,15.75,6424280.062365162,6430010.3176402645,0.31893705300609915,0.32975537653105,0.9980862440947813,1.0117402831290738,7805.885523774831,8243.607583365574,-0.09581614807218708,-0.07924956741696161,1.4910045308684654,1.6689653454518198,0.000763929464767116,0.001681788597031456,23273.817324453048,57144.709333605584
de95200d-f372-46c1-bfdc-3e1ed5b9dfb4,64,16.0,6424082.896694997,6429855.826209817,0.31923770067162205,0.3300751685577679,0.9980531159324135,1.0117672243941072,7811.351458917599,8257.412222623245,-0.09594953079523856,-0.07909596808408431,1.4911400259507936,1.6692134996341363,0.0007772961641899991,0.0017276763893443081,23714.22226885114,58900.683441700574
de95200d-f372-46c1-bfdc-3e1ed5b9dfb4,65,16.25,6423885.126769449,6429701.525614418,0.3195385548673909,0.33039550983925053,0.9980198436124689,1.0117941691515333,7816.914614660392,8271.639130153242,-0.0960863757595072,-0.07893759419954673,1.4912762158066022,1.6694663205149487,0.0007908523962932171,0.0017750642207529721,24162.183343916502,60724.95932819602
de95200d-f372-46c1-bfdc-3e1ed5b9dfb4,66,16.5,6423686.734421449,6429547.423660972,0.3198396190598428,0.3307164169484275,0.9979864235075417,1.0118211184094192,7822.576536754392,8286.30496739775,-0.09622682513643961,-0.07877427336885955,1.4914131036041438,1.6697239902277006,0.0008045991726370159,0.001824012617485548,24617.79937351195,62620.95238786007
de95200d-f372-46c1-bfdc-3e1ed5b9dfb4,67,16.75,6423487.700710968,6429393.528493793,0.32014089676276136,0.33103790711210307,0.9979528518373815,1.0118480732216961,7828.338784146535,8301.427242675,-0.09637102845036577,-0.07860582508684004,1.4915506921765584,1.6699867003518043,0.0008434119292589279,0.0018745851818130336,25843.35944965964,64592.29504698131
de95200d-f372-46c1-bfdc-3e1ed5b9dfb4,68,17.0,6423288.005882773,6429239.848612138,0.32044239153710063,0.33135999824419243,0.9979191246604647,1.0118750346906236,7834.37538107327,8317.024365883677,-0.09651914305505793,-0.07843206024327182,1.4916901347202087,1.6702546525394804,0.0008603066032856196,0.0019268487884920248,26401.707434991094,66642.85379182486
de95200d-f372-46c1-bfdc-3e1ed5b9dfb4,69,17.25,6423087.629321274,6429086.389510862,0.32074411363233873,0.3316827089811052,0.99788523786498,1.0119020035779287,7840.535080938341,8333.115707566136,-0.0966713179279289,-0.07825278396413947,1.4918304102851958,1.670528055627207,0.0008775410283634826,0.0019808737901355327,26972.974357053143,68776.74757235043
de95200d-f372-46c1-bfdc-3e1ed5b9dfb4,70,17.5,6422886.549536891,6428933.160081548,0.32104606745917214,0.3320060587193606,0.9978511871603951,1.0119289810453937,7846.820580206134,8349.72166196013,-0.09682772556751301,-0.07806778889522355,1.4919715268077793,1.6708071328279797,0.0008951209707743588,0.0020367342479074126,27557.459707171496,70998.36825859448
de95200d-f372-46c1-bfdc-3e1ed5b9dfb4,71,17.75,6422684.744084232,6428780.169611078,0.3213482575169586,0.3323300676558321,0.9978169680661291,1.0119559683090413,7853.234628912742,8366.86371660141,-0.09698854782034405,-0.07787685742556916,1.4921134919258046,1.6710921195508792,0.0009130521934471664,0.0020945081806571695,28155.46824433787,73312.40309257967
de95200d-f372-46c1-bfdc-3e1ed5b9dfb4,72,18.0,6422482.189507008,6428627.427803552,0.32165068839487854,0.3326547568306524,0.9977825759004804,1.0119829666422344,7859.780030943571,8384.564527098986,-0.09715397652191712,-0.07767976102694439,1.4922563129415407,1.6713832642564024,0.0009313404457919082,0.0021542778320214795,28767.309877573454,75723.85925056481
de95200d-f372-46c1-bfdc-3e1ed5b9dfb4,73,18.25,6422278.861278931,6428474.944803707,0.32195336477304,0.33298014817305244,0.9977480057687362,1.0120099773789955,7866.4596442205475,8402.84799822663,-0.09732421419180086,-0.07747625953976135,1.4923999967816055,1.671680829386056,0.0009499914525117067,0.0022161299597449734,29393.299519359312,78238.0908546626
de95200d-f372-46c1-bfdc-3e1ed5b9dfb4,74,18.5,6422074.733740225,6428322.731221952,0.32225629142351786,0.33330626455038326,0.9977132525503886,1.0120370019175624,7873.276380787399,8421.73937196973,-0.09749947478838064,-0.07726610040019707,1.4925445499537626,1.6719850923739397,0.0009690109013043964,0.0022801561494364755,30033.75690677431,80860.82871987775
de95200d-f372-46c1-bfdc-3e1ed5b9dfb4,75,18.75,6421869.780029362,6428170.798161151,0.3225594732113167,0.33363312982059207,0.9976783108853736,1.0120640417242028,7880.233206780293,8441.265323242173,-0.09767998452936383,-0.07704901780264241,1.49268997850036,1.6722963467489746,0.0009884044293549108,0.0023464531552370954,30689.006386548197,83598.21316110075
de95200d-f372-46c1-bfdc-3e1ed5b9dfb4,76,19.0,6421663.972009567,6428019.157245314,0.3228629150952453,0.33396076888845455,0.9976431751592444,1.0120910983373081,7887.333142269768,8461.454064073938,-0.09786598278491611,-0.07682473179091537,1.4928362879481603,1.6726149033375148,0.0010081776085134957,0.002415123270168862,31359.376659914353,86456.8302288409
de95200d-f372-46c1-bfdc-3e1ed5b9dfb4,77,19.25,6421457.280189624,6427867.82065034,0.3231666221286894,0.3342892077658956,0.9976078394871744,1.0121181733717939,7894.579260958427,8482.33545716791,-0.09805772375217324,-0.07659294727089079,1.4929834832542954,1.6729410915772884,0.0010283359290420891,0.002486274729265073,32045.200482606127,89443.75179359951
de95200d-f372-46c1-bfdc-3e1ed5b9dfb4,78,19.5,6421249.673636939,6427716.801137013,0.32347059946024814,0.3346184736367659,0.9975722976966784,1.0121452685238324,7901.974689716788,8503.941139875196,-0.09825547645934912,-0.07635335293619368,1.4931315687480589,1.6732752609564692,0.001048884781800513,0.002560022149506102,32746.814314837855,92566.57997847268
de95200d-f372-46c1-bfdc-3e1ed5b9dfb4,79,19.75,6421041.119885964,6427566.112086436,0.3237748523342683,0.33494859492648305,0.9975365433089257,1.0121723855759501,7909.522607939263,8526.30465963755,-0.09845952600391711,-0.07610562009791458,1.4932805480682207,1.6736177825884149,0.0010698294387368004,0.002636487009208949,33464.55791570684,95833.49644068557
de95200d-f372-46c1-bfdc-3e1ed5b9dfb4,80,20.0,6420831.584838925,6427415.767538123,0.3240793860912258,0.3352796013769876,0.9975005695185023,1.0121995264025216,7917.226246698648,8549.461622230525,-0.09867017510795435,-0.0758494014078238,1.4934304240955376,1.673969050939875,0.001091175031526975,0.002715798172032632,34198.77387563679,99253.31715724879
de95200d-f372-46c1-bfdc-3e1ed5b9dfb4,81,20.25,6420621.032657657,6427265.782231008,0.3243842061679273,0.3356115241275155,0.9974643691714676,1.0122266929756998,7925.088887675725,8573.44985427215,-0.09888774551173582,-0.07558432946328685,1.4935811988800913,1.6743294857310738,0.0011129265281955326,0.002798092460764129,34949.807079806735,102835.55344276672
de95200d-f372-46c1-bfdc-3e1ed5b9dfb4,82,20.5,6420409.425646302,6427116.171647618,0.3246893180975171,0.3359443958017473,0.9974279347415265,1.0122538873718216,7933.113861838368,8598.309581628248,-0.09911257950374124,-0.07531001528061616,1.4937328735630728,1.6746995340274977,0.00113508870753439,0.0028835152863229494,35718.00409481944,106590.48002201473
de95200d-f372-46c1-bfdc-3e1ed5b9dfb4,83,20.75,6420196.724123913,6426966.952061727,0.324994727509264,0.3362782506019573,0.9973912583041181,1.0122811117783408,7941.304547841575,8624.083625581046,-0.09934504160311927,-0.07502604662180755,1.4938854482925896,1.6750796725465789,0.0011576661311177422,0.002972221338375685,36503.7124699212,110529.21111493463
de95200d-f372-46c1-bfdc-3e1ed5b9dfb4,84,21.0,6419982.88628589,6426818.140589824,0.3253004401280987,0.33661312441086,0.997354331508198,1.0123083685013334,7949.664370116797,8650.817618884865,-0.09958552041286896,-0.07473198615757796,1.4940389221330463,1.6754704102057492,0.0011806631126897512,0.0030643753448182107,37307.27994309654,114663.78564156557
de95200d-f372-46c1-bfdc-3e1ed5b9dfb4,85,21.25,6419767.868053068,6426669.755246757,0.3256064617738704,0.33694905490193333,0.9973171455454602,1.0123356599736408,7958.196796615438,8678.5602441305,-0.09983443066456765,-0.07442736944727292,1.494193292967611,1.6758722909421622,0.0012040836846818677,0.0031601529083839634,38129.05354134083,119007.26283094785
de95200d-f372-46c1-bfdc-3e1ed5b9dfb4,86,21.5,6419551.622907079,6426521.815005982,0.32591279836028525,0.3372860816590947,0.9972796911167153,1.0123629887637111,7966.905336167554,8707.363497186032,-0.10009221547846059,-0.0741117027134899,1.4943485573932394,1.6762858968388332,0.0012279315615870718,0.003259741429808688,38969.37856304703,123573.82972703445
de95200d-f372-46c1-bfdc-3e1ed5b9dfb4,87,21.75,6419334.101710459,6426374.339864882,0.32621945589348617,0.3376242463067126,0.9972419583950981,1.012390357585216,7975.793535412433,8737.282978884827,-0.10035934886620779,-0.07378446038610047,1.4945047106076927,1.6767118515971522,0.0012522100998944956,0.003363341128329841,39828.597429196685,128378.92233177461
de95200d-f372-46c1-bfdc-3e1ed5b9dfb4,88,22.0,6419115.252509771,6426227.350915666,0.32652644047022816,0.33796359265106324,0.9972039369857402,1.0124177693075225,7984.8649752529,8768.378218602413,-0.10063633850765197,-0.07344508238666794,1.4946617462879297,1.6771508244018387,0.0012769222542522855,0.003471166171884976,40707.04838836268,133439.36241987045
de95200d-f372-46c1-bfdc-3e1ed5b9dfb4,89,22.25,6418895.020319752,6426080.870422461,0.326833758275597,0.33830416683448106,0.9971656158814873,1.012445226967117,7994.123266779756,8800.71303391545,-0.10092372883773995,-0.07309297111994917,1.4948196564592113,1.6776035342315825,0.0013020705294931488,0.00358344593121171,41605.064058844146,138773.51241011207
de95200d-f372-46c1-bfdc-3e1ed5b9dfb4,90,22.5,6418673.346886245,6425934.921905239,0.32714141558021226,0.3386460175036207,0.997126983414184,1.0124727337800836,8003.572046606604,8834.355931184025,-0.10122210448533657,-0.07272748813412076,1.4949784313542007,1.6780707546770908,0.0013276569281155217,0.0037004263742310027,42522.96978922572,144401.45109837825
de95200d-f372-46c1-bfdc-3e1ed5b9dfb4,91,22.75,6418450.170425336,6425789.53023134,0.32744941873684813,0.338989195993434,0.9970880272009797,1.01250029315576,8013.214971548456,8869.380552662271,-0.1015320941122835,-0.07234795040543364,1.4951380592612782,1.6785533193382909,0.0013536828927676753,0.003822371619626627,43461.081816400205,150345.17356066953
de95200d-f372-46c1-bfdc-3e1ed5b9dfb4,92,23.0,6418225.425335762,6425644.721715435,0.32775777417639707,0.33933375652868764,0.9970487340850281,1.0125279087117036,8023.055712569703,8905.866176645219,-0.10185437470888012,-0.07195362619600032,1.4952985263612288,1.6790521278843398,0.0013801492432311542,0.003949565671561534,44419.70519756373,156628.81914259898
de95200d-f372-46c1-bfdc-3e1ed5b9dfb4,93,23.25,6417999.041881203,6425500.524228902,0.3280664884030894,0.3396797564451015,0.99700909006986,1.0125555842901262,8033.0979479182515,8943.898278231058,-0.10218967641125552,-0.0715437304251352,1.4954598165513917,1.679568152874283,0.0014070561073396917,0.004082314361011257,45399.13148974152,163278.93218547452
de95200d-f372-46c1-bfdc-3e1ed5b9dfb4,94,23.5,6417770.945838567,6425356.967319692,0.32837556798887124,0.3400272564324853,0.9969690802465948,1.0125833239759727,8043.345355352618,8983.569159553,-0.10253878791717067,-0.07111741948483422,1.495621911256277,1.6801024474531638,0.0014344028452039637,0.004220947523443402,46399.63614713556,170324.7610317373
de95200d-f372-46c1-bfdc-3e1ed5b9dfb4,95,23.75,6417541.058107786,6425214.082343964,0.32868501956682894,0.34037632080259755,0.9969286887130286,1.0126111321168474,8053.801603357482,9024.978659858425,-0.10290256259002996,-0.07067378541826036,1.495784789223576,1.6806561540587506,0.001462187966035074,0.004365821447603701,47421.47560278333,177798.601939446
de95200d-f372-46c1-bfdc-3e1ed5b9dfb4,96,24.0,6417309.2942779055,6425071.9026109,0.3289948498235307,0.34072701778485837,0.9968878984834798,1.01263901334502,8064.470341230248,9068.234957639845,-0.10328192535677591,-0.07021184936608593,1.495948426304397,1.6812305142985742,0.001490409036771571,0.0045173216362122065,48464.88399669132,185736.19586712695
de95200d-f372-46c1-bfdc-3e1ed5b9dfb4,97,24.25,6417075.5641434295,6424930.4635423515,0.3293050654901387,0.34107941985352624,0.996846691388088,1.0126669726017818,8075.355187906427,9113.45547922174,-0.10367788052449854,-0.06973055416871328,1.4961127952164517,1.6818268801866556,0.0015190625816141827,0.00467586592662566,49530.06950766855,194177.18772757013
de95200d-f372-46c1-bfdc-3e1ed5b9dfb4,98,24.5,6416839.771163862,6424789.802849215,0.32961567333212033,0.34143360409051277,0.9968050479600438,1.01269501516446,8086.459719374792,9160.767930866294,-0.10409152066378026,-0.06922875599210754,1.4962778652888113,1.6824467269653582,0.0015481439714547368,0.004841908028272889,50617.21024035485,203165.65973194683
de95200d-f372-46c1-bfdc-3e1ed5b9dfb4,99,24.75,6416601.811858208,6424649.960726723,0.32992668013736226,0.3417896525886787,0.9967629473089599,1.0127231466764517,8097.787454513799,9210.311474689306,-0.10452403673498728,-0.06870521482041243,1.4964436021867202,1.6830916677818069,0.0015776473020495555,0.0050159415442630325,51726.449612332035,212750.75295633732
de95200d-f372-46c1-bfdc-3e1ed5b9dfb4,100,25.0,6416361.575124724,6424510.980071177,0.3302380927024582,0.3421476529012501,0.9967203669782811,1.012751373180696,8109.341839158454,9262.23807261462,-0.10497672966814628,-0.06815858362865161,1.4966099676148201,1.6837634705422693,0.001607565259631097,0.005198504557483077,52857.891178621925,222987.39439635447
de95200d-f372-46c1-bfdc-3e1ed5b9dfb4,101,25.25,6416118.941474514,6424372.906721087,0.33054991781690307,0.34250769854394236,0.9966772827842428,1.0127797011570732,8121.126228180883,9316.714027419604,-0.10545102364929386,-0.06758739601232573,1.4967769189969844,1.6844640773343649,0.0016378889724646725,0.005390184877253869,54011.59282192801,233937.1507042645
de95200d-f372-46c1-bfdc-3e1ed5b9dfb4,102,25.5,6415873.782165431,6424235.789726158,0.3308621622448824,0.34286988955751896,0.9966336686334234,1.0128081375643017,8133.1438653378555,9373.921755864472,-0.10594848141829186,-0.06699005200591665,1.4969444091307882,1.6851956268892756,0.0016686078466400895,0.005591626062006876,55187.56022662076,245669.23475963954
de95200d-f372-46c1-bfdc-3e1ed5b9dfb4,103,25.75,6415625.958220221,6424099.6816481445,0.33117483270428905,0.3432343331398826,0.9965894963153689,1.0128366898870116,8145.397860603413,9434.061836251014,-0.10647082194770711,-0.06636480176702882,1.4971123858144533,1.6859604806586026,0.0016997093841342934,0.0058035343573545435,56385.73954240274,258261.6975108163
de95200d-f372-46c1-bfdc-3e1ed5b9dfb4,104,26.0,6415375.319309694,6423964.638898356,0.3314879358425348,0.3436011443584554,0.9965447352660695,1.0128653661887874,8157.891164663789,9497.3553819067,-0.10701994095290206,-0.0657097267343179,1.4972807914438877,1.6867612532088025,0.0017311789808721605,0.006026686718656152,57606.00912912788,271802.84554967826
de95200d-f372-46c1-bfdc-3e1ed5b9dfb4,105,26.25,6415121.702477904,6423830.7221174035,0.33180147820864214,0.34397044695562257,0.9964993522972092,1.0128941751721268,8170.6265402034505,9564.046803543593,-0.10759793478449982,-0.0650227177817923,1.497449562577203,1.6876008477976985,0.0017629997021534837,0.006261940124254862,58848.17025744064,286392.93518934597
de95200d-f372-46c1-bfdc-3e1ed5b9dfb4,106,26.5,6414864.930681551,6423697.9966038745,0.33211546622100385,0.34434237426247966,0.9964533112850449,1.0129231262464446,8183.606529554042,9634.407037863753,-0.10820712838185655,-0.06430144978468683,1.497618629463816,1.6884824982023052,0.0017951520323788988,0.00651024243217321,60111.936619760665,302146.20714660466
de95200d-f372-46c1-bfdc-3e1ed5b9dfb4,107,26.75,6414604.811109934,6423566.532799897,0.3324299061300743,0.34471707023915343,0.9964065728114418,1.0129522296054714,8196.833418210083,9708.737338059997,-0.1088501081280764,-0.0635433518764803,1.4977879155349338,1.6894098181283828,0.0018276135954793347,0.006772645091947053,61396.922481945825,319193.34329652577
de95200d-f372-46c1-bfdc-3e1ed5b9dfb4,108,27.0,6414341.13324443,6423436.406843135,0.3327448039751056,0.3450946906637126,0.9963590937479264,1.0129814963156725,8210.309193634079,9787.373745179164,-0.10952976065416307,-0.06274557250419782,1.497957336851863,1.6903868598676213,0.0018603588418223632,0.007050318098232438,62702.62927718644,337684.44975993613
de95200d-f372-46c1-bfdc-3e1ed5b9dfb4,109,27.25,6414073.666607166,6423307.701196746,0.33306016553385176,0.3454754044963428,0.9963108267715086,1.0130109384176618,8224.035498676014,9870.692389277752,-0.11024931890665125,-0.061904938168370345,1.4981268015081808,1.6914181843024843,0.0018933586965850788,0.007344567668885112,64028.430408418295,357792.70074205974
de95200d-f372-46c1-bfdc-3e1ed5b9dfb4,110,27.5,6413802.158136823,6423180.505371249,0.333375996263923,0.3458593954512897,0.9962617197983478,1.0130405690430062,8238.013578813807,9959.115808091758,-0.11101241713938376,-0.06101790444926126,1.498296208981328,1.6925089449249124,0.001926580163631282,0.007656857254235515,65373.55398295382,379718.817781914
de95200d-f372-46c1-bfdc-3e1ed5b9dfb4,111,27.75,6413526.329114463,6423054.916755364,0.3336923012341695,0.34624686381642356,0.9962117153178959,1.013070402549364,8252.244222276931,10053.120521569763,-0.11182315694344887,-0.06008049755074827,1.4984654494286378,1.6936649892796092,0.0019599858777427626,0.007988832645727712,66737.06315044752,403696.6132584158
de95200d-f372-46c1-bfdc-3e1ed5b9dfb4,112,28.0,6413245.87154295,6422931.0415767385,0.3340090850440826,0.3466380285696043,0.996160749605714,1.0131004546775837,8266.727691937893,10153.246167257745,-0.1126861870279731,-0.059088244107862446,1.4986344029221619,1.6948929822303749,0.0019935335965749162,0.008342352163981033,68117.83365035575,429999.90066610085
de95200d-f372-46c1-bfdc-3e1ed5b9dfb4,113,28.25,6412960.443858445,6422808.996018448,0.33432635172869624,0.3470331298529603,0.9961087517873668,1.0131307427352705,8281.463647636248,10260.106590041103,-0.11360680026250115,-0.05803608636188804,1.4988029386158954,1.6962005567707508,0.0020271756218455676,0.008719523187014529,69514.52809402508,458951.1753612946
de95200d-f372-46c1-bfdc-3e1ed5b9dfb4,114,28.5,6412669.665819589,6422688.907523508,0.33464410464581196,0.34743243188158696,0.9960556427181892,1.013161285812458,8296.4510573248,10374.40339847476,-0.11459105256617655,-0.05691827894935696,1.498970913838078,1.697596499889649,0.0020608581368991583,0.009122746654723908,70925.5664044061,490932.6100017163
de95200d-f372-46c1-bfdc-3e1ed5b9dfb4,115,28.75,6412373.11237655,6422570.916327862,0.33496234634150024,0.347836226383202,0.9960013336336079,1.0131921050364983,8311.688095080443,10496.942660839977,-0.11564590969123574,-0.055728262394140034,1.4991381731001436,1.6990909834494756,0.0020945204447604935,0.009554771692954857,72349.09170671705,526400.1063644534
de95200d-f372-46c1-bfdc-3e1ed5b9dfb4,116,29.0,6412070.306264053,6422455.177273091,0.33528107838866866,0.3482448366916139,0.9959457245111346,1.0132232238752192,8327.172023579673,10628.655634594092,-0.11677942996151573,-0.054458506813249666,1.4993045470125401,1.7006958534189713,0.002128094086866102,0.010018763193616175,73782.93079658586,565901.4262298883
de95200d-f372-46c1-bfdc-3e1ed5b9dfb4,117,29.25,6411760.708984164,6422341.861964297,0.3356003011919185,0.3486586226517861,0.9958887020667402,1.013254668499964,8342.899058068566,10770.624728771709,-0.11800099383295569,-0.05310031716781325,1.4994698510959719,1.7024249955437012,0.0021615018175389954,0.010518386145737873,75224.54809605094,610099.8293957527
de95200d-f372-46c1-bfdc-3e1ed5b9dfb4,118,29.5,6411443.709737427,6422231.161357606,0.3359200137497671,0.34907798654115113,0.9958301372830297,1.0132864682235778,8358.864208113664,10924.116328738066,-0.11932159510779605,-0.05164358834385935,1.4996338844745338,1.7042948022669575,0.002194656402483667,0.01105791185512902,76670.99172335153,659805.2403681017
de95200d-f372-46c1-bfdc-3e1ed5b9dfb4,119,29.75,6411118.611712658,6422123.28888738,0.3362402133623369,0.34950338027546635,0.995769882331457,1.0133186560330831,8375.06109243916,11090.62272525787,-0.12075421431775922,-0.050076494028387125,1.49979642843458,1.7063247754073978,0.0022274592005042376,0.011642353097781586,78118.82992450942,716015.8481295564
de95200d-f372-46c1-bfdc-3e1ed5b9dfb4,120,30.0,6410784.614937397,6422018.484278307,0.33656089526842964,0.3499353142550336,0.9957077667011519,1.0133512692432174,8391.481720843029,11271.916276218115,-0.12231430306926828,-0.04838508713088266,1.499957244829791,1.708538313284806,0.002259798475330175,0.012277638003729075,79564.07560464588,779974.3797306444
de95200d-f372-46c1-bfdc-3e1ed5b9dfb4,121,30.25,6410440.794594145,6421917.018236209,0.33688205218991746,0.3503743683291813,0.9956435922757545,1.0133843503059816,8408.11623540282,11470.120233437414,-0.12402042041028077,-0.04655278040930729,1.5001160743085402,1.7109637521040977,0.0022915473675038855,0.012970836503456257,81002.095999524,853245.349956663
de95200d-f372-46c1-bfdc-3e1ed5b9dfb4,122,30.5,6410086.073277096,6421819.198279891,0.3372036737526755,0.35082120552978513,0.995577126995884,1.0134179478240504,8424.952600724086,11687.802620909064,-0.1258950808038008,-0.04455966242226964,1.5002726343338815,1.7136357634484924,0.002322561432626246,0.01373045919614812,82427.50355783549,937822.8363560218
de95200d-f372-46c1-bfdc-3e1ed5b9dfb4,123,30.75,6409719.185028607,6421725.376074457,0.3375257457403613,0.3512765894735428,0.9955080965907882,1.0134521178341853,8441.97622953559,11928.102537530762,-0.12796590186206117,-0.0423815833715384,1.5004266169587743,1.716597259363974,0.0023526756186620043,0.014566857683068682,83834.02273319042,1036283.5617671068
de95200d-f372-46c1-bfdc-3e1ed5b9dfb4,124,31.0,6409338.6280373,6421635.956769357,0.33784824911777134,0.3517414066978362,0.9954361736291969,1.013486925453619,8459.169525003515,12194.902924790176,-0.13026718508360502,-0.03998891349691437,1.5005776863086469,1.7199020351796053,0.0023817005064121362,0.015492769717124233,85214.32540827084,1152008.7162888537
de95200d-f372-46c1-bfdc-3e1ed5b9dfb4,125,31.25,6408942.601404593,6421551.411056992,0.33817115873014303,0.3522166957415306,0.9953609627773989,1.0135224470225237,8476.511313935425,12493.071314968982,-0.13284213585042776,-0.03734482597363767,1.5007254757088342,1.723618508100896,0.0024094175655176957,0.01652407536514094,86559.82476553957,1289512.658114181
de95200d-f372-46c1-bfdc-3e1ed5b9dfb4,126,31.5,6408528.919056063,6421472.290990629,0.3384944415364322,0.35270368561880683,0.9952819805770788,1.0135587729371445,8493.976134284163,12828.802379756398,-0.1357460506386661,-0.03440287345824586,1.5008695843738271,1.7278351235517762,0.0024355730700673928,0.01768086787587953,87860.41304247445,1454942.4439220126
de95200d-f372-46c1-bfdc-3e1ed5b9dfb4,127,31.75,6408094.890087518,6421399.2511039125,0.3388180541553581,0.35320384764805385,0.9951986271143923,1.0135960114646807,8511.533323863978,13210.116986348412,-0.1390510089311682,-0.031103488084616493,1.5010095735454714,1.7326683707644606,0.0024598701502309213,0.018989006428204957,89104.12185245442,1656859.083868236
de95200d-f372-46c1-bfdc-3e1ed5b9dfb4,128,32.0,6407637.148484294,6421333.077181026,0.33914193936876513,0.3537189667207354,0.9951101453630675,1.0136342939869198,8529.145831155236,13647.60918444458,-0.14285298166502935,-0.027368792082117174,1.501144961923095,1.7382750109740286,0.0024819581894198876,0.020482429258341713,90276.67302080881,1907500.334734358
de95200d-f372-46c1-bfdc-3e1ed5b9dfb4,129,32.25,6407151.404105472,6421274.726361562,0.33946602099071904,0.35425124163780713,0.995015561203221,1.013673782379799,8546.768626617619,14155.599714757858,-0.14728296575537206,-0.023094666933788765,1.501275220161174,1.7448713572879821,0.002501418337676731,0.022206708919272393,91360.87028240344,2224901.3064448037
de95200d-f372-46c1-bfdc-3e1ed5b9dfb4,130,32.5,6406632.066792167,6421225.384554324,0.33979019607709365,0.35480343027628597,0.994913592042025,1.0137146796866052,8564.34652105416,14753.983288704734,-0.15252512000172105,-0.01813819725302851,1.5013997641039245,1.7527648657610464,0.002517743163823994,0.024224720241583387,92335.75223391733,2636618.828265658
de95200d-f372-46c1-bfdc-3e1ed5b9dfb4,131,32.75,6406071.657322365,6421186.551232093,0.34011432261303476,0.35537906643792244,0.9948025022405625,1.0137572460568558,8581.811070487387,15471.316938229575,-0.15884770943355062,-0.01229694598400943,1.5015179462518895,1.7624083116191656,0.002530307138228536,0.026626077117340722,93175.37375913151,3186630.8466702015
de95200d-f372-46c1-bfdc-3e1ed5b9dfb4,132,33.0,6405459.8420502385,6421160.169380198,0.34043819910050455,0.35598279630678115,0.9946798638415082,1.013801823470441,8599.076010604385,16350.256866207917,-0.1666589522221487,-0.005272994787535807,1.5013235990601852,1.7744979264436997,0.002538322151535398,0.029543687803389507,93846.98395567763,3948970.318857578
de95200d-f372-46c1-bfdc-3e1ed5b9dfb4,133,33.25,6404781.762050935,6421148.833711984,0.34076152869819665,0.3566209249487818,0.9945421383331071,1.0138490833395601,8616.030196596803,17457.753703364673,-0.17661502743684765,0.003397562054933108,1.5003899782622157,1.7901635015841606,0.0025407673480448887,0.03318472802459704,94308.17237846406,5056907.2843630435
de95200d-f372-46c1-bfdc-3e1ed5b9dfb4,134,33.5,6404014.93776905,6421163.662133842,0.34108385153697346,0.35730235931891147,0.994383893562338,1.013900239680332,8622.379661520605,18905.748740694147,-0.18984802531274989,0.014484753662262444,1.498099089821946,1.8113689613244226,0.0025335642524322286,0.037893682183828346,94179.46319134855,6772118.926606559
de95200d-f372-46c1-bfdc-3e1ed5b9dfb4,135,33.75,6403123.013447864,6421232.121018239,0.3414040276247191,0.35804040212972665,0.9941961939533239,1.0139574599243735,8579.951503922997,20897.78825853524,-0.20852784121632256,0.029396083768451924,1.493125346778389,1.8418890951714,0.0025069140132299556,0.04429439371982881,92273.94926697151,9672069.642801424
de95200d-f372-46c1-bfdc-3e1ed5b9dfb4,136,34.0,6402041.449160129,6421385.677184157,0.34171890178278963,0.3588563238375654,0.9939629091254518,1.0140250562611435,8425.047168091583,23849.275469542292,-0.23749666119122723,0.05110209894755687,1.4822710250751645,1.8901119556344166,0.002450358262900352,0.0536599970455191,86964.95424075738,15260579.601288704
de95200d-f372-46c1-bfdc-3e1ed5b9dfb4,137,34.25,6400638.692634684,6421690.231599002,0.34202158677633165,0.35978763909297784,0.9936506632216279,1.014112995385619,7971.047809581342,28765.335602332296,-0.29010831021717554,0.0872332365062023,1.4559916107872157,1.9788204741055702,0.0023438288605189365,0.06911124563798578,74460.6340338258,28592861.162308406
de95200d-f372-46c1-bfdc-3e1ed5b9dfb4,138,34.5,6398581.568345102,6422316.759615414,0.34229452639940877,0.36091117289107494,0.9931743515226378,1.0142505036386646,6484.6345717674585,38849.71519464205,-0.42004565680437644,0.1670985325050831,1.373843198074634,2.1959338686686745,0.002141610078757878,0.1010760490978683,45027.871813171696,76277059.18639466
de95200d-f372-46c1-bfdc-3e1ed5b9dfb4,139,34.75,6394620.819083224,6423932.150186246,0.34248142068470855,0.3624290763037171,0.9922248926140942,1.0145679839600734,-1142.6217207932796,71339.10535005844,-1.1120156452180128,0.5603162138820782,0.86848703573967,3.2635388157997522,0.0015264942294001681,0.21705414112539675,-8846433.446996517,552323342.1551083
4981aac5-8796-4e08-b095-bf8196e665ea,0,0.0,6435923.266468614,6439941.012097669,0.3002926942190099,0.31030191592354633,0.9999723692334324,1.0100276307665677,7601.717506282508,7803.187567750608,-0.09080715210087482,-0.08375223743062692,1.4836323602788348,1.6581895193516405,0.00023349226706843374,0.0004255131881264079,6746.304803027974,12954.692891041714
4981aac5-8796-4e08-b095-bf8196e665ea,1,0.25,6435746.363514448,6439782.032895786,0.3005854572291431,0.3106039641206149,0.9999446836413471,1.0100552439255823,7603.466377688102,7806.44313616787,-0.0908577036253534,-0.08372778721822778,1.483735202716922,1.658317078976454,0.0002382275148113399,0.0004348187008667964,6886.288036714976,13249.046355465083
4981aac5-8796-4e08-b095-bf8196e665ea,2,0.5,6435569.288504393,6439623.063432454,0.30087829019868634,0.31090614726142163,0.9999169426673623,1.0100828395830055,7605.247211509301,7809.768259198455,-0.09090878778367309,-0.08370243398149414,1.4838383959204686,1.6584454851725228,0.00024304949395630978,0.00044431990616414647,7028.965255402201,13550.086553450434
4981aac5-8796-4e08-b095-bf8196e665ea,3,0.75,6435392.038742717,6439464.104771935,0.30117119431801037,0.3112084680772096,0.9998891457425161,1.0101104178480087,7607.060615394644,7813.164528909466,-0.09096041698384572,-0.08367615779365613,1.4839419443586737,1.6585747552612726,0.0002479595778553842,0.0004540209220183985,7174.384467956036,13857.97616792371
4981aac5-8796-4e08-b095-bf8196e665ea,4,1.0,6435214.611469436,6439305.1580053745,0.30146417079994353,0.3115109293617477,0.9998612922849341,1.0101379788330591,7608.9072075047325,7816.633576585647,-0.09101260394425685,-0.08364893826642339,1.484045852558988,1.6587049069941746,0.0002529591558382692,0.00046392596027636614,7322.594468943348,14172.882524490951
4981aac5-8796-4e08-b095-bf8196e665ea,5,1.25,6435037.003858638,6439146.224251556,0.3017572208801504,0.3118135339728725,0.9998333816994861,1.0101655226540072,7610.787616669864,7820.177073865647,-0.09106536170288393,-0.08362075453781703,1.4841501251071574,1.6588359585652652,0.0002580496331952585,0.00047403932919888397,7473.644849629703,14494.977755498856
4981aac5-8796-4e08-b095-bf8196e665ea,6,1.5,6434859.213016757,6438987.304657677,0.3020503458175158,0.3121162848340746,0.9998054133774317,1.0101930494301776,7612.702482549199,7823.796733919032,-0.09111870362685232,-0.08359158525960483,1.4842547666472272,1.658967928624118,0.000263232431149702,0.00048436543611652836,7627.586009042179,14824.438971137306
4981aac5-8796-4e08-b095-bf8196e665ea,7,1.75,6434681.235980791,6438828.4004001515,0.3023435468945337,0.3124191849361315,0.9997773866960551,1.0102205592844626,7614.652455791443,7827.494312665803,-0.09117264342234442,-0.08356140858432376,1.4843597818815062,1.6591008362892852,0.00026850898681881697,0.0004949087901781237,7784.469165071651,15161.448437950292
4981aac5-8796-4e08-b095-bf8196e665ea,8,2.0,6434503.069716466,6438669.512685437,0.302636825417702,0.3127222373387881,0.9997493010182884,1.0102480523434192,7616.63819819702,7831.2716100403,-0.0912271951448774,-0.08353020215187276,1.4844651755704865,1.6592347011622341,0.0002738807531627611,0.0005056740051954661,7944.346365621967,15506.193765112434
4981aac5-8796-4e08-b095-bf8196e665ea,9,2.25,6434324.711116336,6438510.64275089,0.3029301827179218,0.31302544517248737,0.9997211556923226,1.010275528737369,7618.660382881687,7835.130471301443,-0.09128237320996588,-0.08349794307565811,1.4845709525327182,1.6593695433417948,0.00027934919892099927,0.0005166658025887212,8107.270499787918,15858.8680988748
4981aac5-8796-4e08-b095-bf8196e665ea,10,2.5,6434146.1569978325,6438351.791865651,0.30322362015090276,0.31332881164015197,0.9996929500512057,1.0103029886005013,7620.719694441553,7839.072788391355,-0.09133819240418703,-0.08346460792827272,1.4846771176446358,1.6595053834391464,0.00028491580853544455,0.0005278890144367402,8273.295309056939,16219.67032559365
4981aac5-8796-4e08-b095-bf8196e665ea,11,2.75,6433967.404101238,6438192.961331553,0.30351713909757283,0.31363234001901985,0.9996646834124291,1.0103304320709803,7622.8168291194615,7843.100501344547,-0.09139466789666623,-0.08343017272668975,1.4847836758403334,1.659642242593365,0.0002905820820596095,0.0005393485866368596,8442.475398522563,16588.805283783033
4981aac5-8796-4e08-b095-bf8196e665ea,12,3.0,6433788.449087604,6438034.152484071,0.3038107409644943,0.3139360336625349,0.9996363550774986,1.0103578592910551,7624.95249497269,7847.215599749934,-0.09145181525100228,-0.08339461291695019,1.4848906321112858,1.6597801424875578,0.0002963495350529575,0.0005510495821790021,8614.866248096305,16966.48398565855
4981aac5-8796-4e08-b095-bf8196e665ea,13,3.25,6433609.288536599,6437875.366693295,0.3041044271842844,0.3142398960022953,0.9996079643314928,1.0103852704071747,7627.127412041898,7851.420124268073,-0.09150965043765259,-0.08335790335832262,1.484997991506013,1.659919105365612,0.00030221969845991583,0.00056299718453903,8790.524223712611,17352.92384866357
4981aac5-8796-4e08-b095-bf8196e665ea,14,3.5,6433429.918944281,6437716.605364932,0.30439819921604155,0.31454393055006125,0.9995795104426062,1.0104126655701053,7629.342312521282,7855.716168206149,-0.09156818984679925,-0.08332001830691267,1.4851057591296857,1.6600591540495855,0.0003081941184725407,0.0005751967011967847,8969.506588507986,17748.3489375054
4981aac5-8796-4e08-b095-bf8196e665ea,15,3.75,6433250.336720799,6437557.869941357,0.30469205854577697,0.3148481408998251,0.9995509926616772,1.0104400449350528,7631.59794092986,7860.1058791533615,-0.09162745030171855,-0.08328093139869833,1.4852139401436661,1.6602003119577715,0.0003142743563760031,0.0005876535672843003,9151.871513960412,18152.99021725318
4981aac5-8796-4e08-b095-bf8196e665ea,16,4.0,6433070.5381880235,6437399.161902684,0.3049860066868513,0.31515253072994526,0.9995224102217002,1.0104674086617893,7633.895054283819,7864.591460679507,-0.09168744907267735,-0.08324061563196598,1.485322539764984,1.6603426031234654,0.00032046198837615254,0.0006003733493698569,9337.678090977968,18567.085818079253
4981aac5-8796-4e08-b095-bf8196e665ea,17,4.25,6432890.519577084,6437240.4827678865,0.3052800451804166,0.31545710380534725,0.9994937623373209,1.010494756914784,7636.234422269854,7869.175174099702,-0.09174820389138112,-0.08319904334912105,1.4854315632657416,1.6604860522144695,0.0003267586054079479,0.0006133617493846287,9526.986340911753,18990.88131228526
4981aac5-8796-4e08-b095-bf8196e665ea,18,4.5,6432710.2770258365,6437081.834095946,0.3055741755958641,0.31576186397979406,0.999465048204315,1.010522089863339,7638.616827419401,7873.859340308361,-0.09180973296599985,-0.0831561860525335,1.4855410159724451,1.6606306845533714,0.00033316581292429565,0.0006266246086975803,9719.857226490165,19424.630004248174
4981aac5-8796-4e08-b095-bf8196e665ea,19,4.75,6432529.806576234,6436923.217487361,0.3058683995312763,0.31606681519823276,0.999436266999048,1.0105494076817294,7641.043065282328,7878.646341685735,-0.09187205499679961,-0.08311201460872342,1.485650903265223,1.66077652613863,0.0003396852306491406,0.0006401679123487577,9916.352662209802,19868.593234090695
4981aac5-8796-4e08-b095-bf8196e665ea,20,5.0,6432349.104171614,6436764.634585277,0.30616271861388517,0.3163719614992105,0.999407417877917,1.0105767105493495,7643.513944603011,7883.5386240803955,-0.09193518919240855,-0.08306649926391399,1.4857612305770078,1.660923603666513,0.00034631849232711487,0.000653997793441938,10116.53552514263,20323.040695627413
4981aac5-8796-4e08-b095-bf8196e665ea,21,5.25,6432168.165653887,6436606.087076577,0.30645713450053463,0.3166773070173674,0.9993784999767732,1.0106039986508624,7646.030287497369,7888.538698871321,-0.091999155286748,-0.08301960952829385,1.4858720033926425,1.6610719445539215,0.00035306724545395673,0.0006681205377069309,10320.469665707507,20788.25076946123
4981aac5-8796-4e08-b095-bf8196e665ea,22,5.5,6431986.986760629,6436447.576693214,0.30675164887814893,0.31698285598601317,0.9993495124103237,1.0106312721763562,7648.592929629694,7893.649145113472,-0.09206397355666116,-0.08297131415422832,1.485983227247877,1.6612215769621512,0.0003599331509745575,0.0006825425882417138,10528.21991802955,21264.51087213868
4981aac5-8796-4e08-b095-bf8196e665ea,23,5.75,6431805.56312207,6436289.105213577,0.30704626346420555,0.3172886127397877,0.9993204542715121,1.0106585313215064,7651.202720389839,7898.872611770904,-0.09212966484027366,-0.08292158111365414,1.4860949077282701,1.6613725298216326,0.0003669178829556325,0.0006972705504412364,10739.852110102614,21752.11782220829
4981aac5-8796-4e08-b095-bf8196e665ea,24,6.0,6431623.890257976,6436130.67446392,0.30734098000721355,0.31759458171740995,0.999291324630877,1.0106857762877433,7653.860523070637,7904.211820041719,-0.09219625055612221,-0.08287037757461943,1.4862070504679907,1.6615248328576997,0.0003740231282315622,0.0007123111971218959,10955.43307372202,22251.378224135613
4981aac5-8796-4e08-b095-bf8196e665ea,25,6.25,6431441.963574418,6435972.286319829,0.3076358002871965,0.31790076746451784,0.9992621225358875,1.0107130072824255,7656.56721504541,7909.669565779376,-0.09226375272308954,-0.08281766987692916,1.486319661148516,1.661678516617441,0.00038125058602225066,0.0007276714738510215,11175.030654163136,22762.60887108451
4981aac5-8796-4e08-b095-bf8196e665ea,26,6.5,6431259.778360429,6435813.942707747,0.30793072611618044,0.3182071746366036,0.9992328470102542,1.0107402245190216,7659.3236879454,7915.2487220151825,-0.09233219398118596,-0.08276342350685362,1.4864327454972195,1.6618336124976854,0.0003886019675212657,0.0007433585044911769,11398.713719563988,23286.137167637968
4981aac5-8796-4e08-b095-bf8196e665ea,27,6.75,6431077.329784533,6435655.645606562,0.3082257593386864,0.3185138080020481,0.9992034970532152,1.0107674282172963,7662.13084783697,7920.9522415870215,-0.09240159761322064,-0.08270760307085535,1.4865463092858422,1.6619901527741812,0.0003960789954531819,0.0007593795969704026,11626.552169988972,23822.301573625147
4981aac5-8796-4e08-b095-bf8196e665ea,28,7.0,6430894.612891148,6435497.397049239,0.3085209018322279,0.3188206724452588,0.999174071638796,1.0107946186035055,7664.989615398384,7926.783159879707,-0.09247198756740749,-0.08265017226828761,1.4866603583288451,1.6621481706320318,0.0004036834035981933,0.0007757422492885112,11858.616946125188,24371.452070246552
4981aac5-8796-4e08-b095-bf8196e665ea,29,7.25,6430711.622596861,6435339.199124526,0.3088161555078126,0.3191277729699151,0.9991445697150414,1.010821795910598,7667.900926095972,7932.744597682631,-0.09254338848095386,-0.08259109386301419,1.4867748984816331,1.6623077001974504,0.00041141693628282536,0.0007924541557715548,12094.980037584764,24933.95064981258
4981aac5-8796-4e08-b095-bf8196e665ea,30,7.5,6430528.353686556,6435181.053978716,0.30911152231044864,0.3194351147023265,0.9991149902032186,1.010848960378425,7670.865730359487,7938.839764170749,-0.09261582570468278,-0.08253032965389831,1.4868899356386451,1.6624687765709052,0.000419281347834526,0.0008095232135874455,12335.714490755206,25510.171830503536
4981aac5-8796-4e08-b095-bf8196e665ea,31,7.75,6430344.800809404,6435022.963817474,0.309407004219655,0.3197427028949073,0.9990853319969907,1.0108761122539576,7673.884993756407,7945.071960015262,-0.09268932532874237,-0.08246784044410464,1.4870054757313063,1.662631435861726,0.000427278401998859,0.0008269575295346466,12580.894416166686,26100.503197596332
4981aac5-8796-4e08-b095-bf8196e665ea,32,8.0,6430160.958474692,6434864.930907739,0.30970260324997617,0.3200505429297744,0.9990555939615579,1.010903251791513,7676.959697164963,7951.444580630784,-0.09276391420945974,-0.08240358600915566,1.487121524725831,1.6627957152242536,0.000435409871317139,0.0008447654271188562,12830.594995318632,26705.34597277347
4981aac5-8796-4e08-b095-bf8196e665ea,33,8.25,6429976.821047503,6434706.957579691,0.30999832145150064,0.3203586403224722,0.999025774932766,1.0109303792529907,7680.090836945627,7957.961119566137,-0.09283961999739965,-0.08233752506367997,1.4872380886208734,1.6629616528956095,0.00044367753646261935,0.0008629554539315837,13084.892486914992,27325.115613180133
4981aac5-8796-4e08-b095-bf8196e665ea,34,8.5,6429792.382744217,6434549.046228797,0.31029416091038303,0.3206670007258309,0.9989958737161808,1.0109574949081144,7683.279425110793,7964.625172046425,-0.09291647116669213,-0.08226961522678643,1.487355173445017,1.6631292882351794,0.00045208318553320234,0.0008815363893468969,13343.864232452443,27960.242442058472
4981aac5-8796-4e08-b095-bf8196e665ea,35,8.75,6429607.637627851,6434391.199317937,0.3105901237493699,0.32097562993396417,0.9989658890861252,1.0109845990346886,7686.526489492346,7971.4404386744245,-0.09299449704569747,-0.08219981298599423,1.4874727852540928,1.663298661765899,0.000460628613298558,0.0009005172525520227,13607.588661102393,28611.172312865285
4981aac5-8796-4e08-b095-bf8196e665ea,36,9.0,6429422.579603202,6434233.419379606,0.31088621212832873,0.3212845338864126,0.9989358197846788,1.0110116919188619,7689.83307390681,7978.410729299902,-0.09307372784908048,-0.08212807365964457,1.4875909301283219,1.6634698152174439,0.0004693156203992924,0.000919907310929905,13876.145293819112,29278.367308958917
4981aac5-8796-4e08-b095-bf8196e665ea,37,9.25,6429237.202411803,6434075.709018209,0.3111824282447801,0.3215937186724385,0.9989056645206382,1.0110387738554012,7693.200238317744,7985.53996706596,-0.09315419471137135,-0.08205435135771544,1.4877096141692714,1.6636427915714291,0.00047814601249591764,0.0009397160888121944,14149.614746608378,29962.306481065043
4981aac5-8796-4e08-b095-bf8196e665ea,38,9.5,6429051.499626686,6433918.07091244,0.31147877433443244,0.32190319053548067,0.9988754219684347,1.011065845147979,7696.629058995017,7992.8321926421,-0.09323592972209463,-0.08197859894095573,1.4878288434966154,1.6638176351087293,0.00048712159936506114,0.0009599533766217337,14428.078732880263,30663.486624870176
4981aac5-8796-4e08-b095-bf8196e665ea,39,9.75,6428865.464646917,6433760.507817757,0.31177525267171935,0.3222129558777749,0.9988450907670081,1.0110929061094713,7700.120628670574,8000.291568654319,-0.0933189659625533,-0.08190076797825031,1.4879486242446909,1.66399439145904,0.0004962441939404214,0.0009806292404261276,14711.620064810228,31382.423101302982
4981aac5-8796-4e08-b095-bf8196e665ea,40,10.0,6428679.090691922,6433603.022568955,0.3120718655703391,0.3225230212651491,0.9988146695186354,1.0111199570622669,7703.676056690297,8007.922384323187,-0.0934033375443605,-0.08182080870212173,1.4880689625588406,1.664173107652808,0.0005055156112954841,0.0010017540319245824,15000.322653616266,32119.650702224168
4981aac5-8796-4e08-b095-bf8196e665ea,41,10.25,6428492.370795577,6433445.618082843,0.31236861538379607,0.32283339343200057,0.9987841567877098,1.0111469983385912,7707.296469161498,8015.729060321595,-0.09348907964981734,-0.08173866996226858,1.4881898645915308,1.6643538321756655,0.0005149376675653005,0.0010233383988908686,15294.27150866654,32875.724564420474
4981aac5-8796-4e08-b095-bf8196e665ea,42,10.5,6428305.297800048,6433288.297361025,0.31266550450594316,0.3231440792864641,0.9987535510994701,1.0111740302808434,7710.983009095596,8023.716153864606,-0.09357622857424183,-0.08165429917703408,1.4883113364982345,1.6645366150255145,0.0005245121788045094,0.0010453932960981394,15593.552735326228,33651.22113505669
4981aac5-8796-4e08-b095-bf8196e665ea,43,10.75,6428117.864349381,6433131.063492798,0.3129625353715259,0.3234550859157806,0.9987228509386754,1.0112010532419464,7714.736836545452,8031.88836404464,-0.0936648217703606,-0.08156764228269175,1.4884333844330673,1.6647215077724156,0.0005342409597778648,0.0010679299967525431,15898.253531422775,34446.73919195906
4981aac5-8796-4e08-b095-bf8196e665ea,44,11.0,6427930.0628828155,6432973.919658167,0.3132597104567266,0.3237664205918749,0.9986920547482251,1.0112280675857135,7718.55912873685,8040.250537426155,-0.09375489789488287,-0.08147864368042772,1.488556014544167,1.664908563621445,0.000544125822680545,0.0010909601044629036,16208.462182236322,35262.90092231019
4981aac5-8796-4e08-b095-bf8196e665ea,45,11.25,6427741.885627818,6432816.869130978,0.313557032279709,0.324078090777154,0.9986611609277181,1.0112550736872297,7722.451080193522,8048.807673914861,-0.09384649685738362,-0.08138724618089137,1.4886792329688014,1.665097837478699,0.0005541685757844457,0.0011144955657778413,16524.268053887434,36100.35306368032
4981aac5-8796-4e08-b095-bf8196e665ea,46,11.5,6427553.324592815,6432659.915282191,0.31385450340116205,0.32439010413053576,0.998630167831951,1.0112820719332496,7726.413902855134,8057.56493291759,-0.0939396598716321,-0.08129339094617768,1.4888030458281951,1.6652893860206346,0.0005643710220065345,0.0011385486833221856,16845.761584987547,36959.768111567144
4981aac5-8796-4e08-b095-bf8196e665ea,47,11.75,6427364.371559604,6432503.061583277,0.31415212642484347,0.3247024685137198,0.9985990737693504,1.0113090627226136,7730.448826187551,8066.527639809981,-0.09403442950951037,-0.08119701742909552,1.4889274592220576,1.6654832677669433,0.0005747349573960666,0.001163132129567144,17173.034276435745,37841.84559795291
4981aac5-8796-4e08-b095-bf8196e665ea,48,12.0,6427175.0180754475,6432346.311609771,0.31444990399812117,0.3250151919977127,0.9985678770003357,1.011336046466681,7734.557097284701,8075.701292730361,-0.09413084975767737,-0.08109806330956636,1.489052479222804,1.6656795431571825,0.0005852621695357147,0.0011882589612701798,17506.178679189994,38747.313445709595
4981aac5-8796-4e08-b095-bf8196e665ea,49,12.25,6426985.255444801,6432189.669044964,0.3147478388125127,0.3253282828696203,0.9985365757356094,1.011363023589783,7738.739980961287,8085.091569719455,-0.09422896607714391,-0.08099646442798775,1.4891781118694487,1.6658782746313885,0.0005959544358531545,0.0012139426346251142,17845.2883798813,39676.92940413052
4981aac5-8796-4e08-b095-bf8196e665ea,50,12.5,6426795.074720685,6432033.137683757,0.315045933604222,0.32564174963972037,0.998505168134371,1.0113899945296965,7742.998759835549,8094.704336226928,-0.09432882546593621,-0.08089215471538404,1.4893043631611609,1.6660795267149244,0.0006068135218379578,0.0012401970211628711,18190.45798408473,40631.482571189394
4981aac5-8796-4e08-b095-bf8196e665ea,51,12.75,6426604.466695657,6431876.721436677,0.31534419115467227,0.32595560104883087,0.9984736523024487,1.0114169597381377,7747.334734401229,8104.545653007265,-0.09443047652503789,-0.08078506612015526,1.489431239050463,1.6662833661078258,0.0006178411791595584,0.001267036424448866,18541.783097083902,41611.795008665526
4981aac5-8796-4e08-b095-bf8196e665ea,52,13.0,6426413.421892382,6431720.4243340725,0.31564261429103463,0.3262698460759882,0.9984420262903468,1.0114439196812794,7751.7492230878315,8114.6217844290795,-0.0945339695278139,-0.08067512853122147,1.4895587454360573,1.6664898617789314,0.000629039143680675,0.0012944755976232424,18899.3603019193,42618.72345666915
4981aac5-8796-4e08-b095-bf8196e665ea,53,13.25,6426221.930553769,6431564.250530486,0.3159412058867517,0.32658449394645217,0.9984102880912022,1.0114708748402916,7756.243562308211,8124.939207223667,-0.09463935649313455,-0.08056226969734605,1.489686888155263,1.6666990850651058,0.0006404091333616736,0.0013225297618363894,19263.28713453809,43653.16115472904
4981aac5-8796-4e08-b095-bf8196e665ea,54,13.5,6426029.98263264,6431408.20430922,0.31623996886205447,0.32689955414005495,0.9983784356386451,1.0114978257119067,7760.819106492462,8135.50461970053,-0.09474669126243358,-0.08044641514240605,1.4898156729760443,1.6669111097758815,0.000651952846049454,0.0013512146256344413,19633.66205580061,44716.039777143844
4981aac5-8796-4e08-b095-bf8196e665ea,55,13.75,6425837.56778093,6431252.290087106,0.31653890618447283,0.3272150363999121,0.9983464668045589,1.0115247728090113,7765.477228106997,8146.32495145959,-0.09485602958095159,-0.0803274880763609,1.4899451055886137,1.6671260123038776,0.00066367195714601,0.0013805464053519233,20010.584420138992,45808.33149088791
4981aac5-8796-4e08-b095-bf8196e665ea,56,14.0,6425644.675338363,6431096.512419481,0.3168380208693372,0.3275309507415157,0.9983143793967332,1.0115517166612658,7770.219317657649,8157.407373632024,-0.09496742918343445,-0.08020540930165322,1.4900751915965853,1.6673438717413733,0.0006755681171494833,0.0014105418465762028,20394.15444058688,46931.05114516581
4981aac5-8796-4e08-b095-bf8196e665ea,57,14.25,6425451.294320595,6430940.876005396,0.3171373159802711,0.3278473074622297,0.9982821711564043,1.0115786578157526,7775.046783675539,8168.759309684058,-0.0950809498845769,-0.08008009711475596,1.4902059365076643,1.667564770003449,0.000687642949061991,0.0014412182467503191,20784.47314993517,48085.258602384856
4981aac5-8796-4e08-b095-bf8196e665ea,58,14.5,6425257.413406779,6430785.385693054,0.3174367946296732,0.3281641171512097,0.9982498397556748,1.0116055968376567,7779.961052684371,8180.388446820615,-0.09519665367452301,-0.07995146720255898,1.4903373457238447,1.667788791958136,0.000699898045656914,0.0014729252038654156,21181.64235771309,49283.160529147455
4981aac5-8796-4e08-b095-bf8196e665ea,59,14.75,6425063.020926526,6430630.046485496,0.31773645997918737,0.3284813906997719,0.9982173827948072,1.0116325343109767,7784.963569147729,8192.305380228494,-0.09531462963749869,-0.07981940811868464,1.4904694245310972,1.668016052339985,0.0007123349665984032,0.001512125099597565,21585.76460268691,50742.281745752145
4981aac5-8796-4e08-b095-bf8196e665ea,60,15.0,6424868.104732998,6430474.8635939155,0.31803631523866505,0.32879913941494804,0.9981847977799025,1.01165947084798,7790.055795010911,8204.572324040346,-0.09543545286947917,-0.07968332982309312,1.4906021780646517,1.668247191567992,0.0007249552301676601,0.0015525625938168388,21996.94293945105,52255.3809512023
4981aac5-8796-4e08-b095-bf8196e665ea,61,15.25,6424672.64997763,6430319.84336763,0.31833636363735945,0.32911737703393623,0.9981520817389872,1.011686407259489,7795.239201939365,8217.20239760395,-0.09555923480890749,-0.0795430941784266,1.4907356108232221,1.6684823524418566,0.0007377602058261871,0.001594285324015471,22415.27766858778,53824.99783214667
4981aac5-8796-4e08-b095-bf8196e665ea,62,15.5,6424476.6412136005,6430164.992419755,0.31863660845183933,0.3294361178087962,0.9981192315820168,1.0117133443919155,7800.515277300322,8230.20934709392,-0.09568609232992158,-0.07939855694164268,1.4908697270810805,1.6687216847005748,0.0007507512028006768,0.001637343211309483,22840.869080276167,55453.82305667551
4981aac5-8796-4e08-b095-bf8196e665ea,63,15.75,6424280.062365162,6430010.3176402645,0.31893705300609915,0.32975537653105,0.9980862440947813,1.0117402831290738,7805.885523774831,8243.607583365574,-0.09581614807218708,-0.07924956741696161,1.4910045308684654,1.6689653454518198,0.000763929464767116,0.001681788597031456,23273.817324453048,57144.709333605584
4981aac5-8796-4e08-b095-bf8196e665ea,64,16.0,6424082.896694997,6429855.826209817,0.31923770067162205,0.3300751685577679,0.9980531159324135,1.0117672243941072,7811.351458917599,8257.412222623245,-0.09594953079523856,-0.07909596808408431,1.4911400259507936,1.6692134996341363,0.0007772961641899991,0.0017276763893443081,23714.22226885114,58900.683441700574
4981aac5-8796-4e08-b095-bf8196e665ea,65,16.25,6423885.126769449,6429701.525614418,0.3195385548673909,0.33039550983925053,0.9980198436124689,1.0117941691515333,7816.914614660392,8271.639130153242,-0.0960863757595072,-0.07893759419954673,1.4912762158066022,1.6694663205149487,0.0007908523962932171,0.0017750642207529721,24162.183343916502,60724.95932819602
4981aac5-8796-4e08-b095-bf8196e665ea,66,16.5,6423686.734421449,6429547.423660972,0.3198396190598428,0.3307164169484275,0.9979864235075417,1.0118211184094192,7822.576536754392,8286.30496739775,-0.09622682513643961,-0.07877427336885955,1.4914131036041438,1.6697239902277006,0.0008045991726370159,0.001824012617485548,24617.79937351195,62620.95238786007
4981aac5-8796-4e08-b095-bf8196e665ea,67,16.75,6423487.700710968,6429393.528493793,0.32014089676276136,0.33103790711210307,0.9979528518373815,1.0118480732216961,7828.338784146535,8301.427242675,-0.09637102845036577,-0.07860582508684004,1.4915506921765584,1.6699867003518043,0.0008434119292589279,0.0018745851818130336,25843.35944965964,64592.29504698131
4981aac5-8796-4e08-b095-bf8196e665ea,68,17.0,6423288.005882773,6429239.848612138,0.32044239153710063,0.33135999824419243,0.9979191246604647,1.0118750346906236,7834.37538107327,8317.024365883677,-0.09651914305505793,-0.07843206024327182,1.4916901347202087,1.6702546525394804,0.0008603066032856196,0.0019268487884920248,26401.707434991094,66642.85379182486
4981aac5-8796-4e08-b095-bf8196e665ea,69,17.25,6423087.629321274,6429086.389510862,0.32074411363233873,0.3316827089811052,0.99788523786498,1.0119020035779287,7840.535080938341,8333.115707566136,-0.0966713179279289,-0.07825278396413947,1.4918304102851958,1.670528055627207,0.0008775410283634826,0.0019808737901355327,26972.974357053143,68776.74757235043
4981aac5-8796-4e08-b095-bf8196e665ea,70,17.5,6422886.549536891,6428933.160081548,0.32104606745917214,0.3320060587193606,0.9978511871603951,1.0119289810453937,7846.820580206134,8349.72166196013,-0.09682772556751301,-0.07806778889522355,1.4919715268077793,1.6708071328279797,0.0008951209707743588,0.0020367342479074126,27557.459707171496,70998.36825859448
4981aac5-8796-4e08-b095-bf8196e665ea,71,17.75,6422684.744084232,6428780.169611078,0.3213482575169586,0.3323300676558321,0.9978169680661291,1.0119559683090413,7853.234628912742,8366.86371660141,-0.09698854782034405,-0.07787685742556916,1.4921134919258046,1.6710921195508792,0.0009130521934471664,0.0020945081806571695,28155.46824433787,73312.40309257967
4981aac5-8796-4e08-b095-bf8196e665ea,72,18.0,6422482.189507008,6428627.427803552,0.32165068839487854,0.3326547568306524,0.9977825759004804,1.0119829666422344,7859.780030943571,8384.564527098986,-0.09715397652191712,-0.07767976102694439,1.4922563129415407,1.6713832642564024,0.0009313404457919082,0.0021542778320214795,28767.309877573454,75723.85925056481
4981aac5-8796-4e08-b095-bf8196e665ea,73,18.25,6422278.861278931,6428474.944803707,0.32195336477304,0.33298014817305244,0.9977480057687362,1.0120099773789955,7866.4596442205475,8402.84799822663,-0.09732421419180086,-0.07747625953976135,1.4923999967816055,1.671680829386056,0.0009499914525117067,0.0022161299597449734,29393.299519359312,78238.0908546626
4981aac5-8796-4e08-b095-bf8196e665ea,74,18.5,6422074.733740225,6428322.731221952,0.32225629142351786,0.33330626455038326,0.9977132525503886,1.0120370019175624,7873.276380787399,8421.73937196973,-0.09749947478838064,-0.07726610040019707,1.4925445499537626,1.6719850923739397,0.0009690109013043964,0.0022801561494364755,30033.75690677431,80860.82871987775
4981aac5-8796-4e08-b095-bf8196e665ea,75,18.75,6421869.780029362,6428170.798161151,0.3225594732113167,0.33363312982059207,0.9976783108853736,1.0120640417242028,7880.233206780293,8441.265323242173,-0.09767998452936383,-0.07704901780264241,1.49268997850036,1.6722963467489746,0.0009884044293549108,0.0023464531552370954,30689.006386548197,83598.21316110075
4981aac5-8796-4e08-b095-bf8196e665ea,76,19.0,6421663.972009567,6428019.157245314,0.3228629150952453,0.33396076888845455,0.9976431751592444,1.0120910983373081,7887.333142269768,8461.454064073938,-0.09786598278491611,-0.07682473179091537,1.4928362879481603,1.6726149033375148,0.0010081776085134957,0.002415123270168862,31359.376659914353,86456.8302288409
4981aac5-8796-4e08-b095-bf8196e665ea,77,19.25,6421457.280189624,6427867.82065034,0.3231666221286894,0.3342892077658956,0.9976078394871744,1.0121181733717939,7894.579260958427,8482.33545716791,-0.09805772375217324,-0.07659294727089079,1.4929834832542954,1.6729410915772884,0.0010283359290420891,0.002486274729265073,32045.200482606127,89443.75179359951
4981aac5-8796-4e08-b095-bf8196e665ea,78,19.5,6421249.673636939,6427716.801137013,0.32347059946024814,0.3346184736367659,0.9975722976966784,1.0121452685238324,7901.974689716788,8503.941139875196,-0.09825547645934912,-0.07635335293619368,1.4931315687480589,1.6732752609564692,0.001048884781800513,0.002560022149506102,32746.814314837855,92566.57997847268
4981aac5-8796-4e08-b095-bf8196e665ea,79,19.75,6421041.119885964,6427566.112086436,0.3237748523342683,0.33494859492648305,0.9975365433089257,1.0121723855759501,7909.522607939263,8526.30465963755,-0.09845952600391711,-0.07610562009791458,1.4932805480682207,1.6736177825884149,0.0010698294387368004,0.002636487009208949,33464.55791570684,95833.49644068557
4981aac5-8796-4e08-b095-bf8196e665ea,80,20.0,6420831.584838925,6427415.767538123,0.3240793860912258,0.3352796013769876,0.9975005695185023,1.0121995264025216,7917.226246698648,8549.461622230525,-0.09867017510795435,-0.0758494014078238,1.4934304240955376,1.673969050939875,0.001091175031526975,0.002715798172032632,34198.77387563679,99253.31715724879
4981aac5-8796-4e08-b095-bf8196e665ea,81,20.25,6420621.032657657,6427265.782231008,0.3243842061679273,0.3356115241275155,0.9974643691714676,1.0122266929756998,7925.088887675725,8573.44985427215,-0.09888774551173582,-0.07558432946328685,1.4935811988800913,1.6743294857310738,0.0011129265281955326,0.002798092460764129,34949.807079806735,102835.55344276672
4981aac5-8796-4e08-b095-bf8196e665ea,82,20.5,6420409.425646302,6427116.171647618,0.3246893180975171,0.3359443958017473,0.9974279347415265,1.0122538873718216,7933.113861838368,8598.309581628248,-0.09911257950374124,-0.07531001528061616,1.4937328735630728,1.6746995340274977,0.00113508870753439,0.0028835152863229494,35718.00409481944,106590.48002201473
4981aac5-8796-4e08-b095-bf8196e665ea,83,20.75,6420196.724123913,6426966.952061727,0.324994727509264,0.3362782506019573,0.9973912583041181,1.0122811117783408,7941.304547841575,8624.083625581046,-0.09934504160311927,-0.07502604662180755,1.4938854482925896,1.6750796725465789,0.0011576661311177422,0.002972221338375685,36503.7124699212,110529.21111493463
4981aac5-8796-4e08-b095-bf8196e665ea,84,21.0,6419982.88628589,6426818.140589824,0.3253004401280987,0.33661312441086,0.997354331508198,1.0123083685013334,7949.664370116797,8650.817618884865,-0.09958552041286896,-0.07473198615757796,1.4940389221330463,1.6754704102057492,0.0011806631126897512,0.0030643753448182107,37307.27994309654,114663.78564156557
4981aac5-8796-4e08-b095-bf8196e665ea,85,21.25,6419767.868053068,6426669.755246757,0.3256064617738704,0.33694905490193333,0.9973171455454602,1.0123356599736408,7958.196796615438,8678.5602441305,-0.09983443066456765,-0.07442736944727292,1.494193292967611,1.6758722909421622,0.0012040836846818677,0.0031601529083839634,38129.05354134083,119007.26283094785
4981aac5-8796-4e08-b095-bf8196e665ea,86,21.5,6419551.622907079,6426521.815005982,0.32591279836028525,0.3372860816590947,0.9972796911167153,1.0123629887637111,7966.905336167554,8707.363497186032,-0.10009221547846059,-0.0741117027134899,1.4943485573932394,1.6762858968388332,0.0012279315615870718,0.003259741429808688,38969.37856304703,123573.82972703445
4981aac5-8796-4e08-b095-bf8196e665ea,87,21.75,6419334.101710459,6426374.339864882,0.32621945589348617,0.3376242463067126,0.9972419583950981,1.012390357585216,7975.793535412433,8737.282978884827,-0.10035934886620779,-0.07378446038610047,1.4945047106076927,1.6767118515971522,0.0012522100998944956,0.003363341128329841,39828.597429196685,128378.92233177461
4981aac5-8796-4e08-b095-bf8196e665ea,88,22.0,6419115.252509771,6426227.350915666,0.32652644047022816,0.33796359265106324,0.9972039369857402,1.0124177693075225,7984.8649752529,8768.378218602413,-0.10063633850765197,-0.07344508238666794,1.4946617462879297,1.6771508244018387,0.0012769222542522855,0.003471166171884976,40707.04838836268,133439.36241987045
4981aac5-8796-4e08-b095-bf8196e665ea,89,22.25,6418895.020319752,6426080.870422461,0.326833758275597,0.33830416683448106,0.9971656158814873,1.012445226967117,7994.123266779756,8800.71303391545,-0.10092372883773995,-0.07309297111994917,1.4948196564592113,1.6776035342315825,0.0013020705294931488,0.00358344593121171,41605.064058844146,138773.51241011207
4981aac5-8796-4e08-b095-bf8196e665ea,90,22.5,6418673.346886245,6425934.921905239,0.32714141558021226,0.3386460175036207,0.997126983414184,1.0124727337800836,8003.572046606604,8834.355931184025,-0.10122210448533657,-0.07272748813412076,1.4949784313542007,1.6780707546770908,0.0013276569281155217,0.0037004263742310027,42522.96978922572,144401.45109837825
4981aac5-8796-4e08-b095-bf8196e665ea,91,22.75,6418450.170425336,6425789.53023134,0.32744941873684813,0.338989195993434,0.9970880272009797,1.01250029315576,8013.214971548456,8869.380552662271,-0.1015320941122835,-0.07234795040543364,1.4951380592612782,1.6785533193382909,0.0013536828927676753,0.003822371619626627,43461.081816400205,150345.17356066953
4981aac5-8796-4e08-b095-bf8196e665ea,92,23.0,6418225.425335762,6425644.721715435,0.32775777417639707,0.33933375652868764,0.9970487340850281,1.0125279087117036,8023.055712569703,8905.866176645219,-0.10185437470888012,-0.07195362619600032,1.4952985263612288,1.6790521278843398,0.0013801492432311542,0.003949565671561534,44419.70519756373,156628.81914259898
4981aac5-8796-4e08-b095-bf8196e665ea,93,23.25,6417999.041881203,6425500.524228902,0.3280664884030894,0.3396797564451015,0.99700909006986,1.0125555842901262,8033.0979479182515,8943.898278231058,-0.10218967641125552,-0.0715437304251352,1.4954598165513917,1.679568152874283,0.0014070561073396917,0.004082314361011257,45399.13148974152,163278.93218547452
4981aac5-8796-4e08-b095-bf8196e665ea,94,23.5,6417770.945838567,6425356.967319692,0.32837556798887124,0.3400272564324853,0.9969690802465948,1.0125833239759727,8043.345355352618,8983.569159553,-0.10253878791717067,-0.07111741948483422,1.495621911256277,1.6801024474531638,0.0014344028452039637,0.004220947523443402,46399.63614713556,170324.7610317373
4981aac5-8796-4e08-b095-bf8196e665ea,95,23.75,6417541.058107786,6425214.082343964,0.32868501956682894,0.34037632080259755,0.9969286887130286,1.0126111321168474,8053.801603357482,9024.978659858425,-0.10290256259002996,-0.07067378541826036,1.495784789223576,1.6806561540587506,0.001462187966035074,0.004365821447603701,47421.47560278333,177798.601939446
4981aac5-8796-4e08-b095-bf8196e665ea,96,24.0,6417309.2942779055,6425071.9026109,0.3289948498235307,0.34072701778485837,0.9968878984834798,1.01263901334502,8064.470341230248,9068.234957639845,-0.10328192535677591,-0.07021184936608593,1.495948426304397,1.6812305142985742,0.001490409036771571,0.0045173216362122065,48464.88399669132,185736.19586712695
4981aac5-8796-4e08-b095-bf8196e665ea,97,24.25,6417075.5641434295,6424930.4635423515,0.3293050654901387,0.34107941985352624,0.996846691388088,1.0126669726017818,8075.355187906427,9113.45547922174,-0.10367788052449854,-0.06973055416871328,1.4961127952164517,1.6818268801866556,0.0015190625816141827,0.00467586592662566,49530.06950766855,194177.18772757013
4981aac5-8796-4e08-b095-bf8196e665ea,98,24.5,6416839.771163862,6424789.802849215,0.32961567333212033,0.34143360409051277,0.9968050479600438,1.01269501516446,8086.459719374792,9160.767930866294,-0.10409152066378026,-0.06922875599210754,1.4962778652888113,1.6824467269653582,0.0015481439714547368,0.004841908028272889,50617.21024035485,203165.65973194683
4981aac5-8796-4e08-b095-bf8196e665ea,99,24.75,6416601.811858208,6424649.960726723,0.32992668013736226,0.3417896525886787,0.9967629473089599,1.0127231466764517,8097.787454513799,9210.311474689306,-0.10452403673498728,-0.06870521482041243,1.4964436021867202,1.6830916677818069,0.0015776473020495555,0.0050159415442630325,51726.449612332035,212750.75295633732
4981aac5-8796-4e08-b095-bf8196e665ea,100,25.0,6416361.575124724,6424510.980071177,0.3302380927024582,0.3421476529012501,0.9967203669782811,1.012751373180696,8109.341839158454,9262.23807261462,-0.10497672966814628,-0.06815858362865161,1.4966099676148201,1.6837634705422693,0.001607565259631097,0.005198504557483077,52857.891178621925,222987.39439635447
4981aac5-8796-4e08-b095-bf8196e665ea,101,25.25,6416118.941474514,6424372.906721087,0.33054991781690307,0.34250769854394236,0.9966772827842428,1.0127797011570732,8121.126228180883,9316.714027419604,-0.10545102364929386,-0.06758739601232573,1.4967769189969844,1.6844640773343649,0.0016378889724646725,0.005390184877253869,54011.59282192801,233937.1507042645
4981aac5-8796-4e08-b095-bf8196e665ea,102,25.5,6415873.782165431,6424235.789726158,0.3308621622448824,0.34286988955751896,0.9966336686334234,1.0128081375643017,8133.1438653378555,9373.921755864472,-0.10594848141829186,-0.06699005200591665,1.4969444091307882,1.6851956268892756,0.0016686078466400895,0.005591626062006876,55187.56022662076,245669.23475963954
4981aac5-8796-4e08-b095-bf8196e665ea,103,25.75,6415625.958220221,6424099.6816481445,0.33117483270428905,0.3432343331398826,0.9965894963153689,1.0128366898870116,8145.397860603413,9434.061836251014,-0.10647082194770711,-0.06636480176702882,1.4971123858144533,1.6859604806586026,0.0016997093841342934,0.0058035343573545435,56385.73954240274,258261.6975108163
4981aac5-8796-4e08-b095-bf8196e665ea,104,26.0,6415375.319309694,6423964.638898356,0.3314879358425348,0.3436011443584554,0.9965447352660695,1.0128653661887874,8157.891164663789,9497.3553819067,-0.10701994095290206,-0.0657097267343179,1.4972807914438877,1.6867612532088025,0.0017311789808721605,0.006026686718656152,57606.00912912788,271802.84554967826
4981aac5-8796-4e08-b095-bf8196e665ea,105,26.25,6415121.702477904,6423830.7221174035,0.33180147820864214,0.34397044695562257,0.9964993522972092,1.0128941751721268,8170.6265402034505,9564.046803543593,-0.10759793478449982,-0.0650227177817923,1.497449562577203,1.6876008477976985,0.0017629997021534837,0.006261940124254862,58848.17025744064,286392.93518934597
4981aac5-8796-4e08-b095-bf8196e665ea,106,26.5,6414864.930681551,6423697.9966038745,0.33211546622100385,0.34434237426247966,0.9964533112850449,1.0129231262464446,8183.606529554042,9634.407037863753,-0.10820712838185655,-0.06430144978468683,1.497618629463816,1.6884824982023052,0.0017951520323788988,0.00651024243217321,60111.936619760665,302146.20714660466
4981aac5-8796-4e08-b095-bf8196e665ea,107,26.75,6414604.811109934,6423566.532799897,0.3324299061300743,0.34471707023915343,0.9964065728114418,1.0129522296054714,8196.833418210083,9708.737338059997,-0.1088501081280764,-0.0635433518764803,1.4977879155349338,1.6894098181283828,0.0018276135954793347,0.006772645091947053,61396.922481945825,319193.34329652577
4981aac5-8796-4e08-b095-bf8196e665ea,108,27.0,6414341.13324443,6423436.406843135,0.3327448039751056,0.3450946906637126,0.9963590937479264,1.0129814963156725,8210.309193634079,9787.373745179164,-0.10952976065416307,-0.06274557250419782,1.497957336851863,1.6903868598676213,0.0018603588418223632,0.007050318098232438,62702.62927718644,337684.44975993613
4981aac5-8796-4e08-b095-bf8196e665ea,109,27.25,6414073.666607166,6423307.701196746,0.33306016553385176,0.3454754044963428,0.9963108267715086,1.0130109384176618,8224.035498676014,9870.692389277752,-0.11024931890665125,-0.061904938168370345,1.4981268015081808,1.6914181843024843,0.0018933586965850788,0.007344567668885112,64028.430408418295,357792.70074205974
4981aac5-8796-4e08-b095-bf8196e665ea,110,27.5,6413802.158136823,6423180.505371249,0.333375996263923,0.3458593954512897,0.9962617197983478,1.0130405690430062,8238.013578813807,9959.115808091758,-0.11101241713938376,-0.06101790444926126,1.498296208981328,1.6925089449249124,0.001926580163631282,0.007656857254235515,65373.55398295382,379718.817781914
4981aac5-8796-4e08-b095-bf8196e665ea,111,27.75,6413526.329114463,6423054.916755364,0.3336923012341695,0.34624686381642356,0.9962117153178959,1.013070402549364,8252.244222276931,10053.120521569763,-0.11182315694344887,-0.06008049755074827,1.4984654494286378,1.6936649892796092,0.0019599858777427626,0.007988832645727712,66737.06315044752,403696.6132584158
4981aac5-8796-4e08-b095-bf8196e665ea,112,28.0,6413245.87154295,6422931.0415767385,0.3340090850440826,0.3466380285696043,0.996160749605714,1.0131004546775837,8266.727691937893,10153.246167257745,-0.1126861870279731,-0.059088244107862446,1.4986344029221619,1.6948929822303749,0.0019935335965749162,0.008342352163981033,68117.83365035575,429999.90066610085
4981aac5-8796-4e08-b095-bf8196e665ea,113,28.25,6412960.443858445,6422808.996018448,0.33432635172869624,0.3470331298529603,0.9961087517873668,1.0131307427352705,8281.463647636248,10260.106590041103,-0.11360680026250115,-0.05803608636188804,1.4988029386158954,1.6962005567707508,0.0020271756218455676,0.008719523187014529,69514.52809402508,458951.1753612946
4981aac5-8796-4e08-b095-bf8196e665ea,114,28.5,6412669.665819589,6422688.907523508,0.33464410464581196,0.34743243188158696,0.9960556427181892,1.013161285812458,8296.4510573248,10374.40339847476,-0.11459105256617655,-0.05691827894935696,1.498970913838078,1.697596499889649,0.0020608581368991583,0.009122746654723908,70925.5664044061,490932.6100017163
4981aac5-8796-4e08-b095-bf8196e665ea,115,28.75,6412373.11237655,6422570.916327862,0.33496234634150024,0.347836226383202,0.9960013336336079,1.0131921050364983,8311.688095080443,10496.942660839977,-0.11564590969123574,-0.055728262394140034,1.4991381731001436,1.6990909834494756,0.0020945204447604935,0.009554771692954857,72349.09170671705,526400.1063644534
4981aac5-8796-4e08-b095-bf8196e665ea,116,29.0,6412070.306264053,6422455.177273091,0.33528107838866866,0.3482448366916139,0.9959457245111346,1.0132232238752192,8327.172023579673,10628.655634594092,-0.11677942996151573,-0.054458506813249666,1.4993045470125401,1.7006958534189713,0.002128094086866102,0.010018763193616175,73782.93079658586,565901.4262298883
4981aac5-8796-4e08-b095-bf8196e665ea,117,29.25,6411760.708984164,6422341.861964297,0.3356003011919185,0.3486586226517861,0.9958887020667402,1.013254668499964,8342.899058068566,10770.624728771709,-0.11800099383295569,-0.05310031716781325,1.4994698510959719,1.7024249955437012,0.0021615018175389954,0.010518386145737873,75224.54809605094,610099.8293957527
4981aac5-8796-4e08-b095-bf8196e665ea,118,29.5,6411443.709737427,6422231.161357606,0.3359200137497671,0.34907798654115113,0.9958301372830297,1.0132864682235778,8358.864208113664,10924.116328738066,-0.11932159510779605,-0.05164358834385935,1.4996338844745338,1.7042948022669575,0.002194656402483667,0.01105791185512902,76670.99172335153,659805.2403681017
4981aac5-8796-4e08-b095-bf8196e665ea,119,29.75,6411118.611712658,6422123.28888738,0.3362402133623369,0.34950338027546635,0.995769882331457,1.0133186560330831,8375.06109243916,11090.62272525787,-0.12075421431775922,-0.050076494028387125,1.49979642843458,1.7063247754073978,0.0022274592005042376,0.011642353097781586,78118.82992450942,716015.8481295564
4981aac5-8796-4e08-b095-bf8196e665ea,120,30.0,6410784.614937397,6422018.484278307,0.33656089526842964,0.3499353142550336,0.9957077667011519,1.0133512692432174,8391.481720843029,11271.916276218115,-0.12231430306926828,-0.04838508713088266,1.499957244829791,1.708538313284806,0.002259798475330175,0.012277638003729075,79564.07560464588,779974.3797306444
4981aac5-8796-4e08-b095-bf8196e665ea,121,30.25,6410440.794594145,6421917.018236209,0.33688205218991746,0.3503743683291813,0.9956435922757545,1.0133843503059816,8408.11623540282,11470.120233437414,-0.12402042041028077,-0.04655278040930729,1.5001160743085402,1.7109637521040977,0.0022915473675038855,0.012970836503456257,81002.095999524,853245.349956663
4981aac5-8796-4e08-b095-bf8196e665ea,122,30.5,6410086.073277096,6421819.198279891,0.3372036737526755,0.35082120552978513,0.995577126995884,1.0134179478240504,8424.952600724086,11687.802620909064,-0.1258950808038008,-0.04455966242226964,1.5002726343338815,1.7136357634484924,0.002322561432626246,0.01373045919614812,82427.50355783549,937822.8363560218
4981aac5-8796-4e08-b095-bf8196e665ea,123,30.75,6409719.185028607,6421725.376074457,0.3375257457403613,0.3512765894735428,0.9955080965907882,1.0134521178341853,8441.97622953559,11928.102537530762,-0.12796590186206117,-0.0423815833715384,1.5004266169587743,1.716597259363974,0.0023526756186620043,0.014566857683068682,83834.02273319042,1036283.5617671068
4981aac5-8796-4e08-b095-bf8196e665ea,124,31.0,6409338.6280373,6421635.956769357,0.33784824911777134,0.3517414066978362,0.9954361736291969,1.013486925453619,8459.169525003515,12194.902924790176,-0.13026718508360502,-0.03998891349691437,1.5005776863086469,1.7199020351796053,0.0023817005064121362,0.015492769717124233,85214.32540827084,1152008.7162888537
4981aac5-8796-4e08-b095-bf8196e665ea,125,31.25,6408942.601404593,6421551.411056992,0.33817115873014303,0.3522166957415306,0.9953609627773989,1.0135224470225237,8476.511313935425,12493.071314968982,-0.13284213585042776,-0.03734482597363767,1.5007254757088342,1.723618508100896,0.0024094175655176957,0.01652407536514094,86559.82476553957,1289512.658114181
4981aac5-8796-4e08-b095-bf8196e665ea,126,31.5,6408528.919056063,6421472.290990629,0.3384944415364322,0.35270368561880683,0.9952819805770788,1.0135587729371445,8493.976134284163,12828.802379756398,-0.1357460506386661,-0.03440287345824586,1.5008695843738271,1.7278351235517762,0.0024355730700673928,0.01768086787587953,87860.41304247445,1454942.4439220126
4981aac5-8796-4e08-b095-bf8196e665ea,127,31.75,6408094.890087518,6421399.2511039125,0.3388180541553581,0.35320384764805385,0.9951986271143923,1.0135960114646807,8511.533323863978,13210.116986348412,-0.1390510089311682,-0.031103488084616493,1.5010095735454714,1.7326683707644606,0.0024598701502309213,0.018989006428204957,89104.12185245442,1656859.083868236
4981aac5-8796-4e08-b095-bf8196e665ea,128,32.0,6407637.148484294,6421333.077181026,0.33914193936876513,0.3537189667207354,0.9951101453630675,1.0136342939869198,8529.145831155236,13647.60918444458,-0.14285298166502935,-0.027368792082117174,1.501144961923095,1.7382750109740286,0.0024819581894198876,0.020482429258341713,90276.67302080881,1907500.334734358
4981aac5-8796-4e08-b095-bf8196e665ea,129,32.25,6407151.404105472,6421274.726361562,0.33946602099071904,0.35425124163780713,0.995015561203221,1.013673782379799,8546.768626617619,14155.599714757858,-0.14728296575537206,-0.023094666933788765,1.501275220161174,1.7448713572879821,0.002501418337676731,0.022206708919272393,91360.87028240344,2224901.3064448037
4981aac5-8796-4e08-b095-bf8196e665ea,130,32.5,6406632.066792167,6421225.384554324,0.33979019607709365,0.35480343027628597,0.994913592042025,1.0137146796866052,8564.34652105416,14753.983288704734,-0.15252512000172105,-0.01813819725302851,1.5013997641039245,1.7527648657610464,0.002517743163823994,0.024224720241583387,92335.75223391733,2636618.828265658
4981aac5-8796-4e08-b095-bf8196e665ea,131,32.75,6406071.657322365,6421186.551232093,0.34011432261303476,0.35537906643792244,0.9948025022405625,1.0137572460568558,8581.811070487387,15471.316938229575,-0.15884770943355062,-0.01229694598400943,1.5015179462518895,1.7624083116191656,0.002530307138228536,0.026626077117340722,93175.37375913151,3186630.8466702015
4981aac5-8796-4e08-b095-bf8196e665ea,132,33.0,6405459.8420502385,6421160.169380198,0.34043819910050455,0.35598279630678115,0.9946798638415082,1.013801823470441,8599.076010604385,16350.256866207917,-0.1666589522221487,-0.005272994787535807,1.5013235990601852,1.7744979264436997,0.002538322151535398,0.029543687803389507,93846.98395567763,3948970.318857578
4981aac5-8796-4e08-b095-bf8196e665ea,133,33.25,6404781.762050935,6421148.833711984,0.34076152869819665,0.3566209249487818,0.9945421383331071,1.0138490833395601,8616.030196596803,17457.753703364673,-0.17661502743684765,0.003397562054933108,1.5003899782622157,1.7901635015841606,0.0025407673480448887,0.03318472802459704,94308.17237846406,5056907.2843630435
4981aac5-8796-4e08-b095-bf8196e665ea,134,33.5,6404014.93776905,6421163.662133842,0.34108385153697346,0.35730235931891147,0.994383893562338,1.013900239680332,8622.379661520605,18905.748740694147,-0.18984802531274989,0.014484753662262444,1.498099089821946,1.8113689613244226,0.0025335642524322286,0.037893682183828346,94179.46319134855,6772118.926606559
4981aac5-8796-4e08-b095-bf8196e665ea,135,33.75,6403123.013447864,6421232.121018239,0.3414040276247191,0.35804040212972665,0.9941961939533239,1.0139574599243735,8579.951503922997,20897.78825853524,-0.20852784121632256,0.029396083768451924,1.493125346778389,1.8418890951714,0.0025069140132299556,0.04429439371982881,92273.94926697151,9672069.642801424
4981aac5-8796-4e08-b095-bf8196e665ea,136,34.0,6402041.449160129,6421385.677184157,0.34171890178278963,0.3588563238375654,0.9939629091254518,1.0140250562611435,8425.047168091583,23849.275469542292,-0.23749666119122723,0.05110209894755687,1.4822710250751645,1.8901119556344166,0.002450358262900352,0.0536599970455191,86964.95424075738,15260579.601288704
4981aac5-8796-4e08-b095-bf8196e665ea,137,34.25,6400638.692634684,6421690.231599002,0.34202158677633165,0.35978763909297784,0.9936506632216279,1.014112995385619,7971.047809581342,28765.335602332296,-0.29010831021717554,0.0872332365062023,1.4559916107872157,1.9788204741055702,0.0023438288605189365,0.06911124563798578,74460.6340338258,28592861.162308406
4981aac5-8796-4e08-b095-bf8196e665ea,138,34.5,6398581.568345102,6422316.759615414,0.34229452639940877,0.36091117289107494,0.9931743515226378,1.0142505036386646,6484.6345717674585,38849.71519464205,-0.42004565680437644,0.1670985325050831,1.373843198074634,2.1959338686686745,0.002141610078757878,0.1010760490978683,45027.871813171696,76277059.18639466
4981aac5-8796-4e08-b095-bf8196e665ea,139,34.75,6394620.819083224,6423932.150186246,0.34248142068470855,0.3624290763037171,0.9922248926140942,1.0145679839600734,-1142.6217207932796,71339.10535005844,-1.1120156452180128,0.5603162138820782,0.86848703573967,3.2635388157997522,0.0015264942294001681,0.21705414112539675,-8846433.446996517,552323342.1551083
194b06fc-f993-4d09-bd7d-be8a87e8a84d,0,0.0,6435923.266468614,6439941.012097669,0.3002926942190099,0.31030191592354633,0.9999723692334324,1.0100276307665677,7601.717506282508,7803.187567750608,-0.09080715210087482,-0.08375223743062692,1.4836323602788348,1.6581895193516405,0.00023349226706843374,0.0004255131881264079,6746.304803027974,12954.692891041714
194b06fc-f993-4d09-bd7d-be8a87e8a84d,1,0.25,6435746.363514448,6439782.032895786,0.3005854572291431,0.3106039641206149,0.9999446836413471,1.0100552439255823,7603.466377688102,7806.44313616787,-0.0908577036253534,-0.08372778721822778,1.483735202716922,1.658317078976454,0.0002382275148113399,0.0004348187008667964,6886.288036714976,13249.046355465083
194b06fc-f993-4d09-bd7d-be8a87e8a84d,2,0.5,6435569.288504393,6439623.063432454,0.30087829019868634,0.31090614726142163,0.9999169426673623,1.0100828395830055,7605.247211509301,7809.768259198455,-0.09090878778367309,-0.08370243398149414,1.4838383959204686,1.6584454851725228,0.00024304949395630978,0.00044431990616414647,7028.965255402201,13550.086553450434
194b06fc-f993-4d09-bd7d-be8a87e8a84d,3,0.75,6435392.038742717,6439464.104771935,0.30117119431801037,0.3112084680772096,0.9998891457425161,1.0101104178480087,7607.060615394644,7813.164528909466,-0.09096041698384572,-0.08367615779365613,1.4839419443586737,1.6585747552612726,0.0002479595778553842,0.0004540209220183985,7174.384467956036,13857.97616792371
194b06fc-f993-4d09-bd7d-be8a87e8a84d,4,1.0,6435214.611469436,6439305.1580053745,0.30146417079994353,0.3115109293617477,0.9998612922849341,1.0101379788330591,7608.9072075047325,7816.633576585647,-0.09101260394425685,-0.08364893826642339,1.484045852558988,1.6587049069941746,0.0002529591558382692,0.00046392596027636614,7322.594468943348,14172.882524490951
194b06fc-f993-4d09-bd7d-be8a87e8a84d,5,1.25,6435037.003858638,6439146.224251556,0.3017572208801504,0.3118135339728725,0.9998333816994861,1.0101655226540072,7610.787616669864,7820.177073865647,-0.09106536170288393,-0.08362075453781703,1.4841501251071574,1.6588359585652652,0.0002580496331952585,0.00047403932919888397,7473.644849629703,14494.977755498856
194b06fc-f993-4d09-bd7d-be8a87e8a84d,6,1.5,6434859.213016757,6438987.304657677,0.3020503458175158,0.3121162848340746,0.9998054133774317,1.0101930494301776,7612.702482549199,7823.796733919032,-0.09111870362685232,-0.08359158525960483,1.4842547666472272,1.658967928624118,0.000263232431149702,0.00048436543611652836,7627.586009042179,14824.438971137306
194b06fc-f993-4d09-bd7d-be8a87e8a84d,7,1.75,6434681.235980791,6438828.4004001515,0.3023435468945337,0.3124191849361315,0.9997773866960551,1.0102205592844626,7614.652455791443,7827.494312665803,-0.09117264342234442,-0.08356140858432376,1.4843597818815062,1.6591008362892852,0.00026850898681881697,0.0004949087901781237,7784.469165071651,15161.448437950292
194b06fc-f993-4d09-bd7d-be8a87e8a84d,8,2.0,6434503.069716466,6438669.512685437,0.302636825417702,0.3127222373387881,0.9997493010182884,1.0102480523434192,7616.63819819702,7831.2716100403,-0.0912271951448774,-0.08353020215187276,1.4844651755704865,1.6592347011622341,0.0002738807531627611,0.0005056740051954661,7944.346365621967,15506.193765112434
194b06fc-f993-4d09-bd7d-be8a87e8a84d,9,2.25,6434324.711116336,6438510.64275089,0.3029301827179218,0.31302544517248737,0.9997211556923226,1.010275528737369,7618.660382881687,7835.130471301443,-0.09128237320996588,-0.08349794307565811,1.4845709525327182,1.6593695433417948,0.00027934919892099927,0.0005166658025887212,8107.270499787918,15858.8680988748
194b06fc-f993-4d09-bd7d-be8a87e8a84d,10,2.5,6434146.1569978325,6438351.791865651,0.30322362015090276,0.31332881164015197,0.9996929500512057,1.0103029886005013,7620.719694441553,7839.072788391355,-0.09133819240418703,-0.08346460792827272,1.4846771176446358,1.6595053834391464,0.00028491580853544455,0.0005278890144367402,8273.295309056939,16219.67032559365
194b06fc-f993-4d09-bd7d-be8a87e8a84d,11,2.75,6433967.404101238,6438192.961331553,0.30351713909757283,0.31363234001901985,0.9996646834124291,1.0103304320709803,7622.8168291194615,7843.100501344547,-0.09139466789666623,-0.08343017272668975,1.4847836758403334,1.659642242593365,0.0002905820820596095,0.0005393485866368596,8442.475398522563,16588.805283783033
194b06fc-f993-4d09-bd7d-be8a87e8a84d,12,3.0,6433788.449087604,6438034.152484071,0.3038107409644943,0.3139360336625349,0.9996363550774986,1.0103578592910551,7624.95249497269,7847.215599749934,-0.09145181525100228,-0.08339461291695019,1.4848906321112858,1.6597801424875578,0.0002963495350529575,0.0005510495821790021,8614.866248096305,16966.48398565855
194b06fc-f993-4d09-bd7d-be8a87e8a84d,13,3.25,6433609.288536599,6437875.366693295,0.3041044271842844,0.3142398960022953,0.9996079643314928,1.0103852704071747,7627.127412041898,7851.420124268073,-0.09150965043765259,-0.08335790335832262,1.484997991506013,1.659919105365612,0.00030221969845991583,0.00056299718453903,8790.524223712611,17352.92384866357
194b06fc-f993-4d09-bd7d-be8a87e8a84d,14,3.5,6433429.918944281,6437716.605364932,0.30439819921604155,0.31454393055006125,0.9995795104426062,1.0104126655701053,7629.342312521282,7855.716168206149,-0.09156818984679925,-0.08332001830691267,1.4851057591296857,1.6600591540495855,0.0003081941184725407,0.0005751967011967847,8969.506588507986,17748.3489375054
194b06fc-f993-4d09-bd7d-be8a87e8a84d,15,3.75,6433250.336720799,6437557.869941357,0.30469205854577697,0.3148481408998251,0.9995509926616772,1.0104400449350528,7631.59794092986,7860.1058791533615,-0.09162745030171855,-0.08328093139869833,1.4852139401436661,1.6602003119577715,0.0003142743563760031,0.0005876535672843003,9151.871513960412,18152.99021725318
194b06fc-f993-4d09-bd7d-be8a87e8a84d,16,4.0,6433070.5381880235,6437399.161902684,0.3049860066868513,0.31515253072994526,0.9995224102217002,1.0104674086617893,7633.895054283819,7864.591460679507,-0.09168744907267735,-0.08324061563196598,1.485322539764984,1.6603426031234654,0.00032046198837615254,0.0006003733493698569,9337.678090977968,18567.085818079253
194b06fc-f993-4d09-bd7d-be8a87e8a84d,17,4.25,6432890.519577084,6437240.4827678865,0.3052800451804166,0.31545710380534725,0.9994937623373209,1.010494756914784,7636.234422269854,7869.175174099702,-0.09174820389138112,-0.08319904334912105,1.4854315632657416,1.6604860522144695,0.0003267586054079479,0.0006133617493846287,9526.986340911753,18990.88131228526
194b06fc-f993-4d09-bd7d-be8a87e8a84d,18,4.5,6432710.2770258365,6437081.834095946,0.3055741755958641,0.31576186397979406,0.999465048204315,1.010522089863339,7638.616827419401,7873.859340308361,-0.09180973296599985,-0.0831561860525335,1.4855410159724451,1.6606306845533714,0.00033316581292429565,0.0006266246086975803,9719.857226490165,19424.630004248174
194b06fc-f993-4d09-bd7d-be8a87e8a84d,19,4.75,6432529.806576234,6436923.217487361,0.3058683995312763,0.31606681519823276,0.999436266999048,1.0105494076817294,7641.043065282328,7878.646341685735,-0.09187205499679961,-0.08311201460872342,1.485650903265223,1.66077652613863,0.0003396852306491406,0.0006401679123487577,9916.352662209802,19868.593234090695
194b06fc-f993-4d09-bd7d-be8a87e8a84d,20,5.0,6432349.104171614,6436764.634585277,0.30616271861388517,0.3163719614992105,0.999407417877917,1.0105767105493495,7643.513944603011,7883.5386240803955,-0.09193518919240855,-0.08306649926391399,1.4857612305770078,1.660923603666513,0.00034631849232711487,0.000653997793441938,10116.53552514263,20323.040695627413
194b06fc-f993-4d09-bd7d-be8a87e8a84d,21,5.25,6432168.165653887,6436606.087076577,0.30645713450053463,0.3166773070173674,0.9993784999767732,1.0106039986508624,7646.030287497369,7888.538698871321,-0.091999155286748,-0.08301960952829385,1.4858720033926425,1.6610719445539215,0.00035306724545395673,0.0006681205377069309,10320.469665707507,20788.25076946123
194b06fc-f993-4d09-bd7d-be8a87e8a84d,22,5.5,6431986.986760629,6436447.576693214,0.30675164887814893,0.31698285598601317,0.9993495124103237,1.0106312721763562,7648.592929629694,7893.649145113472,-0.09206397355666116,-0.08297131415422832,1.485983227247877,1.6612215769621512,0.0003599331509745575,0.0006825425882417138,10528.21991802955,21264.51087213868
194b06fc-f993-4d09-bd7d-be8a87e8a84d,23,5.75,6431805.56312207,6436289.105213577,0.30704626346420555,0.3172886127397877,0.9993204542715121,1.0106585313215064,7651.202720389839,7898.872611770904,-0.09212966484027366,-0.08292158111365414,1.4860949077282701,1.6613725298216326,0.0003669178829556325,0.0006972705504412364,10739.852110102614,21752.11782220829
194b06fc-f993-4d09-bd7d-be8a87e8a84d,24,6.0,6431623.890257976,6436130.67446392,0.30734098000721355,0.31759458171740995,0.999291324630877,1.0106857762877433,7653.860523070637,7904.211820041719,-0.09219625055612221,-0.08287037757461943,1.4862070504679907,1.6615248328576997,0.0003740231282315622,0.0007123111971218959,10955.43307372202,22251.378224135613
194b06fc-f993-4d09-bd7d-be8a87e8a84d,25,6.25,6431441.963574418,6435972.286319829,0.3076358002871965,0.31790076746451784,0.9992621225358875,1.0107130072824255,7656.56721504541,7909.669565779376,-0.09226375272308954,-0.08281766987692916,1.486319661148516,1.661678516617441,0.00038125058602225066,0.0007276714738510215,11175.030654163136,22762.60887108451
194b06fc-f993-4d09-bd7d-be8a87e8a84d,26,6.5,6431259.778360429,6435813.942707747,0.30793072611618044,0.3182071746366036,0.9992328470102542,1.0107402245190216,7659.3236879454,7915.2487220151825,-0.09233219398118596,-0.08276342350685362,1.4864327454972195,1.6618336124976854,0.0003886019675212657,0.0007433585044911769,11398.713719563988,23286.137167637968
194b06fc-f993-4d09-bd7d-be8a87e8a84d,27,6.75,6431077.329784533,6435655.645606562,0.3082257593386864,0.3185138080020481,0.9992034970532152,1.0107674282172963,7662.13084783697,7920.9522415870215,-0.09240159761322064,-0.08270760307085535,1.4865463092858422,1.6619901527741812,0.0003960789954531819,0.0007593795969704026,11626.552169988972,23822.301573625147
194b06fc-f993-4d09-bd7d-be8a87e8a84d,28,7.0,6430894.612891148,6435497.397049239,0.3085209018322279,0.3188206724452588,0.999174071638796,1.0107946186035055,7664.989615398384,7926.783159879707,-0.09247198756740749,-0.08265017226828761,1.4866603583288451,1.6621481706320318,0.0004036834035981933,0.0007757422492885112,11858.616946125188,24371.452070246552
194b06fc-f993-4d09-bd7d-be8a87e8a84d,29,7.25,6430711.622596861,6435339.199124526,0.3088161555078126,0.3191277729699151,0.9991445697150414,1.010821795910598,7667.900926095972,7932.744597682631,-0.09254338848095386,-0.08259109386301419,1.4867748984816331,1.6623077001974504,0.00041141693628282536,0.0007924541557715548,12094.980037584764,24933.95064981258
194b06fc-f993-4d09-bd7d-be8a87e8a84d,30,7.5,6430528.353686556,6435181.053978716,0.30911152231044864,0.3194351147023265,0.9991149902032186,1.010848960378425,7670.865730359487,7938.839764170749,-0.09261582570468278,-0.08253032965389831,1.4868899356386451,1.6624687765709052,0.000419281347834526,0.0008095232135874455,12335.714490755206,25510.171830503536
194b06fc-f993-4d09-bd7d-be8a87e8a84d,31,7.75,6430344.800809404,6435022.963817474,0.309407004219655,0.3197427028949073,0.9990853319969907,1.0108761122539576,7673.884993756407,7945.071960015262,-0.09268932532874237,-0.08246784044410464,1.4870054757313063,1.662631435861726,0.000427278401998859,0.0008269575295346466,12580.894416166686,26100.503197596332
194b06fc-f993-4d09-bd7d-be8a87e8a84d,32,8.0,6430160.958474692,6434864.930907739,0.30970260324997617,0.3200505429297744,0.9990555939615579,1.010903251791513,7676.959697164963,7951.444580630784,-0.09276391420945974,-0.08240358600915566,1.487121524725831,1.6627957152242536,0.000435409871317139,0.0008447654271188562,12830.594995318632,26705.34597277347
194b06fc-f993-4d09-bd7d-be8a87e8a84d,33,8.25,6429976.821047503,6434706.957579691,0.30999832145150064,0.3203586403224722,0.999025774932766,1.0109303792529907,7680.090836945627,7957.961119566137,-0.09283961999739965,-0.08233752506367997,1.4872380886208734,1.6629616528956095,0.00044367753646261935,0.0008629554539315837,13084.892486914992,27325.115613180133
194b06fc-f993-4d09-bd7d-be8a87e8a84d,34,8.5,6429792.382744217,6434549.046228797,0.31029416091038303,0.3206670007258309,0.9989958737161808,1.0109574949081144,7683.279425110793,7964.625172046425,-0.09291647116669213,-0.08226961522678643,1.487355173445017,1.6631292882351794,0.00045208318553320234,0.0008815363893468969,13343.864232452443,27960.242442058472
194b06fc-f993-4d09-bd7d-be8a87e8a84d,35,8.75,6429607.637627851,6434391.199317937,0.3105901237493699,0.32097562993396417,0.9989658890861252,1.0109845990346886,7686.526489492346,7971.4404386744245,-0.09299449704569747,-0.08219981298599423,1.4874727852540928,1.663298661765899,0.000460628613298558,0.0009005172525520227,13607.588661102393,28611.172312865285
194b06fc-f993-4d09-bd7d-be8a87e8a84d,36,9.0,6429422.579603202,6434233.419379606,0.31088621212832873,0.3212845338864126,0.9989358197846788,1.0110116919188619,7689.83307390681,7978.410729299902,-0.09307372784908048,-0.08212807365964457,1.4875909301283219,1.6634698152174439,0.0004693156203992924,0.000919907310929905,13876.145293819112,29278.367308958917
194b06fc-f993-4d09-bd7d-be8a87e8a84d,37,9.25,6429237.202411803,6434075.709018209,0.3111824282447801,0.3215937186724385,0.9989056645206382,1.0110387738554012,7693.200238317744,7985.53996706596,-0.09315419471137135,-0.08205435135771544,1.4877096141692714,1.6636427915714291,0.00047814601249591764,0.0009397160888121944,14149.614746608378,29962.306481065043
194b06fc-f993-4d09-bd7d-be8a87e8a84d,38,9.5,6429051.499626686,6433918.07091244,0.31147877433443244,0.32190319053548067,0.9988754219684347,1.011065845147979,7696.629058995017,7992.8321926421,-0.09323592972209463,-0.08197859894095573,1.4878288434966154,1.6638176351087293,0.00048712159936506114,0.0009599533766217337,14428.078732880263,30663.486624870176
194b06fc-f993-4d09-bd7d-be8a87e8a84d,39,9.75,6428865.464646917,6433760.507817757,0.31177525267171935,0.3222129558777749,0.9988450907670081,1.0110929061094713,7700.120628670574,8000.291568654319,-0.0933189659625533,-0.08190076797825031,1.4879486242446909,1.66399439145904,0.0004962441939404214,0.0009806292404261276,14711.620064810228,31382.423101302982
194b06fc-f993-4d09-bd7d-be8a87e8a84d,40,10.0,6428679.090691922,6433603.022568955,0.3120718655703391,0.3225230212651491,0.9988146695186354,1.0111199570622669,7703.676056690297,8007.922384323187,-0.0934033375443605,-0.08182080870212173,1.4880689625588406,1.664173107652808,0.0005055156112954841,0.0010017540319245824,15000.322653616266,32119.650702224168
194b06fc-f993-4d09-bd7d-be8a87e8a84d,41,10.25,6428492.370795577,6433445.618082843,0.31236861538379607,0.32283339343200057,0.9987841567877098,1.0111469983385912,7707.296469161498,8015.729060321595,-0.09348907964981734,-0.08173866996226858,1.4881898645915308,1.6643538321756655,0.0005149376675653005,0.0010233383988908686,15294.27150866654,32875.724564420474
194b06fc-f993-4d09-bd7d-be8a87e8a84d,42,10.5,6428305.297800048,6433288.297361025,0.31266550450594316,0.3231440792864641,0.9987535510994701,1.0111740302808434,7710.983009095596,8023.716153864606,-0.09357622857424183,-0.08165429917703408,1.4883113364982345,1.6645366150255145,0.0005245121788045094,0.0010453932960981394,15593.552735326228,33651.22113505669
194b06fc-f993-4d09-bd7d-be8a87e8a84d,43,10.75,6428117.864349381,6433131.063492798,0.3129625353715259,0.3234550859157806,0.9987228509386754,1.0112010532419464,7714.736836545452,8031.88836404464,-0.0936648217703606,-0.08156764228269175,1.4884333844330673,1.6647215077724156,0.0005342409597778648,0.0010679299967525431,15898.253531422775,34446.73919195906
194b06fc-f993-4d09-bd7d-be8a87e8a84d,44,11.0,6427930.0628828155,6432973.919658167,0.3132597104567266,0.3237664205918749,0.9986920547482251,1.0112280675857135,7718.55912873685,8040.250537426155,-0.09375489789488287,-0.08147864368042772,1.488556014544167,1.664908563621445,0.000544125822680545,0.0010909601044629036,16208.462182236322,35262.90092231019
194b06fc-f993-4d09-bd7d-be8a87e8a84d,45,11.25,6427741.885627818,6432816.869130978,0.313557032279709,0.324078090777154,0.9986611609277181,1.0112550736872297,7722.451080193522,8048.807673914861,-0.09384649685738362,-0.08138724618089137,1.4886792329688014,1.665097837478699,0.0005541685757844457,0.0011144955657778413,16524.268053887434,36100.35306368032
194b06fc-f993-4d09-bd7d-be8a87e8a84d,46,11.5,6427553.324592815,6432659.915282191,0.31385450340116205,0.32439010413053576,0.998630167831951,1.0112820719332496,7726.413902855134,8057.56493291759,-0.0939396598716321,-0.08129339094617768,1.4888030458281951,1.6652893860206346,0.0005643710220065345,0.0011385486833221856,16845.761584987547,36959.768111567144
194b06fc-f993-4d09-bd7d-be8a87e8a84d,47,11.75,6427364.371559604,6432503.061583277,0.31415212642484347,0.3247024685137198,0.9985990737693504,1.0113090627226136,7730.448826187551,8066.527639809981,-0.09403442950951037,-0.08119701742909552,1.4889274592220576,1.6654832677669433,0.0005747349573960666,0.001163132129567144,17173.034276435745,37841.84559795291
194b06fc-f993-4d09-bd7d-be8a87e8a84d,48,12.0,6427175.0180754475,6432346.311609771,0.31444990399812117,0.3250151919977127,0.9985678770003357,1.011336046466681,7734.557097284701,8075.701292730361,-0.09413084975767737,-0.08109806330956636,1.489052479222804,1.6656795431571825,0.0005852621695357147,0.0011882589612701798,17506.178679189994,38747.313445709595
194b06fc-f993-4d09-bd7d-be8a87e8a84d,49,12.25,6426985.255444801,6432189.669044964,0.3147478388125127,0.3253282828696203,0.9985365757356094,1.011363023589783,7738.739980961287,8085.091569719455,-0.09422896607714391,-0.08099646442798775,1.4891781118694487,1.6658782746313885,0.0005959544358531545,0.0012139426346251142,17845.2883798813,39676.92940413052
194b06fc-f993-4d09-bd7d-be8a87e8a84d,50,12.5,6426795.074720685,6432033.137683757,0.315045933604222,0.32564174963972037,0.998505168134371,1.0113899945296965,7742.998759835549,8094.704336226928,-0.09432882546593621,-0.08089215471538404,1.4893043631611609,1.6660795267149244,0.0006068135218379578,0.0012401970211628711,18190.45798408473,40631.482571189394
194b06fc-f993-4d09-bd7d-be8a87e8a84d,51,12.75,6426604.466695657,6431876.721436677,0.31534419115467227,0.32595560104883087,0.9984736523024487,1.0114169597381377,7747.334734401229,8104.545653007265,-0.09443047652503789,-0.08078506612015526,1.489431239050463,1.6662833661078258,0.0006178411791595584,0.001267036424448866,18541.783097083902,41611.795008665526
194b06fc-f993-4d09-bd7d-be8a87e8a84d,52,13.0,6426413.421892382,6431720.4243340725,0.31564261429103463,0.3262698460759882,0.9984420262903468,1.0114439196812794,7751.7492230878315,8114.6217844290795,-0.0945339695278139,-0.08067512853122147,1.4895587454360573,1.6664898617789314,0.000629039143680675,0.0012944755976232424,18899.3603019193,42618.72345666915
194b06fc-f993-4d09-bd7d-be8a87e8a84d,53,13.25,6426221.930553769,6431564.250530486,0.3159412058867517,0.32658449394645217,0.9984102880912022,1.0114708748402916,7756.243562308211,8124.939207223667,-0.09463935649313455,-0.08056226969734605,1.489686888155263,1.6666990850651058,0.0006404091333616736,0.0013225297618363894,19263.28713453809,43653.16115472904
194b06fc-f993-4d09-bd7d-be8a87e8a84d,54,13.5,6426029.98263264,6431408.20430922,0.31623996886205447,0.32689955414005495,0.9983784356386451,1.0114978257119067,7760.819106492462,8135.50461970053,-0.09474669126243358,-0.08044641514240605,1.4898156729760443,1.6669111097758815,0.000651952846049454,0.0013512146256344413,19633.66205580061,44716.039777143844
194b06fc-f993-4d09-bd7d-be8a87e8a84d,55,13.75,6425837.56778093,6431252.290087106,0.31653890618447283,0.3272150363999121,0.9983464668045589,1.0115247728090113,7765.477228106997,8146.32495145959,-0.09485602958095159,-0.0803274880763609,1.4899451055886137,1.6671260123038776,0.00066367195714601,0.0013805464053519233,20010.584420138992,45808.33149088791
194b06fc-f993-4d09-bd7d-be8a87e8a84d,56,14.0,6425644.675338363,6431096.512419481,0.3168380208693372,0.3275309507415157,0.9983143793967332,1.0115517166612658,7770.219317657649,8157.407373632024,-0.09496742918343445,-0.08020540930165322,1.4900751915965853,1.6673438717413733,0.0006755681171494833,0.0014105418465762028,20394.15444058688,46931.05114516581
194b06fc-f993-4d09-bd7d-be8a87e8a84d,57,14.25,6425451.294320595,6430940.876005396,0.3171373159802711,0.3278473074622297,0.9982821711564043,1.0115786578157526,7775.046783675539,8168.759309684058,-0.0950809498845769,-0.08008009711475596,1.4902059365076643,1.667564770003449,0.000687642949061991,0.0014412182467503191,20784.47314993517,48085.258602384856
194b06fc-f993-4d09-bd7d-be8a87e8a84d,58,14.5,6425257.413406779,6430785.385693054,0.3174367946296732,0.3281641171512097,0.9982498397556748,1.0116055968376567,7779.961052684371,8180.388446820615,-0.09519665367452301,-0.07995146720255898,1.4903373457238447,1.667788791958136,0.000699898045656914,0.0014729252038654156,21181.64235771309,49283.160529147455
194b06fc-f993-4d09-bd7d-be8a87e8a84d,59,14.75,6425063.020926526,6430630.046485496,0.31773645997918737,0.3284813906997719,0.9982173827948072,1.0116325343109767,7784.963569147729,8192.305380228494,-0.09531462963749869,-0.07981940811868464,1.4904694245310972,1.668016052339985,0.0007123349665984032,0.001512125099597565,21585.76460268691,50742.281745752145
194b06fc-f993-4d09-bd7d-be8a87e8a84d,60,15.0,6424868.104732998,6430474.8635939155,0.31803631523866505,0.32879913941494804,0.9981847977799025,1.01165947084798,7790.055795010911,8204.572324040346,-0.09543545286947917,-0.07968332982309312,1.4906021780646517,1.668247191567992,0.0007249552301676601,0.0015525625938168388,21996.94293945105,52255.3809512023
194b06fc-f993-4d09-bd7d-be8a87e8a84d,61,15.25,6424672.64997763,6430319.84336763,0.31833636363735945,0.32911737703393623,0.9981520817389872,1.011686407259489,7795.239201939365,8217.20239760395,-0.09555923480890749,-0.0795430941784266,1.4907356108232221,1.6684823524418566,0.0007377602058261871,0.001594285324015471,22415.27766858778,53824.99783214667
194b06fc-f993-4d09-bd7d-be8a87e8a84d,62,15.5,6424476.6412136005,6430164.992419755,0.31863660845183933,0.3294361178087962,0.9981192315820168,1.0117133443919155,7800.515277300322,8230.20934709392,-0.09568609232992158,-0.07939855694164268,1.4908697270810805,1.6687216847005748,0.0007507512028006768,0.001637343211309483,22840.869080276167,55453.82305667551
194b06fc-f993-4d09-bd7d-be8a87e8a84d,63,15.75,6424280.062365162,6430010.3176402645,0.31893705300609915,0.32975537653105,0.9980862440947813,1.0117402831290738,7805.885523774831,8243.607583365574,-0.09581614807218708,-0.07924956741696161,1.4910045308684654,1.6689653454518198,0.000763929464767116,0.001681788597031456,23273.817324453048,57144.709333605584
194b06fc-f993-4d09-bd7d-be8a87e8a84d,64,16.0,6424082.896694997,6429855.826209817,0.31923770067162205,0.3300751685577679,0.9980531159324135,1.0117672243941072,7811.351458917599,8257.412222623245,-0.09594953079523856,-0.07909596808408431,1.4911400259507936,1.6692134996341363,0.0007772961641899991,0.0017276763893443081,23714.22226885114,58900.683441700574
194b06fc-f993-4d09-bd7d-be8a87e8a84d,65,16.25,6423885.126769449,6429701.525614418,0.3195385548673909,0.33039550983925053,0.9980198436124689,1.0117941691515333,7816.914614660392,8271.639130153242,-0.0960863757595072,-0.07893759419954673,1.4912762158066022,1.6694663205149487,0.0007908523962932171,0.0017750642207529721,24162.183343916502,60724.95932819602
194b06fc-f993-4d09-bd7d-be8a87e8a84d,66,16.5,6423686.734421449,6429547.423660972,0.3198396190598428,0.3307164169484275,0.9979864235075417,1.0118211184094192,7822.576536754392,8286.30496739775,-0.09622682513643961,-0.07877427336885955,1.4914131036041438,1.6697239902277006,0.0008045991726370159,0.001824012617485548,24617.79937351195,62620.95238786007
194b06fc-f993-4d09-bd7d-be8a87e8a84d,67,16.75,6423487.700710968,6429393.528493793,0.32014089676276136,0.33103790711210307,0.9979528518373815,1.0118480732216961,7828.338784146535,8301.427242675,-0.09637102845036577,-0.07860582508684004,1.4915506921765584,1.6699867003518043,0.0008434119292589279,0.0018745851818130336,25843.35944965964,64592.29504698131
194b06fc-f993-4d09-bd7d-be8a87e8a84d,68,17.0,6423288.005882773,6429239.848612138,0.32044239153710063,0.33135999824419243,0.9979191246604647,1.0118750346906236,7834.37538107327,8317.024365883677,-0.09651914305505793,-0.07843206024327182,1.4916901347202087,1.6702546525394804,0.0008603066032856196,0.0019268487884920248,26401.707434991094,66642.85379182486
194b06fc-f993-4d09-bd7d-be8a87e8a84d,69,17.25,6423087.629321274,6429086.389510862,0.32074411363233873,0.3316827089811052,0.99788523786498,1.0119020035779287,7840.535080938341,8333.115707566136,-0.0966713179279289,-0.07825278396413947,1.4918304102851958,1.670528055627207,0.0008775410283634826,0.0019808737901355327,26972.974357053143,68776.74757235043
194b06fc-f993-4d09-bd7d-be8a87e8a84d,70,17.5,6422886.549536891,6428933.160081548,0.32104606745917214,0.3320060587193606,0.9978511871603951,1.0119289810453937,7846.820580206134,8349.72166196013,-0.09682772556751301,-0.07806778889522355,1.4919715268077793,1.6708071328279797,0.0008951209707743588,0.0020367342479074126,27557.459707171496,70998.36825859448
194b06fc-f993-4d09-bd7d-be8a87e8a84d,71,17.75,6422684.744084232,6428780.169611078,0.3213482575169586,0.3323300676558321,0.9978169680661291,1.0119559683090413,7853.234628912742,8366.86371660141,-0.09698854782034405,-0.07787685742556916,1.4921134919258046,1.6710921195508792,0.0009130521934471664,0.0020945081806571695,28155.46824433787,73312.40309257967
194b06fc-f993-4d09-bd7d-be8a87e8a84d,72,18.0,6422482.189507008,6428627.427803552,0.32165068839487854,0.3326547568306524,0.9977825759004804,1.0119829666422344,7859.780030943571,8384.564527098986,-0.09715397652191712,-0.07767976102694439,1.4922563129415407,1.6713832642564024,0.0009313404457919082,0.0021542778320214795,28767.309877573454,75723.85925056481
194b06fc-f993-4d09-bd7d-be8a87e8a84d,73,18.25,6422278.861278931,6428474.944803707,0.32195336477304,0.33298014817305244,0.9977480057687362,1.0120099773789955,7866.4596442205475,8402.84799822663,-0.09732421419180086,-0.07747625953976135,1.4923999967816055,1.671680829386056,0.0009499914525117067,0.0022161299597449734,29393.299519359312,78238.0908546626
194b06fc-f993-4d09-bd7d-be8a87e8a84d,74,18.5,6422074.733740225,6428322.731221952,0.32225629142351786,0.33330626455038326,0.9977132525503886,1.0120370019175624,7873.276380787399,8421.73937196973,-0.09749947478838064,-0.07726610040019707,1.4925445499537626,1.6719850923739397,0.0009690109013043964,0.0022801561494364755,30033.75690677431,80860.82871987775
194b06fc-f993-4d09-bd7d-be8a87e8a84d,75,18.75,6421869.780029362,6428170.798161151,0.3225594732113167,0.33363312982059207,0.9976783108853736,1.0120640417242028,7880.233206780293,8441.265323242173,-0.09767998452936383,-0.07704901780264241,1.49268997850036,1.6722963467489746,0.0009884044293549108,0.0023464531552370954,30689.006386548197,83598.21316110075
194b06fc-f993-4d09-bd7d-be8a87e8a84d,76,19.0,6421663.972009567,6428019.157245314,0.3228629150952453,0.33396076888845455,0.9976431751592444,1.0120910983373081,7887.333142269768,8461.454064073938,-0.09786598278491611,-0.07682473179091537,1.4928362879481603,1.6726149033375148,0.0010081776085134957,0.002415123270168862,31359.376659914353,86456.8302288409
194b06fc-f993-4d09-bd7d-be8a87e8a84d,77,19.25,6421457.280189624,6427867.82065034,0.3231666221286894,0.3342892077658956,0.9976078394871744,1.0121181733717939,7894.579260958427,8482.33545716791,-0.09805772375217324,-0.07659294727089079,1.4929834832542954,1.6729410915772884,0.0010283359290420891,0.002486274729265073,32045.200482606127,89443.75179359951
194b06fc-f993-4d09-bd7d-be8a87e8a84d,78,19.5,6421249.673636939,6427716.801137013,0.32347059946024814,0.3346184736367659,0.9975722976966784,1.0121452685238324,7901.974689716788,8503.941139875196,-0.09825547645934912,-0.07635335293619368,1.4931315687480589,1.6732752609564692,0.001048884781800513,0.002560022149506102,32746.814314837855,92566.57997847268
194b06fc-f993-4d09-bd7d-be8a87e8a84d,79,19.75,6421041.119885964,6427566.112086436,0.3237748523342683,0.33494859492648305,0.9975365433089257,1.0121723855759501,7909.522607939263,8526.30465963755,-0.09845952600391711,-0.07610562009791458,1.4932805480682207,1.6736177825884149,0.0010698294387368004,0.002636487009208949,33464.55791570684,95833.49644068557
194b06fc-f993-4d09-bd7d-be8a87e8a84d,80,20.0,6420831.584838925,6427415.767538123,0.3240793860912258,0.3352796013769876,0.9975005695185023,1.0121995264025216,7917.226246698648,8549.461622230525,-0.09867017510795435,-0.0758494014078238,1.4934304240955376,1.673969050939875,0.001091175031526975,0.002715798172032632,34198.77387563679,99253.31715724879
194b06fc-f993-4d09-bd7d-be8a87e8a84d,81,20.25,6420621.032657657,6427265.782231008,0.3243842061679273,0.3356115241275155,0.9974643691714676,1.0122266929756998,7925.088887675725,8573.44985427215,-0.09888774551173582,-0.07558432946328685,1.4935811988800913,1.6743294857310738,0.0011129265281955326,0.002798092460764129,34949.807079806735,102835.55344276672
194b06fc-f993-4d09-bd7d-be8a87e8a84d,82,20.5,6420409.425646302,6427116.171647618,0.3246893180975171,0.3359443958017473,0.9974279347415265,1.0122538873718216,7933.113861838368,8598.309581628248,-0.09911257950374124,-0.07531001528061616,1.4937328735630728,1.6746995340274977,0.00113508870753439,0.0028835152863229494,35718.00409481944,106590.48002201473
194b06fc-f993-4d09-bd7d-be8a87e8a84d,83,20.75,6420196.724123913,6426966.952061727,0.324994727509264,0.3362782506019573,0.9973912583041181,1.0122811117783408,7941.304547841575,8624.083625581046,-0.09934504160311927,-0.07502604662180755,1.4938854482925896,1.6750796725465789,0.0011576661311177422,0.002972221338375685,36503.7124699212,110529.21111493463
194b06fc-f993-4d09-bd7d-be8a87e8a84d,84,21.0,6419982.88628589,6426818.140589824,0.3253004401280987,0.33661312441086,0.997354331508198,1.0123083685013334,7949.664370116797,8650.817618884865,-0.09958552041286896,-0.07473198615757796,1.4940389221330463,1.6754704102057492,0.0011806631126897512,0.0030643753448182107,37307.27994309654,114663.78564156557
194b06fc-f993-4d09-bd7d-be8a87e8a84d,85,21.25,6419767.868053068,6426669.755246757,0.3256064617738704,0.33694905490193333,0.9973171455454602,1.0123356599736408,7958.196796615438,8678.5602441305,-0.09983443066456765,-0.07442736944727292,1.494193292967611,1.6758722909421622,0.0012040836846818677,0.0031601529083839634,38129.05354134083,119007.26283094785
194b06fc-f993-4d09-bd7d-be8a87e8a84d,86,21.5,6419551.622907079,6426521.815005982,0.32591279836028525,0.3372860816590947,0.9972796911167153,1.0123629887637111,7966.905336167554,8707.363497186032,-0.10009221547846059,-0.0741117027134899,1.4943485573932394,1.6762858968388332,0.0012279315615870718,0.003259741429808688,38969.37856304703,123573.82972703445
194b06fc-f993-4d09-bd7d-be8a87e8a84d,87,21.75,6419334.101710459,6426374.339864882,0.32621945589348617,0.3376242463067126,0.9972419583950981,1.012390357585216,7975.793535412433,8737.282978884827,-0.10035934886620779,-0.07378446038610047,1.4945047106076927,1.6767118515971522,0.0012522100998944956,0.003363341128329841,39828.597429196685,128378.92233177461
194b06fc-f993-4d09-bd7d-be8a87e8a84d,88,22.0,6419115.252509771,6426227.350915666,0.32652644047022816,0.33796359265106324,0.9972039369857402,1.0124177693075225,7984.8649752529,8768.378218602413,-0.10063633850765197,-0.07344508238666794,1.4946617462879297,1.6771508244018387,0.0012769222542522855,0.003471166171884976,40707.04838836268,133439.36241987045
194b06fc-f993-4d09-bd7d-be8a87e8a84d,89,22.25,6418895.020319752,6426080.870422461,0.326833758275597,0.33830416683448106,0.9971656158814873,1.012445226967117,7994.123266779756,8800.71303391545,-0.10092372883773995,-0.07309297111994917,1.4948196564592113,1.6776035342315825,0.0013020705294931488,0.00358344593121171,41605.064058844146,138773.51241011207
194b06fc-f993-4d09-bd7d-be8a87e8a84d,90,22.5,6418673.346886245,6425934.921905239,0.32714141558021226,0.3386460175036207,0.997126983414184,1.0124727337800836,8003.572046606604,8834.355931184025,-0.10122210448533657,-0.07272748813412076,1.4949784313542007,1.6780707546770908,0.0013276569281155217,0.0037004263742310027,42522.96978922572,144401.45109837825
194b06fc-f993-4d09-bd7d-be8a87e8a84d,91,22.75,6418450.170425336,6425789.53023134,0.32744941873684813,0.338989195993434,0.9970880272009797,1.01250029315576,8013.214971548456,8869.380552662271,-0.1015320941122835,-0.07234795040543364,1.4951380592612782,1.6785533193382909,0.0013536828927676753,0.003822371619626627,43461.081816400205,150345.17356066953
194b06fc-f993-4d09-bd7d-be8a87e8a84d,92,23.0,6418225.425335762,6425644.721715435,0.32775777417639707,0.33933375652868764,0.9970487340850281,1.0125279087117036,8023.055712569703,8905.866176645219,-0.10185437470888012,-0.07195362619600032,1.4952985263612288,1.6790521278843398,0.0013801492432311542,0.003949565671561534,44419.70519756373,156628.81914259898
194b06fc-f993-4d09-bd7d-be8a87e8a84d,93,23.25,6417999.041881203,6425500.524228902,0.3280664884030894,0.3396797564451015,0.99700909006986,1.0125555842901262,8033.0979479182515,8943.898278231058,-0.10218967641125552,-0.0715437304251352,1.4954598165513917,1.679568152874283,0.0014070561073396917,0.004082314361011257,45399.13148974152,163278.93218547452
194b06fc-f993-4d09-bd7d-be8a87e8a84d,94,23.5,6417770.945838567,6425356.967319692,0.32837556798887124,0.3400272564324853,0.9969690802465948,1.0125833239759727,8043.345355352618,8983.569159553,-0.10253878791717067,-0.07111741948483422,1.495621911256277,1.6801024474531638,0.0014344028452039637,0.004220947523443402,46399.63614713556,170324.7610317373
194b06fc-f993-4d09-bd7d-be8a87e8a84d,95,23.75,6417541.058107786,6425214.082343964,0.32868501956682894,0.34037632080259755,0.9969286887130286,1.0126111321168474,8053.801603357482,9024.978659858425,-0.10290256259002996,-0.07067378541826036,1.495784789223576,1.6806561540587506,0.001462187966035074,0.004365821447603701,47421.47560278333,177798.601939446
194b06fc-f993-4d09-bd7d-be8a87e8a84d,96,24.0,6417309.2942779055,6425071.9026109,0.3289948498235307,0.34072701778485837,0.9968878984834798,1.01263901334502,8064.470341230248,9068.234957639845,-0.10328192535677591,-0.07021184936608593,1.495948426304397,1.6812305142985742,0.001490409036771571,0.0045173216362122065,48464.88399669132,185736.19586712695
194b06fc-f993-4d09-bd7d-be8a87e8a84d,97,24.25,6417075.5641434295,6424930.4635423515,0.3293050654901387,0.34107941985352624,0.996846691388088,1.0126669726017818,8075.355187906427,9113.45547922174,-0.10367788052449854,-0.06973055416871328,1.4961127952164517,1.6818268801866556,0.0015190625816141827,0.00467586592662566,49530.06950766855,194177.18772757013
194b06fc-f993-4d09-bd7d-be8a87e8a84d,98,24.5,6416839.771163862,6424789.802849215,0.32961567333212033,0.34143360409051277,0.9968050479600438,1.01269501516446,8086.459719374792,9160.767930866294,-0.10409152066378026,-0.06922875599210754,1.4962778652888113,1.6824467269653582,0.0015481439714547368,0.004841908028272889,50617.21024035485,203165.65973194683
194b06fc-f993-4d09-bd7d-be8a87e8a84d,99,24.75,6416601.811858208,6424649.960726723,0.32992668013736226,0.3417896525886787,0.9967629473089599,1.0127231466764517,8097.787454513799,9210.311474689306,-0.10452403673498728,-0.06870521482041243,1.4964436021867202,1.6830916677818069,0.0015776473020495555,0.0050159415442630325,51726.449612332035,212750.75295633732
194b06fc-f993-4d09-bd7d-be8a87e8a84d,100,25.0,6416361.575124724,6424510.980071177,0.3302380927024582,0.3421476529012501,0.9967203669782811,1.012751373180696,8109.341839158454,9262.23807261462,-0.10497672966814628,-0.06815858362865161,1.4966099676148201,1.6837634705422693,0.001607565259631097,0.005198504557483077,52857.891178621925,222987.39439635447
194b06fc-f993-4d09-bd7d-be8a87e8a84d,101,25.25,6416118.941474514,6424372.906721087,0.33054991781690307,0.34250769854394236,0.9966772827842428,1.0127797011570732,8121.126228180883,9316.714027419604,-0.10545102364929386,-0.06758739601232573,1.4967769189969844,1.6844640773343649,0.0016378889724646725,0.005390184877253869,54011.59282192801,233937.1507042645
194b06fc-f993-4d09-bd7d-be8a87e8a84d,102,25.5,6415873.782165431,6424235.789726158,0.3308621622448824,0.34286988955751896,0.9966336686334234,1.0128081375643017,8133.1438653378555,9373.921755864472,-0.10594848141829186,-0.06699005200591665,1.4969444091307882,1.6851956268892756,0.0016686078466400895,0.005591626062006876,55187.56022662076,245669.23475963954
194b06fc-f993-4d09-bd7d-be8a87e8a84d,103,25.75,6415625.958220221,6424099.6816481445,0.33117483270428905,0.3432343331398826,0.9965894963153689,1.0128366898870116,8145.397860603413,9434.061836251014,-0.10647082194770711,-0.06636480176702882,1.4971123858144533,1.6859604806586026,0.0016997093841342934,0.0058035343573545435,56385.73954240274,258261.6975108163
194b06fc-f993-4d09-bd7d-be8a87e8a84d,104,26.0,6415375.319309694,6423964.638898356,0.3314879358425348,0.3436011443584554,0.9965447352660695,1.0128653661887874,8157.891164663789,9497.3553819067,-0.10701994095290206,-0.0657097267343179,1.4972807914438877,1.6867612532088025,0.0017311789808721605,0.006026686718656152,57606.00912912788,271802.84554967826
194b06fc-f993-4d09-bd7d-be8a87e8a84d,105,26.25,6415121.702477904,6423830.7221174035,0.33180147820864214,0.34397044695562257,0.9964993522972092,1.0128941751721268,8170.6265402034505,9564.046803543593,-0.10759793478449982,-0.0650227177817923,1.497449562577203,1.6876008477976985,0.0017629997021534837,0.006261940124254862,58848.17025744064,286392.93518934597
194b06fc-f993-4d09-bd7d-be8a87e8a84d,106,26.5,6414864.930681551,6423697.9966038745,0.33211546622100385,0.34434237426247966,0.9964533112850449,1.0129231262464446,8183.606529554042,9634.407037863753,-0.10820712838185655,-0.06430144978468683,1.497618629463816,1.6884824982023052,0.0017951520323788988,0.00651024243217321,60111.936619760665,302146.20714660466
194b06fc-f993-4d09-bd7d-be8a87e8a84d,107,26.75,6414604.811109934,6423566.532799897,0.3324299061300743,0.34471707023915343,0.9964065728114418,1.0129522296054714,8196.833418210083,9708.737338059997,-0.1088501081280764,-0.0635433518764803,1.4977879155349338,1.6894098181283828,0.0018276135954793347,0.006772645091947053,61396.922481945825,319193.34329652577
194b06fc-f993-4d09-bd7d-be8a87e8a84d,108,27.0,6414341.13324443,6423436.406843135,0.3327448039751056,0.3450946906637126,0.9963590937479264,1.0129814963156725,8210.309193634079,9787.373745179164,-0.10952976065416307,-0.06274557250419782,1.497957336851863,1.6903868598676213,0.0018603588418223632,0.007050318098232438,62702.62927718644,337684.44975993613
194b06fc-f993-4d09-bd7d-be8a87e8a84d,109,27.25,6414073.666607166,6423307.701196746,0.33306016553385176,0.3454754044963428,0.9963108267715086,1.0130109384176618,8224.035498676014,9870.692389277752,-0.11024931890665125,-0.061904938168370345,1.4981268015081808,1.6914181843024843,0.0018933586965850788,0.007344567668885112,64028.430408418295,357792.70074205974
194b06fc-f993-4d09-bd7d-be8a87e8a84d,110,27.5,6413802.158136823,6423180.505371249,0.333375996263923,0.3458593954512897,0.9962617197983478,1.0130405690430062,8238.013578813807,9959.115808091758,-0.11101241713938376,-0.06101790444926126,1.498296208981328,1.6925089449249124,0.001926580163631282,0.007656857254235515,65373.55398295382,379718.817781914
194b06fc-f993-4d09-bd7d-be8a87e8a84d,111,27.75,6413526.329114463,6423054.916755364,0.3336923012341695,0.34624686381642356,0.9962117153178959,1.013070402549364,8252.244222276931,10053.120521569763,-0.11182315694344887,-0.06008049755074827,1.4984654494286378,1.6936649892796092,0.0019599858777427626,0.007988832645727712,66737.06315044752,403696.6132584158
194b06fc-f993-4d09-bd7d-be8a87e8a84d,112,28.0,6413245.87154295,6422931.0415767385,0.3340090850440826,0.3466380285696043,0.996160749605714,1.0131004546775837,8266.727691937893,10153.246167257745,-0.1126861870279731,-0.059088244107862446,1.4986344029221619,1.6948929822303749,0.0019935335965749162,0.008342352163981033,68117.83365035575,429999.90066610085
194b06fc-f993-4d09-bd7d-be8a87e8a84d,113,28.25,6412960.443858445,6422808.996018448,0.33432635172869624,0.3470331298529603,0.9961087517873668,1.0131307427352705,8281.463647636248,10260.106590041103,-0.11360680026250115,-0.05803608636188804,1.4988029386158954,1.6962005567707508,0.0020271756218455676,0.008719523187014529,69514.52809402508,458951.1753612946
194b06fc-f993-4d09-bd7d-be8a87e8a84d,114,28.5,6412669.665819589,6422688.907523508,0.33464410464581196,0.34743243188158696,0.9960556427181892,1.013161285812458,8296.4510573248,10374.40339847476,-0.11459105256617655,-0.05691827894935696,1.498970913838078,1.697596499889649,0.0020608581368991583,0.009122746654723908,70925.5664044061,490932.6100017163
194b06fc-f993-4d09-bd7d-be8a87e8a84d,115,28.75,6412373.11237655,6422570.916327862,0.33496234634150024,0.347836226383202,0.9960013336336079,1.0131921050364983,8311.688095080443,10496.942660839977,-0.11564590969123574,-0.055728262394140034,1.4991381731001436,1.6990909834494756,0.0020945204447604935,0.009554771692954857,72349.09170671705,526400.1063644534
194b06fc-f993-4d09-bd7d-be8a87e8a84d,116,29.0,6412070.306264053,6422455.177273091,0.33528107838866866,0.3482448366916139,0.9959457245111346,1.0132232238752192,8327.172023579673,10628.655634594092,-0.11677942996151573,-0.054458506813249666,1.4993045470125401,1.7006958534189713,0.002128094086866102,0.010018763193616175,73782.93079658586,565901.4262298883
194b06fc-f993-4d09-bd7d-be8a87e8a84d,117,29.25,6411760.708984164,6422341.861964297,0.3356003011919185,0.3486586226517861,0.9958887020667402,1.013254668499964,8342.899058068566,10770.624728771709,-0.11800099383295569,-0.05310031716781325,1.4994698510959719,1.7024249955437012,0.0021615018175389954,0.010518386145737873,75224.54809605094,610099.8293957527
194b06fc-f993-4d09-bd7d-be8a87e8a84d,118,29.5,6411443.709737427,6422231.161357606,0.3359200137497671,0.34907798654115113,0.9958301372830297,1.0132864682235778,8358.864208113664,10924.116328738066,-0.11932159510779605,-0.05164358834385935,1.4996338844745338,1.7042948022669575,0.002194656402483667,0.01105791185512902,76670.99172335153,659805.2403681017
194b06fc-f993-4d09-bd7d-be8a87e8a84d,119,29.75,6411118.611712658,6422123.28888738,0.3362402133623369,0.34950338027546635,0.995769882331457,1.0133186560330831,8375.06109243916,11090.62272525787,-0.12075421431775922,-0.050076494028387125,1.49979642843458,1.7063247754073978,0.0022274592005042376,0.011642353097781586,78118.82992450942,716015.8481295564
194b06fc-f993-4d09-bd7d-be8a87e8a84d,120,30.0,6410784.614937397,6422018.484278307,0.33656089526842964,0.3499353142550336,0.9957077667011519,1.0133512692432174,8391.481720843029,11271.916276218115,-0.12231430306926828,-0.04838508713088266,1.499957244829791,1.708538313284806,0.002259798475330175,0.012277638003729075,79564.07560464588,779974.3797306444
194b06fc-f993-4d09-bd7d-be8a87e8a84d,121,30.25,6410440.794594145,6421917.018236209,0.33688205218991746,0.3503743683291813,0.9956435922757545,1.0133843503059816,8408.11623540282,11470.120233437414,-0.12402042041028077,-0.04655278040930729,1.5001160743085402,1.7109637521040977,0.0022915473675038855,0.012970836503456257,81002.095999524,853245.349956663
194b06fc-f993-4d09-bd7d-be8a87e8a84d,122,30.5,6410086.073277096,6421819.198279891,0.3372036737526755,0.35082120552978513,0.995577126995884,1.0134179478240504,8424.952600724086,11687.802620909064,-0.1258950808038008,-0.04455966242226964,1.5002726343338815,1.7136357634484924,0.002322561432626246,0.01373045919614812,82427.50355783549,937822.8363560218
194b06fc-f993-4d09-bd7d-be8a87e8a84d,123,30.75,6409719.185028607,6421725.376074457,0.3375257457403613,0.3512765894735428,0.9955080965907882,1.0134521178341853,8441.97622953559,11928.102537530762,-0.12796590186206117,-0.0423815833715384,1.5004266169587743,1.716597259363974,0.0023526756186620043,0.014566857683068682,83834.02273319042,1036283.5617671068
194b06fc-f993-4d09-bd7d-be8a87e8a84d,124,31.0,6409338.6280373,6421635.956769357,0.33784824911777134,0.3517414066978362,0.9954361736291969,1.013486925453619,8459.169525003515,12194.902924790176,-0.13026718508360502,-0.03998891349691437,1.5005776863086469,1.7199020351796053,0.0023817005064121362,0.015492769717124233,85214.32540827084,1152008.7162888537
194b06fc-f993-4d09-bd7d-be8a87e8a84d,125,31.25,6408942.601404593,6421551.411056992,0.33817115873014303,0.3522166957415306,0.9953609627773989,1.0135224470225237,8476.511313935425,12493.071314968982,-0.13284213585042776,-0.03734482597363767,1.5007254757088342,1.723618508100896,0.0024094175655176957,0.01652407536514094,86559.82476553957,1289512.658114181
194b06fc-f993-4d09-bd7d-be8a87e8a84d,126,31.5,6408528.919056063,6421472.290990629,0.3384944415364322,0.35270368561880683,0.9952819805770788,1.0135587729371445,8493.976134284163,12828.802379756398,-0.1357460506386661,-0.03440287345824586,1.5008695843738271,1.7278351235517762,0.0024355730700673928,0.01768086787587953,87860.41304247445,1454942.4439220126
194b06fc-f993-4d09-bd7d-be8a87e8a84d,127,31.75,6408094.890087518,6421399.2511039125,0.3388180541553581,0.35320384764805385,0.9951986271143923,1.0135960114646807,8511.533323863978,13210.116986348412,-0.1390510089311682,-0.031103488084616493,1.5010095735454714,1.7326683707644606,0.0024598701502309213,0.018989006428204957,89104.12185245442,1656859.083868236
194b06fc-f993-4d09-bd7d-be8a87e8a84d,128,32.0,6407637.148484294,6421333.077181026,0.33914193936876513,0.3537189667207354,0.9951101453630675,1.0136342939869198,8529.145831155236,13647.60918444458,-0.14285298166502935,-0.027368792082117174,1.501144961923095,1.7382750109740286,0.0024819581894198876,0.020482429258341713,90276.67302080881,1907500.334734358
194b06fc-f993-4d09-bd7d-be8a87e8a84d,129,32.25,6407151.404105472,6421274.726361562,0.33946602099071904,0.35425124163780713,0.995015561203221,1.013673782379799,8546.768626617619,14155.599714757858,-0.14728296575537206,-0.023094666933788765,1.501275220161174,1.7448713572879821,0.002501418337676731,0.022206708919272393,91360.87028240344,2224901.3064448037
194b06fc-f993-4d09-bd7d-be8a87e8a84d,130,32.5,6406632.066792167,6421225.384554324,0.33979019607709365,0.35480343027628597,0.994913592042025,1.0137146796866052,8564.34652105416,14753.983288704734,-0.15252512000172105,-0.01813819725302851,1.5013997641039245,1.7527648657610464,0.002517743163823994,0.024224720241583387,92335.75223391733,2636618.828265658
194b06fc-f993-4d09-bd7d-be8a87e8a84d,131,32.75,6406071.657322365,6421186.551232093,0.34011432261303476,0.35537906643792244,0.9948025022405625,1.0137572460568558,8581.811070487387,15471.316938229575,-0.15884770943355062,-0.01229694598400943,1.5015179462518895,1.7624083116191656,0.002530307138228536,0.026626077117340722,93175.37375913151,3186630.8466702015
194b06fc-f993-4d09-bd7d-be8a87e8a84d,132,33.0,6405459.8420502385,6421160.169380198,0.34043819910050455,0.35598279630678115,0.9946798638415082,1.013801823470441,8599.076010604385,16350.256866207917,-0.1666589522221487,-0.005272994787535807,1.5013235990601852,1.7744979264436997,0.002538322151535398,0.029543687803389507,93846.98395567763,3948970.318857578
194b06fc-f993-4d09-bd7d-be8a87e8a84d,133,33.25,6404781.762050935,6421148.833711984,0.34076152869819665,0.3566209249487818,0.9945421383331071,1.0138490833395601,8616.030196596803,17457.753703364673,-0.17661502743684765,0.003397562054933108,1.5003899782622157,1.7901635015841606,0.0025407673480448887,0.03318472802459704,94308.17237846406,5056907.2843630435
194b06fc-f993-4d09-bd7d-be8a87e8a84d,134,33.5,6404014.93776905,6421163.662133842,0.34108385153697346,0.35730235931891147,0.994383893562338,1.013900239680332,8622.379661520605,18905.748740694147,-0.18984802531274989,0.014484753662262444,1.498099089821946,1.8113689613244226,0.0025335642524322286,0.037893682183828346,94179.46319134855,6772118.926606559
194b06fc-f993-4d09-bd7d-be8a87e8a84d,135,33.75,6403123.013447864,6421232.121018239,0.3414040276247191,0.35804040212972665,0.9941961939533239,1.0139574599243735,8579.951503922997,20897.78825853524,-0.20852784121632256,0.029396083768451924,1.493125346778389,1.8418890951714,0.0025069140132299556,0.04429439371982881,92273.94926697151,9672069.642801424
194b06fc-f993-4d09-bd7d-be8a87e8a84d,136,34.0,6402041.449160129,6421385.677184157,0.34171890178278963,0.3588563238375654,0.9939629091254518,1.0140250562611435,8425.047168091583,23849.275469542292,-0.23749666119122723,0.05110209894755687,1.4822710250751645,1.8901119556344166,0.002450358262900352,0.0536599970455191,86964.95424075738,15260579.601288704
194b06fc-f993-4d09-bd7d-be8a87e8a84d,137,34.25,6400638.692634684,6421690.231599002,0.34202158677633165,0.35978763909297784,0.9936506632216279,1.014112995385619,7971.047809581342,28765.335602332296,-0.29010831021717554,0.0872332365062023,1.4559916107872157,1.9788204741055702,0.0023438288605189365,0.06911124563798578,74460.6340338258,28592861.162308406
194b06fc-f993-4d09-bd7d-be8a87e8a84d,138,34.5,6398581.568345102,6422316.759615414,0.34229452639940877,0.36091117289107494,0.9931743515226378,1.0142505036386646,6484.6345717674585,38849.71519464205,-0.42004565680437644,0.1670985325050831,1.373843198074634,2.1959338686686745,0.002141610078757878,0.1010760490978683,45027.871813171696,76277059.18639466
194b06fc-f993-4d09-bd7d-be8a87e8a84d,139,34.75,6394620.819083224,6423932.150186246,0.34248142068470855,0.3624290763037171,0.9922248926140942,1.0145679839600734,-1142.6217207932796,71339.10535005844,-1.1120156452180128,0.5603162138820782,0.86848703573967,3.2635388157997522,0.0015264942294001681,0.21705414112539675,-8846433.446996517,552323342.1551083
