step,t_s,guidance_updated,sigma_cmd_rad,sigma_target_rad,sigma_actual_rad,roll_rate_rad_s,roll_accel_rad_s2,tau_roll_cmd_Nm,tau_roll_capacity_Nm,requested_duty,fired_this_step,active_thrusters,torque_z_from_rcs,force_x_from_rcs,force_y_from_rcs,force_z_from_rcs,r_m,phi_rad,lam_rad,V_mps,gamma_rad,chi_rad,alt_m,rho_kgm3,q_pa,T_K,p_Pa,drag_mag_N,lift_mag_N,gravity_mps2,interval_sigma_lo,interval_sigma_hi,interval_rho_lo,interval_rho_hi,interval_q_lo,interval_q_hi,interval_alt_lo,interval_alt_hi,width_r_m,width_phi_rad,width_lam_rad,width_V_mps,width_gamma_rad,width_chi_rad,dx_width_r,dx_width_phi,dx_width_lam,dx_width_V,dx_width_gamma,dx_width_chi,heating_qdot_max_lo,heating_qdot_max_hi,heating_qdot_mean_lo,heating_qdot_mean_hi,heating_Q_max_lo,heating_Q_max_hi,safety_status,safety_checks,layer_indices,r_m_lo,r_m_hi,r_m_width,phi_rad_lo,phi_rad_hi,phi_rad_width,lam_rad_lo,lam_rad_hi,lam_rad_width,V_mps_lo,V_mps_hi,V_mps_width,gamma_rad_lo,gamma_rad_hi,gamma_rad_width,chi_rad_lo,chi_rad_hi,chi_rad_width
0,0.0,True,-1.2217304763960306,-0.04363323129985824,0.0,0.0,0.0,-349.0658503988659,5696.0,0.06128262823013798,0,,0.0,0.0,0.0,0.0,6458100.0,0.0,0.0,7500.0,-0.09599310885968812,1.5707963267948966,80000.0,1.8448074506829373e-05,518.8520955045761,198.63200709186913,1.0518707170575368,10697.018925710552,3260.043863073692,9.557135937077003,0.0,0.0,1.841452185415776e-05,1.848168519000354e-05,515.1499317744342,522.573345084388,79990.0,80010.0,30.730722403153777,0.0003507555126060299,0.0003510893083991533,40.01593893030622,0.005239246200678491,0.006981510372481292,42.92288961292468,6.758648828656105e-06,8.093832001149405e-06,0.06375572122427609,1.3033778781978354e-05,7.734580163930424e-07,62443.85514085116,331215.45262085187,167612.45327281105,170626.1422592267,15610.96378521279,82803.86315521297,inside,"{'min_altitude_m': 'inside', 'max_altitude_m': 'inside', 'max_speed_mps': 'inside', 'max_dynamic_pressure_pa': 'inside'}",6,6457904.911438991,6457935.6421613945,30.730722403153777,0.00011361700537591919,0.0004643725179819491,0.0003507555126060299,-0.00017554465419957662,0.00017554465419957667,0.0003510893083991533,7480.346637439912,7520.362576370218,40.01593893030622,-0.09864084265296644,-0.09340159645228795,0.005239246200678491,1.567306803006139,1.5742883133786203,0.006981510372481292
1,0.25,False,-1.2217304763960306,-0.1308996938995747,0.0,0.0,0.0,-1047.1975511965977,5696.0,0.18384788469041394,0,,0.0,0.0,0.0,0.0,6457920.289214024,0.00028899643423583725,1.7695927907595832e-20,7500.354599753706,-0.09602121698475377,1.57079755780086,79820.28921402432,1.897872679786398e-05,533.8271662719876,198.98258887191068,1.0840373381451545,11005.755493994187,3354.135007693467,9.557667855785057,0.0,0.0,1.8925843843954964e-05,1.903182449576479e-05,529.5033396777658,538.1805369172552,79804.91143899132,79835.64216139447,41.46862393524498,0.00035244645369455335,0.000353112973173798,40.03224049628443,0.005242507706969754,0.0069817095778765825,42.95160613112034,6.763764354094032e-06,8.094659098578755e-06,0.0652062639121902,1.3046025165021837e-05,7.968215809677551e-07,63313.66984009475,336157.52313116175,169947.21904446487,173172.05737059846,15828.417460023687,84039.38078279044,inside,"{'min_altitude_m': 'inside', 'max_altitude_m': 'inside', 'max_speed_mps': 'inside', 'max_dynamic_pressure_pa': 'inside'}",6,6457719.75831193,6457761.226935865,41.46862393524498,0.00040178722016078773,0.0007542336738553411,0.00035244645369455335,-0.00017655684351906053,0.00017655612965473743,0.000353112973173798,7480.696809217402,7520.729049713686,40.03224049628443,-0.09867056497761569,-0.09342805727064593,0.005242507706969754,1.5673080547507954,1.574289764328672,0.0069817095778765825
2,0.5,False,-1.2217304763960306,-0.21816615649929116,0.0,0.0,0.0,-1745.3292519943293,5696.0,0.30641314115068985,0,,0.0,0.0,0.0,0.0,6457740.5174688175,0.0005780137924334429,-3.557821062856323e-10,7500.712912868789,-0.09604930598520894,1.5707989085608045,79640.51746881753,1.9523886521564447e-05,549.2137046050816,199.33330909431965,1.117141643558254,11322.975166375421,3450.8114792763186,9.558199999354981,0.0,0.0,1.9450662977180836e-05,1.959752493896268e-05,544.237571082625,554.2313848883238,79619.75831193011,79661.22693586536,52.213724435307086,0.00035413868843492706,0.0003551368476739673,40.04892136532817,0.005245772311249813,0.006981915108234205,42.980402000925324,6.768938961494806e-06,8.095498000677232e-06,0.06672347617311924,1.305841712024661e-05,8.221214298790549e-07,64194.534634915944,341166.7708863192,172311.64559898493,175752.57894143712,16048.633658728986,85291.6927215798,inside,"{'min_altitude_m': 'inside', 'max_altitude_m': 'inside', 'max_speed_mps': 'inside', 'max_dynamic_pressure_pa': 'inside'}",6,6457534.540550554,6457586.7542749895,52.213724435307086,0.0006899778590143779,0.001044116547449305,0.00035413868843492706,-0.00017756952945829145,0.00017756731821567582,0.0003551368476739673,7481.05060730849,7521.099528673818,40.04892136532817,-0.09870026943326525,-0.09345449712201544,0.005245772311249813,1.5673094241638466,1.5742913392720808,0.006981915108234205
3,0.75,False,-1.2217304763960306,-0.30543261909900765,0.0,0.0,0.0,-2443.460952792061,5696.0,0.4289783976109658,0,,0.0,0.0,0.0,0.0,6457560.684706229,0.0008670522218091605,-1.102011793976784e-09,7501.075039415681,-0.09607737556462076,1.5708003800868622,79460.68470622879,2.0083930103282185e-05,565.0224783840293,199.68416789404782,1.1512096573676747,11648.899941028641,3550.1409344087288,9.558732368009085,0.0,0.0,1.9989317456528836e-05,2.0179204196856846e-05,559.3622516458735,570.7378975594175,79434.54055055417,79486.75427498948,62.96604435425252,0.00035583223224695294,0.0003571609350211395,40.065998822799884,0.0052490400514200175,0.0069821271843459876,43.00927967476798,6.774175248103762e-06,8.096349388688854e-06,0.06830982988503509,1.3070960680832758e-05,8.483044476159832e-07,65086.57988588693,346244.0423134243,174706.0828515913,178368.14300994584,16271.644971471733,86561.01057835607,inside,"{'min_altitude_m': 'inside', 'max_altitude_m': 'inside', 'max_speed_mps': 'inside', 'max_dynamic_pressure_pa': 'inside'}",6,6457349.258084364,6457412.2241287185,62.96604435425252,0.0009781890653592818,0.0013340212976062347,0.00035583223224695294,-0.00017858274866681395,0.00017857818635432554,0.0003571609350211395,7481.408126020268,7521.474124843068,40.065998822799884,-0.09872995573423589,-0.09348091568281587,0.0052490400514200175,1.5673109121778486,1.5742930393621946,0.0069821271843459876
4,1.0,True,-1.2217304763960306,-0.39269908169872414,-0.0178,-0.0712,-0.2848,-3141.592653589793,5696.0,0.5515436540712417,1,"POD0_RNEG,POD1_RNEG,POD2_RNEG,POD3_RNEG",-5696.0,1.1368683772161603e-13,1.3079227814893731e-13,0.0,6457380.790866187,0.0011561118734585837,-2.2736553979904883e-09,7501.4410820908815,-0.09610542541850102,1.5708019734175427,79280.79086618684,2.0659243232327878e-05,581.2645248516781,200.03516540982943,1.1862680908645866,11983.75736949821,3652.1927221327874,9.559264961975453,-0.0178,-0.0178,2.054215352341786e-05,2.077729057874771e-05,574.8872396518516,587.7123941151988,79249.25808436424,79312.22412871849,73.72560477722436,0.00035752710122381867,0.00035918523843162556,40.08349040975645,0.005252317817160498,0.0069823478046269205,43.038241692361794,6.77947590746312e-06,8.09721364194432e-06,0.06996634782605238,1.3111062961917598e-05,8.824811240150104e-07,65989.93751083857,351390.1946029475,177130.88489751413,181019.1911590942,16497.484377709643,87847.54865073688,inside,"{'min_altitude_m': 'inside', 'max_altitude_m': 'inside', 'max_speed_mps': 'inside', 'max_dynamic_pressure_pa': 'inside'}",6,6457163.910840562,6457237.636445339,73.72560477722436,0.0012664209862718837,0.0016239480874957024,0.00035752710122381867,-0.00017959653815275813,0.00017958870027886742,0.00035918523843162556,7481.769445299415,7521.852935709171,40.08349040975645,-0.0987598819788274,-0.0935075641616669,0.005252317817160498,1.5673125186560455,1.5742948664606724,0.0069823478046269205
5,1.25,False,-1.2217304763960306,-0.4799655442984406,-0.0534,-0.1424,-0.2848,-3412.524354387525,5696.0,0.5991089105315177,1,"POD0_RNEG,POD1_RNEG,POD2_RNEG,POD3_RNEG",-5696.0,1.1368683772161603e-13,1.3079227814893731e-13,0.0,6457200.835886652,0.0014451929024584642,-3.9059879737899814e-09,7501.811129344731,-0.09613371010903411,1.5708036893982658,79100.83588665165,2.1250221078529332e-05,597.9511544283437,200.38630178427707,1.2223443598454564,12327.780635346886,3757.0379079152412,9.559797781488077,-0.0534,-0.0534,2.1109525639465365e-05,2.1392223283068448e-05,590.8226288043143,605.1675093735703,79063.91084056161,79137.63644533884,84.49244250636548,0.0003592233126825681,0.0003612097616804696,40.101411652810384,0.005255614853345664,0.006982579010545997,43.06735091822452,6.784845834997876e-06,8.098092995376132e-06,0.07168497221533388,1.3188144740663665e-05,9.248236763508122e-07,66904.74055942215,356606.0934473804,179586.40887002792,183706.16935168076,16726.185139855537,89151.5233618451,inside,"{'min_altitude_m': 'inside', 'max_altitude_m': 'inside', 'max_speed_mps': 'inside', 'max_dynamic_pressure_pa': 'inside'}",6,6456978.498260878,6457062.990703384,84.49244250636548,0.0015546737645491836,0.0019138970772317517,0.0003592233126825681,-0.00018061093546265555,0.00018059882621781402,0.0003612097616804696,7482.1345435900275,7522.235955242838,40.101411652810384,-0.09879032890047952,-0.09353471404713386,0.005255614853345664,1.5673142421047124,1.5742968211152584,0.006982579010545997
6,1.5,False,-1.2217304763960306,-0.5672320068981571,-0.089,-0.1424,0.0,-3541.0560551852573,5696.0,0.6216741669917938,0,,0.0,0.0,0.0,0.0,6457020.819228167,0.0017342954602129188,-6.034537662403103e-09,7502.185167110652,-0.09616250576999082,1.5708055275358035,78920.81922816671,2.1857270138064015e-05,615.0939882255519,200.737578091675,1.2594667017373766,12681.209327565455,3864.7495093532816,9.56033082819478,-0.089,-0.089,2.1691798255944902e-05,2.202445432698602e-05,607.1787836117704,623.1162336617846,78878.49826087803,78962.99070338439,95.26661447621882,0.00036092088518029065,0.0003632345090824886,40.119777332843114,0.005258934141709512,0.006982821076588319,43.09668787702117,6.7902899908909e-06,8.09898960807609e-06,0.07346272013211896,1.3277153455401477e-05,9.68264168720621e-07,67831.12331167595,361892.6138166451,182073.01520502497,186429.52832978684,16957.78082791899,90473.15345416128,inside,"{'min_altitude_m': 'inside', 'max_altitude_m': 'inside', 'max_speed_mps': 'inside', 'max_dynamic_pressure_pa': 'inside'}",6,6456793.019261675,6456888.285876151,95.26661447621882,0.0018429475341627643,0.002203868419343055,0.00036092088518029065,-0.00018162597828487155,0.00018160853079761706,0.0003632345090824886,7482.503375048677,7522.62315238152,40.119777332843114,-0.09882132685843983,-0.09356239271673032,0.005258934141709512,1.5673160815697984,1.5742989026463867,0.006982821076588319
7,1.75,False,-1.2217304763960306,-0.6544984694978736,-0.1424,-0.2136,-0.2848,-3954.3877559829893,5696.0,0.6942394234520698,1,"POD0_RNEG,POD1_RNEG,POD2_RNEG,POD3_RNEG",-5696.0,1.1368683772161603e-13,1.3079227814893731e-13,0.0,6456840.739835961,0.002023419689912111,-8.694698790429283e-09,7502.563156653364,-0.09619184124870647,1.5708074870042634,78740.73983596079,2.2480808810166843e-05,632.7049853928977,201.08899641219875,1.2976642160770224,13044.29000437477,3975.40266799993,9.56086410527003,-0.1424,-0.1424,2.2289346330275903e-05,2.2674449188490162e-05,623.9663647801776,641.5719422911491,78693.01926167496,78788.28587615117,106.04818378016353,0.00036261983797250064,0.000365259485019782,40.138593918297374,0.005262287935319618,0.006983075878230327,43.12627721549097,6.795811168840409e-06,8.099903749173605e-06,0.07526634181597203,1.3415174440438893e-05,1.0192065678241437e-06,68769.22357412396,367250.6525275466,184591.07380422746,189189.73008994825,17192.30589353099,91812.66313188666,inside,"{'min_altitude_m': 'inside', 'max_altitude_m': 'inside', 'max_speed_mps': 'inside', 'max_dynamic_pressure_pa': 'inside'}",6,6456607.4727030285,6456713.520886809,106.04818378016353,0.0021312424264906308,0.0024938622644631314,0.00036261983797250064,-0.00018264170411375232,0.0001826177809060297,0.000365259485019782,7482.875612995582,7523.014206913879,40.138593918297374,-0.09885318626598348,-0.09359089833066386,0.005262287935319618,1.567318031615535,1.5743011074937654,0.006983075878230327
8,2.0,True,-1.2217304763960306,-0.7417649320975901,-0.2136,-0.2848,-0.2848,-3940.5194567807207,5696.0,0.6918046799123456,1,"POD0_RNEG,POD1_RNEG,POD2_RNEG,POD3_RNEG",-5696.0,1.1368683772161603e-13,1.3079227814893731e-13,0.0,6456660.596602113,0.0023125657324919624,-1.1921635769242186e-08,7502.944774264516,-0.09622202076901022,1.5708095632822543,78560.59660211299,2.3121266215353382e-05,650.7963643799586,201.44055893022195,1.3369667973356834,13417.274569906098,4089.0741546380486,9.561397616046783,-0.2136,-0.2136,2.290255413396669e-05,2.334268564136322e-05,641.1962515404753,660.5483159130513,78507.47270302847,78613.52088680863,116.83723890408874,0.0003643201913211846,0.0003672846942767724,40.15785484406479,0.005265690773551532,0.006983344948700232,43.15622049716558,6.801413394736484e-06,8.10083702796178e-06,0.07704370307140884,1.3611352927661978e-05,1.0762818799524388e-06,69719.17317576252,372681.0761833789,187140.93852441525,191987.22106416486,17429.79329394063,93170.26904584472,inside,"{'min_altitude_m': 'inside', 'max_altitude_m': 'inside', 'max_speed_mps': 'inside', 'max_dynamic_pressure_pa': 'inside'}",6,6456421.856871706,6456538.6941106105,116.83723890408874,0.002419558551491989,0.0027838787428131734,0.0003643201913211846,-0.00018365814934932767,0.00018362654492744477,0.0003672846942767724,7483.2505678908,7523.408422734865,40.15785484406479,-0.09888623528815217,-0.09362054451460064,0.005265690773551532,1.567320082183558,1.5743034271322582,0.006983344948700232
9,2.25,False,-1.2217304763960306,-0.8290313946973066,-0.2848,-0.2848,0.0,-3784.251157578453,5696.0,0.6643699363726217,0,,0.0,0.0,0.0,0.0,6456480.387858245,0.002601733707965964,-1.5749214255936395e-08,7503.3293269060005,-0.09625336514339967,1.570811747054222,78380.38785824459,2.377908435648913e-05,669.3806419050188,201.79226892447713,1.3774052726400101,13800.42107760768,4205.842614128055,9.561931365519172,-0.2848,-0.2848,2.3531817311584492e-05,2.4029656026670748e-05,658.8795784137276,680.0593819245897,78321.85687170643,78438.69411061052,127.63389735575765,0.0003660219660693983,0.0003693101418370444,40.17755342343844,0.005269148926734787,0.006983627991143271,43.18663380776752,6.807098992853795e-06,8.101790241087959e-06,0.07879431749330745,1.383261273304052e-05,1.1321697724825936e-06,70681.09786945696,378184.7204160671,189722.94691275293,194822.43172948912,17670.27446736424,94546.18010401678,inside,"{'min_altitude_m': 'inside', 'max_altitude_m': 'inside', 'max_speed_mps': 'inside', 'max_dynamic_pressure_pa': 'inside'}",6,6456236.169457116,6456363.803354472,127.63389735575765,0.0027078959832316546,0.003073917949301053,0.0003660219660693983,-0.0001846753478046713,0.00018463479403237312,0.0003693101418370444,7483.627669724271,7523.8052231477095,40.17755342343844,-0.09892052490397676,-0.09365137597724198,0.005269148926734787,1.5673222256388617,1.574305853630005,0.006983627991143271
10,2.5,False,-1.2217304763960306,-0.9162978572970231,-0.3738,-0.356,-0.2848,-3912.782858376185,5696.0,0.6869351928328976,1,"POD0_RNEG,POD1_RNEG,POD2_RNEG,POD3_RNEG",-5696.0,1.1368683772161603e-13,1.3079227814893731e-13,0.0,6456300.1113533145,0.0028909237007374946,-2.0208614032001555e-08,7503.716241016488,-0.09628592216176524,1.570814030527823,78200.11135331448,2.445471874639107e-05,688.4707308239412,202.1441308117018,1.4190114463489731,14193.995747978088,4325.789180336179,9.562465360408993,-0.3738,-0.3738,2.4177543438679662e-05,2.4735867958084402e-05,677.0278291985389,700.1196165126313,78136.16945711616,78263.80335447192,138.4382879147306,0.00036772518303672093,0.00037133583243600195,40.197650916613384,0.00527267962444708,0.006983925579090222,43.21756223872376,6.81286786929176e-06,8.102762395830218e-06,0.08038997269874537,1.4122790849184735e-05,1.1903517875168826e-06,71655.13078276817,383762.46339153365,192337.45631164094,197695.81447442644,17913.782695692043,95940.61584788341,inside,"{'min_altitude_m': 'inside', 'max_altitude_m': 'inside', 'max_speed_mps': 'inside', 'max_dynamic_pressure_pa': 'inside'}",6,6456050.408067077,6456188.846354992,138.4382879147306,0.002996254772424083,0.003363979955460804,0.00036772518303672093,-0.00018569333091887204,0.00018564250151712993,0.00037133583243600195,7484.005518844425,7524.203169761038,40.197650916613384,-0.09895638882343538,-0.0936837091989883,0.00527267962444708,1.5673244429648947,1.574308368543985,0.006983925579090222
11,2.75,False,-1.2217304763960306,-1.0035643198967394,-0.4806,-0.42719999999999997,-0.2848,-3614.114559173915,5696.0,0.6345004492931733,1,"POD0_RNEG,POD1_RNEG,POD2_RNEG,POD3_RNEG",-5696.0,1.1368683772161603e-13,1.3079227814893731e-13,0.0,6456119.764760448,0.0031801357718391683,-2.5328768694109606e-08,7504.104097514666,-0.09632001680546196,1.5708163949539067,78019.76476044767,2.5148637014015373e-05,708.0797212561783,202.49614915765113,1.4618180202098339,14598.268456106467,4448.996100908637,9.562999607664953,-0.4806,-0.4806,2.4840150624023666e-05,2.54618429383721e-05,695.6526237389689,720.7437201348224,77950.4080670774,78088.84635499213,149.25057173054665,0.0003694298624438838,0.0003733617705295471,40.218076281094,0.005276301278164558,0.006984237237458668,43.249135263393214,6.818717628651614e-06,8.103752374180434e-06,0.081701457921876,1.4486614869931605e-05,1.2466334731412824e-06,72641.38239917345,389415.06035231246,194984.76328199194,200607.75836331246,18160.345599793363,97353.76508807811,inside,"{'min_altitude_m': 'inside', 'max_altitude_m': 'inside', 'max_speed_mps': 'inside', 'max_dynamic_pressure_pa': 'inside'}",6,6455864.569719871,6456013.820291601,149.25057173054665,0.003284634906378091,0.0036540647688219747,0.0003694298624438838,-0.0001867121245643204,0.0001866496459652267,0.0003733617705295471,7484.382056755797,7524.600133036891,40.218076281094,-0.09899414713322353,-0.09371784585505898,0.005276301278164558,1.5673267068970078,1.5743109441344665,0.006984237237458668
12,3.0,True,-1.2217304763960306,-1.0908307824964558,-0.5874,-0.42719999999999997,0.0,-3173.0462599716466,5696.0,0.5570657057534492,0,,0.0,0.0,0.0,0.0,6455939.345179654,0.0034693699185951,-3.113319489394743e-08,7504.490802506656,-0.0963559598228848,1.5708188128182388,77839.34517965373,2.5861321243602908e-05,728.2209563999328,202.84832964786509,1.5058587434760256,15013.514294731063,4575.547213632324,9.563534115936081,-0.5874,-0.5874,2.552006972404824e-05,2.6208118833584425e-05,714.7657909144522,741.9466964075765,77764.56971987057,77913.82029160112,160.07094273995608,0.00037113602266087686,0.00037538795980659057,40.238767109113724,0.005280021093209991,0.006984560878397161,43.28148403959358,6.824640867973382e-06,8.104757108173747e-06,0.08276331207965071,1.4879260181725534e-05,1.2945637543015436e-06,73639.94673794384,395143.1764418763,197665.12019132302,203558.60604581505,18409.98668448596,98785.79411046907,inside,"{'min_altitude_m': 'inside', 'max_altitude_m': 'inside', 'max_speed_mps': 'inside', 'max_dynamic_pressure_pa': 'inside'}",6,6455678.650886745,6455838.721829485,160.07094273995608,0.003573036284009982,0.003944172306670859,0.00037113602266087686,-0.00018773174625512625,0.0001876562135514643,0.00037538795980659057,7484.755761521379,7524.994528630493,40.238767109113724,-0.09903381010693857,-0.09375378901372858,0.005280021093209991,1.5673289979176357,1.5743135587960329,0.006984560878397161
13,3.25,False,-1.2217304763960306,-1.1780972450961722,-0.712,-0.49839999999999995,-0.2848,-3016.7779607693774,5696.0,0.529630962213725,1,"POD0_RNEG,POD1_RNEG,POD2_RNEG,POD3_RNEG",-5696.0,1.1368683772161603e-13,1.3079227814893731e-13,0.0,6455758.849180567,0.0037586260490114582,-3.763745413975295e-08,7504.874802987038,-0.09639375780182789,1.5708212635653964,77658.84918056708,2.6593268423730967e-05,748.9082674773184,203.2006790045463,1.5511684474078427,15440.018418033585,4705.529422638807,9.564068895445798,-0.712,-0.712,2.6217744720692374e-05,2.697525040261834e-05,734.3795949517578,763.7440961637785,77578.65088674519,77738.72182948515,170.89960490819067,0.0003728436798280206,0.000377414402924686,40.25958771481328,0.005283856252424557,0.00698489378930911,43.3146486731431,6.830628668576819e-06,8.105772472381602e-06,0.08328242279777887,1.534063685829036e-05,1.3316436479245989e-06,74650.93569602928,400947.57598934486,200378.82739460492,206548.75126723826,18662.73392400732,100236.89399733621,inside,"{'min_altitude_m': 'inside', 'max_altitude_m': 'inside', 'max_speed_mps': 'inside', 'max_dynamic_pressure_pa': 'inside'}",6,6455492.648058386,6455663.547663294,170.89960490819067,0.003861458745387989,0.00423430242521601,0.0003728436798280206,-0.0001887522070259597,0.00018866219589872625,0.000377414402924686,7485.123521906596,7525.383109621409,40.25958771481328,-0.0990756202798682,-0.09379176402744364,0.005283856252424557,1.5673312757360742,1.5743161695253833,0.00698489378930911
14,3.5,False,-1.2217304763960306,-1.2217304763960306,-0.8366,-0.49839999999999995,0.0,-2084.2438111682454,5696.0,0.3659135904438633,0,,0.0,0.0,0.0,0.0,6455578.273357417,0.004047904011130567,-4.4851163248209676e-08,7505.252920441691,-0.09643364454063767,1.5708237055581353,77478.27335741743,2.734498873972354e-05,770.1554934496945,203.55320390339278,1.5977829461927693,15878.066139753448,4839.029680686765,9.56460395634809,-0.8366,-0.8366,2.693363102520251e-05,2.7763807584748422e-05,754.5062711299643,786.1515207486887,77392.64805838559,77563.54766329378,181.7367890123278,0.0003745528455681487,0.0003794411008382752,40.28042835255383,0.00528781070503806,0.00698523219163838,43.34873641729257,6.836662960511657e-06,8.106791654356845e-06,0.08336255096236345,1.5817810453976555e-05,1.3536093172738287e-06,75674.41261075152,406828.75368673535,203126.0549025436,209578.44886892426,18918.60315268788,101707.18842168384,inside,"{'min_altitude_m': 'inside', 'max_altitude_m': 'inside', 'max_speed_mps': 'inside', 'max_dynamic_pressure_pa': 'inside'}",6,6455306.557351269,6455488.294140281,181.7367890123278,0.00414990200384002,0.004524454849408169,0.0003745528455681487,-0.0001897735049737152,0.00018966759586455998,0.0003794411008382752,7485.483265943399,7525.7636942959525,40.28042835255383,-0.09911949925350585,-0.0938316885484678,0.00528781070503806,1.5673335141430527,1.574318746334691,0.00698523219163838
15,3.75,False,-1.2217304763960306,-1.2217304763960306,-0.9612,-0.49839999999999995,0.0,-1087.4438111682448,5696.0,0.1909135904438632,0,,0.0,0.0,0.0,0.0,6455397.613943889,0.004337203524005223,-5.2771891010818675e-08,7505.623028552803,-0.09647553958913384,1.5708261107248844,77297.6139438888,2.811700759546994e-05,791.9770536546582,203.90591172553215,1.6457391686063225,16327.954739073888,4976.138587146327,9.565139309868835,-0.9612,-0.9612,2.7668197376156506e-05,2.857437765685796e-05,775.1585775675278,809.185216456944,77206.55735126883,77388.29414028116,192.5827270783484,0.0003762635272198441,0.00038146805283445007,40.30116894950697,0.005291886032107493,0.006985571916999556,43.38375226409096,6.842726606779911e-06,8.107807984699514e-06,0.08296238781221565,1.630130827775454e-05,1.3589014448334986e-06,76710.47195336025,412787.37603218487,205907.05629586175,212648.04219839824,19177.617988340062,103196.84400804622,inside,"{'min_altitude_m': 'inside', 'max_altitude_m': 'inside', 'max_speed_mps': 'inside', 'max_dynamic_pressure_pa': 'inside'}",6,6455120.375082234,6455312.957809312,192.5827270783484,0.004438365695183865,0.004814629222403709,0.0003762635272198441,-0.0001907956292032406,0.00019067242363120948,0.00038146805283445007,7485.83296110006,7526.134130049567,40.30116894950697,-0.09916532878581416,-0.09387344275370667,0.005291886032107493,1.5673356875139306,1.5743212594309302,0.006985571916999556
16,4.0,True,-1.2217304763960306,-1.2217304763960306,-1.0858,-0.49839999999999995,0.0,-90.64381116824461,5696.0,0.01591359044386317,0,,0.0,0.0,0.0,0.0,6455216.867374754,0.004626524227044891,-6.138907962700505e-08,7505.983035413412,-0.09651932385066085,1.5708284513919668,77116.86737475358,2.8909863702155457e-05,814.3876995996175,204.2588094611303,1.6950750460065287,16789.988343424076,5116.948828472099,9.56567496664173,-1.0858,-1.0858,2.842192395554524e-05,2.9407563300877326e-05,796.3495546935384,832.8618185415853,77020.37508223392,77212.95780931227,203.4376473883167,0.0003779757273195874,0.0003834952564342418,40.32168114345677,0.005296081151287435,0.006985908461048851,43.41968123803713,6.848800398971764e-06,8.108814399166954e-06,0.08204877579933667,1.6780476719741494e-05,1.3461761973483921e-06,77759.2070758541,418824.1025964594,208722.0821509768,215757.87103453965,19439.801768963524,104706.02564911485,inside,"{'min_altitude_m': 'inside', 'max_altitude_m': 'inside', 'max_speed_mps': 'inside', 'max_dynamic_pressure_pa': 'inside'}",6,6454934.097842508,6455137.535489896,203.4376473883167,0.004726849380375372,0.005104825107694959,0.0003779757273195874,-0.00019181855988790181,0.00019167669654634,0.0003834952564342418,7486.170651166752,7526.492332310208,40.32168114345677,-0.09921295044504963,-0.0939168692937622,0.005296081151287435,1.5673377712714243,1.5743236797324731,0.006985908461048851
17,4.25,False,-1.2217304763960306,-1.2217304763960306,-1.2104000000000001,-0.49839999999999995,0.0,906.1561888317558,5696.0,0.1590864095561369,0,,0.0,0.0,0.0,0.0,6455036.030357372,0.004915865682409382,-7.068415677860274e-08,7506.330921428355,-0.0965648393877131,1.5708307007733227,76936.03035737202,2.9724109033295225e-05,837.4025197321196,204.61190356967307,1.745829515504874,17264.478026827557,5261.555208176017,9.566210936496129,-1.2104000000000001,-1.2104000000000001,2.9195302306745704e-05,3.0263982604337426e-05,818.0925290417946,857.1983571707023,76834.097842508,77037.53548989631,214.3017690302804,0.0003796894431545572,0.0003855227073200126,40.341830716590266,0.005300392055753014,0.006986237048000055,43.4564865661647,6.854863339880854e-06,8.109803543083175e-06,0.08059829253416706,1.7243617862301372e-05,1.3143478054717566e-06,78820.71090249263,424939.589704313,211571.38189616444,218908.27348404,19705.177725623158,106234.89742607826,inside,"{'min_altitude_m': 'inside', 'max_altitude_m': 'inside', 'max_speed_mps': 'inside', 'max_dynamic_pressure_pa': 'inside'}",6,6454747.722571437,6454962.0243404675,214.3017690302804,0.005015352549588352,0.005395041992742909,0.0003796894431545572,-0.0001928422684855716,0.000192680438834441,0.0003855227073200126,7486.494493896102,7526.836324612692,40.341830716590266,-0.09926216592760237,-0.09396177387184936,0.005300392055753014,1.5673397423571895,1.5743259794051896,0.006986237048000055
18,4.5,False,-1.2217304763960306,-1.2217304763960306,-1.3350000000000002,-0.49839999999999995,0.0,1902.9561888317562,5696.0,0.334086409556137,0,,0.0,0.0,0.0,0.0,6454855.099942651,0.005205227378869502,-8.063078967756816e-08,7506.664778163224,-0.09661188987457474,1.5708328334742072,76755.09994265065,3.0560308733393646e-05,861.0369444472753,204.9651998412576,1.7980425201861079,17751.741913138823,5410.054678289926,9.56674722824638,-1.3350000000000002,-1.3350000000000002,2.9988835210441906e-05,3.1144269010005256e-05,840.4011172785082,882.2122636230971,76647.72257143725,76862.02434046753,225.17529607377946,0.0003814046664031975,0.00038755039929225113,40.36148040347325,0.00530481159609579,0.006986552705302351,43.49410817167359,6.860892994562003e-06,8.110767888954061e-06,0.07859874753160923,1.767816137114182e-05,1.2626292094047165e-06,79895.07671442414,431134.4946987604,214455.20591766483,222099.58817814928,19973.769178606035,107783.6236746901,inside,"{'min_altitude_m': 'inside', 'max_altitude_m': 'inside', 'max_speed_mps': 'inside', 'max_dynamic_pressure_pa': 'inside'}",6,6454561.246628651,6454786.421924725,225.17529607377946,0.005303874627736696,0.0056852792941398935,0.0003814046664031975,-0.0001938667181159286,0.00019368368117632254,0.00038755039929225113,7486.802798802836,7527.164279206309,40.36148040347325,-0.09931273807328515,-0.09400792647718936,0.00530481159609579,1.5673415797049295,1.5743281324102318,0.006986552705302351
19,4.75,False,-1.2217304763960306,-1.2217304763960306,-1.4418000000000002,-0.42719999999999997,0.2848,2899.7561888317564,5696.0,0.509086409556137,1,"POD0_RPOS,POD1_RPOS,POD2_RPOS,POD3_RPOS",5696.0,-1.1368683772161603e-13,-1.3079227814893731e-13,0.0,6454674.073594246,0.005494608737153506,-9.119528524656881e-08,7506.982847534164,-0.09666024172588553,1.5708348260012732,76574.07359424606,3.1419040981801007e-05,885.3067514082227,205.31870326126324,1.8517550064393755,18252.10528573371,5562.5463727950355,9.567283849486243,-1.4418000000000002,-1.4418000000000002,3.080303652051408e-05,3.2049071215798244e-05,863.2892305337913,907.9213768092062,76461.2466286514,76686.42192472517,236.05841146223247,0.0003831213828800976,0.00038957832425876254,40.38063959619467,0.0053093269874266436,0.00698685416829381,43.53246155368129,6.8668659075998666e-06,8.11169986604557e-06,0.0766367708874438,1.8061565323448117e-05,1.2058519658679037e-06,80982.39902109736,437409.4807630929,217373.80789873505,225332.15675674487,20245.59975527434,109352.37019077323,inside,"{'min_altitude_m': 'inside', 'max_altitude_m': 'inside', 'max_speed_mps': 'inside', 'max_dynamic_pressure_pa': 'inside'}",6,6454374.66786333,6454610.726274792,236.05841146223247,0.005592414981425165,0.005975536364305262,0.0003831213828800976,-0.00019489186410258692,0.00019468646015617563,0.00038957832425876254,7487.09686983948,7527.477509435675,40.38063959619467,-0.09936434494856652,-0.09405501796113988,0.0053093269874266436,1.5673433001813488,1.5743301543496426,0.00698685416829381
20,5.0,True,-1.2217304763960306,-1.2217304763960306,-1.5486000000000002,-0.42719999999999997,0.0,3469.3561888317563,5696.0,0.609086409556137,0,,0.0,0.0,0.0,0.0,6454492.949254715,0.005784009116773915,-1.0233713838243639e-07,7507.286438337786,-0.09670957944563688,1.570836694615499,76392.94925471488,3.230089681472556e-05,910.228769073447,205.67241788094054,1.9070089185513406,18765.91509192239,5719.136028014443,9.567820806392268,-1.5486000000000002,-1.5486000000000002,3.1638430963098274e-05,3.297905302749124e-05,886.7717436445366,934.3446830192952,76274.66786332987,76510.7262747921,246.9512733137235,0.0003848395780229989,0.00039160647417188423,40.39919613787333,0.005313929371077344,0.006987139300350664,43.57144740313129,6.872780571606698e-06,8.112599652486757e-06,0.07422616671263049,1.8409534602795944e-05,1.1405282275974322e-06,82082.86677721988,443765.7443314597,220327.69503359028,228606.59556469138,20520.71669430497,110941.43608286492,inside,"{'min_altitude_m': 'inside', 'max_altitude_m': 'inside', 'max_speed_mps': 'inside', 'max_dynamic_pressure_pa': 'inside'}",6,6454187.98469524,6454434.935968554,246.9512733137235,0.005880973036741097,0.006265812614764096,0.0003848395780229989,-0.0001959176664940821,0.00019568880767780212,0.00039160647417188423,7487.375624916663,7527.774821054536,40.39919613787333,-0.09941676938914765,-0.0941028400180703,0.005313929371077344,1.567344888362462,1.5743320276628128,0.006987139300350664
21,5.25,False,-1.2217304763960306,-1.2217304763960306,-1.6376000000000002,-0.356,0.2848,4323.756188831757,5696.0,0.759086409556137,1,"POD0_RPOS,POD1_RPOS,POD2_RPOS,POD3_RPOS",5696.0,-1.1368683772161603e-13,-1.3079227814893731e-13,0.0,6454311.725424679,0.006073427936546328,-1.1402054081648935e-07,7507.574413382609,-0.0967596903251761,1.5708384238293822,76211.725424679,3.3206479821617904e-05,935.8195945783617,206.02634666253692,1.9638471852654589,19293.51350989624,5879.92792682552,9.568358103488476,-1.6376000000000002,-1.6376000000000002,3.249555380986502e-05,3.3934893086321426e-05,910.8632699406259,961.5009743036978,76087.98469523992,76334.93596855365,257.8540170099586,0.00038655923236995994,0.00039363484008038613,40.41846229917155,0.0053186116420103485,0.006987439411113794,43.61097478475267,6.878617387841464e-06,8.113463634007724e-06,0.07706464519337408,1.8729083731990894e-05,1.2004430519277408e-06,83196.58995947965,450204.03753884777,223317.16252281383,231923.29206546702,20799.147489869913,112551.00938471194,inside,"{'min_altitude_m': 'inside', 'max_altitude_m': 'inside', 'max_speed_mps': 'inside', 'max_dynamic_pressure_pa': 'inside'}",6,6454001.1959808115,6454259.049997821,257.8540170099586,0.006169548184311606,0.006556107416681566,0.00038655923236995994,-0.00019694408008729064,0.00019669075999309552,0.00039363484008038613,7487.640476497988,7528.0589387971595,40.41846229917155,-0.09946980415235997,-0.09415119251034962,0.0053186116420103485,1.5673463517587543,1.574333791169868,0.006987439411113794
22,5.5,False,-1.2217304763960306,-1.2217304763960306,-1.7088,-0.2848,0.2848,4750.956188831757,5696.0,0.8340864095561371,1,"POD0_RPOS,POD1_RPOS,POD2_RPOS,POD3_RPOS",5696.0,-1.1368683772161603e-13,-1.3079227814893731e-13,0.0,6454130.401029926,0.006362864577402262,-1.2620518979919412e-07,7507.8488411084645,-0.09681037067624629,1.5708400397596394,76030.4010299258,3.4136406867832584e-05,962.0969788840279,206.38049173856592,2.022313770695976,19835.266505925912,6045.0336018059925,9.568895744039748,-1.7088,-1.7088,3.337495154300529e-05,3.491728565858025e-05,935.5793225546566,989.4104692671418,75901.19598081149,76159.04999782145,268.76679720543325,0.0003882803766611133,0.00039566342289373423,40.43876385762269,0.005323369584098958,0.006987763602517516,43.65112078162781,6.884577164614249e-06,8.11433125339225e-06,0.0812062338052808,1.9031768354425198e-05,1.2967656150749526e-06,84323.75981650043,456725.80941146595,226342.72371797488,235282.9927271188,21080.939954125108,114181.45235286649,inside,"{'min_altitude_m': 'inside', 'max_altitude_m': 'inside', 'max_speed_mps': 'inside', 'max_dynamic_pressure_pa': 'inside'}",6,6453814.300897401,6454083.067694606,268.76679720543325,0.006458139875098515,0.0068464202517596285,0.0003882803766611133,-0.00019797107132838622,0.000197692351565348,0.00039566342289373423,7487.893658213387,7528.33242207101,40.43876385762269,-0.09952333722212676,-0.0941999676380278,0.005323369584098958,1.5673477198692467,1.5743354834717642,0.006987763602517516
23,5.75,False,-1.2217304763960306,-1.2217304763960306,-1.7622,-0.2136,0.2848,5035.756188831756,5696.0,0.8840864095561369,1,"POD0_RPOS,POD1_RPOS,POD2_RPOS,POD3_RPOS",5696.0,-1.1368683772161603e-13,-1.3079227814893731e-13,0.0,6453948.9753272245,0.006652318505713826,-1.3885833530723723e-07,7508.112117605401,-0.09686151058719937,1.570841572803774,75848.97532722447,3.509130870244885e-05,989.0791980470483,206.7348545955409,2.0824537184421312,20391.55087202029,6214.5678848061825,9.569433730330582,-1.7622,-1.7622,3.427718228726057e-05,3.592694144027456e-05,960.9359790894158,1018.0938772697891,75714.30089740083,75983.06769460626,279.6897707283497,0.00039000305402853066,0.00039769222687466147,40.46000773909054,0.00532820290281083,0.006988108330619802,43.69189409028854,6.890709469670577e-06,8.115215923709027e-06,0.08497552587053425,1.9333274847536697e-05,1.3789124091450934e-06,85464.59751652347,463332.506156809,229404.9722811946,238686.44256562888,21366.149379130868,115833.12653920225,inside,"{'min_altitude_m': 'inside', 'max_altitude_m': 'inside', 'max_speed_mps': 'inside', 'max_dynamic_pressure_pa': 'inside'}",6,6453627.298768979,6453906.988539707,279.6897707283497,0.006746747649308151,0.007136750703336681,0.00039000305402853066,-0.00019899861822176855,0.00019869360865289293,0.00039769222687466147,7488.137850525864,7528.597858264955,40.46000773909054,-0.09957734105983347,-0.09424913815702264,0.00532820290281083,1.567349028002997,1.5743371363336167,0.006988108330619802
24,6.0,True,-1.2217304763960306,-1.2217304763960306,-1.8155999999999999,-0.2136,0.0,5178.156188831756,5696.0,0.9090864095561368,0,,0.0,0.0,0.0,0.0,6453767.447721164,0.006941789283294136,-1.5195602249543027e-07,7508.3668760965365,-0.09691308263899877,1.5708430564701643,75667.44772116374,3.607183112032559e-05,1016.7850769181854,207.08943643157875,2.1443132310624917,20962.754714513747,6388.649055851809,9.56997206420789,-1.8155999999999999,-1.8155999999999999,3.5202816940055134e-05,3.6964588758008574e-05,986.9498450702222,1047.5724848583004,75527.29876897857,75806.98853970692,290.6230948641896,0.00039172730407200426,0.0003997212559602992,40.48226979982064,0.005333109073705766,0.006988474368421649,43.733296546064366,6.897000173895253e-06,8.11611634255088e-06,0.08904824292036606,1.9624683579736124e-05,1.4641512074932883e-06,86619.3442803187,470025.6116572631,232504.5556998029,242134.40600525675,21654.836070079677,117506.40291431578,inside,"{'min_altitude_m': 'inside', 'max_altitude_m': 'inside', 'max_speed_mps': 'inside', 'max_dynamic_pressure_pa': 'inside'}",6,6453440.188907126,6453730.81200199,290.6230948641896,0.00703537115119352,0.007427098455265524,0.00039172730407200426,-0.00020002670834499872,0.00019969454761530048,0.0003997212559602992,7488.372606811361,7528.854876611182,40.48226979982064,-0.0996317507620013,-0.09429864168829553,0.005333109073705766,1.5673502697326718,1.5743387441010934,0.006988474368421649
25,6.25,False,-1.2217304763960306,-1.2217304763960306,-1.8512,-0.14240000000000003,0.2848,5605.3561888317545,5696.0,0.9840864095561367,1,"POD0_RPOS,POD1_RPOS,POD2_RPOS,POD3_RPOS",5696.0,-1.1368683772161603e-13,-1.3079227814893731e-13,0.0,6453585.817604208,0.007231276574227424,-1.6548399554935302e-07,7508.612708420256,-0.09696502318009677,1.5708444847373122,75485.81760420837,3.707863614369005e-05,1045.233122877603,207.4442384687667,2.207939751508963,21549.25959454403,6567.39340024199,9.57051074755521,-1.8512,-1.8512,3.6152440275021805e-05,3.803097483960349e-05,1013.6371367890208,1077.867342880913,75340.18890712596,75630.81200199015,301.56692292168736,0.0003934531691546098,0.0004017505142250552,40.50542443779341,0.005338093310405662,0.00698885816329442,43.775312231227645,6.903460330421295e-06,8.117033059024184e-06,0.09261855189007262,1.9936946799601767e-05,1.5351794915718806e-06,87788.13788188489,476806.0868976693,235641.84378821737,245627.37809879938,21947.034470471222,119201.52172441733,inside,"{'min_altitude_m': 'inside', 'max_altitude_m': 'inside', 'max_speed_mps': 'inside', 'max_dynamic_pressure_pa': 'inside'}",6,6453252.970754445,6453554.537677366,301.56692292168736,0.007324010009648582,0.007717463178803192,0.0003934531691546098,-0.0002010553275856242,0.00020069518663943104,0.0004017505142250552,7488.600878632139,7529.106303069932,40.50542443779341,-0.09968663097314512,-0.09434853766273946,0.005338093310405662,1.567351483711081,1.5743403418743753,0.00698885816329442
26,6.5,False,-1.2217304763960306,-1.2217304763960306,-1.869,-0.07120000000000003,0.2848,5605.356188831755,5696.0,0.9840864095561368,1,"POD0_RPOS,POD1_RPOS,POD2_RPOS,POD3_RPOS",5696.0,-1.1368683772161603e-13,-1.3079227814893731e-13,0.0,6453404.084497884,0.007520780028637308,-1.7942625077487425e-07,7508.8525022707545,-0.09701739417465646,1.570845894451528,75304.08449788392,3.811240161110147e-05,1074.4432145991848,207.7992616773513,2.273381944391809,22151.475344802566,6750.925819368401,9.571049781873917,-1.869,-1.869,3.712665049583096e-05,3.912686544885853e-05,1041.0153733507527,1109.0009524664945,75152.9707544446,75454.53767736629,312.5214193314314,0.0003951806871419772,0.0004037800054627631,40.52931941725001,0.005343164820277829,0.00698925604045475,43.81798564219139,6.910071949469548e-06,8.117964950831503e-06,0.09557991782470998,2.0286039488633502e-05,1.5915086419281476e-06,88971.23706947309,483675.51156198303,238817.53108121728,249166.17262283972,22242.809267368273,120918.87789049576,inside,"{'min_altitude_m': 'inside', 'max_altitude_m': 'inside', 'max_speed_mps': 'inside', 'max_dynamic_pressure_pa': 'inside'}",6,6453065.643562429,6453378.16498176,312.5214193314314,0.007612663965409414,0.008007844652551391,0.0003951806871419772,-0.0002020844724004879,0.00020169553306227523,0.0004037800054627631,7488.825810458611,7529.355129875861,40.52931941725001,-0.09974210188886487,-0.09439893706858704,0.005343164820277829,1.5673527110219656,1.5743419670624204,0.00698925604045475
27,6.75,False,-1.2217304763960306,-1.2217304763960306,-1.869,-2.7755575615628914e-17,0.2848,5462.956188831755,5696.0,0.9590864095561368,1,"POD0_RPOS,POD1_RPOS,POD2_RPOS,POD3_RPOS",5696.0,-1.1368683772161603e-13,-1.3079227814893731e-13,0.0,6453222.247738303,0.007810299406222221,-1.9377745374829511e-07,7509.089324599167,-0.09707031110220984,1.5708473248262989,75122.24773830269,3.9173823343068514e-05,1104.4358766837706,208.15450739005797,2.3406898404799032,22769.82511486421,6939.375273101473,9.571589169215954,-1.869,-1.869,3.812606124235289e-05,4.025304722777646e-05,1069.102643938148,1140.9965475021331,74965.64356242865,75278.16498176008,323.48676720354706,0.00039690989057090086,0.00040580973318612637,40.553772004701386,0.0053483357978567625,0.006989663980303762,43.861391487437004,6.916813715691222e-06,8.118910893453004e-06,0.09781034980574743,2.068391031572763e-05,1.631759395692786e-06,90168.91594316682,490635.5474690496,242032.35332113205,252751.64566587398,22542.228985791706,122658.8868672624,inside,"{'min_altitude_m': 'inside', 'max_altitude_m': 'inside', 'max_speed_mps': 'inside', 'max_dynamic_pressure_pa': 'inside'}",6,6452878.206283112,6453201.693050316,323.48676720354706,0.007901332876896285,0.008298242767467186,0.00039690989057090086,-0.00020311415050714254,0.00020269558267898384,0.00040580973318612637,7489.050782520911,7529.604554525612,40.553772004701386,-0.09979831900509162,-0.09444998320723486,0.0053483357978567625,1.5673539958306568,1.5743436598109606,0.006989663980303762
28,7.0,True,-1.2217304763960306,-1.2217304763960306,-1.8512,0.07119999999999997,0.2848,5178.156188831755,5696.0,0.9090864095561367,1,"POD0_RPOS,POD1_RPOS,POD2_RPOS,POD3_RPOS",5696.0,-1.1368683772161603e-13,-1.3079227814893731e-13,0.0,6453040.30637167,0.008099834581672604,-2.0854362810252928e-07,7509.326462475651,-0.09712392321587733,1.5708488179782572,74940.30637167022,4.026361632743481e-05,1135.2323386332957,208.5099775063546,2.4099149202594665,23404.74658703949,7132.875150335844,9.572128912494058,-1.8512,-1.8512,3.9151302649676105e-05,4.141032902504586e-05,1097.9176629014564,1173.8781580260652,74778.20628311206,75101.6930503156,334.4631737777963,0.00039864080561544807,0.0004078397005757413,40.57856325118337,0.005353620048073299,0.006990077335707667,43.905626295640445,6.923660178189935e-06,8.119869558459575e-06,0.09916498592738365,2.1137000866128388e-05,1.6534216152200323e-06,91381.46694141654,497687.9543015543,245287.0954743287,256384.7037311037,22845.366735354135,124421.98857538858,inside,"{'min_altitude_m': 'inside', 'max_altitude_m': 'inside', 'max_speed_mps': 'inside', 'max_dynamic_pressure_pa': 'inside'}",6,6452690.657497655,6453025.120671432,334.4631737777963,0.008190016728292716,0.008588657533908164,0.00039864080561544807,-0.00020414438170698345,0.00020369531886875783,0.0004078397005757413,7489.279476644043,7529.858039895226,40.57856325118337,-0.09985545010140777,-0.09450183005333447,0.005353620048073299,1.5673553863560972,1.5743454636918048,0.006990077335707667
29,7.25,False,-1.2217304763960306,-1.2217304763960306,-1.8155999999999999,0.14239999999999997,0.2848,4750.956188831755,5696.0,0.8340864095561368,1,"POD0_RPOS,POD1_RPOS,POD2_RPOS,POD3_RPOS",5696.0,-1.1368683772161603e-13,-1.3079227814893731e-13,0.0,6452858.259085666,0.008389385552221393,-2.23742999796082e-07,7509.567485987666,-0.09717839122444179,1.5708504197531734,74758.25908566639,4.138251580106449e-05,1166.8546007166872,208.86567462668833,2.4811101916299396,24056.69333431216,7331.563682837992,9.57266901568572,-1.8155999999999999,-1.8155999999999999,4.0203022303827074e-05,4.2599543121178575e-05,1127.4798317572834,1207.6706805189604,74590.65749765467,74925.12067143247,345.45087305177003,0.0004003734507654934,0.000409869910367389,40.60343117303546,0.005359031156100341,0.006990490504602098,43.95079709760421,6.930580600182992e-06,8.120839166590739e-06,0.0994716874079209,2.1644432108182323e-05,1.6526755782028453e-06,92609.2046381184,504834.60929091094,248582.6019233705,260066.3138771359,23152.3011595296,126208.65232272774,inside,"{'min_altitude_m': 'inside', 'max_altitude_m': 'inside', 'max_speed_mps': 'inside', 'max_dynamic_pressure_pa': 'inside'}",6,6452502.995386507,6452848.446259559,345.45087305177003,0.008478715640827838,0.008879089091593332,0.0004003734507654934,-0.00020517519891927592,0.00020469471144811307,0.000409869910367389,7489.515950360297,7530.119381533333,40.60343117303546,-0.09991364863873607,-0.09455461748263573,0.005359031156100341,1.567356935971101,1.5743474264757031,0.006990490504602098
30,7.5,False,-1.2217304763960306,-1.2217304763960306,-1.7622,0.21359999999999996,0.2848,4181.3561888317545,5696.0,0.7340864095561367,1,"POD0_RPOS,POD1_RPOS,POD2_RPOS,POD3_RPOS",5696.0,-1.1368683772161603e-13,-1.3079227814893731e-13,0.0,6452676.104180968,0.008678952448250688,-2.3940708106641776e-07,7509.81631884863,-0.097233861621444,1.5708521806566005,74576.10418096837,4.253127816932337e-05,1199.3255020782867,209.2216021083291,2.5543302579267304,24726.13622451024,7535.584373184072,9.573209483918122,-1.7622,-1.7622,4.1281886041348114e-05,4.382154628564038e-05,1157.8093035997097,1242.3999502759207,74402.99538650736,74748.44625955913,356.4501246837899,0.0004021078351575339,0.00041190036466712986,40.628063988436224,0.0053645801018329525,0.006990896580286954,43.99700652753381,6.937537568158653e-06,8.12181719896352e-06,0.09853126160162062,2.2195782930437035e-05,1.6243027399018941e-06,93852.46983836392,512077.52818186895,251919.78746087162,263797.5145179325,23463.11745959098,128019.38204546724,inside,"{'min_altitude_m': 'inside', 'max_altitude_m': 'inside', 'max_speed_mps': 'inside', 'max_dynamic_pressure_pa': 'inside'}",6,6452315.2177477,6452671.667872384,356.4501246837899,0.008767429887685738,0.009169537722843272,0.0004021078351575339,-0.0002062066494518587,0.00020569371521527116,0.00041190036466712986,7489.764701256221,7530.392765244657,40.628063988436224,-0.09997302261714382,-0.09460844251531086,0.0053645801018329525,1.567358704192546,1.574349600772833,0.006990896580286954
31,7.75,False,-1.2217304763960306,-1.2217304763960306,-1.691,0.28479999999999994,0.2848,3469.3561888317554,5696.0,0.6090864095561368,1,"POD0_RPOS,POD1_RPOS,POD2_RPOS,POD3_RPOS",5696.0,-1.1368683772161603e-13,-1.3079227814893731e-13,0.0,6452493.839589002,0.008968535547347294,-2.555820246305996e-07,7510.077299262148,-0.09729043675962014,1.5708541566622323,74393.83958900161,4.371068168377995e-05,1232.6687839611188,209.5777640308962,2.6296313710630406,25413.564723761254,7745.08639200343,9.573750323415966,-1.691,-1.691,4.2388578521132626e-05,4.507722057781384e-05,1188.9270430153467,1278.092808491923,74215.2177477004,74571.66787238419,367.46120807528496,0.0004038439565373815,0.0004139310646858321,40.65209507968484,0.005370272219835603,0.006991287013042857,44.04433356621985,6.944485519390364e-06,8.122800074809004e-06,0.09612436499295818,2.276847201061451e-05,1.561731023859748e-06,95111.63326356884,519418.88379522396,255299.64718115854,267579.4249854184,23777.90831589221,129854.72094880599,inside,"{'min_altitude_m': 'inside', 'max_altitude_m': 'inside', 'max_speed_mps': 'inside', 'max_dynamic_pressure_pa': 'inside'}",6,6452127.322072003,6452494.783280078,367.46120807528496,0.009056159912298092,0.009460003868835474,0.0004038439565373815,-0.00020723879646940738,0.00020669226821642473,0.0004139310646858321,7490.030699235488,7530.682794315173,40.65209507968484,-0.1000335981144278,-0.0946633258945922,0.005370272219835603,1.5673607572639305,1.5743520442769734,0.006991287013042857
32,8.0,True,-1.2217304763960306,-1.2217304763960306,-1.6198000000000001,0.28479999999999994,0.0,2614.9561888317558,5696.0,0.4590864095561369,0,,0.0,0.0,0.0,0.0,6452311.462944103,0.009258135291552536,-2.7233021299974825e-07,7510.355209574153,-0.09734813994263239,1.5708564096176056,74211.4629441034,4.492152677190188e-05,1266.9091376164586,209.93416505553728,2.707071462807768,26119.487884229555,7960.224879003293,9.574291541287772,-1.6198000000000001,-1.6198000000000001,4.352380347301444e-05,4.6367473773862717e-05,1220.8548713734544,1314.7771533003397,74027.32207200304,74394.78328007832,378.484410376288,0.00040558179889394093,0.0004159620103890861,40.67541138001798,0.005376102059025695,0.006991658492185637,44.0928092037949,6.951369426238347e-06,8.123782813015932e-06,0.09326520133366611,2.3319356760354438e-05,1.4859165711124111e-06,96387.09786098443,526861.0172093259,258723.26267948456,271413.2512896528,24096.774465246108,131715.25430233148,inside,"{'min_altitude_m': 'inside', 'max_altitude_m': 'inside', 'max_speed_mps': 'inside', 'max_dynamic_pressure_pa': 'inside'}",6,6451939.305685671,6452317.790096047,378.484410376288,0.009344906348939362,0.009750488147833303,0.00040558179889394093,-0.00020827172054074464,0.00020769028984834147,0.0004159620103890861,7490.315057398392,7530.99046877841,40.67541138001798,-0.1000952543513457,-0.09471915229232,0.005376102059025695,1.5673631101374599,1.5743547686296455,0.006991658492185637
33,8.25,False,-1.2217304763960306,-1.2217304763960306,-1.5486000000000002,0.28479999999999994,0.0,2045.3561888317563,5696.0,0.35908640955613697,0,,0.0,0.0,0.0,0.0,6452128.971720165,0.009547752306744829,-2.8973196657152825e-07,7510.6511042794355,-0.09740685311493216,1.5708589527612014,74028.97172016464,4.616463588282298e-05,1302.07078543263,210.29081015804582,2.7867101452192244,26844.40509167184,8181.152027938085,9.574833145120712,-1.5486000000000002,-1.5486000000000002,4.468828350108023e-05,4.769323926828004e-05,1253.6140433511762,1352.4805257508276,73839.30568567105,74217.79009604733,389.52000621985644,0.0004073213416032565,0.000417993201073404,40.69871088030504,0.005382063479848848,0.0069920301583339395,44.14238337584186,6.958170837265175e-06,8.124762737271612e-06,0.0931980011463791,2.3845683292634265e-05,1.4866645932477634e-06,97679.13016140518,534405.585075157,262191.34938061394,275299.8468568991,24419.782540351294,133601.39626878925,inside,"{'min_altitude_m': 'inside', 'max_altitude_m': 'inside', 'max_speed_mps': 'inside', 'max_dynamic_pressure_pa': 'inside'}",6,6451751.166115265,6452140.686121485,389.52000621985644,0.009633669878366705,0.010040991219969961,0.0004073213416032565,-0.0002093055057857762,0.0002086876952876278,0.000417993201073404,7490.618445247582,7531.317156127887,40.69871088030504,-0.10015785742265468,-0.09477579394280583,0.005382063479848848,1.567365773348082,1.5743578035064159,0.0069920301583339395
34,8.5,False,-1.2217304763960306,-1.2217304763960306,-1.4596000000000002,0.3559999999999999,0.2848,1475.7561888317568,5696.0,0.2590864095561371,1,"POD0_RPOS,POD1_RPOS,POD2_RPOS,POD3_RPOS",5696.0,-1.1368683772161603e-13,-1.3079227814893731e-13,0.0,6451946.363585129,0.009837387262903874,-3.0787146238840725e-07,7510.965999683097,-0.09746644544069254,1.570861798845649,73846.36358512938,4.7440851677681314e-05,1338.1785786241655,210.6477039360894,2.8686086046234234,27588.828696167224,8408.023983593821,9.575375141928584,-1.4596000000000002,-1.4596000000000002,4.588275832191914e-05,4.9055474224042004e-05,1287.2262098862288,1391.2313530683282,73651.16611526534,74040.6861214852,400.56827600020915,0.0004090625906849974,0.0004200246419903869,40.724185691525236,0.005388145401311467,0.006992443900243561,44.193079120252264,6.964996326961183e-06,8.125763667931532e-06,0.10189924487988367,2.4327685850489533e-05,1.6549676389062388e-06,98987.9834209104,542054.3500881656,265704.5870771806,279240.1197423884,24746.9958552276,135513.5875220414,inside,"{'min_altitude_m': 'inside', 'max_altitude_m': 'inside', 'max_speed_mps': 'inside', 'max_dynamic_pressure_pa': 'inside'}",6,6451562.901102997,6451963.469378998,400.56827600020915,0.009922451211083766,0.010331513801768763,0.0004090625906849974,-0.00021034024516922354,0.00020968439682116338,0.0004200246419903869,7490.945100630276,7531.669286321801,40.724185691525236,-0.10022119837194128,-0.09483305297062981,0.005388145401311467,1.5673687903510365,1.57436123425128,0.006992443900243561
35,8.75,False,-1.2217304763960306,-1.2217304763960306,-1.3706000000000003,0.3559999999999999,0.0,478.9561888317571,5696.0,0.08408640955613714,0,,0.0,0.0,0.0,0.0,6451763.636425748,0.01012704087300236,-3.2683659593679135e-07,7511.305223931888,-0.09752671354363193,1.5708650170382217,73663.63642574754,4.875103725011522e-05,1375.2595984956063,211.00485056072307,2.952829624989382,28353.31702489549,8641.010902825292,9.575917538078095,-1.3706000000000003,-1.3706000000000003,4.7107984836736814e-05,5.045515996642006e-05,1321.7148192868337,1431.0607677032933,73462.90110299736,73863.46937899757,411.6295381737873,0.00041080563633939284,0.00042205635233716907,40.75201009608372,0.005394328955290031,0.006992904707729064,44.24504869387101,6.9721826175817014e-06,8.12684138712846e-06,0.11129761823395401,2.473421591422958e-05,1.84322994169611e-06,100314.0574084779,549810.2145599406,269264.04883328284,283235.56507633306,25078.514352119473,137452.55363998516,inside,"{'min_altitude_m': 'inside', 'max_altitude_m': 'inside', 'max_speed_mps': 'inside', 'max_dynamic_pressure_pa': 'inside'}",6,6451374.508620633,6451786.138158807,411.6295381737873,0.010211251227035707,0.0106220568633751,0.00041080563633939284,-0.00021137605738300846,0.00021068029495416058,0.00042205635233716907,7491.295993894591,7532.048003990675,40.75201009608372,-0.10028501242254757,-0.09489068346725754,0.005394328955290031,1.5673721701127474,1.5743650748204765,0.006992904707729064
36,9.0,True,-1.2217304763960306,-1.2217304763960306,-1.2816000000000003,0.3559999999999999,0.0,-233.04381116824243,5696.0,0.040913590443862786,0,,0.0,0.0,0.0,0.0,6451580.788378133,0.010416714061349315,-3.467353381288857e-07,7511.669831674188,-0.09758740223981814,1.5708686206909814,73480.78837813344,5.00960762781863e-05,1413.3401523231225,211.3622537165371,3.0394376069932125,29138.41244712432,8880.278079123602,9.57646033919787,-1.2816000000000003,-1.2816000000000003,4.8364737069455586e-05,5.189330238368045e-05,1357.10280987742,1471.9988544004748,73274.50862063281,73686.1381588066,422.7040795041248,0.00041255057467237156,0.0004240883531221483,40.782351663428926,0.005400592345225608,0.006993413393661552,44.298165324423394,6.979753331919905e-06,8.128003139917035e-06,0.12136626938373829,2.5053559742320045e-05,2.0347437295114613e-06,101657.62931638454,557675.0008947564,272870.47869134805,287287.1216730563,25414.407329096135,139418.7502236891,inside,"{'min_altitude_m': 'inside', 'max_altitude_m': 'inside', 'max_speed_mps': 'inside', 'max_dynamic_pressure_pa': 'inside'}",6,6451185.987105991,6451608.691185495,422.7040795041248,0.010500070851347219,0.01091262142601959,0.00041255057467237156,-0.00021241306539242203,0.00021167528772972628,0.0004240883531221483,7491.671949403692,7532.454301067121,40.782351663428926,-0.10034901512580321,-0.09494842278057761,0.005400592345225608,1.5673759236639424,1.574369337057604,0.006993413393661552
37,9.25,False,-1.2217304763960306,-1.2217304763960306,-1.1926000000000003,0.3559999999999999,0.0,-945.0438111682422,5696.0,0.16591359044386275,0,,0.0,0.0,0.0,0.0,6451397.818028404,0.010706407800271591,-3.676795635204551e-07,7512.060728172858,-0.09764823818340015,1.5708726212159825,73297.81802840438,5.147687184154134e-05,1452.4471286747244,211.71991620930993,3.128498500980074,29944.669316441927,9125.994458344207,9.577003549582459,-1.1926000000000003,-1.1926000000000003,4.9653805216706165e-05,5.3370930495842275e-05,1393.4135981090333,1514.0763993557218,73085.98710599076,73508.69118549488,433.79214907065034,0.0004142975073189951,0.0004261206659140395,40.815368839472285,0.005406910845953322,0.006993970402300542,44.35227826766754,6.987730586494913e-06,8.12925116756466e-06,0.1320687041747015,2.5274002910897586e-05,2.228034556459639e-06,103018.97264853834,565650.5166897533,276524.6107934451,291395.72071896377,25754.743162134586,141412.62917243832,inside,"{'min_altitude_m': 'inside', 'max_altitude_m': 'inside', 'max_speed_mps': 'inside', 'max_dynamic_pressure_pa': 'inside'}",6,6450997.335503618,6451431.127652689,433.79214907065034,0.01078891104927318,0.011203208556592174,0.0004142975073189951,-0.00021345139580734043,0.00021266927010669904,0.0004261206659140395,7492.073630747272,7532.888999586744,40.815368839472285,-0.10041290380106611,-0.09500599295511279,0.005406910845953322,1.5673800600565768,1.5743740304588774,0.006993970402300542
38,9.5,False,-1.2217304763960306,-1.2217304763960306,-1.1214000000000004,0.28479999999999994,-0.2848,-1657.043811168242,5696.0,0.2909135904438627,1,"POD0_RNEG,POD1_RNEG,POD2_RNEG,POD3_RNEG",-5696.0,1.1368683772161603e-13,1.3079227814893731e-13,0.0,6451214.724450266,0.010996123104871067,-3.8978449190804073e-07,7512.478653343541,-0.09770893130927893,1.570877027869339,73114.72445026599,5.289434627708529e-05,1492.6079838945973,212.07783989228335,3.2200798062662943,30772.6536921086,9378.332553785478,9.577547172080152,-1.1214000000000004,-1.1214000000000004,5.097599547781246e-05,5.488909634762089e-05,1430.6710649324393,1557.3248771716394,72897.33550361823,73331.12765268888,444.8939521992579,0.0004160465409744074,0.0004281533126923583,40.85083428556845,0.00541328253443657,0.006994569415760266,44.407212513947115,6.996134621651499e-06,8.130587113275367e-06,0.14186178438457087,2.5486753933003857e-05,2.39605383920658e-06,104398.35586388285,573738.5462880844,280227.1657398962,295562.28142113436,26099.588965970714,143434.6365720211,inside,"{'min_altitude_m': 'inside', 'max_altitude_m': 'inside', 'max_speed_mps': 'inside', 'max_dynamic_pressure_pa': 'inside'}",6,6450808.553303238,6451253.447255437,444.8939521992579,0.011077772820537882,0.01149381936151229,0.0004160465409744074,-0.0002144911781826742,0.0002136621345096841,0.0004281533126923583,7492.497327445046,7533.348161730614,40.85083428556845,-0.10047666150486,-0.09506337897042343,0.00541328253443657,1.567384531789009,1.5743791012047692,0.006994569415760266
39,9.75,False,-1.2217304763960306,-1.2217304763960306,-1.0502000000000005,0.28479999999999994,0.0,-1941.8438111682415,5696.0,0.3409135904438626,0,,0.0,0.0,0.0,0.0,6451031.507240324,0.01128586102712522,-4.1316806728641844e-07,7512.919784277167,-0.09776946564469699,1.570881790067782,72931.50724032428,5.434944098983699e-05,1533.8489367647503,212.4360255968571,3.3142505674023477,31622.906118934297,9637.45710291331,9.578091207987532,-1.0502000000000005,-1.0502000000000005,5.2332129847539425e-05,5.644887484803995e-05,1468.8978935947182,1601.7744900544785,72708.553303238,73153.44725543726,456.0096800364554,0.00041779777337295695,0.0004301863125469622,40.8888775596879,0.005419688136091602,0.006995210872269952,44.46291134772878,7.004929594196666e-06,8.13199941841558e-06,0.1521730964794754,2.562240662012645e-05,2.565826039319818e-06,105795.86309808173,581939.7821175993,283978.36936853523,299787.16048482386,26448.96577452043,145484.94552939982,inside,"{'min_altitude_m': 'inside', 'max_altitude_m': 'inside', 'max_speed_mps': 'inside', 'max_dynamic_pressure_pa': 'inside'}",6,6450619.640123752,6451075.649803788,456.0096800364554,0.011366657022434811,0.011784454795807768,0.00041779777337295695,-0.00021553252593594342,0.00021465378661101876,0.0004301863125469622,7492.943484532187,7533.8323620918745,40.8888775596879,-0.100540070855616,-0.0951203827195244,0.005419688136091602,1.567389344783018,1.574384555655288,0.006995210872269952
40,10.0,True,-1.2217304763960306,-1.2217304763960306,-0.9968000000000005,0.21359999999999996,-0.2848,-2511.443811168241,5696.0,0.4409135904438626,1,"POD0_RNEG,POD1_RNEG,POD2_RNEG,POD3_RNEG",-5696.0,1.1368683772161603e-13,1.3079227814893731e-13,0.0,6450848.166117151,0.01157562247212004,-4.379336059767341e-07,7513.384628175943,-0.09782963365699693,1.570886913934966,72748.16611715127,5.584311979765587e-05,1576.1985418683344,212.79447391618362,3.411081599551689,32496.015298244558,9903.547519465008,9.57863565823946,-0.9968000000000005,-0.9968000000000005,5.372304916306478e-05,5.8051367446258916e-05,1508.1188638095005,1647.4580446826533,72519.64012375195,72975.6498037884,467.13948987424374,0.0004195513064495643,0.00043221968489443773,40.929238716146756,0.005426141648056229,0.006995889181619974,44.519239353287276,7.014132306424779e-06,8.133489389902218e-06,0.16144462583595143,2.5814047858469717e-05,2.713237400548309e-06,107211.75087093879,590255.9430593228,287778.91023252,304071.24339419656,26802.937717734698,147563.9857648307,inside,"{'min_altitude_m': 'inside', 'max_altitude_m': 'inside', 'max_speed_mps': 'inside', 'max_dynamic_pressure_pa': 'inside'}",6,6450430.5959758805,6450897.735465755,467.13948987424374,0.011655564535815937,0.012075115842265501,0.0004195513064495643,-0.0002165755544769627,0.00021564413041747502,0.00043221968489443773,7493.408328504233,7534.33756722038,40.929238716146756,-0.10060330189450309,-0.09517716024644686,0.005426141648056229,1.5673944499833128,1.5743903391649328,0.006995889181619974
41,10.25,False,-1.2217304763960306,-1.2217304763960306,-0.9434000000000005,0.21359999999999996,0.0,-2653.843811168241,5696.0,0.4659135904438625,0,,0.0,0.0,0.0,0.0,6450664.701173887,0.01186540837048878,-4.641862406559001e-07,7513.869283318121,-0.09788959821665474,1.5708923476840482,72564.70117388666,5.73763672301809e-05,1619.68411491894,213.15318471119974,3.510645388088493,33392.544389960625,10176.775433130857,9.579180522658717,-0.9434000000000005,-0.9434000000000005,5.514961148200159e-05,5.969770035625544e-05,1548.357560145211,1694.4070698510031,72330.59597588051,72797.73546575475,478.2835552813485,0.00042130723261705333,0.0004342534464133607,40.97203095311215,0.005432630084904716,0.006996605017169921,44.576261630267254,7.02370466995378e-06,8.13504607569175e-06,0.17116894786433168,2.5953747393956945e-05,2.863342200010393e-06,108646.09350256367,598687.6622563764,291628.98782267096,308414.85631389084,27161.523375640918,149671.9155640941,inside,"{'min_altitude_m': 'inside', 'max_altitude_m': 'inside', 'max_speed_mps': 'inside', 'max_dynamic_pressure_pa': 'inside'}",6,6450241.420651879,6450719.7042071605,478.2835552813485,0.01194449609120021,0.012365803323817263,0.00042130723261705333,-0.00021762036280235128,0.0002166330836110094,0.0004342534464133607,7493.892246813795,7534.864277766907,40.97203095311215,-0.10066621576993369,-0.09523358568502897,0.005432630084904716,1.5673998522368409,1.5743964572540108,0.006996605017169921
42,10.5,False,-1.2217304763960306,-1.2217304763960306,-0.9078000000000005,0.14239999999999997,-0.2848,-3081.0438111682406,5696.0,0.5409135904438624,1,"POD0_RNEG,POD1_RNEG,POD2_RNEG,POD3_RNEG",-5696.0,1.1368683772161603e-13,1.3079227814893731e-13,0.0,6450481.112293572,0.012155219497820412,-4.920161219063273e-07,7514.374191333163,-0.09794922711029007,1.5708980964769388,72381.11229357217,5.8950193770207375e-05,1664.3355000871225,213.51215825365492,3.6130164389912873,34313.10868244699,10457.328360364798,9.579725801692113,-0.9078000000000005,-0.9078000000000005,5.661269683771982e-05,6.138903033651662e-05,1589.6398316730852,1742.6559194872507,72141.42065187916,72619.70420716051,489.4420279087499,0.00042306564813746755,0.00043628761414319327,41.016971457225736,0.005439182953345417,0.006997353545121543,44.63389050997,7.033662081658201e-06,8.136670919330212e-06,0.17976201645640222,2.6211473762774722e-05,2.994111806005005e-06,110099.14466213966,607236.6462572035,295529.28304048016,312818.8783749231,27524.786165534915,151809.16156430088,inside,"{'min_altitude_m': 'inside', 'max_altitude_m': 'inside', 'max_speed_mps': 'inside', 'max_dynamic_pressure_pa': 'inside'}",6,6450052.114190728,6450541.556218637,489.4420279087499,0.012233452438151495,0.012656518086288962,0.00042306564813746755,-0.00021866705163799076,0.00021762056250520249,0.00043628761414319327,7494.391513049961,7535.408484507187,41.016971457225736,-0.10072914276662255,-0.09528995981327713,0.005439182953345417,1.5674055024186708,1.5744028559637924,0.006997353545121543
43,10.75,False,-1.2217304763960306,-1.2217304763960306,-0.8722000000000005,0.14239999999999997,0.0,-3081.0438111682406,5696.0,0.5409135904438624,0,,0.0,0.0,0.0,0.0,6450297.399594815,0.012445056650572814,-5.215149360764208e-07,7514.895486605903,-0.09800883549714294,1.57090410881956,72197.39959481545,6.056563268637836e-05,1710.1812975984867,213.87139435474148,3.7182710843044555,35258.29781802606,10745.386001684134,9.580271495086912,-0.8722000000000005,-0.8722000000000005,5.811320427366637e-05,6.312654131610361e-05,1631.9903305674904,1792.2376610074755,71952.1141907284,72441.55621863715,500.61510553676635,0.00042482663952676455,0.0004383222025827067,41.06416238952079,0.005445793807592275,0.006998135712522169,44.6923105112229,7.043965557183016e-06,8.138353758053794e-06,0.18876372917863904,2.644341698746809e-05,3.128669602500896e-06,111570.97636454667,615903.5131488034,299479.98918904644,317283.6279857471,27892.74409113667,153975.87828720085,inside,"{'min_altitude_m': 'inside', 'max_altitude_m': 'inside', 'max_speed_mps': 'inside', 'max_dynamic_pressure_pa': 'inside'}",6,6449862.67611225,6450363.291217787,500.61510553676635,0.01252243417301147,0.012947260812538235,0.00042482663952676455,-0.00021971570547718678,0.0002186064971055199,0.0004383222025827067,7494.90651554757,7535.970677937091,41.06416238952079,-0.10079201172190462,-0.09534621791431235,0.005445793807592275,1.5674114050774806,1.5744095407900027,0.006998135712522169
44,11.0,True,-1.2217304763960306,-1.2217304763960306,-0.8544000000000005,0.07119999999999997,-0.2848,-3365.8438111682403,5696.0,0.5909135904438624,1,"POD0_RNEG,POD1_RNEG,POD2_RNEG,POD3_RNEG",-5696.0,1.1368683772161603e-13,1.3079227814893731e-13,0.0,6450113.562700748,0.012734920467187143,-5.527594647650261e-07,7515.433606284339,-0.09806835549849893,1.570910389706034,72013.56270074844,6.222374703230059e-05,1757.252822112838,214.23089379458165,3.8264879495415256,36228.757401700655,11041.145112899247,9.580817604062279,-0.8544000000000005,-0.8544000000000005,5.963956910652136e-05,6.502367853704517e-05,1675.085355618042,1846.3751190794758,71762.67611225042,72263.29121778719,511.8029765607789,0.00042659029700314183,0.0004403572266562402,41.11393628116457,0.005452572357690838,0.006998953088363846,44.75148409543806,7.054629905510609e-06,8.140096294134226e-06,0.1990955665736145,2.711420039423762e-05,3.269503367247324e-06,113050.00864817758,625229.7745052832,303450.0232135293,322088.06565423677,28262.502162044395,156307.4436263208,inside,"{'min_altitude_m': 'inside', 'max_altitude_m': 'inside', 'max_speed_mps': 'inside', 'max_dynamic_pressure_pa': 'inside'}","5,6",6449673.106056493,6450184.909033054,511.8029765607789,0.012811441909219965,0.013238032206223107,0.00042659029700314183,-0.00022076641052463353,0.0002195908161316067,0.0004403572266562402,7495.43346901288,7536.547405294044,41.11393628116457,-0.10085534320992671,-0.09540277085223588,0.005452572357690838,1.5674175100454044,1.5744164631337683,0.006998953088363846
45,11.25,False,-1.2217304763960306,-1.2217304763960306,-0.8366000000000005,0.07119999999999997,0.0,-3223.4438111682407,5696.0,0.5659135904438625,0,,0.0,0.0,0.0,0.0,6449929.601350004,0.013024811604963858,-5.858279734554975e-07,7515.984675671503,-0.09812822585620458,1.5709168873372126,71829.60135000385,6.392562509493031e-05,1805.580100490361,214.590657127616,3.937747669891533,37225.10648829288,11344.794358336876,9.581364129494691,-0.8366000000000005,-0.8366000000000005,6.117757874793301e-05,6.68156427019233e-05,1718.5247703418988,1897.5491120508877,71573.10605649278,72084.90903305355,523.006042261608,0.0004283567272922971,0.000442392700737299,41.16573451052591,0.005459450724460038,0.006999800571058534,44.81226280398482,7.065721156616954e-06,8.141896324235125e-06,0.20719291744682478,2.7513467076841836e-05,3.38993077850736e-06,114522.57223516687,633931.9857530822,307402.6938943953,326571.02296370897,28630.643058791717,158482.99643827055,inside,"{'min_altitude_m': 'inside', 'max_altitude_m': 'inside', 'max_speed_mps': 'inside', 'max_dynamic_pressure_pa': 'inside'}","5,6",6449483.402773742,6450006.408816003,523.006042261608,0.013100476099124752,0.013528832826417049,0.0004283567272922971,-0.00022181923836806457,0.00022057346236923443,0.000442392700737299,7495.972588239173,7537.138322749699,41.16573451052591,-0.10091903982232577,-0.09545958909786573,0.005459450724460038,1.5674238200080528,1.5744236205791113,0.006999800571058534
46,11.5,False,-1.2217304763960306,-1.2217304763960306,-0.8366000000000005,-2.7755575615628914e-17,-0.2848,-3365.843811168241,5696.0,0.5909135904438625,1,"POD0_RNEG,POD1_RNEG,POD2_RNEG,POD3_RNEG",-5696.0,1.1368683772161603e-13,1.3079227814893731e-13,0.0,6449745.514554972,0.013314730559283523,-6.207837249901507e-07,7516.54909377545,-0.09818843096402305,1.570923606091656,71645.51455497183,6.563570841447682e-05,1854.1598732668638,215.07096086036526,4.052136275003207,38226.66117661231,11650.030072872321,9.581911074418839,-0.8366000000000005,-0.8366000000000005,6.275276934190287e-05,6.865388998716755e-05,1763.0266623578648,1950.0606789329197,71383.40277374163,71906.40881600324,534.2245628740638,0.00043012601358203423,0.0004444286376338117,41.21919078983956,0.005466486337499785,0.007000673499600207,44.8740824507654,7.077145158944191e-06,8.143747586050817e-06,0.2138251172549399,2.8142452158984017e-05,3.491714166956944e-06,116012.5861204623,642744.4214374484,311402.2048496621,331110.7625586855,29003.146530115577,160686.1053593621,inside,"{'min_altitude_m': 'inside', 'max_altitude_m': 'inside', 'max_speed_mps': 'inside', 'max_dynamic_pressure_pa': 'inside'}","5,6",6449293.5652046865,6449827.789767561,534.2245628740638,0.013389537206248442,0.013819663219830476,0.00043012601358203423,-0.00022287425988149113,0.00022155437775232058,0.0004444286376338117,7496.519967111892,7537.739157901731,41.21919078983956,-0.10098366220895773,-0.09551717587145794,0.005466486337499785,1.567430282567016,1.5744309560666163,0.007000673499600207
47,11.75,False,-1.2217304763960306,-1.2217304763960306,-0.8366000000000005,-2.7755575615628914e-17,0.0,-3081.043811168241,5696.0,0.5409135904438626,0,,0.0,0.0,0.0,0.0,6449561.301346739,0.01360467784142149,-6.576912828326845e-07,7517.122606705231,-0.0982494843680509,1.5709304897999157,71461.30134673882,6.738077115634005e-05,1903.7470745726662,215.57537667197732,4.169627138812192,39248.98571849422,11961.595647541097,9.582458441814934,-0.8366000000000005,-0.8366000000000005,6.436598820140394e-05,7.053954836021472e-05,1808.6138397521606,2003.9408040507988,71193.56520468649,71727.78976756055,545.4588966211304,0.0004318982272026803,0.00044646504755039727,41.27436264570679,0.005473684628515274,0.007001572649472321,44.937334986976,7.088854482589432e-06,8.145639666342163e-06,0.2206874234676217,2.8793164061932815e-05,3.596599488167645e-06,117520.06353527504,651667.3100052465,315448.5915946856,335707.4021239148,29380.01588381876,162916.82750131164,inside,"{'min_altitude_m': 'inside', 'max_altitude_m': 'inside', 'max_speed_mps': 'inside', 'max_dynamic_pressure_pa': 'inside'}",5,6449103.591345746,6449649.050242367,545.4588966211304,0.013678625527161542,0.014110523754364222,0.0004318982272026803,-0.00022393152872529664,0.0002225335188251006,0.00044646504755039727,7497.075807737652,7538.350170383359,41.27436264570679,-0.10104923458488621,-0.09557554995637094,0.005473684628515274,1.5674368994626908,1.5744384721121631,0.007001572649472321
48,12.0,True,-1.2217304763960306,-1.2217304763960306,-0.8544000000000005,-0.07120000000000003,-0.2848,-3081.043811168241,5696.0,0.5409135904438626,1,"POD0_RNEG,POD1_RNEG,POD2_RNEG,POD3_RNEG",-5696.0,1.1368683772161603e-13,1.3079227814893731e-13,0.0,6449376.959899536,0.013894653783940267,-6.965989274967769e-07,7517.705404975375,-0.09831140355209836,1.570937540217034,71276.95989953633,6.916935062159834e-05,1954.583863118483,216.08017247506646,4.290330080567303,40297.07262786308,12281.012610396368,9.583006237210643,-0.8544000000000005,-0.8544000000000005,6.601810887144264e-05,7.24737817727744e-05,1855.3117219429353,2059.2237713384384,71003.59134574607,71549.0502423672,556.7094140220433,0.0004336734419381101,0.00044850194098784626,41.33080733696352,0.00548111305384251,0.007002492333211041,45.00206960369985,7.100858941722771e-06,8.14757374979616e-06,0.22577876502829408,2.9713701308940613e-05,3.678734954898262e-06,119045.21325756317,660702.0714221228,319542.41453345906,340361.67315685115,29761.303314390792,165175.5178555307,inside,"{'min_altitude_m': 'inside', 'max_altitude_m': 'inside', 'max_speed_mps': 'inside', 'max_dynamic_pressure_pa': 'inside'}",5,6448913.479140531,6449470.188554553,556.7094140220433,0.013967741365550417,0.014401414807488527,0.0004336734419381101,-0.00022499109935207522,0.00022351084163577104,0.00044850194098784626,7497.635773584789,7538.966580921752,41.33080733696352,-0.10111638085999754,-0.09563526780615503,0.00548111305384251,1.5674436124362967,1.5744461047695077,0.007002492333211041
49,12.25,False,-1.2217304763960306,-1.2217304763960306,-0.8722000000000005,-0.07120000000000003,0.0,-2653.843811168241,5696.0,0.4659135904438625,0,,0.0,0.0,0.0,0.0,6449192.488349471,0.014184658726305647,-7.375554716175125e-07,7518.292935699838,-0.09837477771145811,1.5709446962947593,71092.48834947124,7.100248055194692e-05,2006.6979739411624,216.5853534368043,4.414328977241239,41371.49370970271,12608.455225814158,9.583554466248886,-0.8722000000000005,-0.8722000000000005,6.771002475551962e-05,7.445778251484097e-05,1903.1440217655716,2115.9419004281162,70813.47914053127,71370.18855455332,567.976600382477,0.00043545171712986754,0.0004505393253961172,41.38853441122046,0.005488781317137564,0.007003432535955811,45.068745442021736,7.113100767031219e-06,8.149537633083731e-06,0.23090829702745763,3.067305318018318e-05,3.7608109788832346e-06,120588.02830337145,669848.8063402558,323683.6549195761,345073.6275086166,30147.007075842863,167462.20158506394,inside,"{'min_altitude_m': 'inside', 'max_altitude_m': 'inside', 'max_speed_mps': 'inside', 'max_dynamic_pressure_pa': 'inside'}",5,6448723.225482464,6449291.202082846,567.976600382477,0.014256884839662635,0.014692336556792503,0.00043545171712986754,-0.00022605300690597813,0.00022448631849013905,0.0004505393253961172,7498.199771016462,7539.588305427683,41.38853441122046,-0.10118514724897397,-0.0956963659318364,0.005488781317137564,1.567450419270181,1.5744538518061368,0.007003432535955811
50,12.5,False,-1.2217304763960306,-1.2217304763960306,-0.9078000000000005,-0.14240000000000003,-0.2848,-2511.4438111682402,5696.0,0.4409135904438624,1,"POD0_RNEG,POD1_RNEG,POD2_RNEG,POD3_RNEG",-5696.0,1.1368683772161603e-13,1.3079227814893731e-13,0.0,6449007.883841584,0.014474692815537904,-7.805920141971457e-07,7518.885109243942,-0.0984396479854321,1.570951955793043,70907.88384158444,7.288122878382683e-05,2060.1203307493415,217.09092743988128,4.541710526984563,42472.88650889227,12944.117793186215,9.584103137520295,-0.9078000000000005,-0.9078000000000005,6.944265830711745e-05,7.649278279120589e-05,1952.137282267071,2174.1311044059694,70623.22548246384,71191.20208284631,579.2609598878771,0.00043723311287264914,0.0004525772081941513,41.4469806042016,0.005496762432293037,0.007004385349626441,45.13743802287809,7.125582971131408e-06,8.151531192136234e-06,0.23378477192262181,3.192446062193189e-05,3.8112546819182325e-06,122148.70873198412,679108.8827938482,327872.84975427325,349843.9699241035,30537.17718299603,169777.22069846204,inside,"{'min_altitude_m': 'inside', 'max_altitude_m': 'inside', 'max_speed_mps': 'inside', 'max_dynamic_pressure_pa': 'inside'}",5,6448532.827179491,6449112.0881393785,579.2609598878771,0.014546056062802699,0.014983289175675348,0.00043723311287264914,-0.0002271172858820767,0.00022545992231207454,0.0004525772081941513,7498.762699053462,7540.209679657663,41.4469806042016,-0.10125617409688857,-0.09575941166459553,0.005496762432293037,1.5674572516918872,1.5744616370415137,0.007004385349626441
51,12.75,False,-1.2217304763960306,-1.2217304763960306,-0.9434000000000005,-0.14240000000000003,0.0,-1941.8438111682406,5696.0,0.34091359044386244,0,,0.0,0.0,0.0,0.0,6448823.143445353,0.014764756194069441,-8.257390170050651e-07,7519.476550008685,-0.09850661708799098,1.5709592465832503,70723.14344535302,7.480668937046622e-05,2114.8796486783413,217.5969025757971,4.6725637373090985,43601.843036813516,13288.18073502888,9.584652259843136,-0.9434000000000005,-0.9434000000000005,7.12169538690267e-05,7.858004606953031e-05,2002.3160060466407,2233.8249091348416,70432.82717949059,71012.08813937847,590.5631179586053,0.0004390176703310267,0.0004546155928604097,41.50607940761438,0.005505067369773145,0.007005349227199309,45.208632284012765,7.138229833509278e-06,8.153538665033813e-06,0.23639521365048521,3.321974992039165e-05,3.855510291113275e-06,123727.20971413457,688482.1624759948,332109.87870636134,354672.6291543003,30931.802428533643,172120.5406189987,inside,"{'min_altitude_m': 'inside', 'max_altitude_m': 'inside', 'max_speed_mps': 'inside', 'max_dynamic_pressure_pa': 'inside'}",5,6448342.279980838,6448932.843098797,590.5631179586053,0.014835254932834616,0.015274272603165643,0.0004390176703310267,-0.00022818394776237078,0.00022643164509803893,0.0004546155928604097,7499.323979719115,7540.83005912673,41.50607940761438,-0.10132950045097111,-0.09582443308119797,0.005505067369773145,1.567464101171758,1.5744694503989574,0.007005349227199309
52,13.0,True,-1.2217304763960306,-1.2217304763960306,-0.9790000000000004,-0.14240000000000003,0.0,-1657.0438111682408,5696.0,0.2909135904438625,0,,0.0,0.0,0.0,0.0,6448638.263234061,0.01505484877971962,-8.73005992040326e-07,7520.066647257612,-0.0985757183018532,1.570966559379295,70538.26323406119,7.677999323763845e-05,2171.0081461268333,218.1032896666,4.80698066970087,44759.02753058399,13640.846485511312,9.585201845000222,-0.9790000000000004,-0.9790000000000004,7.303388712741155e-05,8.072087908017131e-05,2053.707799230143,2295.060795757484,70242.2799808383,70832.8430987969,601.8837186135352,0.0004408054285068401,0.0004566544822450339,41.56575867640822,0.00551370691981283,0.007006322489690353,45.2824026198972,7.151032703251294e-06,8.155557538496835e-06,0.23871707517624863,3.45582001587333e-05,3.893049964340484e-06,125323.7111074551,697969.8879623903,336395.2245515901,359560.2453139587,31330.927776863777,174492.47199059758,inside,"{'min_altitude_m': 'inside', 'max_altitude_m': 'inside', 'max_speed_mps': 'inside', 'max_dynamic_pressure_pa': 'inside'}",5,6448151.579577859,6448753.463296472,601.8837186135352,0.015124481324195771,0.015565286752702611,0.0004408054285068401,-0.00022925300100496747,0.00022740148124006645,0.0004566544822450339,7499.883013326916,7541.448772003324,41.56575867640822,-0.10140516260537907,-0.09589145568556624,0.00551370691981283,1.5674709588673899,1.5744772813570802,0.007006322489690353
53,13.25,False,-1.2217304763960306,-1.2217304763960306,-1.0324000000000004,-0.2136,-0.2848,-1372.2438111682413,5696.0,0.2409135904438626,1,"POD0_RNEG,POD1_RNEG,POD2_RNEG,POD3_RNEG",-5696.0,1.1368683772161603e-13,1.3079227814893731e-13,0.0,6448453.239232939,0.015344970465826288,-9.223997543379952e-07,7520.65476583995,-0.09864698224306404,1.570973884520102,70353.23923293874,7.880229962538052e-05,2228.538809104913,218.61009966849775,4.945055880950117,45945.120052937054,14002.322301847484,9.585751904921366,-1.0324000000000004,-1.0324000000000004,7.489445736013944e-05,8.291662238462751e-05,2106.3409013659275,2357.877171299118,70051.57957785856,70653.4632964721,613.2234239345416,0.0004425964240143531,0.0004586938785242017,41.62523399287875,0.005522751118740163,0.007007292491745032,45.358821281443966,7.1639820300494275e-06,8.157585116671223e-06,0.23790126587886373,3.617679570933958e-05,3.880008218853207e-06,126938.39337861072,707573.3080973447,340729.3717004815,364507.46174711693,31734.59834465268,176893.32702433618,inside,"{'min_altitude_m': 'inside', 'max_altitude_m': 'inside', 'max_speed_mps': 'inside', 'max_dynamic_pressure_pa': 'inside'}",5,6447960.721609918,6448573.945033853,613.2234239345416,0.015413735087132936,0.01585633151114729,0.0004425964240143531,-0.00023032445090889536,0.00022836942761530636,0.0004586938785242017,7500.433292563372,7542.05852655625,41.62523399287875,-0.10148373170146202,-0.09596098058272186,0.005522751118740163,1.5674777383956195,1.5744850308873646,0.007007292491745032
54,13.5,False,-1.2217304763960306,-1.2217304763960306,-1.0858000000000003,-0.2136,0.0,-660.2438111682413,5696.0,0.1159135904438626,0,,0.0,0.0,0.0,0.0,6448268.067424785,0.015635121120373737,-9.739243111438915e-07,7521.234017012481,-0.09872094387358002,1.5709811295027025,70168.06742478535,8.08747967982608e-05,2287.5016185891504,219.11734365649377,5.086886491340657,47160.73871272599,14372.796560068873,9.58630245166671,-1.0858000000000003,-1.0858000000000003,7.67996879995807e-05,8.516865126476535e-05,2160.2408077000837,2422.3091549295214,69860.7216099184,70473.94503385294,624.5830034771934,0.0004443906657819012,0.0004607337781235023,41.68432428646338,0.005532205813340366,0.007008255067957547,45.438318171847186,7.176967070195639e-06,8.159598397202399e-06,0.23636117433704884,3.781877840079061e-05,3.8503048500450205e-06,128571.13481619513,717291.796399839,345111.99345399754,369513.9557211292,32142.783704048783,179322.94909995975,inside,"{'min_altitude_m': 'inside', 'max_altitude_m': 'inside', 'max_speed_mps': 'inside', 'max_dynamic_pressure_pa': 'inside'}",5,6447769.700828828,6448394.283832305,624.5830034771934,0.015703015804184022,0.016147406469965923,0.0004443906657819012,-0.0002313982728549133,0.000229335505268589,0.0004607337781235023,7500.973560334654,7542.657884621118,41.68432428646338,-0.10156518573445128,-0.09603297992111091,0.005532205813340366,1.5674844224743074,1.574492677542265,0.007008255067957547
55,13.75,False,-1.2217304763960306,-1.2217304763960306,-1.1392000000000002,-0.2136,0.0,-233.0438111682422,5696.0,0.040913590443862745,0,,0.0,0.0,0.0,0.0,6448082.742960384,0.015925300330223293,-1.0275567707654275e-06,7521.803055693595,-0.09879757801994508,1.5709882750427377,69982.74296038412,8.299871199145903e-05,2347.9306939933504,219.62503498753858,5.232572887724193,48406.586939730434,14752.483638774987,9.586853499774675,-1.1392000000000002,-1.1392000000000002,7.87506354121903e-05,8.747838698083474e-05,2215.436672000801,2488.3965478729638,69669.70082882792,70294.28383230511,635.9632313745096,0.00044618815590864724,0.00046277417587116583,41.7428394346598,0.005542075279430847,0.00700920580505926,45.520911589006005,7.189960506980269e-06,8.16159099065398e-06,0.23406059278494684,3.9477864361881605e-05,3.8029484073288694e-06,130222.08000976924,727126.3726123342,349543.4779209596,374580.2525578691,32555.52000244231,181781.59315308355,inside,"{'min_altitude_m': 'inside', 'max_altitude_m': 'inside', 'max_speed_mps': 'inside', 'max_dynamic_pressure_pa': 'inside'}",5,6447578.512063465,6448214.47529484,635.9632313745096,0.015992323010032547,0.016438511165941194,0.00044618815590864724,-0.00023247443576078494,0.00023029974011038086,0.00046277417587116583,7501.502541902606,7543.245381337266,41.7428394346598,-0.10164949061143844,-0.09610741533200759,0.005542075279430847,1.567490993561419,1.5745001993664782,0.00700920580505926
56,14.0,True,-1.2217304763960306,-1.2217304763960306,-1.1926,-0.2136,0.0,194.15618883175694,5696.0,0.0340864095561371,0,,0.0,0.0,0.0,0.0,6447897.261070229,0.016215507631066026,-1.0832686188932078e-06,7522.360514866428,-0.09887684822673967,1.5709953014809042,69797.26107022911,8.517530249281172e-05,2409.8609032541954,220.1331868033229,5.38221813760412,49683.38359580298,15141.60261967329,9.587405063551726,-1.1926,-1.1926,8.074838086193702e-05,8.984728689483464e-05,2271.958261585645,2556.1800598324835,69478.51206346508,70114.47529483959,647.3648829990998,0.00044798888925353525,0.0004648150649199408,41.80058065353296,0.005552362089989812,0.007010140045433433,45.606606498581755,7.202933379550722e-06,8.16355619509982e-06,0.23096487548957212,4.1147242235852475e-05,3.736961497298134e-06,131891.3714943616,737078.0437812266,354024.2076953918,379706.87103881367,32972.8428735904,184269.51094530665,inside,"{'min_altitude_m': 'inside', 'max_altitude_m': 'inside', 'max_speed_mps': 'inside', 'max_dynamic_pressure_pa': 'inside'}",5,6447387.150243307,6448034.515126307,647.3648829990998,0.01628165619117282,0.016729645080426354,0.00044798888925353525,-0.00023355290192656847,0.00023126216299337228,0.0004648150649199408,7502.01894893438,7543.819529587913,41.80058065353296,-0.10173659963296637,-0.09618423754297656,0.005552362089989812,1.567497433905141,1.5745075739505745,0.007010140045433433
57,14.25,False,-1.2217304763960306,-1.2217304763960306,-1.246,-0.2136,0.0,621.3561888317561,5696.0,0.10908640955613695,0,,0.0,0.0,0.0,0.0,6447711.617086338,0.01650574250689032,-1.1410256061632521e-06,7522.905009824611,-0.09895870630738228,1.5710021888350716,69611.61708633788,8.740585609086624e-05,2473.3278707805152,220.64181197045866,5.5359280408566605,50991.863138756875,15540.377337525904,9.587957157007425,-1.246,-1.246,8.279403083993734e-05,9.227684506684157e-05,2329.835963016411,2625.7013198212244,69287.15024330746,69934.51512630656,658.7887313915417,0.00044979285303447386,0.00046685643667125924,41.85734095820226,0.005563066982572737,0.007011052891976455,45.69539356980533,7.215855123749891e-06,8.165487005274111e-06,0.22704121867733518,4.2819570331694345e-05,3.651386171328201e-06,133579.14963328617,747147.8032577464,358554.55954197876,384894.3228903541,33394.78740832154,186786.9508144366,inside,"{'min_altitude_m': 'inside', 'max_altitude_m': 'inside', 'max_speed_mps': 'inside', 'max_dynamic_pressure_pa': 'inside'}",5,6447195.610422846,6447854.3991542375,658.7887313915417,0.016571014785747604,0.017020807638782078,0.00044979285303447386,-0.00023463362689625955,0.00023222280977499971,0.00046685643667125924,7502.521483808264,7544.378824766466,41.85734095820226,-0.10182645299469568,-0.09626338601212295,0.005563066982572737,1.5675037255974966,1.574514778489473,0.007011052891976455
58,14.5,False,-1.2217304763960306,-1.2217304763960306,-1.2993999999999999,-0.2136,0.0,1048.5561888317552,5696.0,0.1840864095561368,0,,0.0,0.0,0.0,0.0,6447525.806464818,0.01679600438962693,-1.2007876509595936e-06,7523.435142707728,-0.09904309191550054,1.5710089168565444,69425.8064648183,8.969169149105042e-05,2538.36798471291,221.15092301857203,5.693811179637483,52332.77577203555,15949.036425763215,9.588509793787177,-1.2993999999999999,-1.2993999999999999,8.488871736591537e-05,9.476859281558323e-05,2389.1007872201026,2697.002886170976,69095.61042284593,69754.39915423747,670.235543445684,0.00045160002644036024,0.0004688982807021756,41.91290569573084,0.005574188726577264,0.007011939214382812,45.787248215298064,7.228693623549621e-06,8.167376123665365e-06,0.22225895011436947,4.448697601810845e-05,3.5452896256325936e-06,135285.55250930195,757336.6297382547,363134.90410391585,390143.11228940386,33821.38812732549,189334.15743456368,inside,"{'min_altitude_m': 'inside', 'max_altitude_m': 'inside', 'max_speed_mps': 'inside', 'max_dynamic_pressure_pa': 'inside'}",5,6447003.887806826,6447674.123350272,670.235543445684,0.016860398183567757,0.017311998210008117,0.00045160002644036024,-0.00023571655933729107,0.00023318172136488452,0.0004688982807021756,7503.008844172538,7544.921749868269,41.91290569573084,-0.10191897731202693,-0.09634478858544966,0.005574188726577264,1.567509850631477,1.5745217898458599,0.007011939214382812
59,14.75,False,-1.2217304763960306,-1.2217304763960306,-1.3527999999999998,-0.2136,0.0,1475.7561888317543,5696.0,0.25908640955613665,0,,0.0,0.0,0.0,0.0,6447339.82480914,0.017086292658982295,-1.2625087587026187e-06,7523.949507324455,-0.09912993213946365,1.5710154650905153,69239.8248091396,9.20341586963258e-05,2605.0184034434496,221.66053207644592,5.855978966185877,53706.887579127266,16367.813357448309,9.589062987102864,-1.3527999999999998,-1.3527999999999998,8.703359825880922e-05,9.73240992387134e-05,2449.7843740048465,2770.1282556503647,68903.88780682627,69574.12335027196,681.7060758555308,0.00045341038025874594,0.0004709405846955868,41.967053152650806,0.005585723990954111,0.007012793656936189,45.88212963978219,7.241415273541527e-06,8.169215973644833e-06,0.21658982768060087,4.6141057507384194e-05,3.4177702136250103e-06,137010.7158255577,767645.4863531487,367765.60563702346,395453.7353940463,34252.67895638943,191911.37158828718,inside,"{'min_altitude_m': 'inside', 'max_altitude_m': 'inside', 'max_speed_mps': 'inside', 'max_dynamic_pressure_pa': 'inside'}",5,6446811.977776278,6447493.683852133,681.7060758555308,0.017149805726323127,0.017603216106581873,0.00045341038025874594,-0.00023680164093942252,0.00023413894375616428,0.0004709405846955868,7503.479727753193,7545.446780905844,41.967053152650806,-0.10201408517062907,-0.09642836117967496,0.005585723990954111,1.5675157909616972,1.5745285846186334,0.007012793656936189
60,15.0,True,-1.2217304763960306,-1.2217304763960306,-1.3883999999999999,-0.14240000000000003,0.2848,1902.9561888317535,5696.0,0.3340864095561365,1,"POD0_RPOS,POD1_RPOS,POD2_RPOS,POD3_RPOS",5696.0,-1.1368683772161603e-13,-1.3079227814893731e-13,0.0,6447153.66789406,0.017376606642470708,-1.326136958883751e-06,7524.446694260168,-0.09921914112271889,1.5710218129407563,69053.66789405979,9.443463934845087e-05,2673.317061342636,222.17065080634092,6.022545688217013,55114.98064163621,16796.94648126056,9.58961674966149,-1.3883999999999999,-1.3883999999999999,8.922985737338465e-05,9.99449716878049e-05,2511.9189959299083,2845.1218716182616,68711.97777627781,69393.68385213334,693.2010708311573,0.0004552238765219707,0.00047298333437426787,42.02063430642829,0.005597641766010714,0.007013630660519077,45.979979902849095,7.25398505290408e-06,8.17099871472423e-06,0.21432461511251621,4.767110022637353e-05,3.3480143318869947e-06,138754.77281751428,778075.3198131442,372447.02177332796,400826.67990374094,34688.69320437857,194518.82995328604,inside,"{'min_altitude_m': 'inside', 'max_altitude_m': 'inside', 'max_speed_mps': 'inside', 'max_dynamic_pressure_pa': 'inside'}",5,6446619.875915259,6447313.07698609,693.2010708311573,0.01743923670799375,0.01789446058451572,0.0004552238765219707,-0.00023788880633457792,0.00023509452803968994,0.00047298333437426787,7503.94093372574,7545.9615680321685,42.02063430642829,-0.10211145986357731,-0.0965138180975666,0.005597641766010714,1.5675216336093285,1.5745352642698476,0.007013630660519077
61,15.25,False,-1.2217304763960306,-1.2217304763960306,-1.424,-0.14240000000000003,0.0,1902.9561888317542,5696.0,0.3340864095561366,0,,0.0,0.0,0.0,0.0,6446967.331690153,0.01766694561565576,-1.391614261120662e-06,7524.933915228908,-0.099310417994426,1.57102805437399,68867.3316901531,9.689454702590902e-05,2743.3089579425223,222.68129033664962,6.1936285515824805,56557.982701495406,17236.7185375986,9.590171093592,-1.424,-1.424,9.147870479988586e-05,0.00010263285619319065,2575.5431192197766,2922.036237146477,68519.87591525912,69213.07698609028,704.7212408166379,0.00045704050914028085,0.000475026521791048,42.07351659859705,0.005609946158686915,0.007014446989503265,46.08067994229907,7.266530473245755e-06,8.172749667120576e-06,0.21152916867526117,4.9217570704843626e-05,3.265315937150624e-06,140518.30901031173,788629.936384766,377180.72418557364,406263.9066224552,35129.57725257793,197157.4840961915,inside,"{'min_altitude_m': 'inside', 'max_altitude_m': 'inside', 'max_speed_mps': 'inside', 'max_dynamic_pressure_pa': 'inside'}",5,6446427.578207628,6447132.2994484445,704.7212408166379,0.017728690694011093,0.018185731203151374,0.00045704050914028085,-0.00023897802081350951,0.0002360485009775385,0.000475026521791048,7504.391697374509,7546.465213973106,42.07351659859705,-0.10221108525087383,-0.09660113909218691,0.005609946158686915,1.5675273672225771,1.5745418142120804,0.007014446989503265
62,15.5,False,-1.2217304763960306,-1.2217304763960306,-1.4596,-0.14240000000000003,0.0,2187.756188831755,5696.0,0.38408640955613677,0,,0.0,0.0,0.0,0.0,6446780.81255284,0.01795730914101812,-1.4589100010468374e-06,7525.410341350651,-0.099403744346369,1.5710341764957867,68680.81255284045,9.941532525239119e-05,2815.034448364011,223.19246074368027,6.369347563398241,58036.72574819814,17687.383085165147,9.59072602988261,-1.4596,-1.4596,9.378137498129392e-05,0.00010538943537510785,2640.6910213669785,3000.9187086583543,68327.57820762787,69032.29944844451,716.267301379703,0.0004588602670449436,0.0004770701378146741,42.1255617787383,0.005622640453025282,0.007015239250686811,46.18424224964633,7.2790316186573546e-06,8.174464094504427e-06,0.2081807205639774,5.077717735346899e-05,3.169044734274102e-06,142301.49786673632,799310.5526251912,381967.1784843976,411766.04226146213,35575.37446668408,199827.6381562978,inside,"{'min_altitude_m': 'inside', 'max_altitude_m': 'inside', 'max_speed_mps': 'inside', 'max_dynamic_pressure_pa': 'inside'}",5,6446235.080690425,6446951.347991805,716.267301379703,0.018018167220724243,0.018477027487769186,0.0004588602670449436,-0.00024006924527158034,0.00023700089254309378,0.0004770701378146741,7504.831241781913,7546.956803560652,42.1255617787383,-0.10231293963185037,-0.09669029917882509,0.005622640453025282,1.567532980240869,1.5745482194915559,0.007015239250686811
63,15.75,False,-1.2217304763960306,-1.2217304763960306,-1.4774,-0.07120000000000003,0.2848,2472.556188831755,5696.0,0.4340864095561368,1,"POD0_RPOS,POD1_RPOS,POD2_RPOS,POD3_RPOS",5696.0,-1.1368683772161603e-13,-1.3079227814893731e-13,0.0,6446594.1068926025,0.018247696749550835,-1.5279897457799644e-06,7525.875128858249,-0.09949909663239134,1.5710401661303446,68494.10689260252,0.00010199845240386554,2888.534792222298,223.70417195524374,6.549825895757317,59552.060418926856,18149.199365768185,9.591281569361627,-1.4774,-1.4774,9.613913101452969e-05,0.00010821643404282433,2707.397717170189,3081.8177466676325,68135.08069042489,68851.34799180459,727.8399694273248,0.00046068313393711133,0.0004791141720795315,42.17785241319507,0.005635713544895407,0.007016027287457094,46.290672187476844,7.291467568663022e-06,8.176137059429416e-06,0.20916253782928962,5.2292367480491085e-05,3.152147080749394e-06,144104.5121373646,810118.3816962803,386806.8483687156,417333.7117829322,36026.12803434115,202529.59542407008,inside,"{'min_altitude_m': 'inside', 'max_altitude_m': 'inside', 'max_speed_mps': 'inside', 'max_dynamic_pressure_pa': 'inside'}",5,6446042.379464902,6446770.219434329,727.8399694273248,0.018307665795088468,0.01876834892902558,0.00046068313393711133,-0.0002411624360977539,0.00023795173598177758,0.0004791141720795315,7505.267606410204,7547.445458823399,42.17785241319507,-0.10241688201561369,-0.09678116847071828,0.005635713544895407,1.5675385753283577,1.5745546026158148,0.007016027287457094
64,16.0,True,-1.2217304763960306,-1.2217304763960306,-1.4952,-0.07120000000000003,0.0,2330.1561888317556,5696.0,0.40908640955613684,0,,0.0,0.0,0.0,0.0,6446407.211185089,0.01853810794032789,-1.598815210298196e-06,7526.336840998285,-0.09959633943527438,1.57104613544387,68307.21118508931,0.00010464544238346452,2963.8595874312196,224.2164337229059,6.735189957395899,61105.00925908047,18622.47901229119,9.591837722667314,-1.4952,-1.4952,9.85532651667285e-05,0.0001111156200675879,2775.7054987113793,3164.7913658313264,67942.37946490198,68670.21943432931,739.439978740178,0.00046250913521376016,0.00048115862249585866,42.23033986215887,0.005649175408934476,0.007016809684113001,46.40003725367785,7.3040051065946954e-06,8.177801665308843e-06,0.20994979585425622,5.384745615628602e-05,3.129586623120587e-06,145928.03864440875,821057.9135909204,391701.5774139394,422969.2282135044,36482.00966110219,205264.4783977301,inside,"{'min_altitude_m': 'inside', 'max_altitude_m': 'inside', 'max_speed_mps': 'inside', 'max_dynamic_pressure_pa': 'inside'}",5,6445849.470664025,6446588.910642765,739.439978740178,0.018597186238156677,0.019059695373370437,0.00046250913521376016,-0.00024225758669563642,0.00023890103580022227,0.00048115862249585866,7505.700472268624,7547.930812130783,42.23033986215887,-0.10252294603582728,-0.0968737706268928,0.005649175408934476,1.5675441467155524,1.5745609563996654,0.007016809684113001
65,16.25,False,-1.2217304763960306,-1.2217304763960306,-1.4952,-2.7755575615628914e-17,0.2848,2472.556188831756,5696.0,0.434086409556137,1,"POD0_RPOS,POD1_RPOS,POD2_RPOS,POD3_RPOS",5696.0,-1.1368683772161603e-13,-1.3079227814893731e-13,0.0,6446220.121946856,0.018828542546744438,-1.6713807570847382e-06,7526.795134911824,-0.09969550108613814,1.5710520779862178,68120.12194685638,0.00010735784579803722,3041.052963137875,224.7292556884525,6.925569501217218,62696.48206612495,19107.49929634284,9.592394500320026,-1.4952,-1.4952,0.00010102509972698042,0.00011408880595772861,2845.651752091748,3249.891487682093,67749.47066402528,68488.91064276546,751.0680805062875,0.0004643382947991208,0.00048320348645660924,42.284298260384276,0.005663024760912849,0.007017610283344133,46.51240706642818,7.316638341440087e-06,8.179455843002018e-06,0.2158335929051609,5.539740791350972e-05,3.2023969244883783e-06,147772.2963059183,832130.6781950361,396651.9532422018,428673.3796762307,36943.07407647958,208032.66954875903,inside,"{'min_altitude_m': 'inside', 'max_altitude_m': 'inside', 'max_speed_mps': 'inside', 'max_dynamic_pressure_pa': 'inside'}",5,6445656.350366627,6446407.418447133,751.0680805062875,0.018886728357613868,0.01935106665241299,0.0004643382947991208,-0.00024335468831484253,0.00023984879814176668,0.00048320348645660924,7506.138800315394,7548.423098575779,42.284298260384276,-0.10263107051056802,-0.09696804574965517,0.005663024760912849,1.5675498089984647,1.5745674192818089,0.007017610283344133
66,16.5,False,-1.2217304763960306,-1.2217304763960306,-1.4952,-2.7755575615628914e-17,0.0,2187.756188831756,5696.0,0.38408640955613693,0,,0.0,0.0,0.0,0.0,6446032.835649624,0.01911900038811947,-1.7456788671361732e-06,7527.259587058187,-0.09979652090132797,1.5710581197413227,67932.83564962354,0.00011013725212537103,3120.1683567957843,225.2426476189048,7.121097802676684,64327.58054410389,19604.595975345946,9.592951912977371,-1.4952,-1.4952,0.00010355598889140916,0.00011713785135755414,2917.281960347343,3337.1807345660395,67556.35036662687,68307.41844713315,762.7250683382154,0.000466170686158944,0.0004852487710881684,42.33977697802584,0.005677274342005975,0.007018429546850946,46.62795132714473,7.329565439294274e-06,8.18113852623672e-06,0.2219148705671421,5.6998324372473e-05,3.2770540271078973e-06,149638.0615589321,843341.779301932,401660.0599739757,434448.795397965,37409.515389733024,210835.444825483,inside,"{'min_altitude_m': 'inside', 'max_altitude_m': 'inside', 'max_speed_mps': 'inside', 'max_dynamic_pressure_pa': 'inside'}",5,6445463.0145038655,6446225.739572204,762.7250683382154,0.019176292308430605,0.01964246299458955,0.000466170686158944,-0.0002444537740444572,0.00024079499704371117,0.0004852487710881684,7506.582727549651,7548.922504527677,42.33977697802584,-0.10274130844986747,-0.09706403410786149,0.005677274342005975,1.5675555623525628,1.5745739918994137,0.007018429546850946
67,16.75,False,-1.2217304763960306,-1.2217304763960306,-1.4952,-2.7755575615628914e-17,0.0,2187.756188831756,5696.0,0.38408640955613693,0,,0.0,0.0,0.0,0.0,6445845.348639913,0.019409481655061428,-1.821738716517564e-06,7527.730357421778,-0.09989944515028609,1.5710642610885464,67745.3486399129,0.000112985292001233,3201.253197817974,225.7566196268703,7.3219118486714345,65999.28253108168,20114.06705709156,9.593509971673473,-1.4952,-1.4952,0.00010614732054831804,0.0001202646659401636,2990.636231910033,3426.7150159611315,67363.0145038655,68125.73957220372,774.4117619469762,0.00046800638521176177,0.00048729448369653843,42.39682704186362,0.005691937289936999,0.007019267948841668,46.74677443307462,7.342796211273804e-06,8.18285043348021e-06,0.2282002553520579,5.865179172406278e-05,3.3536079627858613e-06,151525.60759326696,854693.1239498755,406726.630908243,440296.45779236004,37881.40189831674,213673.28098746887,inside,"{'min_altitude_m': 'inside', 'max_altitude_m': 'inside', 'max_speed_mps': 'inside', 'max_dynamic_pressure_pa': 'inside'}",5,6445269.458901424,6446043.870663371,774.4117619469762,0.01946587824922866,0.019933884634440423,0.00046800638521176177,-0.000245554877196072,0.00024173960650046645,0.00048729448369653843,7507.032394556483,7549.429221598347,42.39682704186362,-0.10285371420980699,-0.09716177691986999,0.005691937289936999,1.5675614069574777,1.5745806749063194,0.007019267948841668
68,17.0,True,-1.2217304763960306,-1.2217304763960306,-1.4774,0.07119999999999997,0.2848,2187.756188831756,5696.0,0.38408640955613693,1,"POD0_RPOS,POD1_RPOS,POD2_RPOS,POD3_RPOS",5696.0,-1.1368683772161603e-13,-1.3079227814893731e-13,0.0,6445657.6571726175,0.019699986543007024,-1.8995896041770381e-06,7528.20761033034,-0.10000432123563802,1.5710705024167804,67557.6571726175,0.00011590363791979036,3284.356161883529,226.2711820786171,7.528152416343143,67712.59155901843,20636.21837989133,9.594068687719233,-1.4774,-1.4774,0.00010880051687795099,0.0001234712102367062,3065.7556887536975,3518.5517668864213,67169.45890142396,67943.87066337094,786.129007964395,0.0004698454704114112,0.0004893406317723009,42.456984015316266,0.00570701080883039,0.007020153959607089,46.86898406996056,7.356340798594669e-06,8.184592303049648e-06,0.240627893810212,6.029407557358652e-05,3.544043061534812e-06,153435.2127390989,866186.6586909475,411852.4131417918,446217.3696286699,38358.803184774726,216546.66467273686,inside,"{'min_altitude_m': 'inside', 'max_altitude_m': 'inside', 'max_speed_mps': 'inside', 'max_dynamic_pressure_pa': 'inside'}",5,6445075.679276784,6445861.808284748,786.129007964395,0.019755486342371602,0.020225331812783014,0.0004698454704114112,-0.00024665803130970014,0.00024268260046260076,0.0004893406317723009,7507.497940991892,7549.954925007209,42.456984015316266,-0.10296821400949313,-0.09726120320066274,0.00570701080883039,1.567567473158177,1.574587627117784,0.007020153959607089
69,17.25,False,-1.2217304763960306,-1.2217304763960306,-1.4596,0.07119999999999997,0.0,1760.5561888317557,5696.0,0.30908640955613687,0,,0.0,0.0,0.0,0.0,6445469.757408718,0.01999051525235105,-1.979260955038672e-06,7528.702225783073,-0.10011107664763423,1.5710769876381763,67369.75740871765,0.0001188940054784504,3369.5367969995673,226.78634560041502,7.739964191126613,69468.735311419,21171.42409490865,9.594628072709252,-1.4596,-1.4596,0.000111517035329654,0.00012675949721136206,3142.690864469959,3612.760981714261,66975.67927678395,67761.80828474835,797.8777013299987,0.00047168807986515404,0.0004913872342876631,42.520412983631104,0.005722504004946227,0.007021089874784003,46.99477346283743,7.370437814969858e-06,8.186410061448931e-06,0.2537158732595559,6.197278446330842e-05,3.7436607070231377e-06,155367.78117796007,877828.3745224795,417039.8336882087,452214.617178247,38841.94529449002,219457.09363061987,inside,"{'min_altitude_m': 'inside', 'max_altitude_m': 'inside', 'max_speed_mps': 'inside', 'max_dynamic_pressure_pa': 'inside'}",5,6444881.671184649,6445679.548885979,797.8777013299987,0.020045117143371004,0.020516805223236158,0.00047168807986515404,-0.00024776331795631885,0.00024362391633134427,0.0004913872342876631,7507.97999941143,7550.500412395061,42.520412983631104,-0.10308482938069032,-0.09736232537574409,0.005722504004946227,1.5675737677984896,1.5745948576732736,0.007021089874784003
70,17.5,False,-1.2217304763960306,-1.2217304763960306,-1.4418,0.07119999999999997,0.0,1618.1561888317553,5696.0,0.28408640955613684,0,,0.0,0.0,0.0,0.0,6445281.645372055,0.020281068405476197,-2.0608241467806755e-06,7529.214914427063,-0.10021972804528317,1.5710837246626863,67181.64537205454,0.00012195815534165116,3456.8476433511364,227.3021211971419,7.957495937063075,71268.79699361048,21720.01432186224,9.595188138650663,-1.4418,-1.4418,0.00011429837008607211,0.00013013159483805383,3221.4860548983115,3709.404785617373,66781.67118464876,67579.54888597876,809.6587599767372,0.00047353435849593895,0.0004934343111046376,42.58728571573738,0.005738425958224269,0.007022078078014804,47.12423458633998,7.385114523137878e-06,8.18830726789745e-06,0.267490928427196,6.368781311221416e-05,3.9528129232507676e-06,157323.65604799188,889620.6747993352,422289.81360250455,458289.4385329908,39330.91401199797,222405.1686998338,inside,"{'min_altitude_m': 'inside', 'max_altitude_m': 'inside', 'max_speed_mps': 'inside', 'max_dynamic_pressure_pa': 'inside'}",5,6444687.430116474,6445497.08887645,809.6587599767372,0.02033477123145142,0.020808305589947357,0.00047353435849593895,-0.00024887082152526437,0.00024456348957937313,0.0004934343111046376,7508.479219772518,7551.066505488256,42.58728571573738,-0.10320358083648776,-0.09746515487826349,0.005738425958224269,1.567580297934996,1.5746023760130108,0.007022078078014804
71,17.75,False,-1.2217304763960306,-1.2217304763960306,-1.4062,0.14239999999999997,0.2848,1475.756188831755,5696.0,0.25908640955613677,1,"POD0_RPOS,POD1_RPOS,POD2_RPOS,POD3_RPOS",5696.0,-1.1368683772161603e-13,-1.3079227814893731e-13,0.0,6445093.3170355335,0.020571646651730866,-2.1443528954857464e-06,7529.746407419383,-0.10033029107718454,1.5710907216533025,66993.31703553349,0.00012509789316278737,3546.3426882908143,227.81852001602368,8.18090052352807,73113.88964674136,22282.3282732926,9.595748897706642,-1.4062,-1.4062,0.00011714605199223627,0.00013358962602992707,3302.18672691877,3808.5470840836265,66587.4301164737,67397.08887645043,821.4731250219047,0.00047538445830415735,0.0004954818830080426,42.65942470430491,0.005754751160756494,0.007023151125029381,47.257460177974394,7.4003992328705755e-06,8.190287613620655e-06,0.28855595426977176,6.530081012890413e-05,4.292188058426266e-06,159303.18855063754,901566.0251563507,427603.29558329034,464443.1038684231,39825.797137659385,225391.50628908767,inside,"{'min_altitude_m': 'inside', 'max_altitude_m': 'inside', 'max_speed_mps': 'inside', 'max_dynamic_pressure_pa': 'inside'}",5,6444492.951501597,6445314.424626619,821.4731250219047,0.020624449210247437,0.021099833668551594,0.00047538445830415735,-0.0002499806293187392,0.0002455012536893034,0.0004954818830080426,7509.006943432284,7551.666368136589,42.65942470430491,-0.10332422971926071,-0.09756947855850422,0.005754751160756494,1.5675872106409539,1.5746103617659832,0.007023151125029381
72,18.0,True,-1.2217304763960306,-1.2217304763960306,-1.3705999999999998,0.14239999999999997,0.0,906.1561888317544,5696.0,0.15908640955613668,0,,0.0,0.0,0.0,0.0,6444904.768322369,0.020862250668248355,-2.2299233320033568e-06,7530.308923072476,-0.1004425401279681,1.5710981411744693,66804.76832236908,0.00012831507081578118,3638.088490861028,228.33555334326837,8.410335045352534,75005.38549874071,22858.784151997166,9.59631036219278,-1.3705999999999998,-1.3705999999999998,0.00012006164950729144,0.000137135770219745,3384.849176036272,3910.266377391629,66392.95150159672,67214.42462661862,833.3217516001314,0.00047723860121106146,0.000497529983897192,42.73712376522508,0.005771473648761669,0.007024312876878991,47.39450631206569,7.41657162762685e-06,8.19240355659781e-06,0.31079624368133274,6.688995202068748e-05,4.647007397730796e-06,161307.42604863117,913671.4263563049,432983.09097264166,470679.21963809646,40326.85651215779,228417.85658907623,inside,"{'min_altitude_m': 'inside', 'max_altitude_m': 'inside', 'max_speed_mps': 'inside', 'max_dynamic_pressure_pa': 'inside'}",5,6444298.230875512,6445131.552627112,833.3217516001314,0.020914152127878536,0.021391390729089597,0.00047723860121106146,-0.0002510928830278083,0.0002464371008693838,0.000497529983897192,7509.564289701635,7552.30141346686,42.73712376522508,-0.10344668971584854,-0.09767521606708687,0.005771473648761669,1.5675945196807588,1.5746188325576378,0.007024312876878991
73,18.25,False,-1.2217304763960306,-1.2217304763960306,-1.3349999999999997,0.14239999999999997,0.0,621.3561888317538,5696.0,0.10908640955613655,0,,0.0,0.0,0.0,0.0,6444715.995269892,0.021152881610342823,-2.3176590242035067e-06,7530.903719804636,-0.10055639182799597,1.5711059987920621,66615.9952698918,0.0001316115847899171,3732.1433259190976,228.8532321548887,8.645960741111434,76944.48598496371,23449.74810970323,9.596872544089306,-1.3349999999999997,-1.3349999999999997,0.00012304676707528968,0.00014077226183105318,3469.522363836935,4014.631812915219,66198.23087551165,67031.55262711179,845.2055931035429,0.00047909702037227456,0.000499578649210177,42.82068453433931,0.0057885859844992865,0.007025567254634657,47.53536601374651,7.433676644841335e-06,8.194661251939662e-06,0.33424307645784923,6.844934295045443e-05,5.017511022731255e-06,163336.78892268884,925939.8423825338,438430.3281609017,476999.3127425174,40834.19723067221,231484.96059563346,inside,"{'min_altitude_m': 'inside', 'max_altitude_m': 'inside', 'max_speed_mps': 'inside', 'max_dynamic_pressure_pa': 'inside'}",5,6444103.263895575,6444948.4694886785,845.2055931035429,0.02120388107821812,0.021682978098590395,0.00047909702037227456,-0.00025220772977627,0.000247370919433907,0.000499578649210177,7510.15238318751,7552.9730677218495,42.82068453433931,-0.10357086625426597,-0.09778228026976668,0.0057885859844992865,1.5676022389206505,1.5746278061752852,0.007025567254634657
74,18.5,False,-1.2217304763960306,-1.2217304763960306,-1.2993999999999997,0.14239999999999997,0.0,336.55618883175316,5696.0,0.05908640955613644,0,,0.0,0.0,0.0,0.0,6444526.9940368235,0.02144354068440393,-2.407688143801194e-06,7531.532064897957,-0.10067175531745516,1.571114310200491,66426.99403682351,0.00013498937704735803,3828.5670409582167,229.37156709666488,8.887943086437309,78932.42496333041,24055.596179300697,9.597435455019289,-1.2993999999999997,-1.2993999999999997,0.00012610304588311875,0.00014450139126306617,3556.256512560828,4121.714490156933,66003.26389557496,66848.4694886785,857.1255986345932,0.0004809599604263595,0.0005016279159478245,42.91041629018491,0.005806079179169185,0.007026918234067203,47.680022125712526,7.4517602163396476e-06,8.19706695058999e-06,0.35892702338117877,6.997277867956718e-05,5.403917729766505e-06,165391.70570611858,938374.3042728085,443946.1574216868,483404.9446253861,41347.926426529644,234593.57606820212,inside,"{'min_altitude_m': 'inside', 'max_altitude_m': 'inside', 'max_speed_mps': 'inside', 'max_dynamic_pressure_pa': 'inside'}",5,6443908.04635596,6444765.171954595,857.1255986345932,0.021493637201352535,0.021974597161778894,0.0004809599604263595,-0.0002533253221786245,0.00024830259376920004,0.0005016279159478245,7510.772352080753,7553.682768370938,42.91041629018491,-0.10369665626227112,-0.09789057708310193,0.005806079179169185,1.5676103823061334,1.5746373005402006,0.007026918234067203
75,18.75,False,-1.2217304763960306,-1.2217304763960306,-1.2637999999999996,0.14239999999999997,0.0,51.756188831752524,5696.0,0.009086409556136328,0,,0.0,0.0,0.0,0.0,6444337.760916911,0.021734229148465303,-2.500143510536057e-06,7532.19523269251,-0.10078853204613464,1.5711230911975615,66237.76091691107,0.0001384504357621891,3927.42109000297,229.89056844666163,9.13645187960664,80970.46941313935,24676.714487813897,9.597999106207872,-1.2637999999999996,-1.2637999999999996,0.0001292321643928247,0.00014832550589659885,3645.10312964149,4231.587506825735,65808.04635595996,66665.17195459455,869.0827103089541,0.0004828276777333433,0.0005036778226957519,43.00663574924329,0.005823942614513078,0.0070283698397699546,47.82844669617111,7.4708692279329934e-06,8.199626991709352e-06,0.38487783623529337,7.145374137553304e-05,5.8064228113717685e-06,167472.61298818447,950977.9100146668,449531.7506524952,489897.7112196768,41868.15324704612,237744.4775036667,inside,"{'min_altitude_m': 'inside', 'max_altitude_m': 'inside', 'max_speed_mps': 'inside', 'max_dynamic_pressure_pa': 'inside'}",5,6443712.574203116,6444581.656913425,869.0827103089541,0.021783421683982836,0.02226624936171618,0.0004828276777333433,-0.00025444581839023124,0.0002492320043055206,0.0005036778226957519,7511.42532635675,7554.431962105993,43.00663574924329,-0.10382394792962318,-0.0980000053151101,0.005823942614513078,1.567618963837928,1.574647333677698,0.0070283698397699546
76,19.0,True,-1.2217304763960306,-1.2217304763960306,-1.2281999999999995,0.14239999999999997,0.0,-233.04381116824806,5696.0,0.04091359044386377,0,,0.0,0.0,0.0,0.0,6444148.292352984,0.022024948312710388,-2.595162629491231e-06,7532.894502680081,-0.10090661557765519,1.57113235765761,66048.29235298373,0.00014199679603279413,4028.768567026155,230.41024607656973,9.391661325878113,83059.92012401242,25313.499466365694,9.598563508440241,-1.2281999999999995,-1.2281999999999995,0.00013243583884964906,0.00015224701107151737,3736.1150317080032,4344.326004569751,65612.57420311589,66481.65691342484,881.0778603963554,0.0004847004406019484,0.0005057284096443271,43.10966683226525,0.005842163963196451,0.007029926138696352,47.98060035129447,7.491051474415103e-06,8.202347794301263e-06,0.4121243320881871,7.288539473346176e-05,6.225195705059196e-06,169579.95529393194,963753.8242837925,455188.30105213326,496479.24281286274,42394.988823482985,240938.45607094813,inside,"{'min_altitude_m': 'inside', 'max_altitude_m': 'inside', 'max_speed_mps': 'inside', 'max_dynamic_pressure_pa': 'inside'}",5,6443516.843551738,6444397.921412135,881.0778603963554,0.02207323575976602,0.02255793620036797,0.0004847004406019484,-0.00025556938214906823,0.00025015902749525896,0.0005057284096443271,7512.11243588737,7555.222102719636,43.10966683226525,-0.10395262047464189,-0.09811045651144544,0.005842163963196451,1.5676279975464127,1.574657923685109,0.007029926138696352
77,19.25,False,-1.2217304763960306,-1.2217304763960306,-1.1925999999999994,0.14239999999999997,0.0,-517.8438111682486,5696.0,0.09091359044386388,0,,0.0,0.0,0.0,0.0,6443958.584951435,0.022315699539911787,-2.6928877210621166e-06,7533.631157495352,-0.10102589139872752,1.5711421255028546,65858.58495143522,0.00014563054056350905,4132.674238750028,230.93060941186803,9.65375012025874,85202.11237214827,25966.35805627376,9.599128672018283,-1.1925999999999994,-1.1925999999999994,0.00013571582376272054,0.00015626837103052595,3829.3463679423303,4460.007214195301,65416.84355173819,66297.92141213454,893.1119683096185,0.00048657852950438965,0.0005077797186063381,43.219840400162866,0.0058607291080582935,0.0070315912330725094,48.136431652304054,7.512355609757236e-06,8.20523584804365e-06,0.44069427159051244,7.426057944739646e-05,6.66037750473632e-06,171714.18493903615,976705.2780129757,460917.02273109707,503151.2038248662,42928.54623475904,244176.31950324393,inside,"{'min_altitude_m': 'inside', 'max_altitude_m': 'inside', 'max_speed_mps': 'inside', 'max_dynamic_pressure_pa': 'inside'}",5,6443320.850701238,6444213.962669548,893.1119683096185,0.022363080709592184,0.022849659239096574,0.00048657852950438965,-0.0002566961828084797,0.0002510835357978584,0.0005077797186063381,7512.834808462811,7556.054648862974,43.219840400162866,-0.10408254391571167,-0.09822181480765338,0.0058607291080582935,1.5676374974645126,1.5746690886975852,0.0070315912330725094
78,19.5,False,-1.2217304763960306,-1.2217304763960306,-1.1569999999999994,0.14239999999999997,0.0,-802.6438111682493,5696.0,0.14091359044386398,0,,0.0,0.0,0.0,0.0,6443768.635497125,0.022606484245799995,-2.7934657430678803e-06,7534.406480802449,-0.10114623673403936,1.5711524106729085,65668.63549712487,0.00014935380031135567,4239.204576687351,231.4516673908221,9.9229015283579,87398.41658090295,26635.707910370424,9.599694606716005,-1.1569999999999994,-1.1569999999999994,0.00013907391235500754,0.0001603921098241373,3924.8526426722665,4578.710500199749,65220.85070123803,66113.96266954765,905.1859374195337,0.0004884622372774601,0.0005098317930321565,43.33749395792347,0.005879622060326439,0.007033369252654964,48.29587643736227,7.53483109228615e-06,8.208297703273507e-06,0.4706142310419117,7.557180907262918e-05,7.112078330407335e-06,173875.76185808127,989835.5677798636,466719.15025063936,509915.29249265697,43468.94046452032,247458.8919449659,inside,"{'min_altitude_m': 'inside', 'max_altitude_m': 'inside', 'max_speed_mps': 'inside', 'max_dynamic_pressure_pa': 'inside'}",5,6443124.592152713,6444029.778090132,905.1859374195337,0.022652957861794117,0.023141420099071577,0.0004884622372774601,-0.0002578263953602753,0.00025200539767188123,0.0005098317930321565,7513.59356772196,7556.931061679884,43.33749395792347,-0.10421357884840578,-0.09833395678807934,0.005879622060326439,1.5676474775990006,1.5746808468516555,0.007033369252654964
79,19.75,False,-1.2217304763960306,-1.2217304763960306,-1.1213999999999993,0.14239999999999997,0.0,-1087.4438111682498,5696.0,0.19091359044386408,0,,0.0,0.0,0.0,0.0,6443578.440968687,0.02289730389935742,-2.897048404479956e-06,7535.221755074748,-0.10126752036740012,1.5711632290924005,65478.440968686715,0.0001531687550934523,4348.42778826765,231.97342842234846,10.199303464968658,89650.23896251082,27321.977588574722,9.600261321733669,-1.1213999999999993,-1.1213999999999993,0.00014251193697934693,0.00016462081217092647,4022.6907370830872,4700.517404419187,65024.59215271287,65929.7780901324,917.3006517067552,0.0004903518693086147,0.0005118846780221777,43.46297132491327,0.005898824876906919,0.00703526434629298,48.458857148495895,7.5585281246195145e-06,8.211539960084343e-06,0.501909467959551,7.681126632194478e-05,7.580374552143504e-06,176065.1534048751,1003148.0549998794,472595.9380867702,516773.24045448337,44016.28835121878,250787.01374996986,inside,"{'min_altitude_m': 'inside', 'max_altitude_m': 'inside', 'max_speed_mps': 'inside', 'max_dynamic_pressure_pa': 'inside'}",5,6442928.064626415,6443845.365278122,917.3006517067552,0.02294286859228568,0.023433220461594295,0.0004903518693086147,-0.00025896020044751853,0.0002529244775746591,0.0005118846780221777,7514.389830989955,7557.852802314868,43.46297132491327,-0.10434557622893965,-0.09844675135203274,0.005898824876906919,1.5676579519001705,1.5746932162464635,0.00703526434629298
80,20.0,True,-1.2217304763960306,-1.2217304763960306,-1.1035999999999992,0.07119999999999997,-0.2848,-1372.2438111682504,5696.0,0.24091359044386418,1,"POD0_RNEG,POD1_RNEG,POD2_RNEG,POD3_RNEG",-5696.0,1.1368683772161603e-13,1.3079227814893731e-13,0.0,6443387.998554248,0.023188160023033415,-3.003792170224855e-06,7536.078259265922,-0.10138960246979939,1.5711745966366495,65287.99855424836,0.0001570776341501674,4460.413846874596,232.4959003427391,10.483148569971007,91959.0221373562,28025.60674662284,9.60082882565073,-1.1035999999999992,-1.1035999999999992,0.0001460317694965625,0.00016895712426690435,4122.9189299049,4825.5116885787165,64828.06462641526,65745.36527812202,929.4569722432643,0.0004922477437056469,0.0005139384203362983,43.59457093341007,0.005918462013770415,0.007037247848428851,48.625282143850086,7.583497588137603e-06,8.214969256482752e-06,0.5263984339887875,7.854854745398677e-05,7.934008543956418e-06,178282.8341229528,1016646.1649104583,478548.6600142419,523726.81222659966,44570.7085307382,254161.54122761457,inside,"{'min_altitude_m': 'inside', 'max_altitude_m': 'inside', 'max_speed_mps': 'inside', 'max_dynamic_pressure_pa': 'inside'}",5,6442731.265079707,6443660.72205195,929.4569722432643,0.023232814324625293,0.02372506206833094,0.0004922477437056469,-0.00026009778436631917,0.0002538406359699791,0.0005139384203362983,7515.212718904987,7558.807289838397,43.59457093341007,-0.1044793445181643,-0.09856088250439389,0.005918462013770415,1.5676687734931833,1.5747060213416122,0.007037247848428851
81,20.25,False,-1.2217304763960306,-1.2217304763960306,-1.0857999999999992,0.07119999999999997,0.0,-1229.8438111682508,5696.0,0.21591359044386427,0,,0.0,0.0,0.0,0.0,6443197.305667547,0.02347905419287595,-3.1138582564995404e-06,7536.964292969,-0.10151322666131196,1.571186352708658,65097.30566754658,0.00016108271665903846,4575.218769922837,233.01909037128192,10.774634281141562,94325.92099977189,28746.94735231143,9.601397126377515,-1.0857999999999992,-1.0857999999999992,0.0001496353216120218,0.00017340375453758772,4225.583435795728,4953.760973632211,64631.26507970691,65560.72205195017,941.6559418104589,0.0004941501173314489,0.0005159930548333836,43.73255939131741,0.0059385370817397615,0.007039323305645828,48.79587826794034,7.6094945032074805e-06,8.218537988341073e-06,0.5519538316286057,8.030027187741679e-05,8.301828867544703e-06,180528.42155737308,1030327.6442428349,484576.2894434752,530774.8470341876,45132.10538934327,257581.91106070872,inside,"{'min_altitude_m': 'inside', 'max_altitude_m': 'inside', 'max_speed_mps': 'inside', 'max_dynamic_pressure_pa': 'inside'}",5,6442534.1892735,6443475.84521531,941.6559418104589,0.023522796038232104,0.024016946155563552,0.0004941501173314489,-0.0002612392803299014,0.00025475377450348216,0.0005159930548333836,7516.063082601703,7559.795641993021,43.73255939131741,-0.10461486883747957,-0.09867633175573981,0.0059385370817397615,1.5676799520360087,1.5747192753416546,0.007039323305645828
82,20.5,False,-1.2217304763960306,-1.2217304763960306,-1.0679999999999992,0.07119999999999997,0.0,-1372.243811168251,5696.0,0.24091359044386432,0,,0.0,0.0,0.0,0.0,6443006.358620588,0.02376998751136958,-3.227361079328013e-06,7537.880832222952,-0.10163837601992887,1.5711985086012863,64906.35862058774,0.00016518636140746003,4692.915408599745,233.54300875213107,11.07396503670358,96752.43750096293,29486.457143150605,9.601966235111208,-1.0679999999999992,-1.0679999999999992,0.00015332457000434457,0.00017796350860196198,4330.744801222405,5085.352652227048,64434.189273499884,65375.84521531034,953.898619396612,0.0004960592576256639,0.0005180486177361289,43.87721250625418,0.005959053301404907,0.007041494380035873,48.97071034393366,7.636561176858339e-06,8.222251610980913e-06,0.5786124597477258,8.206487866057466e-05,8.684297560119015e-06,182802.3682640083,1044195.7738918716,490680.04112970666,537919.0350352066,45700.59206600208,261048.9434729679,inside,"{'min_altitude_m': 'inside', 'max_altitude_m': 'inside', 'max_speed_mps': 'inside', 'max_dynamic_pressure_pa': 'inside'}",5,6442336.832963109,6443290.731582506,953.898619396612,0.02381281474576382,0.024308874003389484,0.0004960592576256639,-0.000262384825686146,0.00025566379204998283,0.0005180486177361289,7516.9417919968655,7560.81900450312,43.87721250625418,-0.10475213178659253,-0.09879307848518762,0.005959053301404907,1.5676914974195737,1.5747329917996096,0.007041494380035873
83,20.75,False,-1.2217304763960306,-1.2217304763960306,-1.0501999999999991,0.07119999999999997,0.0,-1514.6438111682514,5696.0,0.26591359044386437,0,,0.0,0.0,0.0,0.0,6442815.153728718,0.024060961119214238,-3.344418444721237e-06,7538.828876061356,-0.1017650313027046,1.5712110758924716,64715.15372871794,0.00016939098637778078,4813.578647832942,234.06766572286116,11.381350841191939,99240.11552115058,30244.60663501732,9.602536163043258,-1.0501999999999991,-1.0501999999999991,0.00015710153871147374,0.0001826392656819726,4438.465184175329,5220.37667159558,64236.83296310902,65190.73158250563,966.1860797964036,0.0004979754429499834,0.0005201051466746033,44.028815539115385,0.005980013474942786,0.00704376485212399,49.14984159878247,7.664741297272806e-06,8.226115753898195e-06,0.6064121314461177,8.384069415151617e-05,9.081888352410815e-06,185105.13719812824,1058253.9199574313,496861.15774234437,545161.1102811008,46276.28429953206,264563.4799893578,inside,"{'min_altitude_m': 'inside', 'max_altitude_m': 'inside', 'max_speed_mps': 'inside', 'max_dynamic_pressure_pa': 'inside'}",5,6442139.191902039,6443105.377981835,966.1860797964036,0.024102871493917783,0.024600846936867767,0.0004979754429499834,-0.0002635345620320766,0.00025657058464252674,0.0005201051466746033,7517.849735994132,7561.878551533247,44.028815539115385,-0.10489111333189416,-0.09891109985695137,0.005980013474942786,1.5677034197702233,1.5747471846223473,0.00704376485212399
84,21.0,True,-1.2217304763960306,-1.2217304763960306,-1.0501999999999991,-2.7755575615628914e-17,-0.2848,-1657.0438111682518,5696.0,0.29091359044386444,1,"POD0_RNEG,POD1_RNEG,POD2_RNEG,POD3_RNEG",-5696.0,1.1368683772161603e-13,1.3079227814893731e-13,0.0,6442623.687314211,0.02435197619628372,-3.465151638576111e-06,7539.809446828118,-0.10189317084909362,1.571224066448944,64523.68731421139,0.0001736990702021293,4937.285467133037,234.59307150462598,11.697007415428752,101790.54212394901,31021.8795044416,9.603106921348692,-1.0501999999999991,-1.0501999999999991,0.0001609683002169757,0.0001874339805299259,4548.80839937223,5358.925614730503,64039.19190203864,65005.377981835045,978.5194131685421,0.000499898962942176,0.0005221626807309229,44.185366970385985,0.006001603465880939,0.007046102694965306,49.333333489270444,7.694079968773504e-06,8.230136225278198e-06,0.6262057250850726,8.635996375261677e-05,9.351371365542443e-06,187437.20196129434,1072505.5361699634,503120.91052768496,552502.8519663448,46859.300490323585,268126.38404249086,inside,"{'min_altitude_m': 'inside', 'max_altitude_m': 'inside', 'max_speed_mps': 'inside', 'max_dynamic_pressure_pa': 'inside'}",5,6441941.26184596,6442919.781259129,978.5194131685421,0.02439296736424385,0.024892866327186024,0.000499898962942176,-0.00026468863533054236,0.0002574740454003805,0.0005221626807309229,7518.774979841316,7562.960346811702,44.185366970385985,-0.10503297419205765,-0.09903137072617671,0.006001603465880939,1.567715556016622,1.5747616587115874,0.007046102694965306
85,21.25,False,-1.2217304763960306,-1.2217304763960306,-1.0501999999999991,-2.7755575615628914e-17,0.0,-1372.2438111682518,5696.0,0.24091359044386443,0,,0.0,0.0,0.0,0.0,6442431.955710034,0.024643033962599658,-3.5896855180783127e-06,7540.8096465072385,-0.1020238583766613,1.5712373018819825,64331.955710033886,0.00017811315364296367,5064.09627474645,235.11923629183335,12.021156349783128,104404.9627281602,31818.655307629775,9.60367852117491,-1.0501999999999991,-1.0501999999999991,0.00016492697655233214,0.0001923506853956067,4661.8240388535205,5501.07276028162,63841.26184596028,64819.781259128824,990.9000000823289,0.0005018300367487585,0.0005242212456631036,44.347032415106696,0.006023843738367743,0.007048510003740294,49.522347653068095,7.724295226336402e-06,8.234259728722776e-06,0.6466617788830948,8.896108994720922e-05,9.629235100008917e-06,189798.0744663002,1086947.6388919237,509457.98935691116,559942.7230655365,47449.51861657505,271736.9097229809,inside,"{'min_altitude_m': 'inside', 'max_altitude_m': 'inside', 'max_speed_mps': 'inside', 'max_dynamic_pressure_pa': 'inside'}",5,6441743.036728327,6442733.9367284095,990.9000000823289,0.024683102942429556,0.025184932979178315,0.0005018300367487585,-0.0002658471324280222,0.0002583741132350814,0.0005242212456631036,7519.717955073667,7564.064987488774,44.347032415106696,-0.10517778875415898,-0.09915394501579124,0.006023843738367743,1.5677279095168752,1.5747764195206155,0.007048510003740294
86,21.5,False,-1.2217304763960306,-1.2217304763960306,-1.0501999999999991,-2.7755575615628914e-17,0.0,-1372.2438111682518,5696.0,0.24091359044386443,0,,0.0,0.0,0.0,0.0,6442239.953578577,0.024934135108637703,-3.7180928672021246e-06,7541.8299832371895,-0.1021571573544433,1.571250786492761,64139.95357857738,0.00018263588125095042,5194.091362405352,235.64617486641683,12.35402821919215,107085.03268448249,32635.43853241371,9.604250978654616,-1.0501999999999991,-1.0501999999999991,0.0001689797742767726,0.0001973925395151941,4777.5785179940485,5646.914884505638,63643.03672832716,64633.93672840949,1003.3292665909976,0.0005037688908587773,0.0005262808680094699,44.51398321233046,0.006046755423585237,0.007050988944717673,49.71706603401833,7.755416440071577e-06,8.238489385465208e-06,0.6678031888951406,9.164674086996306e-05,9.91576390924132e-06,192188.19521106887,1101583.4587067084,515873.576619185,567482.3878186073,48047.04880276722,275395.8646766771,inside,"{'min_altitude_m': 'inside', 'max_altitude_m': 'inside', 'max_speed_mps': 'inside', 'max_dynamic_pressure_pa': 'inside'}",5,6441544.5103226025,6442547.839589193,1003.3292665909976,0.0249732788283722,0.025477047719230976,0.0005037688908587773,-0.00026701014192821504,0.0002592707260812549,0.0005262808680094699,7520.679104586172,7565.193087798502,44.51398321233046,-0.10532563337963188,-0.09927887795604665,0.006046755423585237,1.5677404837212463,1.574791472665964,0.007050988944717673
87,21.75,False,-1.2217304763960306,-1.2217304763960306,-1.0501999999999991,-2.7755575615628914e-17,0.0,-1372.2438111682518,5696.0,0.24091359044386443,0,,0.0,0.0,0.0,0.0,6442047.6754466165,0.02522528034254686,-3.850447792479317e-06,7542.870979108642,-0.10229313286405513,1.5712645247059074,63947.675446616486,0.0001872699702235119,5327.353358586136,236.1739023862383,12.695860363378072,109832.45551957295,33472.74834882223,9.604824310330962,-1.0501999999999991,-1.0501999999999991,0.00017312895787950332,0.00020256279276365818,4896.140096229701,5796.551710960037,63444.510322602466,64447.83958919346,1015.8086857674643,0.0005057157593592598,0.0005283415751147652,44.686396649417475,0.006070360343814779,0.007053541758072379,49.917676704984956,7.787474001933609e-06,8.24282842118054e-06,0.6896537483472347,9.441968091814315e-05,1.021125341897477e-05,194608.01522544923,1116416.3126073007,522368.8829735744,575123.5549795184,48652.00380636231,279104.0781518252,inside,"{'min_altitude_m': 'inside', 'max_altitude_m': 'inside', 'max_speed_mps': 'inside', 'max_dynamic_pressure_pa': 'inside'}",5,6441345.676237845,6442361.484923612,1015.8086857674643,0.025263495636539655,0.025769211395898915,0.0005057157593592598,-0.0002681777542460349,0.0002601638208687302,0.0005283415751147652,7521.658882975741,7566.345279625159,44.686396649417475,-0.10547658646327043,-0.09940622611945565,0.006070360343814779,1.5677532821750875,1.5748068239331598,0.007053541758072379
88,22.0,True,-1.2217304763960306,-1.2217304763960306,-1.0679999999999992,-0.07120000000000003,-0.2848,-1372.2438111682518,5696.0,0.24091359044386443,1,"POD0_RNEG,POD1_RNEG,POD2_RNEG,POD3_RNEG",-5696.0,1.1368683772161603e-13,1.3079227814893731e-13,0.0,6441855.115701729,0.02551647039062909,-3.986825762017782e-06,7543.93317060581,-0.10243185164539363,1.5712785210736446,63755.11570172943,0.00019201821279918405,5463.967311175027,236.70243439503645,13.046897118350682,112648.98464033972,34331.11912848448,9.60539853316842,-1.0679999999999992,-1.0679999999999992,0.00017737685159191084,0.00020786478879164977,5017.578938936892,5950.08602010774,63245.67623784486,64261.48492361233,1028.3397792931646,0.0005076708842007768,0.0005304033951572891,44.861785973015685,0.006094885509611556,0.00705612845506054,50.12437410023858,7.820499366071243e-06,8.247280170095724e-06,0.7015572943957853,9.810066318710771e-05,1.0346787952046444e-05,197057.99642369064,1131449.6071988412,528945.1482951697,582867.9794660696,49264.49910592266,282862.4017997103,inside,"{'min_altitude_m': 'inside', 'max_altitude_m': 'inside', 'max_speed_mps': 'inside', 'max_dynamic_pressure_pa': 'inside'}",5,6441146.527914153,6442174.867693447,1028.3397792931646,0.0255537539963415,0.026061424880542278,0.0005076708842007768,-0.0002693500616635677,0.0002610533334937213,0.0005304033951572891,7522.643446115045,7567.50523208806,44.861785973015685,-0.10563200167540099,-0.09953711616578943,0.006094885509611556,1.567766114528319,1.5748222429833796,0.00705612845506054
89,22.25,False,-1.2217304763960306,-1.2217304763960306,-1.0857999999999992,-0.07120000000000003,0.0,-945.0438111682513,5696.0,0.16591359044386433,0,,0.0,0.0,0.0,0.0,6441662.268588611,0.025807705997833746,-4.127303645873393e-06,7545.001520175708,-0.10257454862920319,1.5712925661853936,63562.268588610925,0.00019688347874867023,5603.997616605986,237.23178683267622,13.407390057447591,115535.94768885801,35210.95548612816,9.605973664563992,-1.0857999999999992,-1.0857999999999992,0.0001817258412691461,0.00021330196829561757,5141.947618153624,6107.596353754447,63046.52791415341,64074.86769344658,1040.9244223786518,0.0005096344196266166,0.0005324663399594554,45.04012481712107,0.006120361433896687,0.007058747555866773,50.33857234209461,7.854141703351808e-06,8.251779208665378e-06,0.7133553764231211,0.00010190369714052866,1.0476403224881652e-05,199537.47319208912,1146679.1227975027,535600.5859366604,590713.4875017437,49884.36829802228,286669.78069937567,inside,"{'min_altitude_m': 'inside', 'max_altitude_m': 'inside', 'max_speed_mps': 'inside', 'max_dynamic_pressure_pa': 'inside'}",5,6440947.0566702895,6441987.981092668,1040.9244223786518,0.025844053961343965,0.02635368838097058,0.0005096344196266166,-0.00027052708653654974,0.00026193925342290564,0.0005324663399594554,7523.6324227057175,7568.672547522839,45.04012481712107,-0.10579198787060097,-0.09967162643670428,0.006120361433896687,1.5677789727170677,1.5748377202729344,0.007058747555866773
90,22.5,False,-1.2217304763960306,-1.2217304763960306,-1.1035999999999992,-0.07120000000000003,0.0,-802.643811168251,5696.0,0.14091359044386428,0,,0.0,0.0,0.0,0.0,6441469.126415607,0.026098987291501046,-4.2718970590297674e-06,7546.075641761387,-0.10272131635807528,1.5713066512400475,63369.12641560659,0.0002018687646903259,5747.532533687721,237.76198095866675,13.777601715932876,118495.16427066726,36112.81196820336,9.606549727696825,-1.1035999999999992,-1.1035999999999992,0.00018617841549027265,0.0002188779280339663,5269.318777787752,6269.189618080929,62847.05667028949,63887.98109266814,1053.5645487038419,0.0005116065202117638,0.0005345304207933701,45.22138230719338,0.0061468192825765156,0.007061397437259309,50.56050530090329,7.888402340581807e-06,8.256323335658444e-06,0.7250299602909784,0.00010583139471935228,1.0599525570481224e-05,202046.84053634485,1162107.803626193,542336.2561765047,598661.5958074327,50511.710134086214,290526.95090654824,inside,"{'min_altitude_m': 'inside', 'max_altitude_m': 'inside', 'max_speed_mps': 'inside', 'max_dynamic_pressure_pa': 'inside'}",5,6440747.253626356,6441800.81817506,1053.5645487038419,0.0261343955670857,0.026646002087297463,0.0005116065202117638,-0.0002717088483800561,0.0002628215724133139,0.0005345304207933701,7524.625422827966,7569.846805135159,45.22138230719338,-0.10595665506924913,-0.09980983578667262,0.0061468192825765156,1.5677918483126059,1.5748532457498652,0.007061397437259309
91,22.75,False,-1.2217304763960306,-1.2217304763960306,-1.1213999999999993,-0.07120000000000003,0.0,-660.2438111682507,5696.0,0.11591359044386423,0,,0.0,0.0,0.0,0.0,6441275.681323805,0.02639031438109428,-4.420619055939865e-06,7547.155128490133,-0.10287224817750848,1.5713207670044858,63175.68132380489,0.00020697715482425585,5894.662854745601,238.29303849700554,14.157802764569634,121528.50622406432,37037.25903971484,9.607126746253659,-1.1213999999999993,-1.1213999999999993,0.00019073713226292271,0.0002245963746754794,5399.767046467383,6434.975937130674,62647.2536263559,63700.81817505974,1066.262151551433,0.0005135873407257803,0.0005365956483318894,45.40552287164246,0.006174290877706615,0.007064076324838631,50.790411393273644,7.923282056066829e-06,8.260910154077754e-06,0.7365622577960007,0.00010988638052040968,1.071555031744768e-05,204586.49955369427,1177738.648093287,549153.2356441268,606713.8490177538,51146.62488842357,294434.6620233217,inside,"{'min_altitude_m': 'inside', 'max_altitude_m': 'inside', 'max_speed_mps': 'inside', 'max_dynamic_pressure_pa': 'inside'}",5,6440547.10970213,6441613.371853681,1066.262151551433,0.02642477883028857,0.02693836617101435,0.0005135873407257803,-0.0002728953637130739,0.0002637002846188155,0.0005365956483318894,7525.622037488041,7571.027560359684,45.40552287164246,-0.10612611442101777,-0.09995182354331116,0.006174290877706615,1.5678047325093474,1.574868808834186,0.007064076324838631
92,23.0,True,-1.2217304763960306,-1.2217304763960306,-1.1391999999999993,-0.07120000000000003,0.0,-517.8438111682503,5696.0,0.09091359044386417,0,,0.0,0.0,0.0,0.0,6441081.925286009,0.02668168735734626,-4.57348000149698e-06,7548.239552131658,-0.10302743819686189,1.5713349037980706,62981.92528600898,0.00021221182395370417,6045.481988010452,238.82498163916017,14.548272302038042,124637.89931868881,37984.88360188611,9.60770474443216,-1.1391999999999993,-1.1391999999999993,0.00019540462129120654,0.00023046112878978456,5533.3690982787975,6605.068763555915,62447.10970212985,63513.37185368128,1079.0192849459127,0.0005155770359892113,0.0005386620325971792,45.59250604828139,0.006202808700220247,0.007066782284899764,51.02853357646495,7.958781053733592e-06,8.265537061159326e-06,0.7479327065541872,0.0001140712900545433,1.0823840244909391e-05,207156.85748478633,1193574.7096031685,556052.6174591634,614871.8200986019,51789.214371196584,298393.67740079213,inside,"{'min_altitude_m': 'inside', 'max_altitude_m': 'inside', 'max_speed_mps': 'inside', 'max_dynamic_pressure_pa': 'inside'}",5,6440346.615615486,6441425.634900432,1079.0192849459127,0.0267152037480504,0.02723078078403961,0.0005155770359892113,-0.0002740866458969608,0.0002645753867002184,0.0005386620325971792,7526.621838161313,7572.214344209594,45.59250604828139,-0.10630047816588768,-0.10009766946566744,0.006202808700220247,1.5678176161124613,1.574884398397361,0.007066782284899764
93,23.25,False,-1.2217304763960306,-1.2217304763960306,-1.1569999999999994,-0.07120000000000003,0.0,-375.4438111682501,5696.0,0.06591359044386413,0,,0.0,0.0,0.0,0.0,6440887.850105798,0.02697310629138475,-4.7304874372928395e-06,7549.328462549572,-0.10318698124803112,1.5713490514765973,62787.85010579787,0.00021757604062060812,6200.0860428275055,239.35783304680706,14.94929815894887,127825.3250122505,38956.289527543006,9.608283746943977,-1.1569999999999994,-1.1569999999999994,0.00020018358632355177,0.00023647612899794986,5670.203715414885,6779.584993436848,62246.61561548617,63325.63490043208,1091.8380647804588,0.0005175757607233412,0.0005407295829066537,45.78228628562738,0.0062324058921902625,0.00706951321588889,51.275119337623664,7.994898936521892e-06,8.27020123789811e-06,0.7591209493842301,0.0001183887678800205,1.0923723956197688e-05,209758.32776206816,1209619.0973547723,563035.511361341,623137.110758519,52439.58194051704,302404.77433869307,inside,"{'min_altitude_m': 'inside', 'max_altitude_m': 'inside', 'max_speed_mps': 'inside', 'max_dynamic_pressure_pa': 'inside'}",5,6440145.761880922,6441237.599945703,1091.8380647804588,0.027005670297019477,0.02752324605774282,0.0005175757607233412,-0.00027528270496755564,0.0002654468779390981,0.0005407295829066537,7527.624376331032,7573.40666261666,45.78228628562738,-0.10647985959258549,-0.10024745370039523,0.0062324058921902625,1.567830489525091,1.5749000027409799,0.00706951321588889
94,23.5,False,-1.2217304763960306,-1.2217304763960306,-1.1747999999999994,-0.07120000000000003,0.0,-233.04381116824987,5696.0,0.04091359044386409,0,,0.0,0.0,0.0,0.0,6440693.447416693,0.02726457123383662,-4.891645942999298e-06,7550.4213871462,-0.1033509728417622,1.5713631994156716,62593.44741669297,0.00022307317035927964,6358.573917765869,239.89161585428334,15.361177213896129,131092.82226705606,39952.098214721846,9.608863779017497,-1.1747999999999994,-1.1747999999999994,0.00020507680758351024,0.00024264543628950078,5810.351852795484,6958.645085312149,62045.76188092213,63137.59994570259,1104.7206699494272,0.0005195836693930936,0.0005427983078161731,45.974812738919354,0.00626311625859044,0.007072266839430741,51.530420677510506,8.0316346790189e-06,8.274899638077483e-06,0.7701058131663947,0.0001228414656006939,1.1014494167077741e-05,212391.33005455745,1225874.9771255446,570103.0438306542,631511.3518525531,53097.83251363936,306468.74428138614,inside,"{'min_altitude_m': 'inside', 'max_altitude_m': 'inside', 'max_speed_mps': 'inside', 'max_dynamic_pressure_pa': 'inside'}",5,6439944.538808186,6441049.259478135,1104.7206699494272,0.02729617843255076,0.027815762101943853,0.0005195836693930936,-0.0002764835474606996,0.00026631476035547354,0.0005427983078161731,7528.629183022915,7574.603995761834,45.974812738919354,-0.10666437299433716,-0.10040125673574672,0.00626311625859044,1.5678433427351666,1.5749156095745973,0.007072266839430741
95,23.75,False,-1.2217304763960306,-1.2217304763960306,-1.1925999999999994,-0.07120000000000003,0.0,-90.64381116824956,5696.0,0.015913590443864038,0,,0.0,0.0,0.0,0.0,6440498.708681424,0.027556082213910555,-5.0569569927032685e-06,7551.517830300779,-0.10351950912151425,1.5713773364934966,62398.70868142415,0.00022870667907289404,6521.047391727083,240.4263536707671,15.784215722052686,134442.489428367,40972.949159121374,9.609444866400313,-1.1925999999999994,-1.1925999999999994,0.0002100871442858908,0.00024897323851274123,5953.896704700295,7142.373183572862,61844.53880818561,62949.259478135034,1117.669343471527,0.0005216009160429226,0.0005448682150603669,46.170029060712295,0.006294974268520548,0.007075040690906809,51.79469408835382,8.068986599315663e-06,8.279628976775014e-06,0.7808652871715447,0.0001274320397204366,1.109540590428901e-05,215056.29030846097,1242345.5720390044,577256.3581963953,639996.203777669,53764.07257711524,310586.3930097511,inside,"{'min_altitude_m': 'inside', 'max_altitude_m': 'inside', 'max_speed_mps': 'inside', 'max_dynamic_pressure_pa': 'inside'}",5,6439742.936501011,6440860.605844483,1117.669343471527,0.02758672808784359,0.028108329003886514,0.0005216009160429226,-0.0002776891762309157,0.00026717903882945125,0.0005448682150603669,7529.635768335639,7575.805797396351,46.170029060712295,-0.10685413362182622,-0.10055915935330567,0.006294974268520548,1.5678561653017933,1.5749312059927,0.007075040690906809
96,24.0,True,-1.2217304763960306,-1.2217304763960306,-1.2103999999999995,-0.07120000000000003,0.0,51.75618883175076,5696.0,0.00908640955613602,0,,0.0,0.0,0.0,0.0,6440303.625191308,0.027847639238458077,-5.226418806019453e-06,7552.617272801101,-0.10369268681477803,1.5713914510730411,62203.62519130763,0.00023448013653716178,6687.611218140322,240.96207058215307,16.218729656797343,137876.48616639402,42019.50054594865,9.610027035361338,-1.2103999999999995,-1.2103999999999995,0.00021521753724150144,0.0002554638550453814,6100.923773479538,7330.897246371866,61642.93650101125,62760.60584448278,1130.6863936027512,0.0005236276541254366,0.0005469393114899472,46.36787318592269,0.006328015055856076,0.007077832109559257,52.06820052542571,8.106952330058908e-06,8.284385718321116e-06,0.7913765008396876,0.0001321631493421371,1.1165674609866855e-05,217753.64078353043,1259034.1633135346,584496.6147347396,648593.3568584875,54438.41019588261,314758.54082838364,inside,"{'min_altitude_m': 'inside', 'max_altitude_m': 'inside', 'max_speed_mps': 'inside', 'max_dynamic_pressure_pa': 'inside'}",5,6439540.944855981,6440671.631249583,1130.6863936027512,0.027877319173060876,0.028400946827186312,0.0005236276541254366,-0.0002788995902629838,0.0002680397212269634,0.0005469393114899472,7530.643620967399,7577.011494153322,46.36787318592269,-0.10704925763323894,-0.10072124257738287,0.006328015055856076,1.567868946341203,1.5749467784507623,0.007077832109559257
97,24.25,False,-1.2217304763960306,-1.2217304763960306,-1.2281999999999995,-0.07120000000000003,0.0,194.15618883175108,5696.0,0.03408640955613607,0,,0.0,0.0,0.0,0.0,6440108.188065739,0.028139242291012723,-5.400026193797748e-06,7553.719171268674,-0.1038706031817522,1.5714055309835677,62008.18806573935,0.00024039722003591331,6858.373222339376,241.4987911526131,16.66504506489582,141397.03548388914,43092.42986175668,9.610610312692604,-1.2281999999999995,-1.2281999999999995,0.00022047101155320186,0.0002621217416524191,6251.520940389321,7524.3491781959565,61440.944855980575,62571.631249583326,1143.7741949455813,0.0005256640363226033,0.0005490116030058675,46.56827711117148,0.006362274419280972,0.0070806382280959035,52.35120537192677,8.145528788669736e-06,8.28916606368141e-06,0.8016157009936205,0.00013703745369956903,1.1224474146570442e-05,220483.82008467932,1275944.0909891035,591824.990753613,657304.5317216594,55120.95502116983,318986.0227472759,inside,"{'min_altitude_m': 'inside', 'max_altitude_m': 'inside', 'max_speed_mps': 'inside', 'max_dynamic_pressure_pa': 'inside'}",5,6439338.553561499,6440482.327756445,1143.7741949455813,0.02816795157442957,0.028693615610752173,0.0005256640363226033,-0.00028011478447613887,0.00026889681852972867,0.0005490116030058675,7531.652207738651,7578.220484849822,46.56827711117148,-0.10724986204127217,-0.1008875876219912,0.006362274419280972,1.5678816745122544,1.5749623127403503,0.0070806382280959035
98,24.5,False,-1.2217304763960306,-1.2217304763960306,-1.2459999999999996,-0.07120000000000003,0.0,336.5561888317514,5696.0,0.05908640955613613,0,,0.0,0.0,0.0,0.0,6439912.38825181,0.028430891330807135,-5.577770398236688e-06,7554.82295757747,-0.10405335596127487,1.5714195635014947,61812.388251810335,0.00024646171813343457,7033.444402216943,242.03654042582346,17.123498435773847,145006.42579130534,44192.43452687401,9.611194725710694,-1.2459999999999996,-1.2459999999999996,0.00022585067940638552,0.00026895149553924746,6405.778538608692,7722.8649672732945,61238.55356149934,62382.32775644492,1156.9351895442232,0.000527710214359281,0.0005510850944901761,46.7711666682917,0.006397788821658659,0.007083455961770735,52.64397839672597,8.184712146707112e-06,8.293965937234187e-06,0.8115582284802549,0.0001420576095107004,1.1270934699614005e-05,223247.27318854653,1293078.754630307,599242.6806639933,666131.4796580368,55811.81829713663,323269.68865757674,inside,"{'min_altitude_m': 'inside', 'max_altitude_m': 'inside', 'max_speed_mps': 'inside', 'max_dynamic_pressure_pa': 'inside'}",5,6439135.752096913,6440292.687286457,1156.9351895442232,0.02845862515332243,0.02898633536768171,0.000527710214359281,-0.0002813347495206072,0.0002697503449695689,0.0005510850944901761,7532.660973111185,7579.4321397794765,46.7711666682917,-0.10745606465697291,-0.10105827583531425,0.006397788821658659,1.5678943380014643,1.574977793963235,0.007083455961770735
99,24.75,False,-1.2217304763960306,-1.2217304763960306,-1.2637999999999996,-0.07120000000000003,0.0,478.95618883175166,5696.0,0.08408640955613618,0,,0.0,0.0,0.0,0.0,6439716.216524049,0.028722586291767924,-5.759638927206865e-06,7555.928038266355,-0.10424104331390223,1.5714335353305655,61616.21652404871,0.00025267753458858513,7212.939032254472,242.5753439258461,17.594437085443506,148707.01305154883,45320.232549043445,9.611780302257783,-1.2637999999999996,-1.2637999999999996,0.00023135974295689828,0.0002759578606073084,6563.789428490167,7926.584827966111,61035.75209691282,62192.68728645705,1170.1718879705295,0.0005297663388088639,0.0005531597897334044,46.976461291847045,0.006434595388693204,0.00708628199691308,52.94679370447989,8.22449779833991e-06,8.29878097291341e-06,0.8211784942216882,0.00014722626813814242,1.1304140569622835e-05,226044.4514645738,1310441.6140016138,606750.8960364877,675075.9829705283,56511.11286614345,327610.40350040345,inside,"{'min_altitude_m': 'inside', 'max_altitude_m': 'inside', 'max_speed_mps': 'inside', 'max_dynamic_pressure_pa': 'inside'}",5,6438932.529731756,6440102.701619727,1170.1718879705295,0.028749339745320915,0.02927910608412978,0.0005297663388088639,-0.0002825594715661863,0.0002706003181672181,0.0005531597897334044,7533.669338703705,7580.645799995552,46.976461291847045,-0.10766798403027128,-0.10123338864157808,0.006434595388693204,1.5679069245075563,1.5749932065044694,0.00708628199691308
100,25.0,True,-1.2217304763960306,-1.2217304763960306,-1.2815999999999996,-0.07120000000000003,0.0,621.356188831752,5696.0,0.10908640955613623,0,,0.0,0.0,0.0,0.0,6439519.663484298,0.029014327081488118,-5.945615382581657e-06,7557.033793945281,-0.1044337637620212,1.5714474325812984,61419.66348429769,0.00025904869241577793,7396.974771024083,243.1152276576386,18.0782195556557,152501.22299631385,46476.5631988766,9.612367070702291,-1.2815999999999996,-1.2815999999999996,0.0002370014973196422,0.00028314573292074905,6725.649075100384,8135.653348326908,60832.529731756076,62002.701619726606,1183.486870390363,0.0005318325588908393,0.000555235691358326,47.184073780515064,0.006472731906829024,0.007089112778875917,53.25992967762386,8.264880327902603e-06,8.303606499686251e-06,0.8304499546697484,0.00015254607254329173,1.1323127851631544e-05,228875.8126902275,1328036.1897126082,614350.8656421897,684139.8553064952,57218.953172556874,332009.04742815206,inside,"{'min_altitude_m': 'inside', 'max_altitude_m': 'inside', 'max_speed_mps': 'inside', 'max_dynamic_pressure_pa': 'inside'}",5,6438728.875525152,6439912.362395543,1183.486870390363,0.02904009515925921,0.029571927718150048,0.0005318325588908393,-0.00028378893208256016,0.00027144675927576585,0.000555235691358326,7534.676702804069,7581.860776584584,47.184073780515064,-0.10788573938706075,-0.10141300748023173,0.006472731906829024,1.56791942122551,1.575008534004386,0.007089112778875917
101,25.25,False,-1.2217304763960306,-1.2217304763960306,-1.2993999999999997,-0.07120000000000003,0.0,763.7561888317523,5696.0,0.1340864095561363,0,,0.0,0.0,0.0,0.0,6439322.719561736,0.029306113580177012,-6.135679282365107e-06,7558.139578695377,-0.10463161612687664,1.5714612407496904,61222.7195617361,0.00026557933809812225,7585.672772262186,243.65621810717386,18.575216028877154,156391.55341605475,47662.18770775002,9.612955059939122,-1.2993999999999997,-1.2993999999999997,0.00024277933366123478,0.00029052016639224016,6891.455628108705,8350.219642983195,60628.87552515231,61812.362395542674,1196.8827876169235,0.0005339090222599638,0.0005573128007399088,47.39391005217749,0.006512236820333514,0.007091944499374669,53.58366890969285,8.305853476500745e-06,8.308437526331157e-06,0.8393450866497121,0.0001580196540179994,1.1326881994686317e-05,231741.82105999356,1345866.0638293428,622043.835476825,693324.9419726917,57935.45526499839,336466.5159573357,inside,"{'min_altitude_m': 'inside', 'max_altitude_m': 'inside', 'max_speed_mps': 'inside', 'max_dynamic_pressure_pa': 'inside'}",5,6438524.778325368,6439721.661112985,1196.8827876169235,0.029330891176249284,0.029864800198509248,0.0005339090222599638,-0.00028502310761103073,0.000272289693128878,0.0005573128007399088,7535.682439878385,7583.076349930562,47.39391005217749,-0.10810945056267149,-0.10159721374233797,0.006512236820333514,1.5679318148300938,1.5750237593294685,0.007091944499374669
102,25.5,False,-1.2217304763960306,-1.2217304763960306,-1.2993999999999997,-2.7755575615628914e-17,0.2848,906.1561888317526,5696.0,0.15908640955613634,1,"POD0_RPOS,POD1_RPOS,POD2_RPOS,POD3_RPOS",5696.0,-1.1368683772161603e-13,-1.3079227814893731e-13,0.0,6439125.375013041,0.029597945639587304,-6.3298058764002295e-06,7559.244719463028,-0.10483469946238819,1.5714749446951448,61025.37501304131,0.00027227374595844965,7779.157799622979,244.19834224117068,19.08580875973124,160380.57652582412,48877.889988822586,9.613544299389448,-1.2993999999999997,-1.2993999999999997,0.0002486967423997889,0.0002980863786966682,7061.310004070669,8570.43751152664,60424.77832536772,61621.66111298464,1210.3623621491715,0.0005359958747868723,0.0005593911179212797,47.6106535234876,0.006552975844055509,0.007094857454344794,53.918298129395566,8.347410107631577e-06,8.313268725483665e-06,0.8669738852398368,0.0001629560948879585,1.1651819880891938e-05,234642.94718756407,1363934.880448314,629831.0687666194,702633.1202309496,58660.73679689102,340983.7201120785,inside,"{'min_altitude_m': 'inside', 'max_altitude_m': 'inside', 'max_speed_mps': 'inside', 'max_dynamic_pressure_pa': 'inside'}",5,6438320.226769525,6439530.589131674,1210.3623621491715,0.029621727548687,0.03015772342347387,0.0005359958747868723,-0.0002862619695273337,0.000273129148393946,0.0005593911179212797,7536.708200862669,7584.318854386157,47.6106535234876,-0.10833826880163386,-0.10178529295757835,0.006552975844055509,1.5679443964100706,1.5750392538644153,0.007094857454344794
103,25.75,False,-1.2217304763960306,-1.2217304763960306,-1.2993999999999997,-2.7755575615628914e-17,0.0,621.3561888317525,5696.0,0.10908640955613633,0,,0.0,0.0,0.0,0.0,6438927.619922716,0.029889823081919346,-6.527965955432704e-06,7560.373091915831,-0.1050422348152799,1.5714888731960541,60827.61992271617,0.0002791363226933819,7977.6102106726985,244.74162750637484,19.610392523508622,164472.01070378054,50124.80326210454,9.614134819000045,-1.2993999999999997,-1.2993999999999997,0.00025475731651537466,0.00030584975742192473,7235.35878931334,8796.528431493238,60220.22676952463,61430.5891316738,1223.9282196424901,0.000538093439552037,0.0005614706738502418,47.83454850099315,0.006594989780486088,0.007097854217290145,54.26342997082975,8.390259060661424e-06,8.318223715848419e-06,0.8955799100203317,0.00016805574572232348,1.1987051781409874e-05,237581.77707642192,1382261.1553323732,637719.5068893431,712073.9285045557,59395.44426910548,345565.2888330933,inside,"{'min_altitude_m': 'inside', 'max_altitude_m': 'inside', 'max_speed_mps': 'inside', 'max_dynamic_pressure_pa': 'inside'}",5,6438115.210378098,6439339.138597741,1223.9282196424901,0.02991260489011233,0.030450698329664367,0.000538093439552037,-0.00028750560244970955,0.0002739650714005322,0.0005614706738502418,7537.75451410279,7585.5890626037835,47.83454850099315,-0.10857232934268675,-0.10197733956220066,0.006594989780486088,1.5679571687905118,1.575055023007802,0.007097854217290145
104,26.0,True,-1.2217304763960306,-1.2217304763960306,-1.2993999999999997,-2.7755575615628914e-17,0.0,621.3561888317525,5696.0,0.10908640955613633,0,,0.0,0.0,0.0,0.0,6438729.445210036,0.030181746674615324,-6.730226964709582e-06,7561.525335491337,-0.10525433541687447,1.5715030302067525,60629.44521003589,0.0002861715759395678,8181.168222140282,245.28609906313693,20.149372310870305,168668.70552300682,51403.79596891636,9.6147266462363,-1.2993999999999997,-1.2993999999999997,0.0002609647249909485,0.0003138158230469888,7413.713353290116,9028.663466098835,60015.2103780983,61239.13859774079,1237.5830743964761,0.0005402020511067994,0.0005635515004416307,48.065848883924446,0.006638320874485598,0.007100937456467671,54.61941901504713,8.434446219059621e-06,8.32330636555585e-06,0.9252015317266267,0.00017332437599808432,1.2332956709245263e-05,240558.97386971352,1400850.0128794354,645710.9298608102,721650.0066348606,60139.74346742838,350212.50321985886,inside,"{'min_altitude_m': 'inside', 'max_altitude_m': 'inside', 'max_speed_mps': 'inside', 'max_dynamic_pressure_pa': 'inside'}",5,6437909.718387097,6439147.301461494,1237.5830743964761,0.030203523829425052,0.030743725880531852,0.0005402020511067994,-0.0002887540927822368,0.0002747974076593939,0.0005635515004416307,7538.821923561933,7586.887772445857,48.065848883924446,-0.10881177131129745,-0.10217345043681185,0.006638320874485598,1.5679701348830553,1.575071072339523,0.007100937456467671
105,26.25,False,-1.2217304763960306,-1.2217304763960306,-1.2993999999999997,-2.7755575615628914e-17,0.0,621.3561888317525,5696.0,0.10908640955613633,0,,0.0,0.0,0.0,0.0,6438530.84155784,0.03047371720586825,-6.936657585251432e-06,7562.702109496532,-0.10547111759207475,1.571517419808621,60430.841557839885,0.0002933841543681857,8389.974609794632,245.83178272808553,20.703166488682044,172973.6045489531,52715.76519587141,9.615319809280612,-1.2993999999999997,-1.2993999999999997,0.0002673227455897521,0.00032199027787833506,7596.488540314337,9267.019630670298,59809.71838709712,61047.3014614936,1251.3297326117754,0.0005423220559270005,0.0005656336306127093,48.30481860895452,0.00668301287277992,0.007104109939130243,54.98663286074509,8.480019280802812e-06,8.328520684314279e-06,0.9558789001204806,0.00017876799317732828,1.2689930650452949e-05,243575.21901781252,1419706.7377714457,653807.1668372864,731364.0770337749,60893.80475445313,354926.6844428614,inside,"{'min_altitude_m': 'inside', 'max_altitude_m': 'inside', 'max_speed_mps': 'inside', 'max_dynamic_pressure_pa': 'inside'}",5,6437703.739739533,6438955.069472144,1251.3297326117754,0.030494485011306343,0.031036807067233343,0.0005423220559270005,-0.0002900075287762462,0.0002756261018364631,0.0005656336306127093,7539.910989374368,7588.2158079833225,48.30481860895452,-0.10905673785264623,-0.10237372497986631,0.00668301287277992,1.567983297689096,1.5750874076282262,0.007104109939130243
106,26.5,False,-1.2217304763960306,-1.2217304763960306,-1.2993999999999997,-2.7755575615628914e-17,0.0,621.3561888317525,5696.0,0.10908640955613633,0,,0.0,0.0,0.0,0.0,6438331.799405806,0.030765735485253583,-7.1473277744897565e-06,7563.904093853275,-0.1056927008589209,1.5715320462150415,60231.79940580577,0.00030077885311342097,8604.176894549113,246.37870499284486,21.27220733137312,177389.7491762979,54061.63784420507,9.615914337052876,-1.2993999999999997,-1.2993999999999997,0.0002738352688006848,0.00033037901344626234,7783.802803124874,9511.780149760509,59603.73973953258,60855.06947214436,1265.1710957838222,0.0005444538128877643,0.0005677170983201427,48.551732119346525,0.006729111086406975,0.007107374536000188,55.36545268781879,8.527027843056346e-06,8.333870829733752e-06,0.9876540415657473,0.00018439285450819014,1.3058387479352175e-05,246631.21295503134,1438836.7816258671,662010.0979319263,741218.9481102952,61657.803238757835,359709.1954064668,inside,"{'min_altitude_m': 'inside', 'max_altitude_m': 'inside', 'max_speed_mps': 'inside', 'max_dynamic_pressure_pa': 'inside'}",5,6437497.263076579,6438762.434172363,1265.1710957838222,0.030785489096653858,0.03132994290954162,0.0005444538128877643,-0.0002912660005943166,0.00027645109772582617,0.0005677170983201427,7541.022288423108,7589.5740205424545,48.551732119346525,-0.10930737627026191,-0.10257826518385493,0.006729111086406975,1.5679966603031166,1.5751040348391168,0.007107374536000188
107,26.75,False,-1.2217304763960306,-1.2217304763960306,-1.2993999999999997,-2.7755575615628914e-17,0.0,621.3561888317525,5696.0,0.10908640955613633,0,,0.0,0.0,0.0,0.0,6438132.308943487,0.03105780234438397,-7.362308808528557e-06,7565.131989877834,-0.10591920803210447,1.5715469137765827,60032.30894348677,0.0003083606194534617,8823.927537741705,246.92689304341084,21.856941577567877,181920.28265498072,55442.37185675603,9.61651025923167,-1.2993999999999997,-1.2993999999999997,0.0002805063019562642,0.0003389881182646641,7975.778342645289,9763.134727669214,59397.2630765792,60662.43417236302,1279.110164246522,0.0005465976937606455,0.0005698019385986411,48.80687486003444,0.006776662456284707,0.007110734225982851,55.75627385024927,8.575523491523383e-06,8.33936111399361e-06,1.0205709627542232,0.00019020547951093144,1.3438759930914747e-05,249727.67580610648,1458245.7699761915,670321.656111128,751217.5178665228,62431.91895152662,364561.44249404786,inside,"{'min_altitude_m': 'inside', 'max_altitude_m': 'inside', 'max_speed_mps': 'inside', 'max_dynamic_pressure_pa': 'inside'}",5,6437290.276728416,6438569.386892662,1279.110164246522,0.03107653676303079,0.031623134456791435,0.0005465976937606455,-0.0002925296003769841,0.000277272338221657,0.0005698019385986411,7542.15641494265,7590.963289802685,48.80687486003444,-0.10956383817059859,-0.10278717571431388,0.006776662456284707,1.5680102259161668,1.5751209601421496,0.007110734225982851
108,27.0,True,-1.2217304763960306,-1.2217304763960306,-1.2993999999999997,-2.7755575615628914e-17,0.0,621.3561888317525,5696.0,0.10908640955613633,0,,0.0,0.0,0.0,0.0,6437932.3601031145,0.0313499186375882,-7.5816733261078686e-06,7566.38652109635,-0.1061507653306298,1.5715620269864325,59832.36010311451,0.0003161345587572079,9049.384146103757,247.47637478018257,22.457831013349196,186568.4543159818,56858.95750582302,9.617107606276173,-1.2993999999999997,-1.2993999999999997,0.0002873399735315015,0.00034782388597474494,8172.541254257794,10021.279833175378,59190.27672841586,60469.38689266238,1293.1500408714637,0.0005487540837343374,0.0005718881876013585,49.07054380028967,0.0068257156220834225,0.007114192101141281,56.15950650011098,8.625559894752692e-06,8.34499601086934e-06,1.0546757610201754,0.0001962126631948754,1.3831500634365517e-05,252865.34812379887,1477939.5096000875,678743.8291744076,761362.7776727722,63216.33703094972,369484.8774000219,inside,"{'min_altitude_m': 'inside', 'max_altitude_m': 'inside', 'max_speed_mps': 'inside', 'max_dynamic_pressure_pa': 'inside'}",5,6437082.768704725,6438375.918745597,1293.1500408714637,0.03136762870512948,0.031916382788863815,0.0005487540837343374,-0.0002937984223123035,0.000278089765289055,0.0005718881876013585,7543.313981148099,7592.384524948388,49.07054380028967,-0.10982627961386147,-0.10300056399177805,0.0068257156220834225,1.5680239978194954,1.5751381899206367,0.007114192101141281
109,27.25,False,-1.2217304763960306,-1.2217304763960306,-1.2993999999999997,-2.7755575615628914e-17,0.0,621.3561888317525,5696.0,0.10908640955613633,0,,0.0,0.0,0.0,0.0,6437731.942552155,0.031642085242615345,-7.805495374351823e-06,7567.668434098188,-0.10638750248982277,1.5715773904860872,59631.942552154884,0.000324105940711128,9280.709686976124,248.02717883868075,23.075353083630983,191337.62400836885,58312.41874540765,9.617706409448832,-1.2993999999999997,-1.2993999999999997,0.0002943405376332435,0.00035689282389508615,8374.221680954266,10286.418999358692,58982.76870472543,60275.91874559689,1307.2939349319786,0.0005509233819602707,0.0005739758826421456,49.34304798571793,0.00687632099459716,0.007117751371944481,56.57557624461219,8.677192903730436e-06,8.350780163148566e-06,1.0900167417149227,0.00020242149005491846,1.4237083212364e-05,256044.99165937753,1497923.9962163193,687278.6618225399,771657.8162326493,64011.24791484438,374480.9990540798,inside,"{'min_altitude_m': 'inside', 'max_altitude_m': 'inside', 'max_speed_mps': 'inside', 'max_dynamic_pressure_pa': 'inside'}",5,6436874.726684844,6438182.020619776,1307.2939349319786,0.031658765635250094,0.032209689017210365,0.0005509233819602707,-0.00029507256270840825,0.0002789033199337374,0.0005739758826421456,7544.495617892017,7593.838665877735,49.34304798571793,-0.11009486127140786,-0.1032185402768107,0.00687632099459716,1.5680379794083463,1.5751557307802908,0.007117751371944481
110,27.5,False,-1.2217304763960306,-1.2217304763960306,-1.2993999999999997,-2.7755575615628914e-17,0.0,621.3561888317525,5696.0,0.10908640955613633,0,,0.0,0.0,0.0,0.0,6437531.045685599,0.03193430306136538,-8.033850456387789e-06,7568.978499429226,-0.10662955287789884,1.5715930090713153,59431.04568559863,0.0003322802058418909,9518.072714376778,248.5793346110067,23.71000153323311,196231.2667600658,59803.8146316391,9.61830670083884,-1.2993999999999997,-1.2993999999999997,0.00030151237868943873,0.0003662016620012447,8580.953973730337,10558.763139429224,58774.72668484412,60082.0206197761,1321.5451661413535,0.0005531060021245413,0.0005760650622397596,49.624709121505475,0.0069285308318220995,0.007121415372807194,57.00492483819744,8.730480657085943e-06,8.356718390456075e-06,1.1266445431494887,0.0002088393488997557,1.4656003450455169e-05,259267.39016756718,1518205.4225714873,695928.2578182067,782105.8237489479,64816.847541891795,379551.3556428718,inside,"{'min_altitude_m': 'inside', 'max_altitude_m': 'inside', 'max_speed_mps': 'inside', 'max_dynamic_pressure_pa': 'inside'}",5,6436666.138007539,6437987.683173681,1321.5451661413535,0.031949948283795,0.03250305428591954,0.0005531060021245413,-0.0002963521200692268,0.00027971294217053283,0.0005760650622397596,7545.701975350447,7595.326684471953,49.624709121505475,-0.11036974859006937,-0.10344121775824727,0.0069285308318220995,1.5680521741859252,1.5751735895587324,0.007121415372807194
111,27.75,False,-1.2217304763960306,-1.2217304763960306,-1.2993999999999997,-2.7755575615628914e-17,0.0,621.3561888317525,5696.0,0.10908640955613633,0,,0.0,0.0,0.0,0.0,6437329.658617986,0.03222657302064738,-8.26681558092882e-06,7570.317512527301,-0.10687705361731384,1.5716088876984085,59229.658617986366,0.00034066297235056463,9761.647606540877,249.1328722680408,24.362287079290645,201252.97767514543,61334.24081528242,9.618908513386415,-1.2993999999999997,-1.2993999999999997,0.0003088600163487563,0.0003757573623601483,8792.876859623348,10838.530879564716,58566.138007539324,59887.68317368068,1335.9071688689291,0.0005553023730476142,0.0005781557661641383,49.915862188919164,0.006982399318964189,0.007125187567942781,57.44801091190902,8.785483692280759e-06,8.362815697514835e-06,1.1646122696562022,0.00021547394856835352,1.5088780541879356e-05,262533.35024782765,1538790.1869403052,704694.782244169,792710.0963025815,65633.33756195691,384697.5467350763,inside,"{'min_altitude_m': 'inside', 'max_altitude_m': 'inside', 'max_speed_mps': 'inside', 'max_dynamic_pressure_pa': 'inside'}",5,6436456.989660406,6437792.8968292745,1335.9071688689291,0.03224117739977938,0.03279647977282699,0.0005553023730476142,-0.00029763719517351955,0.0002805185709906188,0.0005781557661641383,7546.933723739613,7596.849585928532,49.915862188919164,-0.11065111196376283,-0.10366871264479864,0.006982399318964189,1.5680665857675458,1.5751917733354885,0.007125187567942781
112,28.0,True,-1.2217304763960306,-1.2217304763960306,-1.2815999999999996,0.07119999999999997,0.2848,621.3561888317525,5696.0,0.10908640955613633,1,"POD0_RPOS,POD1_RPOS,POD2_RPOS,POD3_RPOS",5696.0,-1.1368683772161603e-13,-1.3079227814893731e-13,0.0,6437127.770175146,0.03251889607296661,-8.504469313916344e-06,7571.686294702143,-0.1071301457111341,1.5716250314907376,59027.77017514594,0.0003492600432760488,10011.614815621071,249.68782278244367,25.03273811680202,206406.47708182616,62904.83111065178,9.61951188090798,-1.2815999999999996,-1.2815999999999996,0.00031638811060142317,0.0003855671290456157,9010.133617815072,11125.948909808048,58356.989660405554,59692.89682927448,1350.3834965545684,0.0005575129393134079,0.000580248035484857,50.22352958493866,0.007037723779579369,0.007129190804604724,57.905310742337406,8.842265063169121e-06,8.369077282874476e-06,1.230669584079667,0.00022129784246074252,1.6012946647856588e-05,265843.70222386974,1559684.9020634852,713580.4638640716,803474.0404569468,66460.92555596743,389921.2255158713,inside,"{'min_altitude_m': 'inside', 'max_altitude_m': 'inside', 'max_speed_mps': 'inside', 'max_dynamic_pressure_pa': 'inside'}",5,6436247.268268848,6437597.651765402,1350.3834965545684,0.032532453751358804,0.03308996669067221,0.0005575129393134079,-0.00029892789115741337,0.0002813201443274436,0.000580248035484857,7548.219861058306,7598.443390643245,50.22352958493866,-0.11093778765390862,-0.10390006387432925,0.007037723779579369,1.5680816127109654,1.57521080351557,0.007129190804604724
113,28.25,False,-1.2217304763960306,-1.2217304763960306,-1.2637999999999996,0.07119999999999997,0.0,194.15618883175227,5696.0,0.03408640955613628,0,,0.0,0.0,0.0,0.0,6436925.36888564,0.03281127319734188,-8.746891832325778e-06,7573.117159602648,-0.10738777133281936,1.571641896233909,58825.368885640055,0.000358077414005649,10268.246456871857,250.2442179524644,25.721901459168652,211697.37509916222,64517.295268316106,9.620116838122204,-1.2637999999999996,-1.2637999999999996,0.00032410146713282594,0.00039563841856410994,9232.94151403875,11421.357513525767,58147.26826884784,59497.65176540241,1364.9775598691776,0.000559738411085968,0.0005823419575205014,50.54849671947704,0.007094529472077241,0.007133436344473054,58.37625325732108,8.901887090261235e-06,8.375688142577308e-06,1.2998685381513342,0.00022722276999147272,1.698215947306951e-05,269202.32970336475,1580918.238375359,722595.7270985055,814412.4258297302,67300.58242584119,395229.55959383975,inside,"{'min_altitude_m': 'inside', 'max_altitude_m': 'inside', 'max_speed_mps': 'inside', 'max_dynamic_pressure_pa': 'inside'}",5,6436036.961644895,6437401.939204765,1364.9775598691776,0.032823779261691104,0.03338351767277707,0.000559738411085968,-0.00030022447070279513,0.0002821174868177062,0.0005823419575205014,7549.562344031222,7600.110840750699,50.54849671947704,-0.11122980014493103,-0.10413527067285379,0.007094529472077241,1.5680972781258387,1.5752307144703117,0.007133436344473054
114,28.5,False,-1.2217304763960306,-1.2217304763960306,-1.2459999999999996,0.07119999999999997,0.0,51.756188831751956,5696.0,0.009086409556136227,0,,0.0,0.0,0.0,0.0,6436722.44439296,0.03310370665299064,-8.994297848493018e-06,7574.612423779273,-0.10764994085433685,1.571659510105101,58622.44439295959,0.0003671212160961012,10531.744615290652,250.80208651980433,26.43033809239451,217129.83805328142,66172.90302576196,9.620723416429,-1.2459999999999996,-1.2459999999999996,0.00033200499078755535,0.00040597887240522053,9461.460230537974,11725.01182997932,57936.961644895375,59301.93920476455,1379.6928503280506,0.0005619795306388009,0.0005844376237319045,50.89158211219819,0.00715284144647102,0.0071379359514149865,58.86116183754643,8.96447821133249e-06,8.382664845612698e-06,1.3723415708834343,0.0002332478975751208,1.7998427767904973e-05,272610.33994995593,1602499.044293517,731743.5440761977,825529.8106966602,68152.58498748898,400624.76107337925,inside,"{'min_altitude_m': 'inside', 'max_altitude_m': 'inside', 'max_speed_mps': 'inside', 'max_dynamic_pressure_pa': 'inside'}",5,6435826.0574578,6437205.750308128,1379.6928503280506,0.03311515592754944,0.03367713545818824,0.0005619795306388009,-0.0003015272073806733,0.0002829104163512312,0.0005844376237319045,7550.963184026366,7601.854766138565,50.89158211219819,-0.1115271703126855,-0.10437432886621448,0.00715284144647102,1.5681136058600271,1.5752515418114421,0.0071379359514149865
115,28.75,False,-1.2217304763960306,-1.2217304763960306,-1.2281999999999995,0.07119999999999997,0.0,-90.64381116824833,5696.0,0.015913590443863822,0,,0.0,0.0,0.0,0.0,6436518.986242832,0.03339619878761932,-9.246910641081592e-06,7576.174473157317,-0.1079166611154189,1.571677902239239,58418.986242831685,0.00037639777365625586,10802.318683394755,251.36145750288114,27.158627717619133,222708.1829272698,67872.97003497746,9.62133164753351,-1.2281999999999995,-1.2281999999999995,0.00034010373091267264,0.00041659638699227696,9695.854866166885,12037.176808343052,57726.05745780002,59105.750308128074,1394.5329414987937,0.0005642370736570687,0.0005865351299035038,51.25363880621171,0.0072126845016231705,0.007142701914275129,59.36036468272812,9.030172073060594e-06,8.39002468639686e-06,1.4482267760541516,0.000239372220608583,1.9063851440806996e-05,276068.8760634495,1624436.496398826,741026.9831176804,836830.9223872739,69017.21901586237,406109.1240997065,inside,"{'min_altitude_m': 'inside', 'max_altitude_m': 'inside', 'max_speed_mps': 'inside', 'max_dynamic_pressure_pa': 'inside'}",5,6435614.543237029,6437009.076178527,1394.5329414987937,0.03340658582150562,0.03397082289516269,0.0005642370736570687,-0.0003028363860635097,0.00028369874383999403,0.0005865351299035038,7552.424448407378,7603.67808721359,51.25363880621171,-0.1118299152173984,-0.10461723071577524,0.0072126845016231705,1.5681306205188392,1.5752733224331144,0.007142701914275129
116,29.0,True,-1.2217304763960306,-1.2217304763960306,-1.2103999999999995,0.07119999999999997,0.0,-233.04381116824862,5696.0,0.040913590443863876,0,,0.0,0.0,0.0,0.0,6436314.983886971,0.033688752040189354,-9.504962361476959e-06,7577.805764991381,-0.10818793523819521,1.5716971027577644,58214.98388697114,0.0003859136098902723,11080.185665211855,251.9223601866482,27.907369427073736,228436.88362845327,69618.859772481,9.62194156343511,-1.2103999999999995,-1.2103999999999995,0.0003484028858535355,0.0004274991230595121,9936.29614478455,12358.127646475794,57514.54323702864,58909.07617852744,1409.5014901971444,0.0005665118505934208,0.0005886345763330571,51.63555584984351,0.007274083139433521,0.007147747070733068,59.87419479513119,9.099107745425255e-06,8.397785718213736e-06,1.5276681745251484,0.0002455945512413883,2.0180625832451956e-05,279579.11825370434,1646740.1132861061,750449.2121546803,848320.6644201153,69894.77956342608,411685.02832152654,inside,"{'min_altitude_m': 'inside', 'max_altitude_m': 'inside', 'max_speed_mps': 'inside', 'max_dynamic_pressure_pa': 'inside'}",5,6435402.406375501,6436811.907865698,1409.5014901971444,0.033698071094172694,0.034264582944766114,0.0005665118505934208,-0.0003041523033531817,0.00028448227297987543,0.0005886345763330571,7553.948261922584,7605.583817772427,51.63555584984351,-0.11213804788757535,-0.10486396474814183,0.007274083139433521,1.5681483474846087,1.5752960945553418,0.007147747070733068
117,29.25,False,-1.2217304763960306,-1.2217304763960306,-1.1925999999999994,0.07119999999999997,0.0,-375.44381116824894,5696.0,0.06591359044386393,0,,0.0,0.0,0.0,0.0,6436110.426687085,0.03398136894376521,-9.768694350621845e-06,7579.508829884057,-0.108463762434427,1.5717171427981593,58010.42668708507,0.0003956754538575598,11365.570494032936,252.48482411171486,28.677182404432287,234320.57753941457,71411.98553582159,9.622553196415648,-1.1925999999999994,-1.1925999999999994,0.00035690780757777435,0.00043869551538057525,10182.960632177614,12688.150251436882,57302.406375501305,58711.90786569845,1424.6022376865149,0.0005688047080799341,0.0005907360680301421,52.03825985009553,0.0073370615157454105,0.007153084832277834,60.40298995403839,9.17142994605086e-06,8.405966788339708e-06,1.6108160010064845,0.0002519135052475921,2.1351046179208914e-05,283142.28516319155,1669419.7700739484,760013.5022801459,860004.1239774885,70785.57129079789,417354.9425184871,inside,"{'min_altitude_m': 'inside', 'max_altitude_m': 'inside', 'max_speed_mps': 'inside', 'max_dynamic_pressure_pa': 'inside'}",5,6435189.634133088,6436614.236370775,1424.6022376865149,0.033989613976508605,0.03455841868458854,0.0005688047080799341,-0.00030547526802522505,0.00028526080000491704,0.0005907360680301421,7555.536808131847,7607.575067981942,52.03825985009553,-0.11245157709442406,-0.10511451557867865,0.0073370615157454105,1.5681668129366,1.5753198977688778,0.007153084832277834
118,29.5,False,-1.2217304763960306,-1.2217304763960306,-1.1747999999999994,0.07119999999999997,0.0,-517.8438111682492,5696.0,0.09091359044386398,0,,0.0,0.0,0.0,0.0,6435905.303919138,0.034274052128447224,-1.0038357466661534e-05,7581.286273871285,-0.10874413780501416,1.5717380545442368,57805.30391913839,0.0004056902474553336,11658.706364593405,253.04887906274752,29.46870665033522,240364.0723664723,73253.81253073442,9.623166579026899,-1.1747999999999994,-1.1747999999999994,0.00036562400642854275,0.0004501942828604658,10436.030961839473,13027.541722919645,57089.6341330884,58514.23637077492,1439.8390108561143,0.0005711165303986798,0.0005928397149238776,52.46271660160983,0.007401643387728737,0.007158729210345882,60.947092679999514,9.247289274996956e-06,8.414587574942094e-06,1.6978270060580511,0.000258327487933319,2.2577512272469044e-05,286759.63523990684,1692485.7136098964,769723.2314334342,871886.5797384314,71689.90880997671,423121.4284024741,inside,"{'min_altitude_m': 'inside', 'max_altitude_m': 'inside', 'max_speed_mps': 'inside', 'max_dynamic_pressure_pa': 'inside'}",5,6434976.213640384,6436416.0526512405,1439.8390108561143,0.03428121678218307,0.03485233331258175,0.0005711165303986798,-0.0003068056014900357,0.0002860341134338419,0.0005928397149238776,7557.192330872234,7609.655047473844,52.46271660160983,-0.11277050711631237,-0.10536886372858363,0.007401643387728737,1.5681860438712307,1.5753447730815766,0.007158729210345882
119,29.75,False,-1.2217304763960306,-1.2217304763960306,-1.1747999999999994,-2.7755575615628914e-17,-0.2848,-660.2438111682495,5696.0,0.11591359044386403,1,"POD0_RNEG,POD1_RNEG,POD2_RNEG,POD3_RNEG",-5696.0,1.1368683772161603e-13,1.3079227814893731e-13,0.0,6435699.6047779,0.034566804324392325,-1.0314212423780328e-05,7583.140780576819,-0.10902905213143055,1.571759871257198,57599.60477789957,0.0004159651526290429,11959.835080364184,253.6145550560965,30.282603733826114,246572.3532996781,75145.86005323523,9.623781744077196,-1.1747999999999994,-1.1747999999999994,0.00037455715600975587,0.0004620044390028098,10695.69606999758,13376.610860831499,56876.213640384376,58316.05265124049,1455.2157234027982,0.0005734482410138173,0.0005949456320803377,52.90184616535771,0.007468320405868881,0.007164552553996062,61.50685018757406,9.326842460539737e-06,8.423668625840218e-06,1.756518254988845,0.00026670807256058216,2.329337460130414e-05,290432.4681631143,1715948.578408677,779581.8882273069,883973.5100893184,72608.11704077857,428987.1446021692,inside,"{'min_altitude_m': 'inside', 'max_altitude_m': 'inside', 'max_speed_mps': 'inside', 'max_dynamic_pressure_pa': 'inside'}",5,6434762.131902763,6436217.3476261655,1455.2157234027982,0.03457288191000944,0.03514633015102326,0.0005734482410138173,-0.0003081436382717395,0.0002868019938085982,0.0005949456320803377,7558.885003590558,7611.786849755916,52.90184616535771,-0.11309712832726088,-0.105628807921392,0.007468320405868881,1.5682056103628579,1.575370162916854,0.007164552553996062
120,30.0,True,-1.2217304763960306,-1.2217304763960306,-1.1747999999999994,-2.7755575615628914e-17,0.0,-375.44381116824957,5696.0,0.06591359044386404,0,,0.0,0.0,0.0,0.0,6435493.318381769,0.03485962836492564,-1.0596530142622586e-05,7585.03916854689,-0.10932053479197651,1.5717821033606063,57393.31838176865,0.0004265075588168077,12269.091131944611,254.18188232664394,31.119557570522332,252948.193091612,77088.97313268174,9.624398724617173,-1.1747999999999994,-1.1747999999999994,0.00038371309820404954,0.0004741353027656307,10962.05824250255,13735.533547629571,56662.13190276269,58117.34762616549,1470.736995891668,0.0005758005087123513,0.0005970538865139126,53.35620507306612,0.007537165943898069,0.007170561333119663,62.0850899545527,9.409070794148258e-06,8.433017734299528e-06,1.8174356308343196,0.00027538215211677015,2.4035116494487054e-05,294158.3749816094,1739791.8253280113,789583.0065295834,896256.3948659452,73539.59374540235,434947.9563320028,inside,"{'min_altitude_m': 'inside', 'max_altitude_m': 'inside', 'max_speed_mps': 'inside', 'max_dynamic_pressure_pa': 'inside'}",5,6434547.372607965,6436018.109603857,1470.736995891668,0.03486461053122465,0.035440411039937,0.0005758005087123513,-0.000309489542562747,0.00028756434395116554,0.0005970538865139126,7560.6158567520215,7613.972061825088,53.35620507306612,-0.1134316551892182,-0.10589448924532013,0.007537165943898069,1.5682255196952077,1.5753960810283274,0.007170561333119663
121,30.25,False,-1.2217304763960306,-1.2217304763960306,-1.1747999999999994,-2.7755575615628914e-17,0.0,-375.44381116824957,5696.0,0.06591359044386404,0,,0.0,0.0,0.0,0.0,6435286.43090713,0.03515252573619837,-1.0885437122100427e-05,7586.982717047625,-0.10961876015803311,1.571804760943169,57186.43090713024,0.00043732524246234384,12586.72487780087,254.7508992097671,31.98028732232062,259496.75330811166,79084.72481771022,9.625017562512072,-1.1747999999999994,-1.1747999999999994,0.0003930979691239314,0.00048659669980613324,11235.312334418762,14104.630756462051,56447.37260796502,57918.10960385669,1486.407616758719,0.0005781740278124545,0.0005991645476271822,53.82637435054403,0.007608256284802786,0.007176762298941597,62.682483468101964,9.494076400433588e-06,8.442644453078965e-06,1.8806771099127344,0.0002843613636188448,2.4803863287613e-05,297938.4877675302,1764024.857473839,799729.6250602128,908740.0780925837,74484.62194188255,441006.21436845977,inside,"{'min_altitude_m': 'inside', 'max_altitude_m': 'inside', 'max_speed_mps': 'inside', 'max_dynamic_pressure_pa': 'inside'}",5,6434331.918970091,6435818.32658685,1486.407616758719,0.035156403847780966,0.03573457787559342,0.0005781740278124545,-0.00031084348314007026,0.000288321064487112,0.0005991645476271822,7562.385954112529,7616.212328463073,53.82637435054403,-0.11377430901869849,-0.1061660527338957,0.007608256284802786,1.568245779398076,1.5754225416970176,0.007176762298941597
122,30.5,False,-1.2217304763960306,-1.2217304763960306,-1.1747999999999994,-2.7755575615628914e-17,0.0,-375.44381116824957,5696.0,0.06591359044386404,0,,0.0,0.0,0.0,0.0,6435078.928149042,0.03544549796689832,-1.1181063057869332e-05,7588.972749251869,-0.10992390782858415,1.5718278544578577,56978.92814904172,0.0004484262542521618,12912.99618069438,255.32164510048713,32.86553873156245,266223.3914622353,81134.74787420504,9.625638300785488,-1.1747999999999994,-1.1747999999999994,0.00040271810769182734,0.0004993988242077559,11515.660120134802,14484.23644908032,56231.91897009127,57718.32658684999,1502.2325493358076,0.0005805695192963381,0.0006012776873142295,54.31296081278833,0.007681670759710116,0.007183162498943352,63.29973030994665,9.581965935525185e-06,8.452558748188935e-06,1.9463458489798278,0.0002936578996293338,2.560080000620047e-05,301773.9755103629,1788657.4308988515,810024.8816330795,921429.5856145598,75443.49387759072,447164.35772471287,inside,"{'min_altitude_m': 'inside', 'max_altitude_m': 'inside', 'max_speed_mps': 'inside', 'max_dynamic_pressure_pa': 'inside'}",5,6434115.753713494,6435617.98626283,1502.2325493358076,0.03544826309325883,0.03602883261255517,0.0005805695192963381,-0.0003122056335468379,0.0002890720537673916,0.0006012776873142295,7564.196394039461,7618.509354852249,54.31296081278833,-0.11412531825838956,-0.10644364749867945,0.007681670759710116,1.568266397257382,1.5754495597563254,0.007183162498943352
123,30.75,False,-1.2217304763960306,-1.2217304763960306,-1.1747999999999994,-2.7755575615628914e-17,0.0,-375.44381116824957,5696.0,0.06591359044386404,0,,0.0,0.0,0.0,0.0,6434870.795509091,0.03573854662967749,-1.1483540961540181e-05,7591.010634102777,-0.11023616282219835,1.5718513947380273,56770.79550909065,0.00045981893110934297,13248.174856424266,255.89416048728498,33.77608531804047,273133.67026585166,83240.73760483098,9.626260983656381,-1.1747999999999994,-1.1747999999999994,0.0004125800639064294,0.0005125522556678966,11803.310597770147,14874.6982309324,56015.75371349417,57517.986262829974,1518.2169392304495,0.0005829877320034163,0.000603393380069444,54.816598439979316,0.007757491894736415,0.0071897692927227475,63.93755957942403,9.672850828321708e-06,8.4627710208585e-06,2.0145505087640903,0.0003032845401051887,2.642717511774372e-05,305666.04567058966,1813699.671623469,820472.0173263198,934330.1338666356,76416.51141764742,453424.9179058673,inside,"{'min_altitude_m': 'inside', 'max_altitude_m': 'inside', 'max_speed_mps': 'inside', 'max_dynamic_pressure_pa': 'inside'}",5,6433898.859055991,6435417.075995222,1518.2169392304495,0.03574018953381206,0.03632317726581548,0.0005829877320034163,-0.000313576172282692,0.0002898172077867521,0.000603393380069444,7566.04831089621,7620.864909336189,54.816598439979316,-0.11448491876220324,-0.10672742686746682,0.007757491894736415,1.5682873813257092,1.575477150618432,0.0071897692927227475
124,31.0,True,-1.2217304763960306,-1.2217304763960306,-1.1747999999999994,-2.7755575615628914e-17,0.0,-375.44381116824957,5696.0,0.06591359044386404,0,,0.0,0.0,0.0,0.0,6434662.017982766,0.03603167334263882,-1.1793007285341113e-05,7593.097788273909,-0.11055571577777513,1.5718753930143874,56562.01798276603,0.00047151190881650874,13592.541147960826,256.4684869872726,34.71272964026688,280233.36740470777,85404.45482810141,9.626885656577569,-1.1747999999999994,-1.1747999999999994,0.0004226906075114934,0.0005260679776479078,12098.480309587978,15276.378045859614,55798.859055991285,57317.075995221734,1534.3661220809445,0.0005854294438876334,0.0006055117031021674,55.337949840161855,0.007835805566329665,0.007196590368861333,64.59673140284576,9.76684753688185e-06,8.47329213089355e-06,2.0854056007316863,0.00031325468637294655,2.7284304554859405e-05,309615.94581129,1839162.0936423806,831074.3808618839,947447.1391491052,77403.9864528225,459790.52341059514,inside,"{'min_altitude_m': 'inside', 'max_altitude_m': 'inside', 'max_speed_mps': 'inside', 'max_dynamic_pressure_pa': 'inside'}",5,6433681.2166913515,6435215.582813432,1534.3661220809445,0.03603218446914667,0.0366176139130343,0.0005854294438876334,-0.00031495528300358954,0.0002905564200985779,0.0006055117031021674,7567.942876494114,7623.280826334276,55.337949840161855,-0.1148533540945671,-0.10701754852823743,0.007835805566329665,1.5683087399333562,1.5755053303022175,0.007196590368861333
125,31.25,False,-1.2217304763960306,-1.2217304763960306,-1.1747999999999994,-2.7755575615628914e-17,0.0,-375.44381116824957,5696.0,0.06591359044386404,0,,0.0,0.0,0.0,0.0,6434452.580146333,0.03632487977088516,-1.2109602052527195e-05,7595.235678231725,-0.11088276316453376,1.5718998609328805,56352.5801463332,0.00048351413530548756,13946.386226615803,257.0446673827487,35.67630462493346,287528.48587090743,87627.72902732417,9.627512366275724,-1.1747999999999994,-1.1747999999999994,0.00043305673709004495,0.0005399573965483176,12401.39367939822,15689.652913190956,55581.216691351496,57115.58281343244,1550.6856317147613,0.0005878954633428968,0.0006076327364575504,55.877707804903366,0.007916701165677692,0.007203633762869366,65.27803853524495,9.864077821058028e-06,8.48413342153146e-06,2.1590318589676922,0.0003235823973920945,2.817357603168263e-05,313624.9653124281,1865055.6179846642,841835.433207044,960786.2274466451,78406.24132810702,466263.90449616604,inside,"{'min_altitude_m': 'inside', 'max_altitude_m': 'inside', 'max_speed_mps': 'inside', 'max_dynamic_pressure_pa': 'inside'}",5,6433462.807771022,6435013.493402737,1550.6856317147613,0.03632424923353483,0.03691214469687773,0.0005878954633428968,-0.00031634315473156737,0.000291289581725983,0.0006076327364575504,7569.881301615605,7625.759009420508,55.877707804903366,-0.11523087584481287,-0.10731417467913518,0.007916701165677692,1.5683304816999295,1.5755341154627989,0.007203633762869366
126,31.5,False,-1.2217304763960306,-1.2217304763960306,-1.1747999999999994,-2.7755575615628914e-17,0.0,-375.44381116824957,5696.0,0.06591359044386404,0,,0.0,0.0,0.0,0.0,6434242.466143174,0.03661816762813362,-1.2433468993854545e-05,7597.425822406759,-0.11121750750175559,1.5719248105735217,56142.4661431741,0.0004958348846552363,14310.012722060754,257.6227456592448,36.66767496888642,295025.2648901417,89912.46168080509,9.628141160793021,-1.1747999999999994,-1.1747999999999994,0.0004436856896075238,0.0005542323619762747,12712.28336797747,16114.915710235917,55362.80777102243,56913.49340273719,1567.181208729744,0.000590386630601035,0.000609756563144025,56.43659696471241,0.008000271772798426,0.007210907876288752,65.98230806107347,9.964669032539765e-06,8.495306745898722e-06,2.235556639235149,0.00033428242848293683,2.90964536776895e-05,317694.43717254116,1891391.5928997062,852758.7524105053,974353.2448271213,79423.60929313529,472847.89822492655,inside,"{'min_altitude_m': 'inside', 'max_altitude_m': 'inside', 'max_speed_mps': 'inside', 'max_dynamic_pressure_pa': 'inside'}",5,6433243.612885055,6434810.794093785,1567.181208729744,0.036616385196865456,0.03720677182746649,0.000590386630601035,-0.00031773998207506763,0.0002920165810689574,0.000609756563144025,7571.864837612684,7628.301434577396,56.43659696471241,-0.1156177439575761,-0.10761747218477767,0.008000271772798426,1.568352615546507,1.5755635234227958,0.007210907876288752
127,31.75,False,-1.2217304763960306,-1.2217304763960306,-1.1747999999999994,-2.7755575615628914e-17,0.0,-375.44381116824957,5696.0,0.06591359044386404,0,,0.0,0.0,0.0,0.0,6434031.659669574,0.03691153867839875,-1.2764755690456107e-05,7599.669793480212,-0.11156015758882226,1.571950254470261,55931.65966957435,0.000508483771841287,14683.735283107295,258.202767045114,37.687738618151585,302730.191483128,92260.62978533424,9.628772089530463,-1.1747999999999994,-1.1747999999999994,0.00045458495042982405,0.0005689051881776077,13031.390647630587,16552.576003430713,55143.61288505513,56710.794093784876,1583.8588095298037,0.0005929038192069302,0.0006118832692678231,57.01537555157665,0.008086614340975712,0.007218421497042549,66.71040320094698,1.0068754423598041e-05,8.506824495192385e-06,2.315114347454349,0.00034537027270915214,3.0054483015310725e-05,321825.73990321835,1918181.815247594,863848.0386875861,988154.2684608818,80456.43497580459,479545.4538118985,inside,"{'min_altitude_m': 'inside', 'max_altitude_m': 'inside', 'max_speed_mps': 'inside', 'max_dynamic_pressure_pa': 'inside'}",5,6433023.612042183,6434607.470851713,1583.8588095298037,0.03690859376573284,0.03750149758493977,0.0005929038192069302,-0.0003191459654604634,0.00029273730380735975,0.0006118832692678231,7573.894778085092,7630.910153636669,57.01537555157665,-0.11601422708018633,-0.10792761273921062,0.008086614340975712,1.5683751507084027,1.5755935722054453,0.007218421497042549
128,32.0,True,-1.2217304763960306,-1.2217304763960306,-1.1747999999999994,-2.7755575615628914e-17,0.0,-375.44381116824957,5696.0,0.06591359044386404,0,,0.0,0.0,0.0,0.0,6433820.143959927,0.037204994737747986,-1.3103613723477849e-05,7601.969220793168,-0.1119109287461273,1.5719762056319302,55720.14395992737,0.0005214707682836103,15067.881171325793,258.784778052746,38.73742832891687,310650.0127040696,94674.28958600215,9.629405203292986,-1.1747999999999994,-1.1747999999999994,0.0004657622638431053,0.0005839886767112326,13358.96579707594,17003.060931655687,54923.61204218306,56507.47085171286,1600.7246158374473,0.0005954479375759048,0.0006140129441750027,57.61483727659197,0.008175829892256556,0.007226183821120058,67.46322523211666,1.0176473475906247e-05,8.518699628718216e-06,2.3978469000616975,0.000356862205123406,3.1049296310216984e-05,326020.2995218501,1945438.553178746,875107.1197691768,1002195.6183042023,81505.07488046252,486359.6382946865,inside,"{'min_altitude_m': 'inside', 'max_altitude_m': 'inside', 'max_speed_mps': 'inside', 'max_dynamic_pressure_pa': 'inside'}",5,6432802.784649008,6434403.509264845,1600.7246158374473,0.03720087638456513,0.037796324322141035,0.0005954479375759048,-0.00032056131137546835,0.0002934516327995343,0.0006140129441750027,7575.972460642816,7633.587297919408,57.61483727659197,-0.11642060292809706,-0.1082447730358405,0.008175829892256556,1.568398096748568,1.575624280569688,0.007226183821120058
129,32.25,False,-1.2217304763960306,-1.2217304763960306,-1.1747999999999994,-2.7755575615628914e-17,0.0,-375.44381116824957,5696.0,0.06591359044386404,0,,0.0,0.0,0.0,0.0,6433607.901771326,0.03749853767613336,-1.3450198830857223e-05,7604.325792886163,-0.11227004306747662,1.5720026775643452,55507.90177132562,0.0005348062182429554,15462.790889734046,259.36882652149046,39.81771331572034,318791.7486021428,97155.58052636731,9.630040554336446,-1.1747999999999994,-1.1747999999999994,0.00047722564410474714,0.0005994961404496401,13695.268517941786,17466.816145534638,54702.784649007954,56303.5092648454,1617.7850447203964,0.0005980199306386408,0.0006161456806014831,58.2358133313237,0.008268023724781803,0.007234204475701667,68.2417155309729,1.0287972250939362e-05,8.530945705921635e-06,2.4839042189267477,0.00036877533010098496,3.208261832578774e-05,330279.59164878225,1973174.5701945866,886539.956530942,1016483.8694941809,82569.89791219556,493293.64254864666,inside,"{'min_altitude_m': 'inside', 'max_altitude_m': 'inside', 'max_speed_mps': 'inside', 'max_dynamic_pressure_pa': 'inside'}",5,6432581.109488241,6434198.894532962,1617.7850447203964,0.03749323453679423,0.03809125446743287,0.0005980199306386408,-0.000321986232625164,0.00029415944797631907,0.0006161456806014831,7578.099268757905,7636.335082089228,58.2358133313237,-0.11683715866947995,-0.10856913494469815,0.008268023724781803,1.5684214635716665,1.5756556680473681,0.007234204475701667
130,32.5,False,-1.2217304763960306,-1.2217304763960306,-1.1747999999999994,-2.7755575615628914e-17,0.0,-375.44381116824957,5696.0,0.06591359044386404,0,,0.0,0.0,0.0,0.0,6433394.915367509,0.03779216941930337,-1.3804671071651153e-05,7606.741260177411,-0.1126377296846333,1.572029684293637,55294.91536750924,0.0005485008561192588,15868.818848959729,259.9549616623731,40.929600992471116,327162.7059555692,99706.72943407824,9.63067819641655,-1.1747999999999994,-1.1747999999999994,0.0004889833870559865,0.0006154414289957508,14040.568374231434,17944.30680684846,54481.109488241374,56098.89453296177,1635.0467591574416,0.0006006207815795334,0.000618281574831625,58.87917452226702,0.008363305632783966,0.007242493543830886,69.04685774658628,1.0403403763581138e-05,8.543576920568016e-06,2.5734447637722173,0.00038112763200863703,3.3156272516366074e-05,334605.14371517283,2001403.1506887698,898150.6489196746,1031025.8655063359,83651.28592879321,500350.78767219244,inside,"{'min_altitude_m': 'inside', 'max_altitude_m': 'inside', 'max_speed_mps': 'inside', 'max_dynamic_pressure_pa': 'inside'}",5,6432358.564695955,6433993.611455113,1635.0467591574416,0.037785669746068964,0.0383862905276485,0.0006006207815795334,-0.0003234209486014299,0.0002948606262301952,0.000618281574831625,7580.276633710893,7639.15580823316,58.87917452226702,-0.11726419133018988,-0.10890088569740591,0.008363305632783966,1.5684452614388589,1.5756877549826898,0.007242493543830886
131,32.75,False,-1.2217304763960306,-1.2217304763960306,-1.1747999999999994,-2.7755575615628914e-17,0.0,-375.44381116824957,5696.0,0.06591359044386404,0,,0.0,0.0,0.0,0.0,6433181.16650213,0.038085891950799325,-1.4167194998347483e-05,7609.21743778855,-0.11301422504470597,1.57205724039089,55081.16650213022,0.000562565824710206,16286.334073486452,260.5432341047204,42.074138812394104,335770.4928320805,102330.05495834835,9.631318184839902,-1.1747999999999994,-1.1747999999999994,0.0005010440823292535,0.0006318389556127823,14395.145256226087,18436.01865252459,54258.564695955254,55893.611455112696,1652.516679186374,0.000603251513674713,0.0006204207268659341,59.54583354859278,0.00846179014015272,0.007251061590755059,69.87968011504074,1.0522928380695675e-05,8.556608137236138e-06,2.666636105303466,0.00039393802947502803,3.427218769706171e-05,338998.5372884623,2030138.1270756617,909943.4421953462,1045828.7321298862,84749.63432211557,507534.5317689154,inside,"{'min_altitude_m': 'inside', 'max_altitude_m': 'inside', 'max_speed_mps': 'inside', 'max_dynamic_pressure_pa': 'inside'}",5,6432135.127737775,6433787.644416962,1652.516679186374,0.038078183577513365,0.03868143509118808,0.000603251513674713,-0.0003248656855666202,0.0002955550412993139,0.0006204207268659341,7582.5060366374955,7642.051870186088,59.54583354859278,-0.11770200822039541,-0.10924021808024269,0.00846179014015272,1.5684695009833396,1.5757205625740947,0.007251061590755059
132,33.0,True,-1.2217304763960306,-1.2217304763960306,-1.1747999999999994,-2.7755575615628914e-17,0.0,-375.44381116824957,5696.0,0.06591359044386404,0,,0.0,0.0,0.0,0.0,6432966.6364013115,0.03837970731404084,-1.4537939837622969e-05,7611.756208527488,-0.11339977320112667,1.5720853609981722,54866.636401311494,0.0005770126944907194,16715.7209507556,261.13369594475114,43.25241621331664,344623.03403292707,105027.97227670158,9.631960576517184,-1.1747999999999994,-1.1747999999999994,0.0005134166261853291,0.0006487037257726506,14759.289870398397,18942.459128082253,54035.127737775445,55687.64441696182,1670.2019936675206,0.0006059131922363653,0.0006225632405985112,60.23674743423908,0.008563596748541971,0.007259919692063077,70.74125792514201,1.0646714246592649e-05,8.570054930308463e-06,2.763655542585319,0.000407226433557017,3.5432405231706706e-05,343461.4105228308,2059393.9086238928,921922.7335086511,1060899.8923213992,85865.3526307077,514848.4771559732,inside,"{'min_altitude_m': 'inside', 'max_altitude_m': 'inside', 'max_speed_mps': 'inside', 'max_dynamic_pressure_pa': 'inside'}",5,6431910.775383965,6433580.977377633,1670.2019936675206,0.038370777639032023,0.03897669083126839,0.0006059131922363653,-0.0003263206769523911,0.00029624256364612007,0.0006225632405985112,7584.789010681604,7645.025758115843,60.23674743423908,-0.11815092738426591,-0.10958733063572394,0.008563596748541971,1.5684941932266678,1.575754112918731,0.007259919692063077
133,33.25,False,-1.2217304763960306,-1.2217304763960306,-1.1747999999999994,-2.7755575615628914e-17,0.0,-375.44381116824957,5696.0,0.06591359044386404,0,,0.0,0.0,0.0,0.0,6432751.305745449,0.03867361761450519,-1.4917079680041768e-05,7614.359526038585,-0.11379462611901407,1.5721140618560503,54651.30574544892,0.0005918534839805757,17157.380026174254,261.7264007962792,44.46556667535418,353728.58748331974,107802.9980901546,9.632605430018648,-1.1747999999999994,-1.1747999999999994,0.0005261102350175926,0.0006660513674354585,15133.304257019254,19464.15859579465,53810.77538396511,55480.97737763263,1688.1101727038622,0.0006086069266707309,0.0006247092240049246,60.95292012637128,0.008668850201071943,0.00726907946375932,71.63271614699681,1.0774937737460452e-05,8.583933625653893e-06,2.864690768528126,0.00042101381011985534,3.663908678445369e-05,347995.4607424842,2089185.512120588,934093.0788350893,1076247.082001515,86998.86518562105,522296.378030147,inside,"{'min_altitude_m': 'inside', 'max_altitude_m': 'inside', 'max_speed_mps': 'inside', 'max_dynamic_pressure_pa': 'inside'}",5,6431685.483683327,6433373.593856031,1688.1101727038622,0.038663453582664556,0.03927206050933529,0.0006086069266707309,-0.00032778616367465146,0.0002969230603302732,0.0006247092240049246,7587.127143261066,7648.080063387437,60.95292012637128,-0.11861127807421035,-0.1099424278731384,0.008668850201071943,1.568519349595941,1.5757884290597004,0.00726907946375932
134,33.5,False,-1.2217304763960306,-1.2217304763960306,-1.1925999999999994,-0.07120000000000003,-0.2848,-375.44381116824957,5696.0,0.06591359044386404,1,"POD0_RNEG,POD1_RNEG,POD2_RNEG,POD3_RNEG",-5696.0,1.1368683772161603e-13,1.3079227814893731e-13,0.0,6432535.154650223,0.038967625022005785,-1.5304793679222107e-05,7617.029418131217,-0.1141990439957727,1.572143359332685,54435.15465022344,0.0006071006812708457,17611.728847282437,262.32140384361975,45.71476989846406,363095.761636374,110657.75592727588,9.633252805632047,-1.1925999999999994,-1.1925999999999994,0.0005391344595636732,0.0006838981631826738,15517.502337279811,20001.67162331777,53585.48368332721,55273.593856031075,1706.248980762437,0.0006113338726574935,0.0006268587893412286,61.68178221926337,0.008778428527982787,0.007278298510199344,72.55523223594537,1.0907783947034563e-05,8.598261345215673e-06,2.915448371568937,0.0004383133076433477,3.687618575986672e-05,352602.4471663568,2119528.5945043713,946459.2002886421,1091878.366865888,88150.6117915892,529882.1486260928,inside,"{'min_altitude_m': 'inside', 'max_altitude_m': 'inside', 'max_speed_mps': 'inside', 'max_dynamic_pressure_pa': 'inside'}",5,6431459.227935865,6433165.476916627,1706.248980762437,0.03895621310599133,0.039567546978648824,0.0006113338726574935,-0.00032926239446568064,0.00029759639487554797,0.0006268587893412286,7589.475144175328,7651.156926394591,61.68178221926337,-0.11908667008397211,-0.11030824155598933,0.008778428527982787,1.5685442870837816,1.575822585593981,0.007278298510199344
135,33.75,False,-1.2217304763960306,-1.2217304763960306,-1.2103999999999995,-0.07120000000000003,0.0,51.75618883175076,5696.0,0.00908640955613602,0,,0.0,0.0,0.0,0.0,6432318.162646782,0.03926173177307526,-1.5701266261035034e-05,7619.714694327388,-0.11461616562460036,1.5721724587640782,54218.16264678165,0.0006227672667855944,18078.949953880598,262.9187618968146,47.00125410794165,372728.31986072037,113593.39271945764,9.633902765423066,-1.2103999999999995,-1.2103999999999995,0.0005524991998665963,0.0007022610843354658,15912.013687425004,20555.25297653226,53359.22793586459,55065.47691662703,1724.627437598072,0.0006140947363928381,0.0006290119603991841,62.42337257460986,0.00889248229908586,0.007287566304542414,73.51382734189917,1.104345494138347e-05,8.612684231821672e-06,2.966361421388486,0.00045621508441229816,3.707117737191274e-05,357277.56539267604,2150388.4275664035,959008.2018434991,1107775.856625117,89319.39134816901,537597.1068916009,inside,"{'min_altitude_m': 'inside', 'max_altitude_m': 'inside', 'max_speed_mps': 'inside', 'max_dynamic_pressure_pa': 'inside'}",5,6431231.9782543965,6432956.605691995,1724.627437598072,0.039249056029475184,0.03986315076586802,0.0006140947363928381,-0.00033074933316319427,0.00029826262723598975,0.0006290119603991841,7591.831996789238,7654.255369363847,62.42337257460986,-0.11957748724656672,-0.11068500494748086,0.00889248229908586,1.5685689745282583,1.5758565408328007,0.007287566304542414
136,34.0,True,-1.2217304763960306,-1.2217304763960306,-1.2281999999999995,-0.07120000000000003,0.0,194.15618883175108,5696.0,0.03408640955613607,0,,0.0,0.0,0.0,0.0,6432100.304753471,0.03955593801876182,-1.6106445385198213e-05,7622.41433295654,-0.1150462911324231,1.5722013239889328,54000.304753471166,0.0006388670295092561,18559.47061155608,263.51854420755444,48.32632256869148,382635.07096355787,116612.5930555605,9.634555385004655,-1.2281999999999995,-1.2281999999999995,0.0005662149467675187,0.0007211582033330629,16317.15772469824,21125.473284822565,53131.97825439647,54856.60569199454,1743.2548695504665,0.000616890234661896,0.0006311687575426136,63.1777243548413,0.009011166875038251,0.007296871322320486,74.50972780972745,1.1181993076216394e-05,8.627188573718077e-06,3.0174071209284854,0.00047473830380959526,3.722007111211465e-05,362022.1322058197,2181777.2098054397,971743.6180261477,1123945.8353543172,90505.53305145493,545444.3024513599,inside,"{'min_altitude_m': 'inside', 'max_altitude_m': 'inside', 'max_speed_mps': 'inside', 'max_dynamic_pressure_pa': 'inside'}",5,6431003.704014338,6432746.958883888,1743.2548695504665,0.03954198211497944,0.040158872349641335,0.000616890234661896,-0.0003322469310235296,0.0002989218265190839,0.0006311687575426136,7594.196639358899,7657.37436371374,63.1777243548413,-0.1200841207803602,-0.11107295390532194,0.009011166875038251,1.5685933792042193,1.5758902505265397,0.007296871322320486
137,34.25,False,-1.2217304763960306,-1.2217304763960306,-1.2459999999999996,-0.07120000000000003,0.0,336.5561888317514,5696.0,0.05908640955613613,0,,0.0,0.0,0.0,0.0,6431881.555423253,0.03985024385640896,-1.6520268239719405e-05,7625.127263433951,-0.11548972523247399,1.5722299168377611,53781.555423253216,0.0006554143232340793,19053.73520206368,264.12082160487023,49.69133421336693,392825.1766310057,119718.14906849698,9.635210741717417,-1.2459999999999996,-1.2459999999999996,0.0005802925896928956,0.0007406083869982021,16733.265643633727,21712.92789610849,52903.70401433762,54646.95888388809,1762.14091909118,0.0006197210950213555,0.0006333291973889036,63.944864880785644,0.009134642576068983,0.007306200965228715,75.54419816297423,1.1323441437849748e-05,8.641759385160384e-06,3.068562103779133,0.0004939028041229263,3.731857163263375e-05,366837.49396377517,2213707.503736613,984669.0627448704,1140394.7746521942,91709.37349094379,553426.8759341532,inside,"{'min_altitude_m': 'inside', 'max_altitude_m': 'inside', 'max_speed_mps': 'inside', 'max_dynamic_pressure_pa': 'inside'}",5,6430774.373840362,6432536.514759453,1762.14091909118,0.039834991063339334,0.04045471215836069,0.0006197210950213555,-0.0003337551259246508,0.0002995740714642528,0.0006333291973889036,7596.567963964064,7660.5128288448495,63.944864880785644,-0.12060696942788385,-0.11147232685181487,0.009134642576068983,1.5686174667495711,1.5759236677147999,0.007306200965228715
138,34.5,False,-1.2217304763960306,-1.2217304763960306,-1.2637999999999996,-0.07120000000000003,0.0,478.95618883175166,5696.0,0.08408640955613618,0,,0.0,0.0,0.0,0.0,6431661.888536028,0.04014464932731503,-1.6942660624537934e-05,7627.852365062689,-0.11594677725752428,1.5722581970268406,53561.88853602763,0.0006724240935913631,19562.206010959842,264.72566651699185,51.09770641432954,403308.1676665226,122912.96538408307,9.635868914653793,-1.2637999999999996,-1.2637999999999996,0.0005947434341752623,0.0007606313376131169,17160.68090685826,22318.23812111374,52674.37384036183,54436.51475945301,1781.295554681681,0.0006225880559966451,0.0006354932924667472,64.72481549357417,0.009263074857712661,0.007315541479001819,76.61854236016575,1.1467843901145393e-05,8.656380311374456e-06,3.119802451153589,0.0005137291265747159,3.736205509264964e-05,371725.0271443102,2246192.2477646484,997788.2307557802,1157129.3397575459,92931.25678607755,561548.0619411621,inside,"{'min_altitude_m': 'inside', 'max_altitude_m': 'inside', 'max_speed_mps': 'inside', 'max_dynamic_pressure_pa': 'inside'}",5,6430543.955592882,6432325.251147564,1781.295554681681,0.040128082511864324,0.04075067056786097,0.0006225880559966451,-0.0003352738415224281,0.0003002194509443191,0.0006354932924667472,7598.944815424542,7663.669630918116,64.72481549357417,-0.12114643959853949,-0.11188336474082683,0.009263074857712661,1.5686412010877424,1.5759567425667442,0.007315541479001819
139,34.75,False,-1.2217304763960306,-1.2217304763960306,-1.2815999999999996,-0.07120000000000003,0.0,621.356188831752,5696.0,0.10908640955613623,0,,0.0,0.0,0.0,0.0,6431441.277390985,0.04043915441433081,-1.7373536302550696e-05,7630.5884658171735,-0.11641776119227354,1.5722861220459665,53341.27739098482,0.0006899119065030977,20085.364054753973,265.3331529931543,52.54691790785206,414093.96104403853,126200.06431818315,9.6365299846822,-1.2815999999999996,-1.2815999999999996,0.0006095792202048778,0.0007812476363581177,17599.759757584874,22942.05254724727,52443.95559288189,54225.25114756357,1800.729080955498,0.000625491867294721,0.000637661050848315,65.51759142177889,0.009396634493818487,0.007324877864905988,77.73410509647499,1.1615245192307189e-05,8.67103352627102e-06,3.1711037128173576,0.0005342385444232762,3.734554361652547e-05,376686.1388900375,2279244.768471671,1011104.8991258902,1174156.3958793457,94171.53472250937,569811.1921179177,inside,"{'min_altitude_m': 'inside', 'max_altitude_m': 'inside', 'max_speed_mps': 'inside', 'max_dynamic_pressure_pa': 'inside'}",5,6430312.416354353,6432113.145435308,1800.729080955498,0.04042125603176952,0.04104674789906424,0.000625491867294721,-0.00033680298635722054,0.0003008580644910944,0.000637661050848315,7601.32599020077,7666.843581622549,65.51759142177889,-0.1217029455152108,-0.11230631102139231,0.009396634493818487,1.5686645443461267,1.5759894222110327,0.007324877864905988
140,35.0,True,-1.2217304763960306,-1.2217304763960306,-1.2993999999999997,-0.07120000000000003,0.0,763.7561888317523,5696.0,0.1340864095561363,0,,0.0,0.0,0.0,0.0,6431219.694698981,0.04073375903939404,-1.7812796316168653e-05,7633.334341108562,-0.11690299570470698,1.5723136470396213,53119.69469898101,0.0007078939781354918,20623.70994971817,265.9433567253605,54.04051187968302,425192.8778199462,129582.59133560264,9.637194034471136,-1.2993999999999997,-1.2993999999999997,0.0006248121414530094,0.0008024787892614215,18050.871754755248,23585.048426349276,52212.41635435261,54013.145435308106,1820.452149243094,0.0006284332900339459,0.0006398324757539016,66.32320165491728,0.009535497767107243,0.007334193784333198,78.89227315210815,1.1765690956903191e-05,8.685699622346478e-06,3.222440932555795,0.0005554530931550568,3.726367770846896e-05,381722.2675511379,2312878.7933348604,1024622.9286898965,1191483.0147482613,95430.56688778447,578219.6983337151,inside,"{'min_altitude_m': 'inside', 'max_altitude_m': 'inside', 'max_speed_mps': 'inside', 'max_dynamic_pressure_pa': 'inside'}",5,6430079.722415385,6431900.174564628,1820.452149243094,0.04071451112553437,0.041342944415568315,0.0006284332900339459,-0.0003383424529075922,0.0003014900228463094,0.0006398324757539016,7603.710235278738,7670.033436933655,66.32320165491728,-0.12227690936477906,-0.11274141159767181,0.009535497767107243,1.5686874567702929,1.576021650554626,0.007334193784333198
141,35.25,False,-1.2217304763960306,-1.2217304763960306,-1.3171999999999997,-0.07120000000000003,0.0,906.1561888317526,5696.0,0.15908640955613634,0,,0.0,0.0,0.0,0.0,6430997.112574954,0.04102846306099949,-1.826032826744016e-05,7636.088712532303,-0.11740280417620463,1.5723407246811494,52897.112574953586,0.0007263872064393542,21177.7648245745,266.55635507005724,55.580099221548956,436615.6619497023,133063.82078467117,9.637861148513199,-1.3171999999999997,-1.3171999999999997,0.0006404548654106346,0.0008243472758207839,18514.400331854846,24247.933140885936,51979.72241538484,53800.17456462793,1840.475768440403,0.0006314130969923282,0.0006420075651269396,67.14164882462956,0.009679846667554254,0.007343471455946826,80.09447678879417,1.1919227833523524e-05,8.700357492152083e-06,3.273788678848172,0.0005773956017880077,3.711068645515379e-05,386834.88322469254,2347108.4638923113,1038346.2654978591,1209116.4813990693,96708.72080617314,586777.1159730778,inside,"{'min_altitude_m': 'inside', 'max_altitude_m': 'inside', 'max_speed_mps': 'inside', 'max_dynamic_pressure_pa': 'inside'}",5,6429845.839260682,6431686.315029123,1840.475768440403,0.04100784722418676,0.04163926032117909,0.0006314130969923282,-0.0003398921165877765,0.0003021154485391631,0.0006420075651269396,7606.096247039543,7673.237895864173,67.14164882462956,-0.12286876145252273,-0.11318891478496848,0.009679846667554254,1.5687098966337358,1.5760533680896827,0.007343471455946826
142,35.5,False,-1.2217304763960306,-1.2217304763960306,-1.3349999999999997,-0.07120000000000003,0.0,1048.556188831753,5696.0,0.1840864095561364,0,,0.0,0.0,0.0,0.0,6430773.502530383,0.04132326627160361,-1.871600555966125e-05,7638.850246598306,-0.11791751473016038,1.5723673050395048,52673.502530382946,0.0007454092043682728,21748.07127942724,267.17222706970466,57.16736196884925,448373.5000578475,136647.1619223916,9.638531413149003,-1.3349999999999997,-1.3349999999999997,0.0006565205544883001,0.0008468766004663798,18990.743380460794,24931.445753419608,51745.839260682464,53586.31502912287,1860.8113162396476,0.0006344320728757097,0.0006441863111771068,67.97292909499811,0.009829869098878882,0.007352691544780132,81.34219119574595,1.207590353351001e-05,8.714984200668865e-06,3.3251210814713996,0.0006000897252985279,3.6880355333032434e-05,392025.4882893967,2381948.3493731655,1052278.942250486,1227064.3011922366,98006.37207234917,595487.0873432914,inside,"{'min_altitude_m': 'inside', 'max_altitude_m': 'inside', 'max_speed_mps': 'inside', 'max_dynamic_pressure_pa': 'inside'}",5,6429610.731554792,6431471.542871032,1860.8113162396476,0.04130126368451061,0.04193569575738632,0.0006344320728757097,-0.0003414518346852738,0.00030273447649183306,0.0006441863111771068,7608.482670113957,7676.455599208955,67.97292909499811,-0.12347894036035781,-0.11364907126147893,0.009829869098878882,1.5687318201429314,1.5760845116877116,0.007352691544780132
143,35.75,False,-1.2217304763960306,-1.2217304763960306,-1.3349999999999997,-2.7755575615628914e-17,0.2848,1190.9561888317533,5696.0,0.20908640955613644,1,"POD0_RPOS,POD1_RPOS,POD2_RPOS,POD3_RPOS",5696.0,-1.1368683772161603e-13,-1.3079227814893731e-13,0.0,6430548.835465807,0.04161816839496235,-1.917968659826945e-05,7641.617553444283,-0.11844746025884054,1.57239333543811,52448.83546580654,0.0007649783348713224,22335.19439344795,267.7910534742263,58.80405693047486,460478.0422131489,140336.16524591204,9.63920491659099,-1.3349999999999997,-1.3349999999999997,0.0006730228881255195,0.0008700913470483732,19480.313859636164,25636.35864457148,51510.73155479226,53371.54287103191,1881.4705507364124,0.0006374910146075205,0.0006463686998890742,68.83670798853655,0.00998515268733681,0.007362229826075151,82.63693798646261,1.223576692723394e-05,8.72955484786978e-06,3.4551155741530444,0.0006211343538316987,3.815312518041963e-05,397295.6179344123,2417413.460812037,1066425.079718686,1245334.2070849887,99323.90448360308,604353.3652030092,inside,"{'min_altitude_m': 'inside', 'max_altitude_m': 'inside', 'max_speed_mps': 'inside', 'max_dynamic_pressure_pa': 'inside'}",5,6429374.363127677,6431255.833678413,1881.4705507364124,0.04159475978617507,0.04223225080078259,0.0006374910146075205,-0.00034302144523471996,0.00030334725465435433,0.0006463686998890742,7610.930056798539,7679.766764787076,68.83670798853655,-0.12410540687923928,-0.11412025419190247,0.00998515268733681,1.568754119676673,1.5761163495027481,0.007362229826075151
144,36.0,True,-1.2217304763960306,-1.2217304763960306,-1.3349999999999997,-2.7755575615628914e-17,0.0,906.1561888317532,5696.0,0.15908640955613645,0,,0.0,0.0,0.0,0.0,6430323.0816634055,0.04191316908340117,-1.9651213948687473e-05,7644.460270023263,-0.11899081742900906,1.572419878607249,52223.08166340552,0.0007851137477617065,22940.149414764615,268.4129167622832,60.49201952228104,472950.21948350343,144137.20974735342,9.639881748947033,-1.3349999999999997,-1.3349999999999997,0.0006899760859594602,0.0008940172365435684,19983.865808249306,26364.039745482336,51274.36312767677,53155.83367841318,1902.465201759711,0.0006405914702914683,0.0006485548520198593,69.73449099330173,0.010145910365072258,0.00737209988445775,83.97860409098462,1.240182273578097e-05,8.744608523139825e-06,3.5911320190630267,0.0006430307109417945,3.9480233530631676e-05,402656.6746837216,2453597.510615118,1080815.2846773583,1263974.4751653634,100664.1686709304,613399.3776537795,inside,"{'min_altitude_m': 'inside', 'max_altitude_m': 'inside', 'max_speed_mps': 'inside', 'max_dynamic_pressure_pa': 'inside'}","4,5",6429136.69917037,6431039.164372129,1902.465201759711,0.04188833720776463,0.0425289286780561,0.0006405914702914683,-0.0003446011794019138,0.0003039536726179455,0.0006485548520198593,7613.440396628099,7683.174887621401,69.73449099330173,-0.12474867864306881,-0.11460276827799655,0.010145910365072258,1.568776805082596,1.5761489049670538,0.00737209988445775
145,36.25,False,-1.2217304763960306,-1.2217304763960306,-1.3349999999999997,-2.7755575615628914e-17,0.0,906.1561888317532,5696.0,0.15908640955613645,0,,0.0,0.0,0.0,0.0,6430096.212770761,0.04220827073482171,-2.0130748331310295e-05,7647.381030938905,-0.11954798437571615,1.5724469500056981,51996.21277076099,0.0008058352345388179,23563.604020021376,269.0378956771002,62.23315233535504,485803.79715917486,148054.49056279616,9.640561996273448,-1.3349999999999997,-1.3349999999999997,0.0007073947885615158,0.0009186809535940273,20501.883652696135,27115.40869223212,51036.699170369655,52939.164372129366,1923.8074993388727,0.0006437350602323672,0.000650744893469591,70.66786841887733,0.010312365528074283,0.007382316037317427,85.36919031513241,1.2574359763602161e-05,8.76016579892713e-06,3.733509702301207,0.0006658206520081169,4.086461143903007e-05,408111.1638741324,2490524.3790002884,1095456.2819779343,1282997.407363785,102027.7909685331,622631.0947500721,inside,"{'min_altitude_m': 'inside', 'max_altitude_m': 'inside', 'max_speed_mps': 'inside', 'max_dynamic_pressure_pa': 'inside'}","4,5",6428897.703702775,6430821.511202114,1923.8074993388727,0.042181997676529026,0.04282573273676139,0.0006437350602323672,-0.0003461912765374323,0.00030455361693215873,0.000650744893469591,7616.015759491492,7686.683627910369,70.66786841887733,-0.12540929376897503,-0.11509692824090074,0.010312365528074283,1.5687998866138668,1.5761822026511842,0.007382316037317427
146,36.5,False,-1.2217304763960306,-1.2217304763960306,-1.3349999999999997,-2.7755575615628914e-17,0.0,906.1561888317532,5696.0,0.15908640955613645,0,,0.0,0.0,0.0,0.0,6429868.199547581,0.04250347582865894,-2.061845552366307e-05,7650.382586019332,-0.12011937366806182,1.5724745657878028,51768.199547581375,0.0008271634597288787,24206.25777452023,269.66607143340025,64.02944528725816,499053.1979693766,152092.40319066716,9.641245747330606,-1.3349999999999997,-1.3349999999999997,0.0007252942301707204,0.000944110456021409,21034.87303639368,27891.432805138484,50797.70370277483,52721.5112021137,1945.5101998951286,0.0006469234810285718,0.0006529389555601753,71.63852114344627,0.010484752667609273,0.007392893383391996,86.81080222787887,1.2753683184816775e-05,8.776248362337429e-06,3.8826108982745513,0.0006895485581399595,4.2309384297671516e-05,413661.69209303136,2528219.0983322044,1110355.068249716,1302415.8991408322,103415.42302325784,632054.7745830511,inside,"{'min_altitude_m': 'inside', 'max_altitude_m': 'inside', 'max_speed_mps': 'inside', 'max_dynamic_pressure_pa': 'inside'}","4,5",6428657.3395237075,6430602.849723603,1945.5101998951286,0.04247574297002961,0.04312266645105818,0.0006469234810285718,-0.00034779198458812394,0.0003051469709720514,0.0006529389555601753,7618.658299659426,7690.296820802872,71.63852114344627,-0.12608781189829393,-0.11560305923068466,0.010484752667609273,1.5688233749492653,1.5762162683326573,0.007392893383391996
147,36.75,False,-1.2217304763960306,-1.2217304763960306,-1.3349999999999997,-2.7755575615628914e-17,0.0,906.1561888317532,5696.0,0.15908640955613645,0,,0.0,0.0,0.0,0.0,6429639.011831047,0.04279878692934989,-2.111450659512129e-05,7653.467806605932,-0.12070541297402243,1.5725027428419496,51539.01183104701,0.0008491200084445201,24868.844020126122,270.2975278140438,65.88298051877051,512713.5410046477,156255.5553537974,9.641933093688758,-1.3349999999999997,-1.3349999999999997,0.0007436902682397377,0.0009703350500606696,21583.361966685694,28693.13015987494,50557.33952370752,52502.849723602645,1967.5866141207516,0.0006501585099428775,0.0006551371753326253,72.6482268171103,0.010663318047202774,0.007403847855164125,88.3056569044337,1.2940115657213754e-05,8.79287908979996e-06,4.038822694655792,0.000714261518374009,4.3817887088233495e-05,419310.9723769406,2566707.923974656,1125518.9258538932,1322243.475986944,104827.74309423515,641676.980993664,inside,"{'min_altitude_m': 'inside', 'max_altitude_m': 'inside', 'max_speed_mps': 'inside', 'max_dynamic_pressure_pa': 'inside'}","4,5",6428415.568158187,6430383.154772308,1967.5866141207516,0.04276957491784937,0.04341973342779225,0.0006501585099428775,-0.0003494035605343294,0.00030573361479829597,0.0006551371753326253,7621.370260054393,7694.018486871503,72.6482268171103,-0.1267848153034165,-0.11612149725621373,0.010663318047202774,1.5688472812144196,1.5762511290695838,0.007403847855164125
148,37.0,True,-1.2217304763960306,-1.2217304763960306,-1.3349999999999997,-2.7755575615628914e-17,0.0,906.1561888317532,5696.0,0.15908640955613645,0,,0.0,0.0,0.0,0.0,6429408.618499423,0.043094206689987244,-2.1619078155038028e-05,7656.639692255605,-0.12130654576319662,1.5725314988315644,51308.61849942338,0.0008726397773257595,25578.87447538115,270.65,67.79616483308708,527352.0271618784,160716.8082779058,9.642624129839167,-1.3349999999999997,-1.3349999999999997,0.0007625994147170938,0.0009973854709008603,22147.902035390787,29521.57289531328,50315.56815818697,52283.154772307724,1990.0506366677582,0.0006534420095741164,0.000657339695864546,73.69886656308063,0.010848320429000108,0.007415196275418534,89.8560901871283,1.3133998524973017e-05,8.810082127682422e-06,4.202558983882065,0.0007400095271892942,4.539368101758975e-05,425061.8297323794,2606018.410446588,1140955.437702703,1342494.3326543027,106265.45743309485,651504.602611647,inside,"{'min_altitude_m': 'inside', 'max_altitude_m': 'inside', 'max_speed_mps': 'inside', 'max_dynamic_pressure_pa': 'inside'}","4,5",6428172.349801794,6430162.400438461,1990.0506366677582,0.04306349540336911,0.043716937412943226,0.0006534420095741164,-0.00035102627085476044,0.0003063134250097855,0.000657339695864546,7624.153976779659,7697.85284334274,73.69886656308063,-0.12750091006550296,-0.11665258963650285,0.010848320429000108,1.5688716170042618,1.5762868132796803,0.007415196275418534
149,37.25,False,-1.2217304763960306,-1.2217304763960306,-1.3171999999999997,0.07119999999999997,0.2848,906.1561888317532,5696.0,0.15908640955613645,1,"POD0_RPOS,POD1_RPOS,POD2_RPOS,POD3_RPOS",5696.0,-1.1368683772161603e-13,-1.3079227814893731e-13,0.0,6429176.987433836,0.043389737856169806,-2.2132352615188656e-05,7659.90448623015,-0.12192385967521213,1.5725608695237634,51076.987433835864,0.0008981140520775893,26348.033349035653,270.65,69.77528402402179,543209.5462885172,165549.57601173857,9.64331895331084,-1.3171999999999997,-1.3171999999999997,0.0007820388691837835,0.0010252939689696864,22729.06971849408,30377.890779415735,50072.349801793694,52062.40043846145,2012.9167777951807,0.0006567759328536746,0.0006595466666093981,74.81677260468678,0.011039220785970263,0.0074274631578286066,91.46456451035772,1.3335693118222492e-05,8.827882979408772e-06,4.471624166424657,0.0007636014278806437,4.906752964096753e-05,430917.2070027971,2646179.493352125,1156672.503007508,1363183.3753632158,107729.30175069928,661544.8733380312,inside,"{'min_altitude_m': 'inside', 'max_altitude_m': 'inside', 'max_speed_mps': 'inside', 'max_dynamic_pressure_pa': 'inside'}","4,5",6427927.64326189,6429940.560039685,2012.9167777951807,0.04335750636561228,0.044014282298465955,0.0006567759328536746,-0.0003526603920211373,0.0003068862745882608,0.0006595466666093981,7627.083832698494,7701.900605303181,74.81677260468678,-0.12823356104355163,-0.11719434025758137,0.011039220785970263,1.5688975116387356,1.5763249747965642,0.0074274631578286066
150,37.5,False,-1.2217304763960306,-1.2217304763960306,-1.2993999999999997,0.07119999999999997,0.0,478.95618883175285,5696.0,0.08408640955613639,0,,0.0,0.0,0.0,0.0,6428944.084190613,0.043685383367288375,-2.265452375427875e-05,7663.353346858986,-0.12255597481109462,1.572592248866725,50844.08419061266,0.0009244799983915168,27145.96127674628,270.65,71.8236779761715,559660.1884233879,170563.10504331824,9.644017668655936,-1.2993999999999997,-1.2993999999999997,0.0008020265539697553,0.0010540944024399217,23327.90787837385,31264.0567782516,49827.64326188993,51840.56003968511,2036.199585921131,0.0006601632383155739,0.000661758422913184,76.00578261016017,0.01123619397255339,0.007440708159476728,93.13123250274123,1.3549221847600906e-05,8.847025215143372e-06,4.75604002189502,0.0007878927463324898,5.2980006591986964e-05,436892.53504016617,2687322.3670493695,1172711.5414236041,1384378.1890860386,109223.13376004154,671830.5917623424,inside,"{'min_altitude_m': 'inside', 'max_altitude_m': 'inside', 'max_speed_mps': 'inside', 'max_dynamic_pressure_pa': 'inside'}","4,5",6427681.408863524,6429717.608449445,2036.199585921131,0.043651612692995424,0.044311775931311,0.0006601632383155739,-0.00035430671563965065,0.00030745170727353334,0.000661758422913184,7630.165814191374,7706.171596801534,76.00578261016017,-0.12898301718583077,-0.11774682321327738,0.01123619397255339,1.568925040910167,1.5763657490696437,0.007440708159476728
151,37.75,False,-1.2217304763960306,-1.2217304763960306,-1.2815999999999996,0.07119999999999997,0.0,336.55618883175254,5696.0,0.05908640955613633,0,,0.0,0.0,0.0,0.0,6428709.874089369,0.0439811497219083,-2.3186204902571294e-05,7666.995126022964,-0.12320315695636881,1.5726257496610954,50609.87408936862,0.0009517764954995991,27974.05047716396,270.65,73.94436725185025,576732.6565232424,175766.1429404167,9.644720381188826,-1.2815999999999996,-1.2815999999999996,0.0008225809349117229,0.0010838219695599395,23945.09672451055,32181.427552184894,49581.408863523975,51617.608449445106,2059.9141630837694,0.0006636070471953345,0.0006639753213823932,77.2699629593044,0.011439420575792641,0.007454994914649404,94.85830865153412,1.3775235519044313e-05,8.867593876836722e-06,5.056721396576542,0.0008129064129570292,5.7147020691395456e-05,442992.0558611243,2729488.605420306,1189083.9394167024,1406100.1906710665,110748.01396528108,682372.1513550765,inside,"{'min_altitude_m': 'inside', 'max_altitude_m': 'inside', 'max_speed_mps': 'inside', 'max_dynamic_pressure_pa': 'inside'}","4,5",6427433.605983948,6429493.520147032,2059.9141630837694,0.04394581948346951,0.044609426530664846,0.0006636070471953345,-0.0003559660777877179,0.0003080092435946753,0.0006639753213823932,7633.406136506903,7710.676099466207,77.2699629593044,-0.1297495280651654,-0.11831010748937276,0.011439420575792641,1.5689542839118127,1.576409278826462,0.007454994914649404
152,38.0,True,-1.2217304763960306,-1.2217304763960306,-1.2637999999999996,0.07119999999999997,0.0,194.15618883175227,5696.0,0.03408640955613628,0,,0.0,0.0,0.0,0.0,6428474.32155473,0.04427704374190133,-2.3728044759808318e-05,7670.839118293293,-0.12386567487305475,1.572661491061703,50374.321554729715,0.000980044498578842,28833.777849214526,270.65,76.140533695392,594457.3993728069,181167.96933266494,9.645427198962516,-1.2637999999999996,-1.2637999999999996,0.0008617059203729411,0.001117572122304831,25105.32341792606,33222.36035142453,49333.605983948335,51393.520147032104,2084.076191412285,0.0006671106529060819,0.0006661977413062961,78.55928187745849,0.011639216179356551,0.00747009860129455,96.64811331339854,1.4014422842975821e-05,8.889679695611654e-06,5.157275672619129,0.0007991824142556388,6.0414746580351395e-05,453982.736313006,2776524.083266499,1218585.2395770163,1430330.5883494085,113495.6840782515,694131.0208166247,inside,"{'min_altitude_m': 'inside', 'max_altitude_m': 'inside', 'max_speed_mps': 'inside', 'max_dynamic_pressure_pa': 'inside'}",4,6427184.193023333,6429268.269214746,2084.076191412285,0.04424013205266852,0.0449072427055746,0.0006671106529060819,-0.00035763936155627226,0.0003085583797500238,0.0006661977413062961,7636.877772062766,7715.437053940224,78.55928187745849,-0.13053544249795637,-0.11889622631859982,0.011639216179356551,1.5689857066004134,1.576455805201708,0.00747009860129455
153,38.25,False,-1.2217304763960306,-1.2217304763960306,-1.2459999999999996,0.07119999999999997,0.0,51.756188831751956,5696.0,0.009086409556136227,0,,0.0,0.0,0.0,0.0,6428237.390086531,0.04457307258886298,-2.42807294960956e-05,7674.895087694456,-0.12454380026816804,1.5726995989779537,50137.39008653071,0.0010093271698743663,29726.711178819613,270.65,78.4155306202266,612866.7395468971,186778.43490953054,9.646138232860231,-1.2459999999999996,-1.2459999999999996,0.0008861442438170967,0.001152777357735176,25840.80891959389,34311.247369143566,49084.193023333326,51168.26921474561,2108.68170733843,0.0006706750921143742,0.0006684259992001389,79.9350487704287,0.011846297423052876,0.007486408412245682,98.42206370387169,1.42577568331768e-05,8.91303157537107e-06,5.503067571880333,0.0008283249747853181,6.523924380503609e-05,461003.7099761133,2825144.0742561556,1237431.0109885149,1455377.2503743833,115250.92749402832,706286.0185640389,inside,"{'min_altitude_m': 'inside', 'max_altitude_m': 'inside', 'max_speed_mps': 'inside', 'max_dynamic_pressure_pa': 'inside'}",4,6426933.122963967,6429041.804671305,2108.68170733843,0.04453455842564273,0.045205233517757105,0.0006706750921143742,-0.0003593275270626484,0.00030909847213749045,0.0006684259992001389,7640.533279413814,7720.468328184243,79.9350487704287,-0.1313412890949239,-0.11949499167187103,0.011846297423052876,1.5690191035143102,1.5765055119265559,0.007486408412245682
154,38.5,False,-1.2217304763960306,-1.2217304763960306,-1.2281999999999995,0.07119999999999997,0.0,-90.64381116824833,5696.0,0.015913590443863822,0,,0.0,0.0,0.0,0.0,6427999.042228411,0.04486924378153214,-2.4844984996172098e-05,7679.173296447289,-0.12523780775373905,1.5727402065031504,49899.04222841095,0.0010396700194167518,30654.5158803567,270.65,80.7728937413363,631995.0123970892,192608.00377816052,9.646853596691928,-1.2281999999999995,-1.2281999999999995,0.0009114146745599635,0.001189339600771131,26603.168459235938,35445.668811422605,48833.1229639668,50941.80467130523,2133.7490040175617,0.0006743041536222683,0.0006706605352531178,81.40287718157015,0.012060940480066382,0.007504011276002087,100.26918671817452,1.4516246031592893e-05,8.938144211915682e-06,5.871313644565893,0.0008585722280539739,7.041145502643373e-05,468202.48475757526,2875213.9123976897,1256754.038033492,1481170.8033563853,117050.62118939382,718803.4780994224,inside,"{'min_altitude_m': 'inside', 'max_altitude_m': 'inside', 'max_speed_mps': 'inside', 'max_dynamic_pressure_pa': 'inside'}",4,6426680.347116675,6428814.096120693,2133.7490040175617,0.0448291047633101,0.045503408916932366,0.0006743041536222683,-0.0003610315972187568,0.00030962893803436096,0.0006706605352531178,7644.381043574254,7725.7839207558245,81.40287718157015,-0.13216750611039765,-0.12010656563033127,0.012060940480066382,1.5690545788077386,1.5765585900837407,0.007504011276002087
155,38.75,False,-1.2217304763960306,-1.2217304763960306,-1.2103999999999995,0.07119999999999997,0.0,-233.04381116824862,5696.0,0.040913590443863876,0,,0.0,0.0,0.0,0.0,6427759.2395346975,0.04516556521428762,-2.5421579258500113e-05,7683.68453586416,-0.1259479747972582,1.572783454375117,49659.239534697495,0.0010711210561377903,31618.962326142642,270.65,83.21635291557358,651878.7171614955,198667.79951588434,9.647573407296047,-1.2103999999999995,-1.2103999999999995,0.0009375523246559863,0.0012273248802298895,27393.66705806357,36628.12244908334,48580.34711667523,50714.09612069279,2159.2972285477445,0.0006780018646098535,0.000672901820761248,82.96877964683244,0.012283434192379566,0.007523000870454322,102.19289812089903,1.4790843950337768e-05,8.965142032520934e-06,6.263609861049563,0.000889974849252705,7.595837780906734e-05,475586.40202864667,2926804.577548794,1276574.0264979466,1507747.8126766516,118896.60050716167,731701.1443871985,inside,"{'min_altitude_m': 'inside', 'max_altitude_m': 'inside', 'max_speed_mps': 'inside', 'max_dynamic_pressure_pa': 'inside'}",4,6426425.815268924,6428585.112497472,2159.2972285477445,0.0451237775164663,0.04580177938107615,0.0006780018646098535,-0.00036275265834926967,0.0003101491624119783,0.000672901820761248,7648.429848667592,7731.398628314424,82.96877964683244,-0.13301454243204644,-0.12073110823966687,0.012283434192379566,1.5690922420621778,1.576615242932632,0.007523000870454322
156,39.0,True,-1.2217304763960306,-1.2217304763960306,-1.1925999999999994,0.07119999999999997,0.0,-375.44381116824894,5696.0,0.06591359044386393,0,,0.0,0.0,0.0,0.0,6427517.9425354535,0.045462045176802864,-2.6011324961665184e-05,7688.440159585374,-0.12667458166132925,1.5728294914707366,49417.942535453476,0.00110373095026556,32621.93382328423,270.65,85.74984475827982,672556.681421114,204969.65529024426,9.648297784646894,-1.1925999999999994,-1.1925999999999994,0.0009645941012655617,0.0012668031947768354,28213.643960543093,37861.27945972154,48325.81526892446,50485.112497472204,2185.3464328972623,0.0006817725072619657,0.0006751503605595579,84.63920085295103,0.012514080825125631,0.00754347821458401,104.19681739801047,1.5082570608468274e-05,8.994159193239997e-06,6.681684824472512,0.0009225865309842375,8.19093765189237e-05,483163.206355988,2979991.717979691,1296911.7644292312,1535147.2486562044,120790.801588997,744997.9294949227,inside,"{'min_altitude_m': 'inside', 'max_altitude_m': 'inside', 'max_speed_mps': 'inside', 'max_dynamic_pressure_pa': 'inside'}",4,6426169.475616707,6428354.822049604,2185.3464328972623,0.045418583439649926,0.04610035594691189,0.0006817725072619657,-0.0003644918644789826,0.0003106584960805754,0.0006751503605595579,7652.68890085561,7737.328101708561,84.63920085295103,-0.1338828580052552,-0.12136877718012958,0.012514080825125631,1.5691322085926778,1.5766756868072618,0.00754347821458401
157,39.25,False,-1.2217304763960306,-1.2217304763960306,-1.1747999999999994,0.07119999999999997,0.0,-517.8438111682492,5696.0,0.09091359044386398,0,,0.0,0.0,0.0,0.0,6427275.110699565,0.045758692374947375,-2.6615082211739564e-05,7693.452119365012,-0.12741791133117278,1.5728784753372524,49175.11069956515,0.0011375532079638804,33665.43530405166,270.65,88.37752621118072,694070.2402666671,211526.16846222233,9.649026851968035,-1.1747999999999994,-1.1747999999999994,0.0009925788138526522,0.001307848798605263,29064.51784217853,39147.999054423766,48069.475616706535,50254.8220496038,2211.91762871854,0.0006856206367576792,0.0006774066956746312,86.42105401681874,0.012753196875196868,0.0075655523188233875,106.28478328232029,1.539251798286052e-05,9.025340460293092e-06,7.127412655468415,0.0009564642002849841,8.829641695777481e-05,490941.07264766865,3034856.032123308,1317789.195001637,1563410.6832150372,122735.26816191716,758714.008030827,inside,"{'min_altitude_m': 'inside', 'max_altitude_m': 'inside', 'max_speed_mps': 'inside', 'max_dynamic_pressure_pa': 'inside'}",4,6425911.274691831,6428123.19232055,2211.91762871854,0.045713529605802584,0.046399150242560264,0.0006856206367576792,-0.0003662504419631966,0.0003111562537114346,0.0006774066956746312,7657.167852868031,7743.58890688485,86.42105401681874,-0.13477292428204318,-0.12201972740684632,0.012753196875196868,1.5691745997731543,1.5767401520919777,0.0075655523188233875
158,39.5,False,-1.2217304763960306,-1.2217304763960306,-1.1569999999999994,0.07119999999999997,0.0,-660.2438111682495,5696.0,0.11591359044386403,0,,0.0,0.0,0.0,0.0,6427030.702395719,0.04605551595303116,-2.7233761485550883e-05,7698.733003635723,-0.12817824942846565,1.5729305727634586,48930.702395718545,0.0011726443592765565,34751.60280368825,270.65,91.10378914394282,716463.4316997771,218350.76013707492,9.649760735852162,-1.1569999999999994,-1.1569999999999994,0.0010215472886942719,0.0013505405112665904,29947.792443964856,40491.34456646573,47811.27469183132,50023.19232054986,2239.0328463921323,0.0006895511007533883,0.0006796714062204594,88.32176084537332,0.013001113938611308,0.007589340900629793,108.4608706917652,1.5721855982850147e-05,9.058842183312674e-06,7.602827314216444,0.0009916682536577717,9.5154327225973e-05,498928.63548989245,3091483.68804649,1339229.4952623432,1592582.505963343,124732.15887247311,772870.9220116225,inside,"{'min_altitude_m': 'inside', 'max_altitude_m': 'inside', 'max_speed_mps': 'inside', 'max_dynamic_pressure_pa': 'inside'}",4,6425651.157284243,6427890.190130635,2239.0328463921323,0.04600862342177917,0.04669817452253256,0.0006895511007533883,-0.0003680296944936417,0.00031164171172681765,0.0006796714062204594,7661.876830262834,7750.198591108207,88.32176084537332,-0.13568522469625585,-0.12268411075764454,0.013001113938611308,1.5692195433819094,1.5768088842825392,0.007589340900629793
159,39.75,False,-1.2217304763960306,-1.2217304763960306,-1.1391999999999993,0.07119999999999997,0.0,-802.6438111682498,5696.0,0.1409135904438641,0,,0.0,0.0,0.0,0.0,6426784.674851115,0.046352525517497224,-2.7868326786226288e-05,7704.296079105795,-0.12895588410982822,1.5729859603942116,48684.67485111486,0.0012090641605398246,35882.713808263914,270.65,93.93327607977736,739783.2099715768,225457.7401818139,9.650499566387886,-1.1391999999999993,-1.1391999999999993,0.0010515424912640409,0.0013949620540201248,30865.062673691293,41894.6011720161,47551.15728424303,49790.190130635165,2266.715198699385,0.0006935690605050365,0.000681945114563296,90.34929548080709,0.01325817964156871,0.007614971172657192,110.7294092295208,1.607183900657937e-05,9.0948333713467e-06,8.110138541734514,0.0010282628118295739,0.00010252108810933542,507135.02088090096,3149966.7850235566,1361257.1613118926,1622710.1619818322,126783.75522022524,787491.6962558891,inside,"{'min_altitude_m': 'inside', 'max_altitude_m': 'inside', 'max_speed_mps': 'inside', 'max_dynamic_pressure_pa': 'inside'}",4,6425389.066358922,6427655.781557621,2266.715198699385,0.04630387264476806,0.0469974417052731,0.0006935690605050365,-0.0003698310085160593,0.0003121141060472367,0.000681945114563296,7666.826459559272,7757.175755040079,90.34929548080709,-0.13662025516692097,-0.12336207552535226,0.01325817964156871,1.5692671739687165,1.5768821451413737,0.007614971172657192
160,40.0,True,-1.2217304763960306,-1.2217304763960306,-1.1213999999999993,0.07119999999999997,0.0,-945.0438111682502,5696.0,0.16591359044386414,0,,0.0,0.0,0.0,0.0,6426536.98410776,0.0466497311621769,-2.8519799028966875e-05,7710.155335668382,-0.12975110594807596,1.5730448253920262,48436.98410775978,0.0012468758125421793,37061.19856507072,270.65,96.87089714447242,764079.6787657606,232862.37829051752,9.65124347729397,-1.1213999999999993,-1.1213999999999993,0.0010618902763163804,0.0014423384444963762,31209.07625572208,43395.47501739835,47289.06635892205,49555.781557621434,2294.9889495521784,0.0006976800137911063,0.0006842284887842935,92.61164567872038,0.013538565964281726,0.007643332328156838,113.09500341300031,1.6443813144275754e-05,9.13349688398961e-06,9.049400791653447,0.0011215452908521252,0.00011344462199842364,510612.4640322802,3211668.914864491,1370591.350823489,1654496.107657465,127653.11600807005,802917.2287161228,inside,"{'min_altitude_m': 'inside', 'max_altitude_m': 'inside', 'max_speed_mps': 'inside', 'max_dynamic_pressure_pa': 'inside'}","3,4",6425124.9429669045,6427419.931916457,2294.9889495521784,0.04659928539968574,0.047296965413476846,0.0006976800137911063,-0.00037165585909962036,0.00031257262968467306,0.0006842284887842935,7671.934031461436,7764.545677140156,92.61164567872038,-0.13757926698471326,-0.12404070102043153,0.013538565964281726,1.5693169319771119,1.5769602643052687,0.007643332328156838
161,40.25,False,-1.2217304763960306,-1.2217304763960306,-1.1035999999999992,0.07119999999999997,0.0,-1087.4438111682505,5696.0,0.1909135904438642,0,,0.0,0.0,0.0,0.0,6426287.584976138,0.04694714349523323,-2.9189259676767432e-05,7716.325534932602,-0.13056420779413255,1.5731073661498984,48187.584976137616,0.0012861461958410085,38289.65245933088,270.65,99.92184834835281,789406.3463654829,240580.98174948047,9.651992606061581,-1.1035999999999992,-1.1035999999999992,0.0010953598932282797,0.0014946640675081962,32235.659451950596,45055.280377850555,47024.94296690449,49319.93191645667,2323.908975320868,0.0007018941692630773,0.0006865224774299593,95.03626122428977,0.013830675703746798,0.007674012329796254,115.68010307562679,1.6856621887886445e-05,9.175954582663787e-06,9.698462182277321,0.001168438957860284,0.0001227200065577178,519634.15337841236,3278734.33610966,1394807.4643315282,1689044.9610261882,129908.53834460309,819683.584027415,inside,"{'min_altitude_m': 'inside', 'max_altitude_m': 'inside', 'max_speed_mps': 'inside', 'max_dynamic_pressure_pa': 'inside'}","3,4",6424858.724532359,6427182.63350768,2323.908975320868,0.04689486655067625,0.047596760719939325,0.0007018941692630773,-0.00037350583574879265,0.0003130166416811667,0.0006865224774299593,7677.308513560925,7772.344774785215,95.03626122428977,-0.13856476111158475,-0.12473408540783795,0.013830675703746798,1.5693696744056023,1.5770436867353985,0.007674012329796254
162,40.5,False,-1.2217304763960306,-1.2217304763960306,-1.1035999999999992,-2.7755575615628914e-17,-0.2848,-1229.8438111682508,5696.0,0.21591359044386427,1,"POD0_RNEG,POD1_RNEG,POD2_RNEG,POD3_RNEG",-5696.0,1.1368683772161603e-13,1.3079227814893731e-13,0.0,6426036.43098608,0.04724477366792964,-2.9877854647756003e-05,7722.8222627195555,-0.13139548461725795,1.5731737930599101,47936.43098608032,0.0013269461247866943,39570.849573685984,270.65,103.09163132163958,815820.405205304,248630.9806339974,9.65274709410512,-1.1035999999999992,-1.1035999999999992,0.001130185617585234,0.0015494818570561775,33307.172546175374,46801.59071856611,46758.72453235928,49082.63350768015,2353.5062945857644,0.0007062185422949188,0.0006888279155436773,97.5961537772564,0.01413779162011547,0.007706342962856105,118.38927706119057,1.7297492127364787e-05,9.221752454871891e-06,10.2395702118658,0.001228463665474765,0.00012932253223991397,528940.1794502222,3348387.438046372,1419786.7974716495,1724926.8620238886,132235.04486255554,837096.859511593,inside,"{'min_altitude_m': 'inside', 'max_altitude_m': 'inside', 'max_speed_mps': 'inside', 'max_dynamic_pressure_pa': 'inside'}","3,4",6424590.342018496,6426943.848313082,2353.5062945857644,0.04719062503112321,0.04789684357341813,0.0007062185422949188,-0.000375382674694139,0.0003134452408495383,0.0006888279155436773,7682.866924910114,7780.46307868737,97.5961537772564,-0.13958671957235091,-0.12544892795223545,0.01413779162011547,1.569423957229144,1.577130300192,0.007706342962856105
163,40.75,False,-1.2217304763960306,-1.2217304763960306,-1.1035999999999992,-2.7755575615628914e-17,0.0,-945.0438111682507,5696.0,0.16591359044386425,0,,0.0,0.0,0.0,0.0,6425783.474334608,0.047542633405373874,-3.058679851800944e-05,7729.547294648213,-0.1322529532481496,1.573242331102538,47683.47433460783,0.0013693506219670764,40906.54360748264,270.65,106.38607463628598,843358.0107816806,257023.39376203596,9.653507086922355,-1.1035999999999992,-1.1035999999999992,0.0011664373433603566,0.0016069458545905912,34425.32437209183,48638.72033249202,46490.342018496245,48843.84831308201,2383.8174131643027,0.0007106592740306963,0.0006911454059474373,100.30093179678443,0.014460884595127371,0.007740441513193863,121.2444743173537,1.7762926943106416e-05,9.26996161504005e-06,10.81911207811186,0.0012923719000476706,0.000136394201350537,538524.3320344054,3420607.507857756,1445512.6807239307,1762131.1404115714,134631.08300860136,855151.876964439,inside,"{'min_altitude_m': 'inside', 'max_altitude_m': 'inside', 'max_speed_mps': 'inside', 'max_dynamic_pressure_pa': 'inside'}","3,4",6424319.710541939,6426703.527955104,2383.8174131643027,0.04748656613914278,0.04819722541317348,0.0007106592740306963,-0.0003772874570244407,0.0003138579489229966,0.0006911454059474373,7688.617994777102,7788.918926573886,100.30093179678443,-0.14064700404143912,-0.12618611944631175,0.014460884595127371,1.5694798509641357,1.5772202924773295,0.007740441513193863
164,41.0,True,-1.2217304763960306,-1.2217304763960306,-1.1035999999999992,-2.7755575615628914e-17,0.0,-945.0438111682507,5696.0,0.16591359044386425,0,,0.0,0.0,0.0,0.0,6425528.6548236925,0.047840730311554225,-3.131677111264458e-05,7736.511431732202,-0.13313768959429795,1.573313080668649,47428.654823692515,0.0014134411498445884,42299.77705787635,270.65,109.81150718386255,872081.8893511622,265777.33770702087,9.654272767339721,-1.1035999999999992,-1.1035999999999992,0.0012041908618963654,0.0016672249701448812,35592.77908097473,50572.98374120747,46219.71054193936,48603.527955103666,2414.88135006465,0.0007152229446756447,0.0006934755945035418,103.1610627875989,0.014801004829803704,0.007776435881197807,124.25574760037864,1.8254682579813084e-05,9.320754224418025e-06,11.440523963259057,0.0013604809387053212,0.0001439774720153058,548399.696135909,3495545.322776937,1472020.2369963874,1800735.4693093307,137099.92403397724,873886.3306942342,inside,"{'min_altitude_m': 'inside', 'max_altitude_m': 'inside', 'max_speed_mps': 'inside', 'max_dynamic_pressure_pa': 'inside'}","3,4",6424046.7405582415,6426461.621908306,2414.88135006465,0.04778269539330548,0.04849791833798112,0.0007152229446756447,-0.0003792213305014772,0.0003142542640020646,0.0006934755945035418,7694.570995286618,7797.732058074217,103.1610627875989,-0.141747603165304,-0.1269465983355003,0.014801004829803704,1.5695374304744267,1.5773138663556245,0.007776435881197807
165,41.25,False,-1.2217304763960306,-1.2217304763960306,-1.1035999999999992,-2.7755575615628914e-17,0.0,-945.0438111682507,5696.0,0.16591359044386425,0,,0.0,0.0,0.0,0.0,6425271.909576632,0.04813907234133323,-3.206848623158408e-05,7743.72614403792,-0.13405082714702085,1.5733861485496903,47171.90957663208,0.0014619751868919179,43833.88638544106,270.1616556580897,113.37721921600891,903710.1638695679,275416.4308935826,9.65504432633497,-1.1035999999999992,-1.1035999999999992,0.0012435270912940766,0.0017305020147055554,36812.39536614208,52611.26324885391,45946.740558241494,48361.621908306144,2446.739856818691,0.0007199166129879114,0.0006958191740706018,106.18796743203893,0.015159289866979453,0.007814465760188849,127.43402701722516,1.8774673249053776e-05,9.374318268239737e-06,12.107618577761947,0.001433140148703021,0.0001521195159637185,558580.2159126535,3573364.044819602,1499346.8953444913,1840823.9018767646,139645.05397816337,893341.0112049005,inside,"{'min_altitude_m': 'inside', 'max_altitude_m': 'inside', 'max_speed_mps': 'inside', 'max_dynamic_pressure_pa': 'inside'}","3,4",6423771.337517911,6426218.077374729,2446.739856818691,0.04807901854384996,0.04879893515683787,0.0007199166129879114,-0.0003811855151128297,0.000314633658957772,0.0006958191740706018,7700.735784076559,7806.923751508598,106.18796743203893,-0.14289064378597588,-0.12773135391899643,0.015159289866979453,1.5695967752984061,1.577411241058595,0.007814465760188849
166,41.5,False,-1.2217304763960306,-1.2217304763960306,-1.1035999999999992,-2.7755575615628914e-17,0.0,-945.0438111682507,5696.0,0.16591359044386425,0,,0.0,0.0,0.0,0.0,6425013.172880759,0.04843766782167079,-3.2842693921082035e-05,7751.2167175780905,-0.13499526739638598,1.5734617600549432,46913.17288075946,0.0015139439583007103,45479.90644559468,269.4477625755617,117.09718933674698,937645.6685887682,285758.67995086266,9.655821963516432,-1.1035999999999992,-1.1035999999999992,0.0012845325038056542,0.0017969751243563797,38087.24398995592,54761.07246689855,45671.33751791064,48118.07737472933,2479.437660482712,0.0007247478601192167,0.0006981768889085696,109.39412603683013,0.015536973592131104,0.007854683970728304,130.79121465817673,1.9324988525204652e-05,9.43085935187142e-06,12.824634419163353,0.001510734900606547,0.00016087284215766994,569080.7669449822,3654240.5295372577,1527532.584957584,1882487.5455191932,142270.19173624556,913560.1323843144,inside,"{'min_altitude_m': 'inside', 'max_altitude_m': 'inside', 'max_speed_mps': 'inside', 'max_dynamic_pressure_pa': 'inside'}","3,4",6423493.401489611,6425972.8391500935,2479.437660482712,0.04837554158452856,0.049100289444647775,0.0007247478601192167,-0.00038318130920862324,0.00031499557969994635,0.0006981768889085696,7707.122851036073,7816.5169770729035,109.39412603683013,-0.1440784034026297,-0.1285414298104986,0.015536973592131104,1.5696579700048974,1.5775126539756257,0.007854683970728304
167,41.75,False,-1.2217304763960306,-1.2217304763960306,-1.1035999999999992,-2.7755575615628914e-17,0.0,-945.0438111682507,5696.0,0.16591359044386425,0,,0.0,0.0,0.0,0.0,6424752.372301003,0.0487365259099936,-3.364021749124408e-05,7759.004074038671,-0.1359732789366196,1.573540104888588,46652.372301002964,0.0015683484995127044,47208.97127818616,268.72811674056567,120.98116754236142,973293.2826164704,296622.71470216237,9.656605898812872,-1.1035999999999992,-1.1035999999999992,0.0013272995958498333,0.0018668593606530302,39420.62720046676,57030.62841192679,45393.401489610784,47872.839150093496,2513.0227333568037,0.0007297248383758281,0.0007005495395938208,112.79319917945304,0.01593539635318414,0.007897257974918581,134.34029149747425,1.990791302645175e-05,9.490602741004896e-06,13.596292570493738,0.0015936910442121695,0.000170296016760867,579917.2359275514,3738366.8046597866,1556619.9490686909,1925825.323612617,144979.30898188785,934591.7011649467,inside,"{'min_altitude_m': 'inside', 'max_altitude_m': 'inside', 'max_speed_mps': 'inside', 'max_dynamic_pressure_pa': 'inside'}","3,4",6423212.826746644,6425725.849480001,2513.0227333568037,0.048672270765114226,0.049401995603490054,0.0007297248383758281,-0.00038521009629703033,0.0003153394432967905,0.0007005495395938208,7713.743369587242,7826.536568766695,112.79319917945304,-0.1453133240363409,-0.12937792768315676,0.01593539635318414,1.569721104580715,1.5776183625556335,0.007897257974918581
168,42.0,True,-1.2217304763960306,-1.2217304763960306,-1.1213999999999993,-0.07120000000000003,-0.2848,-945.0438111682507,5696.0,0.16591359044386425,1,"POD0_RNEG,POD1_RNEG,POD2_RNEG,POD3_RNEG",-5696.0,1.1368683772161603e-13,1.3079227814893731e-13,0.0,6424489.429990833,0.049035656446865875,-3.446194307335561e-05,7767.1047274044,-0.1369865019621332,1.5736213364685367,46389.429990832694,0.0016253397277259205,49026.6791580851,268.00250192510106,125.03888411804421,1010768.4239161949,308043.710145888,9.657396368546546,-1.1213999999999993,-1.1213999999999993,0.001371927405621811,0.0019403885129801518,40816.10027606911,59428.933540475715,45112.82674664445,47625.849480001256,2547.5465929638594,0.0007348563255587734,0.0007029379885150045,116.34545406461893,0.016359614214453977,0.007941111492394848,138.09543843168274,2.0525948731786028e-05,9.553795684734897e-06,14.20901954066504,0.0016968714450793453,0.00017541406990500858,591106.6086877426,3825951.744931479,1586654.5812144673,1970944.8382980346,147776.65217193565,956487.9362328697,inside,"{'min_altitude_m': 'inside', 'max_altitude_m': 'inside', 'max_speed_mps': 'inside', 'max_dynamic_pressure_pa': 'inside'}","3,4",6422929.50131228,6425477.047905244,2547.5465929638594,0.04896921260459762,0.04970406893015639,0.0007348563255587734,-0.0003872733525847467,0.0003156646359302578,0.0007029379885150045,7720.4901166316395,7836.835570696258,116.34545406461893,-0.14660921725123746,-0.13024960303678348,0.016359614214453977,1.5697842211250344,1.5777253326174292,0.007941111492394848
169,42.25,False,-1.2217304763960306,-1.2217304763960306,-1.1391999999999993,-0.07120000000000003,0.0,-517.8438111682503,5696.0,0.09091359044386417,0,,0.0,0.0,0.0,0.0,6424224.264003266,0.04933506980752461,-3.530880890236943e-05,7775.393141511934,-0.13804586190400642,1.5737030268399974,46124.26400326565,0.0016850805943443609,50937.23842612318,267.27069050194376,129.28082144919108,1050157.8545958956,320048.1080673206,9.658193621503528,-1.1391999999999993,-1.1391999999999993,0.0014185220839306345,0.002017817133008484,42276.19071641149,61963.12020916706,44829.501312280074,47377.04790524393,2583.0693146483973,0.0007401498451805252,0.0007053427287200898,120.06050643930666,0.016811452826595408,0.007986263997179943,142.09088673658607,2.1174078486993486e-05,9.61896082034134e-06,14.860209498751903,0.0018073544485657056,0.00018061001914053382,602639.168799834,3916962.294616353,1617610.4004627124,2017829.0608629698,150659.7921999585,979240.5736540883,inside,"{'min_altitude_m': 'inside', 'max_altitude_m': 'inside', 'max_speed_mps': 'inside', 'max_dynamic_pressure_pa': 'inside'}","3,4",6422643.291119912,6425226.36043456,2583.0693146483973,0.04926636883545501,0.050006518680635534,0.0007401498451805252,-0.00038937160322233006,0.00031597112549775977,0.0007053427287200898,7727.366262194849,7847.426768634155,120.06050643930666,-0.1479693823587798,-0.1311579295321844,0.016811452826595408,1.5698472402735995,1.5778335042707794,0.007986263997179943
170,42.5,False,-1.2217304763960306,-1.2217304763960306,-1.1569999999999994,-0.07120000000000003,0.0,-375.4438111682501,5696.0,0.06591359044386413,0,,0.0,0.0,0.0,0.0,6423956.77525762,0.04963477103828031,-3.618101417307625e-05,7783.875967611757,-0.13915356092377384,1.5737850982932744,45856.77525762003,0.0017477503217259707,52946.98187503752,266.5324074645041,133.7185020586386,1091592.135954927,332675.69857673964,9.658997958137173,-1.1569999999999994,-1.1569999999999994,0.0014671996279777598,0.0020994273101297262,43804.85100010741,64643.57850912696,44543.29111991171,47126.360434560105,2619.655348391272,0.0007456134273238837,0.0007077642650925933,123.94886046055126,0.017292895367920863,0.00803273149807282,146.34413497168737,2.185432857343514e-05,9.686145490013891e-06,15.553416084976906,0.0019257701653018796,0.0001858700035715772,614530.987814558,4011608.2918525226,1649530.5462390769,2066586.0897422086,153632.7469536395,1002902.0729631307,inside,"{'min_altitude_m': 'inside', 'max_altitude_m': 'inside', 'max_speed_mps': 'inside', 'max_dynamic_pressure_pa': 'inside'}",3,6422354.054568634,6424973.709917026,2619.655348391272,0.04956374108831411,0.05030935451563799,0.0007456134273238837,-0.00039150536248860575,0.00031625890260398757,0.0007077642650925933,7734.375176749063,7858.324037209614,123.94886046055126,-0.14939735183761824,-0.13210445646969737,0.017292895367920863,1.56991007479539,1.5779428062934628,0.00803273149807282
171,42.75,False,-1.2217304763960306,-1.2217304763960306,-1.1747999999999994,-0.07120000000000003,0.0,-233.04381116824987,5696.0,0.04091359044386409,0,,0.0,0.0,0.0,0.0,6423686.859809101,0.04993476530057784,-3.707873673602007e-05,7792.5603503153525,-0.14031193506796114,1.573867463307044,45586.85980910063,0.0018135432266867182,55062.79655905932,265.78736427428896,138.36438979505806,1135213.256336579,345969.7543121003,9.659809693701767,-1.1747999999999994,-1.1747999999999994,0.0015180848127183016,0.0021855276710099985,45406.34133753193,67481.72561777153,44254.05456863437,46873.70991702564,2657.373912047595,0.0007512556568517875,0.0007102031137641669,128.02201634073117,0.017806099532153286,0.008080525643401115,150.8742546261244,2.2568918111604257e-05,9.755394686293882e-06,16.292623520721573,0.002052816656929736,0.0001911765813138369,626799.17050309,4110117.50196883,1682460.9313503997,2117333.2585900035,156699.7926257725,1027529.3754922075,inside,"{'min_altitude_m': 'inside', 'max_altitude_m': 'inside', 'max_speed_mps': 'inside', 'max_dynamic_pressure_pa': 'inside'}",3,6422061.641961393,6424719.015873441,2657.373912047595,0.04986133087932041,0.0506125865361722,0.0007512556568517875,-0.00039367513075722256,0.0003165279830069443,0.0007102031137641669,7741.5204521122505,7869.542468452982,128.02201634073117,-0.15089691352320211,-0.13309081399104883,0.017806099532153286,1.5699726288029796,1.5780531544463807,0.008080525643401115
172,43.0,True,-1.2217304763960306,-1.2217304763960306,-1.1925999999999994,-0.07120000000000003,0.0,-90.64381116824956,5696.0,0.015913590443864038,0,,0.0,0.0,0.0,0.0,6423414.408539214,0.05023505787856487,-3.80021301287443e-05,7801.453981130417,-0.14152346525890852,1.5739500233672499,45314.40853921417,0.001882670282103912,57292.183434747836,265.03525799849973,143.23198475399886,1181175.8607253674,359977.4051734453,9.660629159196422,-1.1925999999999994,-1.1925999999999994,0.001571312000748496,0.002276456465881013,47085.2588942751,70490.13147547988,43961.64196139295,46619.01587344054,2696.2994287498295,0.0007570857274959361,0.0007126598012991324,132.29259374849698,0.018353416738787293,0.008129652644732532,155.70206680968658,2.332028257657527e-05,9.826750139862577e-06,17.082309631062298,0.002189268826535972,0.00019650800532615615,639461.9398753756,4212737.603316985,1716450.470191798,2170198.1592845074,159865.4849688439,1053184.4008292463,inside,"{'min_altitude_m': 'inside', 'max_altitude_m': 'inside', 'max_speed_mps': 'inside', 'max_dynamic_pressure_pa': 'inside'}",3,6421765.894886913,6424462.194315663,2696.2994287498295,0.050159139596003995,0.05091622532349993,0.0007570857274959361,-0.0003958813909779943,0.00031677841032113816,0.0007126598012991324,7748.8059248459,7881.098518594397,132.29259374849698,-0.15247213546374389,-0.1341187187249566,0.018353416738787293,1.5700347968747739,1.5781644495195064,0.008129652644732532
173,43.25,False,-1.2217304763960306,-1.2217304763960306,-1.2103999999999995,-0.07120000000000003,0.0,51.75618883175076,5696.0,0.00908640955613602,0,,0.0,0.0,0.0,0.0,6423139.306819657,0.0505356541875727,-3.895132023872137e-05,7810.565158873565,-0.14279078942419923,1.5740326676282037,45039.306819656864,0.001955360870819419,59643.32466793313,264.27577037369764,148.33592963041505,1229648.6383942007,374750.0612248992,9.661456702389918,-1.2103999999999995,-1.2103999999999995,0.0016270260404395004,0.002372585084840284,48846.570303750996,73682.6629488036,43665.89488691278,46362.19431566261,2736.5120145175606,0.0007631135026838834,0.0007151348636004033,136.77447366862543,0.018937415121933004,0.008180111982465155,160.8503430694027,2.4111100751769612e-05,9.900249205083276e-06,17.927519680516106,0.002335993532582817,0.00020183735093026663,652538.7308241791,4319738.446439295,1751551.3301070074,2225319.805741455,163134.68270604478,1079934.6116098238,inside,"{'min_altitude_m': 'inside', 'max_altitude_m': 'inside', 'max_speed_mps': 'inside', 'max_dynamic_pressure_pa': 'inside'}",3,6421466.645538302,6424203.15755282,2736.5120145175606,0.050457168481428415,0.0512202819841123,0.0007631135026838834,-0.00039812460459264166,0.0003170102590077616,0.0007151348636004033,7756.235702490273,7893.0101761588985,136.77447366862543,-0.1541273938294029,-0.1351899787074699,0.018937415121933004,1.57009646307831,1.5782765750607752,0.008180111982465155
174,43.5,False,-1.2217304763960306,-1.2217304763960306,-1.2281999999999995,-0.07120000000000003,0.0,194.15618883175108,5696.0,0.03408640955613607,0,,0.0,0.0,0.0,0.0,6422861.434146801,0.050836559783635556,-3.992640154806993e-05,7819.9028579841715,-0.14411671590602868,1.5741152713922486,44761.43414680101,0.0020318647594820107,62125.15976125071,263.50856678752723,153.69212911419893,1280815.8924030582,390343.8910180749,9.66229268893526,-1.2281999999999995,-1.2281999999999995,0.0016853832634501058,0.0024743220745131003,50695.64789944566,77074.6496840733,43366.64553830214,46103.1575528197,2778.0980254057795,0.0007693495841612497,0.000717628844475767,141.48296199933884,0.01956090319071596,0.008231894848550025,166.34404355425363,2.4944325909489985e-05,9.975923501455148e-06,18.833953322854303,0.0024939522751318884,0.0002071314643395251,666050.2934451113,4431414.631929909,1787819.2087210887,2282849.961903286,166512.5733612778,1107853.6579824772,inside,"{'min_altitude_m': 'inside', 'max_altitude_m': 'inside', 'max_speed_mps': 'inside', 'max_dynamic_pressure_pa': 'inside'}",3,6421163.715960123,6423941.813985528,2778.0980254057795,0.05075541861636583,0.05152476820052708,0.0007693495841612497,-0.0004004052067901959,0.0003172236376855711,0.000717628844475767,7763.814192988446,7905.297154987785,141.48296199933884,-0.15586740432789364,-0.13630650113717768,0.01956090319071596,1.570157499881863,1.578389394730413,0.008231894848550025
175,43.75,False,-1.2217304763960306,-1.2217304763960306,-1.2459999999999996,-0.07120000000000003,0.0,336.5561888317514,5696.0,0.05908640955613613,0,,0.0,0.0,0.0,0.0,6422580.663743522,0.05113778037419446,-4.0927432902604026e-05,7829.476805937844,-0.1455042383124384,1.5741976943803633,44480.66374352202,0.0021124543245395963,64747.47185753768,262.73329516941413,159.31788420233076,1334879.3188903742,406820.3638523045,9.663137503583872,-1.2459999999999996,-1.2459999999999996,0.0017465525937970826,0.0025821177387502572,52638.31014458066,80683.0754997063,43063.715960122645,45841.813985528424,2821.150667958893,0.0007758053894998465,0.0007201422937891462,146.43497871107047,0.02022695686334297,0.008284982270034602,172.2105702140202,2.582322135437549e-05,1.0053797253516714e-05,19.80806684692668,0.002664214690507989,0.0002123496859377594,680018.8071145045,4548088.461224369,1825313.6401494602,2342954.6618428566,170004.70177862613,1137022.1153060922,inside,"{'min_altitude_m': 'inside', 'max_altitude_m': 'inside', 'max_speed_mps': 'inside', 'max_dynamic_pressure_pa': 'inside'}",3,6420856.917214445,6423678.067882404,2821.150667958893,0.05105389089919559,0.05182969628869544,0.0007758053894998465,-0.0004027236009885093,0.00031741869280063693,0.0007201422937891462,7771.546137818903,7917.981116529973,146.43497871107047,-0.15769725765931153,-0.13747030079596856,0.02022695686334297,1.5702177669413933,1.5785027492114279,0.008284982270034602
176,44.0,True,-1.2217304763960306,-1.2217304763960306,-1.2637999999999996,-0.07120000000000003,0.0,478.95618883175166,5696.0,0.08408640955613618,0,,0.0,0.0,0.0,0.0,6422296.862124679,0.05143932183015465,-4.195443273891083e-05,7839.2975711668105,-0.14695655199639954,1.5742797787613374,44196.86212467868,0.0021974270680183276,67520.98581483557,261.949584779959,165.23204361154848,1392060.0290561218,424246.8659980562,9.663991551510716,-1.2637999999999996,-1.2637999999999996,0.0018107167840272541,0.0026964694232105456,54680.86685901896,84526.79995753005,42756.91721444484,45578.06788240373,2865.7706823516637,0.0007824932398781126,0.0007226757651054004,151.64927725349116,0.020938952767062452,0.008339342845419706,178.48005756845987,2.6751401513083186e-05,1.0133885265016386e-05,20.85719416968252,0.0028479836148778675,0.0002174423015411761,694468.0069104183,4670113.325408288,1864098.3343384915,2405815.9555133604,173617.00172760457,1167528.331352072,inside,"{'min_altitude_m': 'inside', 'max_altitude_m': 'inside', 'max_speed_mps': 'inside', 'max_dynamic_pressure_pa': 'inside'}",3,6420546.04845487,6423411.819137221,2865.7706823516637,0.05135258602317207,0.05213507926305018,0.0007824932398781126,-0.00040508015240740564,0.00031759561269799466,0.0007226757651054004,7779.436649372611,7931.085926626102,151.64927725349116,-0.1596224596387916,-0.13868350687172915,0.020938952767062452,1.570277109747064,1.5786164525924837,0.008339342845419706
177,44.25,False,-1.2217304763960306,-1.2217304763960306,-1.2815999999999996,-0.07120000000000003,0.0,621.356188831752,5696.0,0.10908640955613623,0,,0.0,0.0,0.0,0.0,6422009.888622057,0.05174119019949309,-4.300737369276715e-05,7849.376663144402,-0.14847707237692911,1.5743613469014996,43909.88862205669,0.0022871084671933486,70457.47993798497,261.1570448873457,171.45517484443232,1452600.8526987813,442697.4027272476,9.664855259763085,-1.2815999999999996,-1.2815999999999996,0.0018780737954270483,0.0028179276034657995,56830.16990826343,88626.81573363216,42446.04845486954,45311.8191372212,2912.0671137431636,0.0007894264598733713,0.0007252298127177128,157.1466999769109,0.02170060516326483,0.00839493001095959,185.18572556577647,2.773287998104998e-05,1.0216190449250075e-05,21.9896908936784,0.0030466095848094843,0.00022234866215941192,709423.3239852899,4797877.610551764,1904241.5538552522,2471633.9205872724,177355.83099632247,1199469.402637941,inside,"{'min_altitude_m': 'inside', 'max_altitude_m': 'inside', 'max_speed_mps': 'inside', 'max_dynamic_pressure_pa': 'inside'}",3,6420230.895895691,6423142.963009434,2912.0671137431636,0.051651504450642066,0.05244093091051544,0.0007894264598733713,-0.0004074751805736142,0.00031775463214409863,0.0007252298127177128,7787.491253113181,7944.637953090092,157.1466999769109,-0.16164897673154885,-0.13994837156828402,0.02170060516326483,1.5703353581104929,1.5787302881214524,0.00839493001095959
178,44.5,False,-1.2217304763960306,-1.2217304763960306,-1.2993999999999997,-0.07120000000000003,0.0,763.7561888317523,5696.0,0.1340864095561363,0,,0.0,0.0,0.0,0.0,6421719.5948639875,0.05204339172264497,-4.4086176499982474e-05,7859.726646591166,-0.15006945534957272,1.574442198790208,43619.59486398753,0.0023818552099924752,73569.9136010399,260.35526331741767,178.00975790214622,1516768.9693685994,462253.4001885255,9.66572907884775,-1.2993999999999997,-1.2993999999999997,0.0019488383405607908,0.002947102920534678,59093.67008690938,93006.54862677019,42130.89589569066,45042.96300943382,2960.1581829972565,0.0007966194911797481,0.000727804987920537,162.950476466287,0.02251600838674836,0.008451678732861012,192.36427701562275,2.877212522551316e-05,1.0300700811296647e-05,23.21510595750263,0.0032616128939341182,0.00022699488760539747,724912.041493629,4931809.214685215,1945816.532430268,2540628.9893832924,181228.01037340725,1232952.3036713037,inside,"{'min_altitude_m': 'inside', 'max_altitude_m': 'inside', 'max_speed_mps': 'inside', 'max_dynamic_pressure_pa': 'inside'}",3,6419911.231661178,6422871.389844175,2960.1581829972565,0.05195064638370978,0.05274726587488953,0.0007966194911797481,-0.00040990895056469137,0.00031789603735584565,0.000727804987920537,7795.715935260791,7958.666411727078,162.950476466287,-0.16378328788574378,-0.14126727949899542,0.02251600838674836,1.570392324472795,1.578844003205656,0.008451678732861012
179,44.75,False,-1.2217304763960306,-1.2217304763960306,-1.3171999999999997,-0.07120000000000003,0.0,906.1561888317526,5696.0,0.15908640955613634,0,,0.0,0.0,0.0,0.0,6421425.8242041925,0.05234593284993656,-4.519070308632889e-05,7870.3612721222025,-0.15173762007268907,1.5745221090881871,43325.8242041925,0.0024820588772452054,76872.57341759637,259.54380486222755,184.92040516334632,1584858.9219176623,483004.6238225256,9.666613484472995,-1.3171999999999997,-1.3171999999999997,0.002023243610842988,0.0030846743376418692,61479.4810967779,97692.20856218712,41811.23166117817,44771.38984417543,3010.172272367403,0.0008040880225832214,0.0007304018343598727,169.08657325952026,0.02338968577702996,0.008509501496753114,200.0563574815776,2.9874125613883707e-05,1.038738575734318e-05,24.54438717293271,0.0034947095611263463,0.00023129105556900416,740963.4682748824,5072380.7921924675,1988901.941158895,2613044.650523392,185240.8670687206,1268095.1980481169,inside,"{'min_altitude_m': 'inside', 'max_altitude_m': 'inside', 'max_speed_mps': 'inside', 'max_dynamic_pressure_pa': 'inside'}",3,6419586.812497379,6422596.984769747,3010.172272367403,0.05225001173075115,0.053054099753334374,0.0008040880225832214,-0.00041238166276030017,0.0003180201715995726,0.0007304018343598727,7804.117196828565,7973.203770088086,169.08657325952026,-0.16603244372058942,-0.14264275794355946,0.02338968577702996,1.5704478020102544,1.5789573035070075,0.008509501496753114
180,45.0,True,-1.2217304763960306,-1.2217304763960306,-1.3171999999999997,-2.7755575615628914e-17,0.2848,1048.556188831753,5696.0,0.1840864095561364,1,"POD0_RPOS,POD1_RPOS,POD2_RPOS,POD3_RPOS",5696.0,-1.1368683772161603e-13,-1.3079227814893731e-13,0.0,6421128.411093589,0.052648820261377446,-4.6320748726137164e-05,7881.295626093453,-0.15348577446223696,1.5746008237360105,43028.41109358892,0.0025881501440612907,80381.24113089502,258.72220952959924,192.21411158147464,1657196.0778400751,505050.2332464991,9.667508979464777,-1.3171999999999997,-1.3171999999999997,0.0021015432148815323,0.0032313986290095115,63996.451651714524,102713.2018569079,41486.81249737926,44496.98476974666,3062.2490446995944,0.0008118491389828841,0.0007330208822533568,175.70714546254112,0.02432261217495099,0.008571586967141442,208.30708932592643,3.1044465598645396e-05,1.0476191573935834e-05,26.48228881208226,0.00373170559168405,0.0002483418815541094,757609.1327257847,5220115.867271418,2033582.408895528,2689150.5982913366,189402.28318144617,1305028.9668178544,inside,"{'min_altitude_m': 'inside', 'max_altitude_m': 'inside', 'max_speed_mps': 'inside', 'max_dynamic_pressure_pa': 'inside'}",3,6419257.378325651,6422319.627370351,3062.2490446995944,0.052549600068060594,0.05336144920704348,0.0008118491389828841,-0.0004148934408209863,0.00031812744143237045,0.0007330208822533568,7812.903544691095,7988.610690153636,175.70714546254112,-0.168393702753597,-0.144071090578646,0.02432261217495099,1.5705052939871524,1.5790768809542939,0.008571586967141442
181,45.25,False,-1.2217304763960306,-1.2217304763960306,-1.3171999999999997,-2.7755575615628914e-17,0.0,763.7561888317529,5696.0,0.13408640955613638,0,,0.0,0.0,0.0,0.0,6420827.180387862,0.05295206088917996,-4.747603312885324e-05,7892.7998160057805,-0.15531033527149807,1.574683122722061,42727.18038786203,0.002700603586117078,84118.79065055367,257.88999061364086,199.9205401148699,1734252.0217091816,528533.9494732744,9.668416095878884,-1.3171999999999997,-1.3171999999999997,0.0021840133574154517,0.0033881214575652127,66657.68396220468,108111.39946889138,41157.3783256514,44219.627370350994,3116.538911470212,0.0008199260401547809,0.0007356637694979638,182.8632635258773,0.025320229920084675,0.008638373384328046,217.1594670814245,3.230760468759478e-05,1.0571548978428144e-05,28.624472253345047,0.003990470980534751,0.000267145668747095,774942.9361156544,5376251.0584418755,2080109.9864157045,2769583.878591269,193735.7340289136,1344062.7646104689,inside,"{'min_altitude_m': 'inside', 'max_altitude_m': 'inside', 'max_speed_mps': 'inside', 'max_dynamic_pressure_pa': 'inside'}",3,6418922.657556077,6422039.196467548,3116.538911470212,0.05284941883984109,0.05366934487999587,0.0008199260401547809,-0.00041744659259660615,0.0003182171769013577,0.0007356637694979638,7822.100354307446,8004.963617833323,182.8632635258773,-0.1708753156663747,-0.14555508574629003,0.025320229920084675,1.5705649235610446,1.5792032969453726,0.008638373384328046
182,45.5,False,-1.2217304763960306,-1.2217304763960306,-1.3171999999999997,-2.7755575615628914e-17,0.0,763.7561888317529,5696.0,0.13408640955613638,0,,0.0,0.0,0.0,0.0,6420521.952585359,0.053255672074764566,-4.865777015239802e-05,7904.917001309282,-0.157216098680242,1.5747692759684022,42421.952585359104,0.0028199407908596564,88105.82512272142,257.0466491496906,208.07218440866575,1816451.522445057,553585.2258880173,9.669335379253807,-1.3171999999999997,-1.3171999999999997,0.002270953669226113,0.0035557867847920742,69474.43848338569,113926.41744977029,40822.657556077465,43939.19646754768,3173.2072641579434,0.0008283443851120412,0.0007383323057834515,190.61289830856822,0.026388635938466215,0.008710357715766559,226.6734107486218,3.3673379829030764e-05,1.0674145141950682e-05,30.99853913076457,0.00427362407352619,0.00028793732575404683,793010.573800107,5541562.392605612,2128607.3296739715,2854744.2628574367,198252.64345002675,1385390.598151403,inside,"{'min_altitude_m': 'inside', 'max_altitude_m': 'inside', 'max_speed_mps': 'inside', 'max_dynamic_pressure_pa': 'inside'}",3,6418582.356582637,6421755.563846795,3173.2072641579434,0.0531494757614821,0.05397782014659414,0.0008283443851120412,-0.0004200436437803937,0.00031828866200305785,0.0007383323057834515,7831.735227393442,8022.34812570201,190.61289830856822,-0.17348638409616476,-0.14709774815769855,0.026388635938466215,1.5706268236954293,1.5793371814111958,0.008710357715766559
183,45.75,False,-1.2217304763960306,-1.2217304763960306,-1.3171999999999997,-2.7755575615628914e-17,0.0,763.7561888317529,5696.0,0.13408640955613638,0,,0.0,0.0,0.0,0.0,6420212.535854872,0.05355967243365577,-4.986726924682841e-05,7917.694740906179,-0.15920827457424191,1.5748595809379293,42112.535854872316,0.002946739106477046,92365.37523686126,256.19165187220705,216.70490961405775,1904269.3969043586,580348.7685803759,9.670267412645932,-1.3171999999999997,-1.3171999999999997,0.002362691564540671,0.0037354558694719393,72459.11547747169,120203.36413735773,40482.356582636945,43655.56384679489,3232.4364275038242,0.0008371326257906389,0.0007410284963016421,199.02207544803696,0.027534681054241256,0.008788105460146411,236.91665338689654,3.5152962714389644e-05,1.0784762072762334e-05,33.63670855787585,0.004584180463100132,0.0003109909775189158,811861.9653261084,5716926.404625768,2179208.433243765,2945083.2993526678,202965.4913315271,1429231.601156442,inside,"{'min_altitude_m': 'inside', 'max_altitude_m': 'inside', 'max_speed_mps': 'inside', 'max_dynamic_pressure_pa': 'inside'}",3,6418236.157281633,6421468.593709136,3232.4364275038242,0.05344977881621758,0.05428691144200822,0.0008371326257906389,-0.00042268736594877604,0.00031834113035286607,0.0007410284963016421,7841.838238715913,8040.86031416395,199.02207544803696,-0.17623697691514198,-0.14870229586090072,0.027534681054241256,1.5706911380582567,1.579479243518403,0.008788105460146411
184,46.0,True,-1.2217304763960306,-1.2217304763960306,-1.3171999999999997,-2.7755575615628914e-17,0.0,763.7561888317529,5696.0,0.13408640955613638,0,,0.0,0.0,0.0,0.0,6419898.7248650575,0.053864081982038646,-5.110594564530411e-05,7931.185565601482,-0.16129253319920875,1.5749543661768617,41798.724865057506,0.003081639098888536,96923.25758909388,255.32442795661788,225.85839274676172,1998237.8981505183,608986.788007777,9.671212820194118,-1.3171999999999997,-1.3171999999999997,0.0024595854304666123,0.00392832565484128,75625.3983055443,126993.80121613022,40136.157281632535,43368.59370913636,3294.427933030762,0.0008463223967343919,0.000743754569558413,208.16626285862912,0.028766087748611613,0.008872262432350952,247.96602210810101,3.6759083774994894e-05,1.0904293027083608e-05,36.57674964236694,0.004925626777481375,0.0003366278888190106,831551.7558126304,5903337.035149477,2232059.97612864,3041113.018107306,207887.9389531576,1475834.2587873694,inside,"{'min_altitude_m': 'inside', 'max_altitude_m': 'inside', 'max_speed_mps': 'inside', 'max_dynamic_pressure_pa': 'inside'}",3,6417883.7141357185,6421178.142068749,3294.427933030762,0.05375033624708677,0.05459665864382116,0.0008463223967343919,-0.00042538080921917105,0.000318373760339242,0.000743754569558413,7852.442216127654,8060.608478986283,208.16626285862912,-0.17913826663254914,-0.15037217888393753,0.028766087748611613,1.5707580220043047,1.5796302844366557,0.008872262432350952
185,46.25,False,-1.2217304763960306,-1.2217304763960306,-1.3171999999999997,-2.7755575615628914e-17,0.0,763.7561888317529,5696.0,0.13408640955613638,0,,0.0,0.0,0.0,0.0,6419580.299468617,0.05416892227941106,-5.237533192697205e-05,7945.447642115558,-0.1634750584063723,1.5750539954130662,41480.299468616955,0.003225353219077572,101808.4972862764,254.4443653568005,235.57663314297832,2098955.428156009,639681.6542951646,9.672172271126785,-1.3171999999999997,-1.3171999999999997,0.0025620282556485987,0.004135750683274411,78988.41839215346,134356.91043971595,39783.71413571853,43078.142068749294,3359.405176841654,0.0008559489721160288,0.0007465130101514861,218.1320471541976,0.030091590470586294,0.008963569004226679,259.9089752414111,3.850630152655763e-05,1.1033762372292009e-05,39.86313718227133,0.00530201088789871,0.0003652262875022392,852139.8902975563,6101926.05700972,2287322.863430283,3143416.453611068,213034.97257438907,1525481.51425243,inside,"{'min_altitude_m': 'inside', 'max_altitude_m': 'inside', 'max_speed_mps': 'inside', 'max_dynamic_pressure_pa': 'inside'}",3,6417524.650913082,6420884.056089924,3359.405176841654,0.05405115654270417,0.0549071055148202,0.0008559489721160288,-0.00042812734046460924,0.0003183856696868768,0.0007465130101514861,7863.583059130752,8081.71510628495,218.1320471541976,-0.18220269019031973,-0.15211109971973344,0.030091590470586294,1.5708276436465298,1.5797912126507565,0.008963569004226679
186,46.5,False,-1.2217304763960306,-1.2217304763960306,-1.3171999999999997,-2.7755575615628914e-17,0.0,763.7561888317529,5696.0,0.13408640955613638,0,,0.0,0.0,0.0,0.0,6419257.023218748,0.054474216589852145,-5.367709117729322e-05,7960.54554619484,-0.1657626086211811,1.5751588723141636,41157.02321874816,0.003378675914027189,107053.82846125086,253.5508066755433,245.90854630177333,2207096.8567759627,672639.0420650552,9.673146484279986,-1.3171999999999997,-1.3171999999999997,0.002670451769017513,0.004359269348750809,82564.94571527516,142360.9186276163,39424.65091308206,42784.05608992372,3427.6165410419926,0.0008660518039974655,0.0007493069145184194,229.01917039521595,0.031521104118742815,0.009062877409206305,272.84545680150586,4.041132752573653e-05,1.117561746773342e-05,43.54849296407171,0.005718054592626071,0.00039723361991862987,873692.2736782011,6313987.919235988,2345173.9977678037,3252660.443242781,218423.06841955028,1578496.979808997,inside,"{'min_altitude_m': 'inside', 'max_altitude_m': 'inside', 'max_speed_mps': 'inside', 'max_dynamic_pressure_pa': 'inside'}",3,6417158.55681515,6420586.173356192,3427.6165410419926,0.05435224841489926,0.055218300218896725,0.0008660518039974655,-0.00043093068825374495,0.0003183762262646744,0.0007493069145184194,7875.300102227639,8104.319272622855,229.01917039521595,-0.18544413950710728,-0.15392303538836447,0.031521104118742815,1.570900185020353,1.5799630624295593,0.009062877409206305
187,46.75,False,-1.2217304763960306,-1.2217304763960306,-1.3171999999999997,-2.7755575615628914e-17,0.0,763.7561888317529,5696.0,0.13408640955613638,0,,0.0,0.0,0.0,0.0,6418928.641691098,0.05477999006490067,-5.501303201554619e-05,7976.551166302424,-0.168162586897332,1.57526944603214,40828.64169109799,0.00354249546704399,112696.28976543128,252.64304449346253,256.90865735332216,2323425.7988412553,708091.6720278112,9.674136233208117,-1.3171999999999997,-1.3171999999999997,0.0027853311726418156,0.0046006355165594025,86373.60946431367,151084.84936790486,39058.556815150194,42486.17335619219,3499.3390785260126,0.0008766751586192292,0.0007521398746415564,240.9430192352338,0.033065926223752595,0.00917117289507563,286.8901499341291,4.2493418487060544e-05,1.1331840492548237e-05,47.69539536007041,0.006179288420039048,0.00043318194347776796,896281.5314123401,6541010.162521131,2405808.3211594396,3369611.2958442187,224070.38285308503,1635252.5406302828,inside,"{'min_altitude_m': 'inside', 'max_altitude_m': 'inside', 'max_speed_mps': 'inside', 'max_dynamic_pressure_pa': 'inside'}",3,6416784.981985666,6420284.321064192,3499.3390785260126,0.054653620765699816,0.055530295924319045,0.0008766751586192292,-0.0004337949959811117,0.0003183448786604447,0.0007521398746415564,7887.636530469669,8128.579549704903,240.9430192352338,-0.18887818852914753,-0.15581226230539494,0.033065926223752595,1.5709758433426053,1.580147016237681,0.00917117289507563
188,47.0,True,-1.2217304763960306,-1.2217304763960306,-1.2993999999999997,0.07119999999999997,0.2848,763.7561888317529,5696.0,0.13408640955613638,1,"POD0_RPOS,POD1_RPOS,POD2_RPOS,POD3_RPOS",5696.0,-1.1368683772161603e-13,-1.3079227814893731e-13,0.0,6418594.880579325,0.05508626995161424,-5.638512581360313e-05,7993.544764343503,-0.17068312170406202,1.5753862176897346,40494.88057932537,0.0037178079193841457,118777.93627098418,251.72031606754308,268.6379140972232,2448809.291233466,746303.7839949611,9.675142351984379,-1.2993999999999997,-1.2993999999999997,0.0029071905682382716,0.004861856827795956,90435.15447185977,160620.69119430493,38684.98198566586,42184.32106419187,3574.8828840516508,0.0008878688754821798,0.000755015527048875,254.25957329634093,0.034731209964178805,0.009296327240471136,302.1752221052841,4.477486745181939e-05,1.150260962927423e-05,53.26621624442906,0.006661134961704831,0.0005006173815817344,919987.8892063505,6784710.916651446,2469441.176290731,3495154.1085780174,229996.97230158764,1696177.7291628616,inside,"{'min_altitude_m': 'inside', 'max_altitude_m': 'inside', 'max_speed_mps': 'inside', 'max_dynamic_pressure_pa': 'inside'}",3,6416403.4322476145,6419978.315131666,3574.8828840516508,0.05495528264035389,0.05584315151583607,0.0008878688754821798,-0.0004367248850367648,0.0003182906420121102,0.000755015527048875,7900.922033236887,8155.181606533228,254.25957329634093,-0.19250509898268034,-0.15777388901850153,0.034731209964178805,1.5710604738432437,1.5803568010837148,0.009296327240471136
189,47.25,False,-1.2217304763960306,-1.2217304763960306,-1.2815999999999996,0.07119999999999997,0.0,336.55618883175254,5696.0,0.05908640955613633,0,,0.0,0.0,0.0,0.0,6418255.44352601,0.05539308583008867,-5.77955264972843e-05,8011.988066533841,-0.17332051397997592,1.575517942989368,40155.44352601003,0.0039057335089111183,125358.33048428551,250.7817972927418,281.16464423898225,2584475.3163843653,787649.6202314256,9.676165741807695,-1.2815999999999996,-1.2815999999999996,0.003036609196959132,0.005145241388187478,94779.51013328478,171097.25114944874,38303.43224761449,41878.31513166614,3654.5933038182557,0.0008996973785249107,0.0007579403603309267,269.1641832800842,0.03653024820781248,0.009441074611717726,318.84167906731045,4.731401217093149e-05,1.1699333128206883e-05,59.618439934970205,0.007196152974534723,0.0005789894849864796,945001.4409451904,7048392.359085897,2536582.81516867,3630990.0031654616,236250.3602362976,1762098.0897714742,inside,"{'min_altitude_m': 'inside', 'max_altitude_m': 'inside', 'max_speed_mps': 'inside', 'max_dynamic_pressure_pa': 'inside'}",3,6416013.373341402,6419667.96664522,3654.5933038182557,0.05525725492745135,0.05615695230597626,0.0008996973785249107,-0.00043972960765758075,0.000318210752673346,0.0007579403603309267,7915.234640817273,8184.398824097358,269.1641832800842,-0.19634160456226682,-0.15981135635445434,0.03653024820781248,1.5711549116932335,1.5805959863049512,0.009441074611717726
190,47.5,False,-1.2217304763960306,-1.2217304763960306,-1.2637999999999996,0.07119999999999997,0.0,194.15618883175227,5696.0,0.03408640955613628,0,,0.0,0.0,0.0,0.0,6417910.0185616,0.0557004848208543,-5.924918696746372e-05,8032.021750558833,-0.1760825223960429,1.5756663277211163,39810.018561599776,0.004107530815179496,132495.33461881895,249.82662046203194,294.56533259271123,2731616.8022942073,832492.7397468061,9.677207351660254,-1.2637999999999996,-1.2637999999999996,0.003174225261536009,0.005453446536259126,99434.09728168347,182647.87875920837,37913.37334140204,41567.966645220295,3738.859908300452,0.0009122340267753992,0.0007609219483417501,285.8867151918894,0.03847834427613048,0.009608675431774794,337.06641792847586,5.0146593001941e-05,1.1926352043293347e-05,66.890127647217,0.007792384273272047,0.0006704032802286204,971437.677226,7334696.822909752,2607543.23886979,3778480.1814989625,242859.4193065,1833674.205727438,inside,"{'min_altitude_m': 'inside', 'max_altitude_m': 'inside', 'max_speed_mps': 'inside', 'max_dynamic_pressure_pa': 'inside'}",3,6415614.215017307,6419353.074925607,3738.859908300452,0.05555955970255367,0.05647179372932907,0.0009122340267753992,-0.00044281976851248174,0.00031810217982926835,0.0007609219483417501,7930.660444128955,8216.547159320844,285.8867151918894,-0.20040666750948963,-0.16192832323335915,0.03847834427613048,1.5712600739578,1.5808687493895748,0.009608675431774794
191,47.75,False,-1.2217304763960306,-1.2217304763960306,-1.2459999999999996,0.07119999999999997,0.0,51.756188831751956,5696.0,0.009086409556136227,0,,0.0,0.0,0.0,0.0,6417558.26816907,0.05600851861630131,-6.075165382839274e-05,8053.80422332649,-0.17897769134452024,1.575833306381724,39458.26816906966,0.004324622966914455,140255.6584440882,248.85384674974588,308.92616907415794,2891609.084387276,881252.2923846936,9.678268208337803,-1.2459999999999996,-1.2459999999999996,0.0033207461875487355,0.0057895542308478406,104429.78850579787,195431.17140091784,37514.21501730662,41253.07492560707,3828.1241087336093,0.0009255626850559889,0.0007639691713630372,304.6991500735976,0.040593211688103925,0.0098030385197303,357.0568017338426,5.33146331223608e-05,1.2188892085148752e-05,75.24973952683456,0.008459469647893791,0.0007774523518219853,999425.898182806,7646750.219783426,2682669.5161749013,3939234.9617066127,249856.4745457015,1911687.5549458566,inside,"{'min_altitude_m': 'inside', 'max_altitude_m': 'inside', 'max_speed_mps': 'inside', 'max_dynamic_pressure_pa': 'inside'}",3,6415205.3023703825,6419033.426479116,3828.1241087336093,0.055862220248286715,0.056787782933342704,0.0009255626850559889,-0.0004460075735413696,0.00031796159782166767,0.0007639691713630372,7947.2946464520455,8251.993796525643,304.6991500735976,-0.20472189225389215,-0.16412868056578822,0.040593211688103925,1.5713769679388427,1.581180006458573,0.0098030385197303
192,48.0,True,-1.2217304763960306,-1.2217304763960306,-1.2281999999999995,0.07119999999999997,0.0,-90.64381116824833,5696.0,0.015913590443863822,0,,0.0,0.0,0.0,0.0,6417199.826186251,0.05631724405035216,-6.230915295200065e-05,8077.514500065686,-0.18201546030751942,1.5760210797284135,39099.826186250895,0.004558624762173846,148716.56378822465,247.8624575872618,324.34461118579844,3066045.0467338418,934413.7285284089,9.679349425886436,-1.2281999999999995,-1.2281999999999995,0.0034769578834129584,0.006157157944802754,109801.4471542725,209637.07153808657,37105.30237038247,40933.42647911608,3922.8884573634714,0.0009397796399858022,0.0007670924921973499,325.9252296864843,0.0428954682156778,0.010028877282336257,379.05739451806585,5.6867819719242946e-05,1.2493283337250347e-05,84.9043184515476,0.009209026110295504,0.0009033550504231223,1029111.3076419787,7988276.889383066,2762351.404723207,4115172.943015519,257277.82691049468,1997069.2223457666,inside,"{'min_altitude_m': 'inside', 'max_altitude_m': 'inside', 'max_speed_mps': 'inside', 'max_dynamic_pressure_pa': 'inside'}",3,6414785.905373823,6418708.793831186,3922.8884573634714,0.05616526105430755,0.057105040694293355,0.0009397796399858022,-0.00044930713673081035,0.0003177853554665395,0.0007670924921973499,7965.242781740876,8291.16801142736,325.9252296864843,-0.20931203308978769,-0.16641656487410988,0.0428954682156778,1.5715067001788996,1.5815355774612359,0.010028877282336257
193,48.25,False,-1.2217304763960306,-1.2217304763960306,-1.2103999999999995,0.07119999999999997,0.0,-233.04381116824862,5696.0,0.040913590443863876,0,,0.0,0.0,0.0,0.0,6416834.29420776,0.05662672375944402,-6.392869029281466e-05,8103.355664853523,-0.185206292711398,1.5762321598249491,38734.29420776013,0.004811375273015048,157967.97035996828,246.8513446453889,340.9312566027706,3256778.537153968,992542.0303707331,9.68045221656401,-1.2103999999999995,-1.2103999999999995,0.0036437354833311736,0.006560471703193612,115588.56752405061,225494.78499585,36685.9053738229,40608.79383118637,4023.728080658242,0.0009549959539352712,0.000770304303628677,349.95281016513854,0.04540925702560522,0.010291911263810238,403.35849317943394,6.086525579786792e-05,1.2847245725308632e-05,96.11032191461473,0.010055155239709701,0.0010521359258960233,1060657.4938139091,8363748.497041542,2847028.00971102,4308597.7105971575,265164.3734534773,2090937.1242603855,inside,"{'min_altitude_m': 'inside', 'max_altitude_m': 'inside', 'max_speed_mps': 'inside', 'max_dynamic_pressure_pa': 'inside'}",3,6414355.206146774,6418378.934227432,4023.728080658242,0.05646870778797258,0.057423703741907854,0.0009549959539352712,-0.0004527348615218977,0.0003175694421067793,0.000770304303628677,7984.622130469991,8334.57494063513,349.95281016513854,-0.2142056280372021,-0.1687963710115969,0.04540925702560522,1.5716504860552847,1.581942397319095,0.010291911263810238
194,48.5,False,-1.2217304763960306,-1.2217304763960306,-1.1925999999999994,0.07119999999999997,0.0,-375.44381116824894,5696.0,0.06591359044386393,0,,0.0,0.0,0.0,0.0,6416461.237384976,0.0569370269530057,-6.561817126463348e-05,8131.559054794672,-0.18856182855197143,1.5764694243703001,38361.23738497589,0.00508497726769533,168115.07583655513,245.81929814065634,358.8121000765181,3465978.384788145,1056298.1744116251,9.681577903635644,-1.1925999999999994,-1.1925999999999994,0.0038220558503991235,0.007004468134315829,121836.03852086794,243283.177830366,36255.20614677388,40278.934227432124,4131.304851325229,0.0009713403798353934,0.0007736193695479351,377.24984060634506,0.048163034963067564,0.010599128801460855,430.30708266586385,6.537770360050634e-05,1.326026367703258e-05,109.18812176482746,0.011015111749849349,0.001228870150602628,1094249.3807958264,8778579.247259755,2937195.7063466925,4522298.400103509,273562.3451989566,2194644.8118149387,inside,"{'min_altitude_m': 'inside', 'max_altitude_m': 'inside', 'max_speed_mps': 'inside', 'max_dynamic_pressure_pa': 'inside'}",3,6413912.283334235,6418043.58818556,4131.304851325229,0.05677258722249761,0.057743927602333,0.0009713403798353934,-0.00045630991937671014,0.000317309450171225,0.0007736193695479351,8005.563370493345,8382.81321109969,377.24984060634506,-0.2194357980102345,-0.17127276304716693,0.048163034963067564,1.5718096598119846,1.5824087886134455,0.010599128801460855
195,48.75,False,-1.2217304763960306,-1.2217304763960306,-1.1747999999999994,0.07119999999999997,0.0,-517.8438111682492,5696.0,0.09091359044386398,0,,0.0,0.0,0.0,0.0,6416080.179497457,0.057248230315998246,-6.738654285046228e-05,8162.389351409308,-0.19209506620963618,1.5767361826055812,37980.17949745711,0.005381845166531354,179281.6405365325,244.76499311294043,378.1312699263566,3696196.1192171965,1126459.769666193,9.682727936389165,-1.1747999999999994,-1.1747999999999994,0.00401301217600442,0.007495054963146476,128595.0587239298,263344.59227532207,35812.28333423473,39943.58818555996,4246.385113667697,0.0009889630013893147,0.0007770553903668584,408.38525333582857,0.0511905832390222,0.01095913301617335,460.32104937116947,7.049048621566288e-05,1.37440832756931e-05,124.54165091793466,0.012110193103818499,0.001440016858850391,1130096.7563545771,9239384.96816058,3033417.6091622873,4759683.165416057,282524.1890886443,2309846.242040145,inside,"{'min_altitude_m': 'inside', 'max_altitude_m': 'inside', 'max_speed_mps': 'inside', 'max_dynamic_pressure_pa': 'inside'}",3,6413456.09276623,6417702.477879898,4246.385113667697,0.05707692710387195,0.05806589010526127,0.0009889630013893147,-0.00046005485629198214,0.00031700053407487624,0.0007770553903668584,8028.212508421756,8436.597761757585,408.38525333582857,-0.2250412651797644,-0.17385068194074219,0.0511905832390222,1.571985684750449,1.5829448177666223,0.01095913301617335
196,49.0,True,-1.2217304763960306,-1.2217304763960306,-1.1569999999999994,0.07119999999999997,0.0,-660.2438111682495,5696.0,0.11591359044386403,0,,0.0,0.0,0.0,0.0,6415690.597136716,0.05756041907172749,-6.924396374107315e-05,8196.150818182881,-0.19582058036220298,1.5770362557667514,37590.59713671636,0.0057047637592097435,191614.13872804402,243.68697323139915,399.05436742984875,3950451.5567472284,1203947.1411039173,9.68390390785528,-1.1569999999999994,-1.1569999999999994,0.004217831084500226,0.008039303059116886,135924.23804606425,286103.44801514817,35356.092766229995,39602.47787989769,4369.86207151413,0.00100803982169783,0.0007806337353496301,444.0565982094504,0.05453231785581264,0.011382602987455526,493.90783138784104,7.630728123407646e-05,1.4313379931086774e-05,142.68537949448574,0.013366938467161667,0.0016938798851286044,1168438.5086833758,9754331.587720422,3136334.9443606404,5024958.69670446,292109.62717084395,2438582.8969301055,inside,"{'min_altitude_m': 'inside', 'max_altitude_m': 'inside', 'max_speed_mps': 'inside', 'max_dynamic_pressure_pa': 'inside'}",3,6412985.443267132,6417355.305338646,4369.86207151413,0.05738175592975753,0.05838979575145536,0.00100803982169783,-0.0004639963699341509,0.0003166373654154792,0.0007806337353496301,8052.733146889843,8496.789745099293,444.0565982094504,-0.2310676658456714,-0.17653534798985876,0.05453231785581264,1.5721801631046504,1.583562766092106,0.011382602987455526
197,49.25,False,-1.2217304763960306,-1.2217304763960306,-1.1391999999999993,0.07119999999999997,0.0,-802.6438111682498,5696.0,0.1409135904438641,0,,0.0,0.0,0.0,0.0,6415291.912800905,0.057873688240452525,-7.120200927880898e-05,8233.194998228133,-0.19975478487580572,1.5773740759521766,37191.912800905295,0.006056960601337316,205287.05105407114,242.58363156771512,421.77257012778216,4232341.912762575,1289856.5829371656,9.685107575846452,-1.1391999999999993,-1.1391999999999993,0.004437892742279752,0.00864574453816784,143890.93056413063,312091.6481196176,34885.443267132156,39255.305338646285,4502.784370334819,0.0010287786066084728,0.0007843804020880656,485.12707259364925,0.05823700969667325,0.011882916500598917,531.6891952838057,8.295513964255642e-05,1.4986666953741764e-05,164.28189753679618,0.01481876736344245,0.002001254052573208,1209547.7399666407,10333610.761473991,3246680.7756999317,5323375.240759328,302386.9349916602,2583402.6903684977,inside,"{'min_altitude_m': 'inside', 'max_altitude_m': 'inside', 'max_speed_mps': 'inside', 'max_dynamic_pressure_pa': 'inside'}",3,6412498.966062343,6417001.750432678,4502.784370334819,0.05768710260179292,0.05871588120840139,0.0010287786066084728,-0.00046816631745578925,0.00031621408463227633,0.0007843804020880656,8079.309155191549,8564.436227785198,485.12707259364925,-0.23756926478138352,-0.17933225508471026,0.05823700969667325,1.5723948448236393,1.5842777613242383,0.011882916500598917
198,49.5,False,-1.2217304763960306,-1.2217304763960306,-1.1213999999999993,0.07119999999999997,0.0,-945.0438111682502,5696.0,0.16591359044386414,0,,0.0,0.0,0.0,0.0,6414883.486643111,0.05818814413888974,-7.327391995439009e-05,8273.930288645912,-0.20391625219417386,1.57775480849661,36783.48664311133,0.006442195948353824,220509.67522784226,241.4531876200694,446.5077112934885,4546182.215802022,1385503.151482521,9.686340888098652,-1.1213999999999993,-1.1213999999999993,0.0046747545821194825,0.009324767441554208,152572.85528872925,341983.8313020603,34398.96606234275,38901.75043267757,4646.393021028489,0.0010514264097151865,0.0007883272896014436,532.6758528040946,0.06236407323928639,0.012477003158433142,574.4346027741037,9.059121242684619e-05,1.5787550053512487e-05,190.1951208417807,0.01650825417045254,0.0023763466313376606,1253737.9701757485,10990099.608749548,3365296.656787536,5661566.465113402,313434.4925439371,2747524.902187387,inside,"{'min_altitude_m': 'inside', 'max_altitude_m': 'inside', 'max_speed_mps': 'inside', 'max_dynamic_pressure_pa': 'inside'}",3,6411995.075613176,6416641.468634205,4646.393021028489,0.057992995895111255,0.05904442230482644,0.0010514264097151865,-0.0004726030399548512,0.0003157242496465925,0.0007883272896014436,8108.147825557379,8640.823678361474,532.6758528040946,-0.24461122565595014,-0.18224715241666375,0.06236407323928639,1.5726316340181923,1.5851086371766254,0.012477003158433142
199,49.75,False,-1.2217304763960306,-1.2217304763960306,-1.1213999999999993,-2.7755575615628914e-17,-0.2848,-1087.4438111682505,5696.0,0.1909135904438642,1,"POD0_RNEG,POD1_RNEG,POD2_RNEG,POD3_RNEG",-5696.0,1.1368683772161603e-13,1.3079227814893731e-13,0.0,6414464.606541608,0.05850390617836634,-7.547490485468901e-05,8318.833950272905,-0.20832610431776116,1.5781845046187972,36364.60654160846,0.006864875380863418,237534.97962907347,240.293659664159,473.5186182120442,4897187.839512271,1492476.2939465968,9.687606012526901,-1.1213999999999993,-1.1213999999999993,0.004930179392156031,0.010089145689124881,162060.0775671358,376647.1486628715,33895.07561317645,38541.46863420494,4802.169727489352,0.0010762793837354942,0.0007925139114972844,587.4387423910803,0.06702651268346393,0.01316279162754097,623.1068258426981,9.941189608124001e-05,1.6746487583363067e-05,219.05155834793848,0.018649757776710196,0.0027431538764316867,1301370.703929898,11740292.320475757,3493152.942127622,6048029.377214784,325342.6759824745,2935073.0801189393,inside,"{'min_altitude_m': 'inside', 'max_altitude_m': 'inside', 'max_speed_mps': 'inside', 'max_dynamic_pressure_pa': 'inside'}",3,6411471.918797102,6416274.088524591,4802.169727489352,0.058299463662203725,0.05937574304593922,0.0010762793837354942,-0.0004773531289116841,0.00031516078258560037,0.0007925139114972844,8139.019777713652,8726.458520104732,587.4387423910803,-0.2523397929823738,-0.18531328029890987,0.06702651268346393,1.572881998655236,1.586044790282777,0.01316279162754097
200,50.0,True,-1.2217304763960306,-1.2217304763960306,-1.1213999999999993,-2.7755575615628914e-17,0.0,-802.6438111682504,5696.0,0.1409135904438642,0,,0.0,0.0,0.0,0.0,6414034.476060306,0.058821109036275875,-7.782251506235308e-05,8367.78174524847,-0.21304991980628055,1.5786521739601556,35934.47606030572,0.007330192083213387,256629.18675819554,239.10283122875234,503.1090898100313,5290847.413794273,1612448.7356325404,9.688905373910579,-1.1213999999999993,-1.1213999999999993,0.005206168690297704,0.010954761875428752,172437.78990798682,417108.46468384116,33371.918797101825,38174.08852459118,4971.9415102032945,0.0011036748217918974,0.0007969808754382428,650.9870195374478,0.07232621581120557,0.013960605645824353,679.0871308538319,0.00010958175222562302,1.7867855763833545e-05,254.1931085854671,0.02119881251096653,0.0031912560731332104,1352633.4406667717,12600908.012596298,3630752.919684493,6491376.85497385,338158.36016669293,3150227.0031490745,inside,"{'min_altitude_m': 'inside', 'max_altitude_m': 'inside', 'max_speed_mps': 'inside', 'max_dynamic_pressure_pa': 'inside'}",3,6410927.234342786,6415899.175852989,4971.9415102032945,0.058606508995839884,0.05971018381763178,0.0011036748217918974,-0.0004824616526254642,0.0003145192228127786,0.0007969808754382428,8172.136798998559,8823.123818536007,650.9870195374478,-0.2608670347207438,-0.18854081890953822,0.07232621581120557,1.5731468345091906,1.587107440155015,0.013960605645824353
201,50.25,False,-1.2217304763960306,-1.2217304763960306,-1.1213999999999993,-2.7755575615628914e-17,0.0,-802.6438111682504,5696.0,0.1409135904438642,0,,0.0,0.0,0.0,0.0,6413592.151264867,0.05913987637080522,-8.03310925308736e-05,8421.333670429294,-0.2181228319975361,1.5791629703891201,35492.151264866814,0.007844366716229602,278156.77556192345,237.87807590530173,535.6417193023476,5734675.292400886,1747710.5653031273,9.6902418451953,-1.1213999999999993,-1.1213999999999993,0.00550502964716228,0.01194175029682536,183823.4541442791,464817.78621402365,32827.23434278555,37799.17585298885,5157.935628929175,0.0011340239740268154,0.0008017787168837463,725.3587231557594,0.07839213652181973,0.01489690058525861,743.9764749005944,0.00012139660893967664,1.9191365782014263e-05,297.48681447324293,0.024263682842456516,0.003745179757737111,1407963.5304307998,13598387.069664868,3779270.5290510952,7005229.702554629,351990.88260769995,3399596.767416217,inside,"{'min_altitude_m': 'inside', 'max_altitude_m': 'inside', 'max_speed_mps': 'inside', 'max_dynamic_pressure_pa': 'inside'}",3,6410358.322961103,6415516.258590032,5157.935628929175,0.058914127462956094,0.06004815143698291,0.0011340239740268154,-0.00048798389288017766,0.0003137948240035687,0.0008017787168837463,8207.740295815373,8933.099018971132,725.3587231557594,-0.2703326537774364,-0.1919405172556167,0.07839213652181973,1.5734270335810938,1.5883239341663524,0.01489690058525861
202,50.5,False,-1.2217304763960306,-1.2217304763960306,-1.1213999999999993,-2.7755575615628914e-17,0.0,-802.6438111682504,5696.0,0.1409135904438642,0,,0.0,0.0,0.0,0.0,6413136.562763597,0.05946034832471907,-8.301712558163363e-05,8480.158554888812,-0.2235856805466755,1.5797230137610347,35036.562763596885,0.008414851913617603,302568.99778118974,236.61641801891682,571.5489657367216,6237974.797906768,1901097.0812668244,9.69161868148379,-1.1213999999999993,-1.1213999999999993,0.005829406887928927,0.013075863205395643,196354.82913507996,521728.62922260776,32258.32296110317,37416.25859003235,5362.900554083288,0.0011678341365373643,0.0008069712019133033,813.2411333706605,0.08538992730217171,0.01600669914513486,819.8597006177038,0.00013524065004219391,2.0769940118227885e-05,351.52964085960616,0.027991163121408022,0.004439194239504408,1467870.3378249041,14768211.808042012,3940073.012056323,7607866.68899134,366967.58445622603,3692052.952010503,inside,"{'min_altitude_m': 'inside', 'max_altitude_m': 'inside', 'max_speed_mps': 'inside', 'max_dynamic_pressure_pa': 'inside'}",3,6409761.922417804,6415124.822971887,5362.900554083288,0.05922230365799565,0.06039013779453301,0.0011678341365373643,-0.0004939886319399273,0.00031298256997337607,0.0008069712019133033,8246.106428049647,9059.347561420307,813.2411333706605,-0.2809135160632053,-0.1955235887610336,0.08538992730217171,1.5737234429371858,1.5897301420823207,0.01600669914513486
203,50.75,False,-1.2217304763960306,-1.2217304763960306,-1.1213999999999993,-2.7755575615628914e-17,0.0,-802.6438111682504,5696.0,0.1409135904438642,0,,0.0,0.0,0.0,0.0,6412666.491739935,0.059782684619746125,-8.589969141891884e-05,8545.061994994303,-0.2294862688881015,1.5803396269379641,34566.49173993524,0.009050648778048957,330430.51861998916,235.3144658819069,611.3507200221137,6812387.464433404,2076156.1796368468,9.693039593080123,-1.1213999999999993,-1.1213999999999993,0.00618234324973876,0.014390570734999865,210194.32654384943,590529.8650449849,31661.922417803667,37024.822971886955,5590.275402585976,0.0012057394181992712,0.0008126400740100673,918.2449616941012,0.09353603898667226,0.017337273596822023,909.4993940094132,0.00015162112664760647,2.267548838705593e-05,420.01531329376047,0.03258444673800227,0.00532229780674914,1532950.2292918956,16159058.700269958,4114761.14178351,8324363.572866339,383237.5573229739,4039764.6750674895,inside,"{'min_altitude_m': 'inside', 'max_altitude_m': 'inside', 'max_speed_mps': 'inside', 'max_dynamic_pressure_pa': 'inside'}","2,3",6409134.033821565,6414724.309224151,5590.275402585976,0.05953100615695359,0.060736745575152865,0.0012057394181992712,-0.000500562860010144,0.0003120772139999233,0.0008126400740100673,8287.552252815398,9205.7972145095,918.2449616941012,-0.2928375528024704,-0.19930151381579816,0.09353603898667226,1.5740367988504642,1.5913740724472862,0.017337273596822023
204,51.0,True,-1.2217304763960306,-1.2217304763960306,-1.1213999999999993,-2.7755575615628914e-17,0.0,-802.6438111682504,5696.0,0.1409135904438642,0,,0.0,0.0,0.0,0.0,6412180.53985195,0.06010706841922317,-8.900101773416953e-05,8617.023396972572,-0.2358809805193956,1.581021646390453,34080.53985194955,0.009762725632063323,362456.28335747024,233.9683279635584,655.6774469831407,7472653.105596584,2277379.994086578,9.694508837231947,-1.1213999999999993,-1.1213999999999993,0.006567353260813992,0.015930180847099743,225534.4772122239,675015.1473526201,31034.0338215651,36624.309224151075,5844.432913448662,0.0012485445675846432,0.0008188920562295105,1045.3285830724544,0.10311893804038477,0.018953884511383468,1016.6300434519085,0.00017122059754148063,2.5007928877772957e-05,508.3344855134148,0.03833159621485007,0.0064664436582459635,1603905.2852685268,17839424.891352423,4305219.449931309,9190006.762211854,400976.3213171317,4459856.222838106,inside,"{'min_altitude_m': 'inside', 'max_altitude_m': 'inside', 'max_speed_mps': 'inside', 'max_dynamic_pressure_pa': 'inside'}","2,3",6408469.6741338335,6414314.107047282,5844.432913448662,0.05984017999626964,0.06108872456385429,0.0012485445675846432,-0.0005078187000985454,0.00031107335613096514,0.0008188920562295105,8332.443062096721,9377.771645169176,1045.3285830724544,-0.3064046315545977,-0.2032856935142129,0.10311893804038477,1.5743676223140781,1.5933215068254616,0.018953884511383468
205,51.25,False,-1.2217304763960306,-1.2217304763960306,-1.1213999999999993,-2.7755575615628914e-17,0.0,-802.6438111682504,5696.0,0.1409135904438642,0,,0.0,0.0,0.0,0.0,6411677.090989771,0.060433711201294295,-9.234720381793311e-05,8697.24580121414,-0.24283688259336061,1.5817798346059748,33577.0909897713,0.010564579675428272,399563.4143990964,232.57350637867853,705.301087349418,8237679.760533927,2510530.974638911,9.696031334697617,-1.1213999999999993,-1.1213999999999993,0.006988512179882722,0.01775461039639702,242604.8284205782,780693.3092572978,30369.674133833498,36214.10704728216,6131.037510992959,0.0012972890434237438,0.0008258694978485065,1201.4771326379796,0.11453207833348555,0.02094904761228733,1146.4183901752149,0.0001949779033563828,2.7909766475983516e-05,624.5941982621025,0.04565256117240325,0.007980652403615713,1681566.775500754,19908604.41366104,4513679.239502025,10255947.728249626,420391.6938751885,4977151.10341526,inside,"{'min_altitude_m': 'inside', 'max_altitude_m': 'inside', 'max_speed_mps': 'inside', 'max_dynamic_pressure_pa': 'inside'}","2,3",6407762.513530566,6413893.551041559,6131.037510992959,0.060149735214595046,0.06144702425801879,0.0012972890434237438,-0.0005159039158432412,0.00030996558200526526,0.0008258694978485065,8381.201095681725,9582.678228319704,1201.4771326379796,-0.32201894231457845,-0.2074868639810929,0.11453207833348555,1.5747160533758326,1.59566510098812,0.02094904761228733
206,51.5,False,-1.2217304763960306,-1.2217304763960306,-1.1391999999999993,-0.07120000000000003,-0.2848,-802.6438111682504,5696.0,0.1409135904438642,1,"POD0_RNEG,POD1_RNEG,POD2_RNEG,POD3_RNEG",-5696.0,1.1368683772161603e-13,1.3079227814893731e-13,0.0,6411154.262063834,0.060762858979453514,-9.596915849263834e-05,8787.22396388261,-0.25043450179019044,1.5826274356800798,33054.262063833885,0.011473001777033849,442945.66569045966,231.12475981776203,761.176941713683,9132078.698351363,2783109.698545177,9.69761281976082,-1.1391999999999993,-1.1391999999999993,0.007450563946839829,0.0199469295652854,261680.68806916935,915840.551711699,29662.513530566357,35793.551041559316,6457.590068584308,0.0013533435579235892,0.000833767148683163,1394.9060107950427,0.12843959851864428,0.023367105032707114,1306.2102303637632,0.00022421805799937179,3.1590603338626476e-05,773.7155126282528,0.055630080740634864,0.009672229681679467,1766924.722004595,22515677.928292777,4742797.9380123345,11598985.59942355,441731.18050114874,5628919.482073194,inside,"{'min_altitude_m': 'inside', 'max_altitude_m': 'inside', 'max_speed_mps': 'inside', 'max_dynamic_pressure_pa': 'inside'}","2,3",6407004.326351981,6413461.916420565,6457.590068584308,0.060459528925044324,0.061812872482967914,0.0013533435579235892,-0.0005250184464694974,0.0003087487022136657,0.000833767148683163,8433.57717519333,9828.483185988372,1394.9060107950427,-0.34039194286049795,-0.21195234434185367,0.12843959851864428,1.5750635143662193,1.5984306193989264,0.023367105032707114
207,51.75,False,-1.2217304763960306,-1.2217304763960306,-1.1569999999999994,-0.07120000000000003,0.0,-375.4438111682501,5696.0,0.06591359044386413,0,,0.0,0.0,0.0,0.0,6410609.838772746,0.061094800346424234,-9.990383762649224e-05,8887.562211839084,-0.258841799256212,1.583541708928717,32509.838772745803,0.012509135496858538,494040.56372705963,229.61592463053523,824.5013884830415,10185486.974120658,3104148.4111605813,9.699260036049452,-1.1569999999999994,-1.1569999999999994,0.007959051804104568,0.02262577065223764,283044.67107765377,1092814.3343019576,28904.32635198068,35361.91642056499,6834.375292671844,0.0014184988056857445,0.0008428216485622598,1639.8924205506955,0.14567588968388134,0.02635927769127777,1507.1408963500674,0.0002606209910486063,3.6217999516386665e-05,979.9456390226137,0.06894516466094824,0.011968690634282526,1860676.304094719,25873040.70125872,4994446.921517405,13328536.118830247,465169.07602367975,6468260.17531468,inside,"{'min_altitude_m': 'inside', 'max_altitude_m': 'inside', 'max_speed_mps': 'inside', 'max_dynamic_pressure_pa': 'inside'}","2,3",6406184.000424701,6413018.375717373,6834.375292671844,0.060769293611135235,0.06218779241682098,0.0014184988056857445,-0.0005353976916924999,0.00030742395686975983,0.0008428216485622598,8490.017733021432,10129.910153572127,1639.8924205506955,-0.3623671161847978,-0.21669122650091643,0.14567588968388134,1.5754059807606524,1.6017652584519302,0.02635927769127777
208,52.0,True,-1.2217304763960306,-1.2217304763960306,-1.1747999999999994,-0.07120000000000003,0.0,-233.04381116824987,5696.0,0.04091359044386409,0,,0.0,0.0,0.0,0.0,6410041.121209125,0.061429822831567026,-0.00010418204032278435,9000.349062434769,-0.2681888177624259,1.5845324939677161,31941.121209125035,0.01367619377607586,553928.813373738,228.4319591686944,896.7764611009244,11420185.15776237,3480437.3814132935,9.70098120573817,-1.1747999999999994,-1.1747999999999994,0.008520527421502168,0.025967273358077355,307081.5170926127,1332316.912867847,28084.00042470079,34918.37571737263,7275.7725599277765,0.0014952407792621358,0.0008533699466312585,1958.8645883681238,0.16749649304995684,0.030160962935033897,1765.5890690201643,0.0003069678943055686,4.219319227599521e-05,1275.8886712697129,0.08728241346430189,0.015206740975024634,1964100.5713387006,30347033.181716125,5272059.428330198,15633320.123914365,491025.14283467515,7586758.295429031,inside,"{'min_altitude_m': 'inside', 'max_altitude_m': 'inside', 'max_speed_mps': 'inside', 'max_dynamic_pressure_pa': 'inside'}","2,3",6405286.2659549415,6412562.038514869,7275.7725599277765,0.061078620347617685,0.06257386112687982,0.0014952407792621358,-0.0005473751961184559,0.0003059947505128026,0.0008533699466312585,8551.0408610834,10509.905449451524,1958.8645883681238,-0.3892034553443253,-0.22170696229436848,0.16749649304995684,1.5757377213220543,1.6058986842570881,0.030160962935033897
209,52.25,False,-1.2217304763960306,-1.2217304763960306,-1.1925999999999994,-0.07120000000000003,0.0,-90.64381116824956,5696.0,0.015913590443864038,0,,0.0,0.0,0.0,0.0,6409444.880855305,0.06176826799184021,-0.00010884005807434971,9128.0709037993,-0.27861851742105964,1.5856101031178707,31344.88085530512,0.014979031951284354,624039.0416797651,227.84159120634223,979.6678190478831,12865626.82711927,3920952.9377887296,9.702786162519464,-1.1925999999999994,-1.1925999999999994,0.009142700184346736,0.030243816551733613,334258.48926666996,1670337.4464034163,27186.26595494151,34462.03851486929,7802.689524282701,0.001587151472864999,0.0008659143439931039,2389.095843586034,0.1958894018685425,0.03516124932260789,2107.667857420971,0.000367642774411435,5.017758944738213e-05,1720.9250208716394,0.11357163527434261,0.020001145550295654,2078733.7867783958,36576404.267367534,5579759.111878853,18842390.077128727,519683.44669459894,9144101.066841884,inside,"{'min_altitude_m': 'inside', 'max_altitude_m': 'inside', 'max_speed_mps': 'inside', 'max_dynamic_pressure_pa': 'inside'}","2,3",6404289.265941917,6412091.9554662,7802.689524282701,0.061386868770297774,0.06297402024316277,0.001587151472864999,-0.0005614465505855195,0.0003044677934075845,0.0008659143439931039,8617.246042355402,11006.341885941436,2389.095843586034,-0.4228821748943265,-0.226992773025784,0.1958894018685425,1.5760504827786426,1.6112117321012505,0.03516124932260789
210,52.5,False,-1.2217304763960306,-1.2217304763960306,-1.2103999999999995,-0.07120000000000003,0.0,51.75618883175076,5696.0,0.00908640955613602,0,,0.0,0.0,0.0,0.0,6408817.26275981,0.06211054005936182,-0.00011392045944359872,9273.748723409608,-0.2902904058422586,1.5867855316299952,30717.262759810314,0.016489242360888987,709057.3354520726,227.2200358702346,1075.4975254557296,14618423.636448089,4455138.6320603695,9.704686651206627,-1.2103999999999995,-1.2103999999999995,0.009834654237629652,0.035900283415886934,365145.61247474956,2174472.299136771,26189.265941916965,33991.955466199666,8447.08940009866,0.001699641466217372,0.000881249463743094,2997.2081755450763,0.23421782793716073,0.04205577054764409,2577.599503261698,0.0004499599734094802,6.134047899996027e-05,2432.449327836166,0.1533137042744729,0.027578084900144583,2206427.78734478,45768240.824108385,5922516.692346515,23577578.606358863,551606.946836195,11442060.206027096,inside,"{'min_altitude_m': 'inside', 'max_altitude_m': 'inside', 'max_speed_mps': 'inside', 'max_dynamic_pressure_pa': 'inside'}","2,3",6403160.04157558,6411607.130975679,8447.08940009866,0.06169299878372711,0.06339264024994448,0.001699641466217372,-0.0005783944701355279,0.00030285499360756615,0.000881249463743094,8689.320374408107,11686.528549953184,2997.2081755450763,-0.4667414376698067,-0.23252360973264596,0.23421782793716073,1.5763321763479303,1.6183879468955744,0.04205577054764409
211,52.75,False,-1.2217304763960306,-1.2217304763960306,-1.2281999999999995,-0.07120000000000003,0.0,194.15618883175108,5696.0,0.03408640955613607,0,,0.0,0.0,0.0,0.0,6408153.655343328,0.062457117526358574,-0.00011947313673173821,9441.784010730122,-0.30343735428111973,1.5880756864759524,30053.65534332767,0.018257573038010847,813806.5363007612,226.56270644477212,1187.3904748071006,16778006.673000738,5113297.271771654,9.706696726445367,-1.2281999999999995,-1.2281999999999995,0.01060708085076338,0.043716644878551154,400440.0467159269,2985299.2843670137,25060.041575579904,33507.13097567856,9261.182898554951,0.0018414050454947095,0.0009007365156385352,3914.484978899165,0.2887027214668382,0.052228162633466635,3256.3739938229355,0.0005670543171093609,7.794820758176423e-05,3669.107213416358,0.21793957411870948,0.040689568343290135,2349416.746364037,60459739.18264241,6306329.161292942,31145926.245603666,587354.1865910093,15114934.795660602,inside,"{'min_altitude_m': 'inside', 'max_altitude_m': 'inside', 'max_speed_mps': 'inside', 'max_dynamic_pressure_pa': 'inside'}","2,3",6401845.369475191,6411106.552373746,9261.182898554951,0.06199522871722614,0.06383663376272085,0.0018414050454947095,-0.0005995597020471029,0.00030117681359143224,0.0009007365156385352,8768.032561152997,12682.517540052162,3914.484978899165,-0.5269443177275155,-0.23824159626067734,0.2887027214668382,1.5765646594215268,1.6287928220549934,0.052228162633466635
212,53.0,True,-1.2217304763960306,-1.2217304763960306,-1.2459999999999996,-0.07120000000000003,0.0,336.5561888317514,5696.0,0.05908640955613613,0,,0.0,0.0,0.0,0.0,6407448.348685708,0.06280858738215593,-0.00012555878115588163,9638.172666629149,-0.3183590806349336,1.5895022188399788,29348.348685707897,0.02035244005819145,945313.5725162283,225.86392301050842,1319.548755650453,19489248.021834314,5939580.34951141,9.708833793887292,-1.2459999999999996,-1.2459999999999996,0.011472481592156348,0.05519701148796054,440992.9856983779,4439116.186363931,23745.36947519146,33006.55237374641,10338.373715003952,0.002027645475141511,0.0009269823273548309,5437.614648655368,0.3723981865471182,0.06888398570610565,4308.763265797212,0.0007449617185872361,0.00010498324686518313,6092.518679024814,0.3347818603211202,0.06662329229055579,2510382.1446802816,86828136.72679858,6738394.177826021,44729646.1925932,627595.5361700704,21707034.181699645,inside,"{'min_altitude_m': 'inside', 'max_altitude_m': 'inside', 'max_speed_mps': 'inside', 'max_dynamic_pressure_pa': 'inside'}","2,3",6400250.877329638,6410589.251044642,10338.373715003952,0.06229025919896091,0.06431790467410242,0.002027645475141511,-0.0006275134855845088,0.00029946884177032207,0.0009269823273548309,8854.18972039065,14291.804369046018,5437.614648655368,-0.616426651883637,-0.24402846533651876,0.3723981865471182,1.576719748834125,1.6456037345402306,0.06888398570610565
213,53.25,False,-1.2217304763960306,-1.2217304763960306,-1.2637999999999996,-0.07120000000000003,0.0,478.95618883175166,5696.0,0.08408640955613618,0,,0.0,0.0,0.0,0.0,6406694.141147569,0.063165681797559,-0.00013225252876132497,9871.299182042661,-0.33544947201283337,1.5910934682031581,28594.141147568822,0.022868300211791603,1114172.7152892111,225.11652074148205,1477.7580810641982,22970566.61276198,7000553.634365557,9.711119811131145,-1.2637999999999996,-1.2637999999999996,0.012445206402062366,0.07366059402187483,487831.4045678319,7522797.070461791,22150.877329638228,32489.25104464218,11869.156225204468,0.0022883924110091436,0.0009658803883365861,8389.585950069382,0.518436847291829,0.10141965726051816,6123.1300407987765,0.0010429877434705369,0.00015559224392702086,11807.885205656055,0.5841546429788432,0.1301426862176501,2692478.3068639617,143537401.94420534,7227178.6131611625,73943510.09246942,673119.5767159904,35884350.486051336,inside,"{'min_altitude_m': 'inside', 'max_altitude_m': 'inside', 'max_speed_mps': 'inside', 'max_dynamic_pressure_pa': 'inside'}","2,3",6398185.271460348,6410054.427685552,11869.156225204468,0.06257121489215248,0.06485960730316162,0.0022883924110091436,-0.0006680836663707894,0.0002977967219657967,0.0009658803883365861,8948.47607117479,17338.06202124417,8389.585950069382,-0.7680871125139278,-0.24965026522209877,0.518436847291829,1.5767514134046292,1.6781710706651474,0.10141965726051816
214,53.5,False,-1.2217304763960306,-1.2217304763960306,-1.2815999999999996,-0.07120000000000003,0.0,621.356188831752,5696.0,0.10908640955613623,0,,0.0,0.0,0.0,0.0,6405881.748963063,0.06352933179022299,-0.00013964934924718062,10153.257021440324,-0.35523909381514823,1.5928875054935956,27781.74896306265,0.025939285072048568,1337022.656549384,224.31126194727102,1670.2103506753226,27564997.395459916,8400761.110997308,9.713583090474113,-1.2815999999999996,-1.2815999999999996,0.01352515244406399,0.08824735901361223,541514.805771858,13263948.46270282,20085.27146034781,31954.427685552277,14327.893187283538,0.0026952683034049962,0.0010348825355042245,14554.281117941084,0.7817570120075437,0.1871657381651184,9834.947848317912,0.0016275035695834106,0.0002760085886705538,24658.780671486806,1.053280658862858,0.34298432361840064,2897497.1561771976,280503832.5021919,7777492.366580901,144501974.319311,724374.2890442994,70125958.12554798,inside,"{'min_altitude_m': 'inside', 'max_altitude_m': 'inside', 'max_speed_mps': 'inside', 'max_dynamic_pressure_pa': 'inside'}","1,2",6395173.82050523,6409501.713692513,14327.893187283538,0.06282078548461649,0.06551605378802149,0.0026952683034049962,-0.0007385835590788066,0.0002962989764254179,0.0010348825355042245,9050.727786344623,23605.008904285707,14554.281117941084,-1.0363890333286296,-0.25463202132108603,0.7817570120075437,1.5643326224662593,1.7514983606313776,0.1871657381651184
215,53.75,False,-1.2217304763960306,-1.2217304763960306,-1.2993999999999997,-0.07120000000000003,0.0,763.7561888317523,5696.0,0.1340864095561363,0,,0.0,0.0,0.0,0.0,6404998.886355992,0.06390074822348168,-0.00014787229928028993,10502.150787332946,-0.37846406616971545,1.5949371042727283,26898.886355992407,0.029762414504805875,1641325.3009694002,223.435919890263,1908.900286492047,33838714.26912719,10312751.015353048,9.716261108217168,-1.2993999999999997,-1.2993999999999997,0.014689996709723728,0.14397872654131796,601670.4868195424,40112217.31896215,17073.820505229756,31401.713692513295,18836.39233643934,0.0034114047641238404,0.0012015046098397331,37303.44214412073,1.60104956464816,0.7397907972171005,18033.99659662284,0.0028645458428753394,0.0006664882973420346,90996.64410471858,3.2771702105624647,2.210500236207929,3124395.8272800753,904165546.5358597,8386536.167962308,465782251.24574584,781098.9568200188,226041386.63396493,inside,"{'min_altitude_m': 'inside', 'max_altitude_m': 'inside', 'max_speed_mps': 'inside', 'max_dynamic_pressure_pa': 'inside'}","1,2",6390095.37595704,6408931.768293479,18836.39233643934,0.06299766189753675,0.06640906666166059,0.0034114047641238404,-0.0008994210922231958,0.0003020835176165373,0.0012015046098397331,9158.419005066324,46461.861149187054,37303.44214412073,-1.8593450713550215,-0.25829550670686163,1.60104956464816,1.392752378258947,2.1325431754760475,0.7397907972171005
