t_s,sigma_actual_rad,sigma_actual_deg,nom_r_m,nom_alt_m,nom_phi_rad,nom_lam_rad,nom_V_mps,nom_gamma_rad,nom_chi_rad,nom_gamma_deg,nom_chi_deg,rho_lo,rho_hi,q_lo,q_hi,alt_lo,alt_hi,safety_status,layer_indices,r_m_lo,r_m_hi,r_m_width,phi_rad_lo,phi_rad_hi,phi_rad_width,lam_rad_lo,lam_rad_hi,lam_rad_width,V_mps_lo,V_mps_hi,V_mps_width,gamma_rad_lo,gamma_rad_hi,gamma_rad_width,chi_rad_lo,chi_rad_hi,chi_rad_width,heating_qdot_max_lo,heating_qdot_max_hi,heating_Q_max_lo,heating_Q_max_hi
0.0,0.0,0.0,6498100.0,120000.0,0.0,0.0,7500.0,-0.09599310885968812,1.5707963267948966,-5.5,90.0,0.0,0.0,0.0,0.0,119850.0,120150.0,inside,,6497764.911438991,6498075.6421613945,310.7307224031538,0.00011183708951960486,0.00046259457168068314,0.00035075748216107825,-0.00017553844800870938,0.00017553844800870943,0.0003510768960174188,7480.2200312379955,7520.232351939641,40.012320701645876,-0.0986387292310603,-0.0933994838928366,0.0052392453382237025,1.5673056177946894,1.5742870357951038,0.006981418000414408,0.0,0.0,0.0,0.0
0.25,0.0,0.0,6497920.289214024,119820.28921402432,0.00028721747463696475,1.7586998048667248e-20,7500.226192079679,-0.09601910399356488,1.5707963267948966,-5.501489411459016,90.0,0.0,0.0,0.0,0.0,119670.28921402432,119970.28921402432,inside,,6497585.1464509545,6497895.877702368,310.73125141393393,0.00039907040735020377,0.0007498279767057759,0.00035075756935557217,-0.00017553850370802767,0.00017553850370802775,0.0003510770074160554,7480.446296568917,7520.458617927495,40.01232135857754,-0.09866471558656349,-0.09342547022065942,0.005239245365904074,1.5673057007197964,1.5742871189011651,0.00698141818136877,0.0,0.0,0.0,0.0
0.5,0.0,0.0,6497740.524490276,119640.52449027635,0.0005744508361085051,3.517496961084006e-20,7500.452457739297,-0.09604509033516676,1.5707964096751101,-5.502978319157789,90.00000474868644,0.0,0.0,0.0,0.0,119490.52449027635,119790.52449027635,inside,,6497405.327536984,6497716.059317416,310.73178043123335,0.0006863196180145314,0.001037077274657342,0.0003507576566428106,-0.00017553858338870463,0.0001755385356344784,0.000351077119023183,7480.672635470391,7520.68495748616,40.012322015769314,-0.09869069314681461,-0.09345144775321818,0.005239245393596437,1.5673058662680457,1.5742872849016594,0.0069814186336136785,0.0,0.0,0.0,0.0
0.75,0.0,0.0,6497560.705840597,119460.70584059693,0.0008617000905016271,-2.3807283430462624e-11,7500.678796969595,-0.09607106788151061,1.5707965754497222,-5.504466722925397,90.00001424687207,0.0,0.0,0.0,0.0,119310.70584059693,119610.70584059693,inside,,6497225.454708925,6497536.187018382,310.73230945691466,0.0009735847275998476,0.0013243424716226722,0.0003507577440228246,-0.0001755387108661214,0.00017553851997273751,0.0003510772308388589,7480.899047933152,7520.911370606372,40.01232267321939,-0.09871666190883072,-0.09347741648752994,0.0052392454213007755,1.5673061147248655,1.574287533810793,0.0069814190859274206,0.0,0.0,0.0,0.0
1.0,0.0,0.0,6497380.833276834,119280.83327683434,0.001148965243903617,-9.523717655767105e-11,7500.90520976131,-0.09609703662961348,1.5707968241329393,-5.50595462259093,90.00002849537084,0.0,0.0,0.0,0.0,119130.83327683434,119430.83327683434,inside,,6497045.527978633,6497356.260817124,310.7328384909779,0.0012608657421936866,0.0016116235736893364,0.00035075783149564983,-0.00017553890996372396,0.0001755384328994163,0.00035107734286314026,7481.125533947932,7521.13785727886,40.01232333092776,-0.09874262186962902,-0.0935033764206119,0.005239245449017119,1.5673064461044837,1.5742878656427939,0.0069814195383102184,0.0,0.0,0.0,0.0
1.25,0.0,0.0,6497200.906810841,119100.90681084059,0.0014362463024020352,-2.3811307019918896e-10,7501.131696105173,-0.0961229965764926,1.5707971557389895,-5.507442017983487,90.00004749499797,0.0,0.0,0.0,0.0,118950.90681084059,119250.90681084059,inside,,6496865.547357963,6497176.280725496,310.7333675324917,0.0015481626678838503,0.00189892058694518,0.0003507579190613298,-0.00017553920451304485,0.0001755382505830396,0.00035107745509608445,7481.352093505454,7521.364417494351,40.01232398889715,-0.09876857302622695,-0.0935293275494815,0.005239245476745452,1.5673068604211495,1.5742882804119123,0.006981419990762738,0.0,0.0,0.0,0.0
1.5,0.0,0.0,6497020.926454475,118920.92645447515,0.00172354327208471,-4.762664417466021e-10,7501.358255991909,-0.0961489477191654,1.5707975702821222,-5.50892890893218,90.0000712465699,0.0,0.0,0.0,0.0,118770.92645447515,119070.92645447515,inside,,6496685.512858784,6496996.246755365,310.73389658145607,0.0018354755107584026,0.0021862335174783146,0.000350758006719912,-0.00017553961835372527,0.00017553794918402364,0.0003510775675377489,7481.578726596436,7521.591051243561,40.01232464712484,-0.09879451537564214,-0.09355526987115635,0.00523924550448579,1.5673073576891343,1.5742887781324186,0.006981420443284314,0.0,0.0,0.0,0.0
1.75,0.0,0.0,6496840.892219602,118740.89221960213,0.0020108561590397316,-8.335368770713516e-10,7501.584889412234,-0.09617489005464948,1.5707980677766087,-5.510415295266131,90.00009975090431,0.0,0.0,0.0,0.0,118590.89221960213,118890.89221960213,inside,,6496505.424492963,6496816.158918601,310.73442563880235,0.002122804276905663,0.002473562371377115,0.000350758094471452,-0.0001755401753335369,0.00017553750485465415,0.000351077680188191,7481.80543321159,7521.817758517202,40.01232530561174,-0.09882044891489235,-0.09358120338265422,0.005239245532238132,1.5673079379227306,1.5742893588186062,0.006981420895875612,0.0,0.0,0.0,0.0
2.0,0.0,0.0,6496660.804118093,118560.8041180931,0.0022981849693554466,-1.3337720925423469e-09,7501.811596356861,-0.09620082357996262,1.5707986482367415,-5.51190117681447,90.0001330088201,0.0,0.0,0.0,0.0,118410.8041180931,118710.8041180931,inside,,6496325.282272377,6496636.017227082,310.73495470453054,0.0024101489724142012,0.0027609071547302104,0.00035075818231600914,-0.00017554089930840402,0.00017553689373906443,0.00035107779304746845,7482.032213341622,7522.04453930598,40.01232596435784,-0.09884637364099559,-0.09360712808099309,0.005239245560002506,1.5673086011362525,1.5742900224847889,0.00698142134853641,0.0,0.0,0.0,0.0
2.25,0.0,0.0,6496480.662161823,118380.66216182336,0.00258552970912045,-2.0008279569288236e-09,7502.038376816495,-0.09622674829212281,1.570799311676835,-5.51338655340634,90.00017102113742,0.0,0.0,0.0,0.0,118230.66216182336,118530.66216182336,inside,,6496145.08620891,6496455.8216926865,310.735483776778,0.002697509603372829,0.0030482678736264792,0.00035075827025365025,-0.00017554181414242533,0.00017553609197321334,0.00035107790611563867,7482.259066977231,7522.271393600594,40.01232662336315,-0.09887228955097001,-0.09363304396319112,0.005239245587778885,1.5673093473440356,1.574290769145303,0.0069814218012673734,0.0,0.0,0.0,0.0
2.5,0.0,0.0,6496300.466362675,118200.46636267472,0.00287289038442358,-2.858568513443662e-09,7502.265230781834,-0.09625266418814823,1.5708000581112251,-5.514871424870896,90.00021378867766,0.0,0.0,0.0,0.0,118050.46636267472,118350.46636267472,inside,,6495964.836314447,6496275.572327305,310.73601285740733,0.002984886175870596,0.003335644534155043,0.0003507583582844473,-0.00017554294370789622,0.00017553507568486324,0.00035107801939275943,7482.485994109108,7522.498321391737,40.012327282628576,-0.098898196641834,-0.0936589510262667,0.005239245615567295,1.5673101765604371,1.5742915988145059,0.006981422254068725,0.0,0.0,0.0,0.0
2.75,0.0,0.0,6496120.2167325355,118020.21673253551,0.0031602670013539135,-3.930866001735802e-09,7502.492158243574,-0.09627857126505723,1.5708008875542694,-5.516355791037302,90.00026131226343,0.0,0.0,0.0,0.0,117870.21673253551,118170.21673253551,inside,,6495784.532600884,6496095.269142829,310.73654194455594,0.0032722786959967823,0.003623037142405261,0.0003507584464084788,-0.00017554431188533052,0.00017553382099355798,0.0003510781328788885,7482.712994727943,7522.725322670095,40.0123279421523,-0.09892409491060608,-0.09368484926723836,0.005239245643367724,1.5673110887998365,1.5742925115067767,0.0069814227069402435,0.0,0.0,0.0,0.0
3.0,0.0,0.0,6495939.913283299,117839.91328329872,0.003447659566000757,-5.241600879959398e-09,7502.719159192398,-0.09630446951986835,1.5708018000203468,-5.517839651734734,90.00031359271861,0.0,0.0,0.0,0.0,117689.91328329872,117989.91328329872,inside,,6495604.175080119,6495914.912151159,310.73707104008645,0.003559687169840894,0.003910445704466723,0.0003507585346258289,-0.00017554594256348274,0.00017553230401060093,0.00035107824657408364,7482.940068824413,7522.952397426348,40.012328601935224,-0.09894998435430499,-0.0937107386831248,0.005239245671180198,1.5673120840766341,1.574293507236516,0.006981423159881928,0.0,0.0,0.0,0.0
3.25,0.0,0.0,6495759.556026864,117659.55602686387,0.0037350680844536422,-6.814661846728304e-09,7502.946233618989,-0.09633035894960032,1.570802795523858,-5.519323006792376,90.0003706308683,0.0,0.0,0.0,0.0,117509.55602686387,117809.55602686387,inside,,6495423.763764056,6495734.501364199,310.73760014306754,0.003847111603492654,0.004197870226429243,0.00035075862293658866,-0.00017554785963936993,0.00017553050083903284,0.00035107836047840277,7483.1672163891935,7523.179545651172,40.012329261978266,-0.09897586496994967,-0.09373661927094495,0.005239245699004719,1.567313162405252,1.5742945860181468,0.006981423612894666,0.0,0.0,0.0,0.0
3.5,0.0,0.0,6495579.144975136,117479.14497513603,0.004022492562802319,-8.673945863211162e-09,7503.17338151402,-0.09635623955127208,1.5708038740792252,-5.520805856039427,90.00043242753881,0.0,0.0,0.0,0.0,117329.14497513603,117629.14497513603,inside,,6495243.298664608,6495554.036793862,310.7381292534992,0.0041345520030419995,0.0044853107143828525,0.00035075871134085303,-0.00017555008701829395,0.0001755283875736099,0.00035107847459190386,7483.394437412952,7523.406767335233,40.012329922280514,-0.09900173675455924,-0.09376249102771794,0.005239245726841299,1.5673143238001341,1.5742957478661124,0.006981424065978237,0.0,0.0,0.0,0.0
3.75,0.0,0.0,6495398.680140027,117298.68014002685,0.004309933007136751,-1.0843358175175696e-08,7503.400602868158,-0.09638211132190272,1.5708050357008925,-5.522288199305094,90.00049898355775,0.0,0.0,0.0,0.0,117148.68014002685,117448.68014002685,inside,,6495062.779793692,6495373.518452063,310.73865837138146,0.004422008374579072,0.004772767174417796,0.0003507587998387244,-0.00017555264861386332,0.0001755259403007815,0.0003510785889146448,7483.62173188635,7523.634062469192,40.01233058284197,-0.09902759970515297,-0.09378835395046305,0.005239245754689925,1.5673155682757458,1.5742969927948784,0.00698142451913264,0.0,0.0,0.0,0.0
4.0,0.0,0.0,6495218.161533452,117118.16153345164,0.0045973894235471074,-1.3346812335109875e-08,7503.627897672065,-0.09640797425851155,1.5708062804033256,-5.523770036418594,90.0005702997539,0.0,0.0,0.0,0.0,116968.16153345164,117268.16153345164,inside,,6494882.207163228,6495192.946350724,310.7391874967143,0.004709480724194214,0.005060239612624526,0.0003507588884303116,-0.00017555556834801566,0.00017552313509866814,0.0003510787034466838,7483.8490998000425,7523.861431043706,40.01233124366354,-0.09905345381875037,-0.09381420803619978,0.005239245782550597,1.5673168958465744,1.5742983208189327,0.006981424972358319,0.0,0.0,0.0,0.0
4.25,0.0,0.0,6495037.589167334,116937.58916733414,0.004884861818123756,-1.6208230224356154e-08,7503.855265916397,-0.09643382835811806,1.5708076082010116,-5.525251367209158,90.00064637695736,0.0,0.0,0.0,0.0,116787.58916733414,117087.58916733414,inside,,6494701.580785146,6495012.3205017755,310.7397166294977,0.004996969057977963,0.005347728035093692,0.0003507589771157291,-0.00017555887015103952,0.0001755199480370395,0.00035107881818807903,7484.076541144679,7524.088873049423,40.012331904743405,-0.09907929909237112,-0.09384005328194778,0.005239245810423343,1.5673183065271283,1.574299731952784,0.0069814254256557184,0.0,0.0,0.0,0.0
4.5,0.0,0.0,6494856.963053602,116756.9630536018,0.0051723501969572604,-1.9451542075131165e-08,7504.082707591802,-0.09645967361774192,1.5708090191084594,-5.526732191506025,90.0007272159994,0.0,0.0,0.0,0.0,116606.9630536018,116906.9630536018,inside,,6494520.90067138,6494831.640917149,310.7402457697317,0.005284473382021042,0.005635232447916138,0.00035075906589509577,-0.00017556257796159653,0.0001755163551772921,0.00035107893313888864,7484.304055910902,7524.316388476986,40.01233256608339,-0.09910513552303508,-0.09386588968472692,0.0052392458383081625,1.5673198003319384,1.5743012262109628,0.006981425879024394,0.0,0.0,0.0,0.0
4.75,0.0,0.0,6494676.2832041895,116576.2832041895,0.005459854566138371,-2.3100686492686195e-08,7504.310222688924,-0.096485510034403,1.5708105131401995,-5.528212509138447,90.00081281771257,0.0,0.0,0.0,0.0,116426.2832041895,116726.2832041895,inside,,6494340.16683387,6494650.907608787,310.74077491648495,0.005571993702414355,0.005922752857182895,0.00035075915476853996,-0.00017556671572674363,0.00017551233257242734,0.000351079048299171,7484.531644089348,7524.54397731703,40.012333227681665,-0.09913096310776233,-0.09389171724155726,0.0052392458662050695,1.5673213772755565,1.5743028036080213,0.006981426332464791,0.0,0.0,0.0,0.0
5.0,0.0,0.0,6494495.549631036,116395.54963103589,0.0057473749317580175,-2.7179610477480834e-08,7504.537811198397,-0.09651133760512136,1.5708120903107843,-5.529692319935684,90.00090318293066,0.0,0.0,0.0,0.0,116245.54963103589,116545.54963103589,inside,,6494159.379284561,6494470.120588632,310.7413040716201,0.005859530025248983,0.006210289268985174,0.0003507592437361909,-0.00017557130740195528,0.00017550785626702908,0.00035107916366898436,7484.759305670646,7524.771639560187,40.01233388954097,-0.09915678184357309,-0.09391753594945905,0.005239245894114036,1.5673230373725566,1.5743044641585338,0.0069814267859771295,0.0,0.0,0.0,0.0
5.25,0.0,0.0,6494314.762346088,116214.76234608795,0.006034911299907309,-3.171226944736983e-08,7504.765473110853,-0.09653715632691723,1.5708137506347877,-5.53117162372701,90.00099831248868,0.0,0.0,0.0,0.0,116064.76234608795,116364.76234608795,inside,,6493978.538035405,6494289.279868638,310.7418332332745,0.006147082356616175,0.006497841689414365,0.00035075933279819,-0.0001755763769511456,0.00017550290229724166,0.00035107927924838724,7484.98704064542,7524.99937519708,40.01233455165948,-0.09918259172748779,-0.09394334580545269,0.0052392459220351045,1.567324780637534,1.5743062078770957,0.006981427239561633,0.0,0.0,0.0,0.0
5.5,0.0,0.0,6494133.921361296,116033.92136129644,0.006322463676677519,-3.672262725973933e-08,7504.993208416915,-0.09656296619681105,1.570815494126805,-5.5326504203417075,90.00109820722288,0.0,0.0,0.0,0.0,115883.92136129644,116183.92136129644,inside,,6493797.643098359,6494108.385460762,310.74236240331084,0.006434650702607342,0.0067854101245620226,0.00035075942195468036,-0.00017558194834669041,0.00017549744669074775,0.00035107939503743816,7485.214849004288,7525.227184218325,40.01233521403719,-0.0992083927565271,-0.09396914680655884,0.00523924594996826,1.567326607085106,1.5743080347783247,0.006981427693218745,0.0,0.0,0.0,0.0
5.75,0.0,0.0,6493953.026688619,115853.02668861859,0.006610032068160087,-4.2234656233656365e-08,7505.2210171072,-0.09658876721182345,1.570817320801454,-5.534128709609072,90.0012028679708,0.0,0.0,0.0,0.0,115703.02668861859,116003.02668861859,inside,,6493616.694485386,6493927.437376966,310.7428915798664,0.006722235069314052,0.007072994580519864,0.000350759511205812,-0.00017558804556944965,0.00017549146546674596,0.0003510795110361956,7485.442730737861,7525.455066614535,40.012335876674115,-0.0992341849277118,-0.09399493894979828,0.0052392459779135175,1.5673285167299114,1.5743099448768594,0.006981428146948021,0.0,0.0,0.0,0.0
6.0,0.0,0.0,6493772.078340017,115672.07834001724,0.006897616480446607,-4.8272337172159296e-08,7505.44889917232,-0.09661455936897524,1.5708192306733735,-5.535606491358408,90.00131229557121,0.0,0.0,0.0,0.0,115522.07834001724,115822.07834001724,inside,,6493435.692208454,6493746.435629218,310.74342076387256,0.007009835462828022,0.007360595063379764,0.000350759600551742,-0.00017559469260878952,0.0001754849346359288,0.0003510796272447183,7485.670685836743,7525.6830223763145,40.01233653957115,-0.09925996823806289,-0.09402072223219202,0.005239246005870876,1.567330509586611,1.574311938187361,0.006981428600749906,0.0,0.0,0.0,0.0
6.25,0.0,0.0,6493591.076327461,115491.07632746082,0.007185216919628822,-5.485965938449779e-08,7505.676854602879,-0.09664034266528741,1.5708212237572243,-5.53708376541903,90.00142649086408,0.0,0.0,0.0,0.0,115341.07632746082,115641.07632746082,inside,,6493254.636279539,6493565.380229494,310.743949954398,0.007297451889241115,0.007648211579233748,0.0003507596899926333,-0.00017560191346260474,0.0001754778302004602,0.00035107974366306496,7485.898714291533,7525.911051494261,40.012337202728304,-0.0992857426846016,-0.09404649665076124,0.00523924603384035,1.5673325856698874,1.5743140147245118,0.0069814290546243996,0.0,0.0,0.0,0.0
6.5,0.0,0.0,6493410.020662925,115310.0206629252,0.007472833391798623,-6.202062070832227e-08,7505.904883389475,-0.09666611709778117,1.570823300067689,-5.538560531620267,90.00154545469066,0.0,0.0,0.0,0.0,115160.0206629252,115460.0206629252,inside,,6493073.526710621,6493384.271189774,310.7444791533053,0.007585084354645329,0.007935844134173982,0.00035075977952865253,-0.00017560973213734082,0.00017547012815395338,0.00035107986029129417,7486.126816092823,7526.139153958967,40.01233786614375,-0.09931150826434927,-0.09407226220252733,0.005239246061821939,1.5673347449944441,1.5743161745030165,0.00698142950857239,0.0,0.0,0.0,0.0
6.75,0.0,0.0,6493228.91135839,115128.91135839,0.007760465903048035,-6.977922753195053e-08,7506.132985522701,-0.09669188266347788,1.5708254596194715,-5.540036789791456,90.00166918789344,0.0,0.0,0.0,0.0,114978.91135839,115278.91135839,inside,,6492892.363513687,6493203.1085220445,310.74500835780054,0.007872732865132797,0.008223492734292771,0.000350759869159974,-0.00017561817264801622,0.00017546180448144884,0.00035107997712946503,7486.354991231199,7526.3673297610185,40.01233852981932,-0.0993372649743275,-0.09409801888451186,0.005239246089815644,1.5673369875750074,1.5743184175376006,0.006981429962593211,0.0,0.0,0.0,0.0
7.0,0.0,0.0,6493047.748425841,114947.74842584133,0.008048114459469215,-7.815949481658398e-08,7506.361160993143,-0.09671763935939913,1.570827702427298,-5.541512539761945,90.00179769131616,0.0,0.0,0.0,0.0,114797.74842584133,115097.74842584133,inside,,6492711.146700727,6493021.8922382975,310.7455375706777,0.008160397426795772,0.008511157385682554,0.0003507599588867816,-0.0001756272590182448,0.00017545283515939155,0.0003510800941776363,7486.58323969724,7526.595578890995,40.012339193755,-0.09936301281155806,-0.09412376669373658,0.005239246117821478,1.5673393134263247,1.5743207438430125,0.0069814304166877506,0.0,0.0,0.0,0.0
7.25,0.0,0.0,6492866.531877272,114766.53187727183,0.008335779067154445,-8.718544611872891e-08,7506.58940979138,-0.09674338718256667,1.5708300285059165,-5.542987781361094,90.00193096580381,0.0,0.0,0.0,0.0,114616.53187727183,114916.53187727183,inside,,6492529.876283741,6492840.622350531,310.7460667900741,0.00844807804572663,0.008798838094435891,0.0003507600487092609,-0.00017563701528025807,0.00017544319615560904,0.0003510802114358671,7486.811561481519,7526.82390133947,40.01233985795079,-0.09938875177306288,-0.09414950562722343,0.005239246145839441,1.5673417225631656,1.5743231534340212,0.006981430870855565,0.0,0.0,0.0,0.0
7.5,0.0,0.0,6492685.261724679,114585.2617246788,0.008623459732196127,-9.68811136124396e-08,7506.817731907984,-0.09676912613000246,1.570832437870096,-5.544462514418274,90.00206901220261,0.0,0.0,0.0,0.0,114435.2617246788,114735.2617246788,inside,,6492348.552274732,6492659.298870747,310.74659601505846,0.008735774728017856,0.009086534866645459,0.00035076013862760276,-0.0001756474654749274,0.00017543286342928892,0.0003510803289042163,7487.039956574603,7527.052297097009,40.01234052240579,-0.09941448185586413,-0.0941752356819946,0.005239246173869533,1.5673442150003212,1.574325646325418,0.006981431325096876,0.0,0.0,0.0,0.0
7.75,0.0,0.0,6492503.937980066,114403.93798006605,0.008911156460686773,-1.0727053811157489e-07,7507.046127333523,-0.09679485619872864,1.570834930534628,-5.545936738762866,90.00221183136004,0.0,0.0,0.0,0.0,114253.93798006605,114553.93798006605,inside,,6492167.174685708,6492477.921810958,310.74712524935603,0.009023487479762045,0.009374247708404053,0.0003507602286420084,-0.00017565863365178662,0.00017542181293095653,0.00035108044658274315,7487.268424967052,7527.280766154172,40.01234118712,-0.09944020305698414,-0.09420095685507235,0.005239246201911796,1.5673467907526042,1.5743282225320168,0.006981431779412572,0.0,0.0,0.0,0.0
8.0,0.0,0.0,6492322.560655444,114222.56065544393,0.009198869258719003,-1.1837776909226003e-07,7507.274596058558,-0.09682057738576756,1.5708375065143259,-5.547410454224263,90.00235942412483,0.0,0.0,0.0,0.0,114072.56065544393,114372.56065544393,inside,,6491985.743528687,6492296.491183177,310.74765448924154,0.009311216307051886,0.009661976625804567,0.0003507603187526808,-0.0001756705438690541,0.00017541002060245272,0.0003510805644715068,7487.496966649421,7527.509308501516,40.01234185209523,-0.09946591537344544,-0.09422666914347926,0.005239246229966188,1.5673494498348495,1.5743308820686517,0.0069814322338022095,0.0,0.0,0.0,0.0
8.25,0.0,0.0,6492141.1297628265,114041.12976282649,0.009486598132385537,-1.3022686471517035e-07,7507.503138073642,-0.09684628968814173,1.570840165824024,-5.5488836606318666,90.00251179134696,0.0,0.0,0.0,0.0,113891.12976282649,114191.12976282649,inside,,6491804.258815689,6492115.006999426,310.74818373657763,0.009598961215980169,0.00994972162494,0.0003507604089598316,-0.0001756832201936553,0.00017539746237691124,0.0003510806825705665,7487.725581612257,7527.737924129586,40.01234251732876,-0.09949161880227075,-0.09425237254423802,0.005239246258032737,1.5673521922619138,1.5743336249501798,0.006981432688266009,0.0,0.0,0.0,0.0
8.5,0.0,0.0,6491959.645314236,113859.64531423617,0.009774343087779188,-1.4284189184789243e-07,7507.731753369323,-0.09687199310287385,1.5708429084785793,-5.550356357815092,90.00266893387763,0.0,0.0,0.0,0.0,113709.64531423617,114009.64531423617,inside,,6491622.720558741,6491933.469271732,310.748712990433,0.009886722212639766,0.010237482711903445,0.0003507604992636793,-0.00017569668670124497,0.00017538411417873667,0.0003510808008799816,7487.954269846102,7527.966613028925,40.012343182823315,-0.09951731334048297,-0.09427806705437153,0.005239246286111443,1.567355018048675,1.5743364511914797,0.006981433142804638,0.0,0.0,0.0,0.0
8.75,0.0,0.0,6491778.107321699,113678.10732169915,0.010062104130992856,-1.5624692608729882e-07,7507.960441936143,-0.09689768762698685,1.5708457344928701,-5.551828545603364,90.00283085256935,0.0,0.0,0.0,0.0,113528.10732169915,113828.10732169915,inside,,6491441.1287698755,6491751.878012126,310.7492422508076,0.01017449930312363,0.010525259892788075,0.0003507605896644443,-0.0001757109674762298,0.00017536995192358174,0.0003510809193998115,7488.18303134149,7528.195375190067,40.012343848577075,-0.0995429989851052,-0.09430375267090288,0.00523924631420232,1.5673579272100338,1.5743393608074514,0.006981433597417652,0.0,0.0,0.0,0.0
9.0,0.0,0.0,6491596.515797248,113496.51579724811,0.010349881268119521,-1.7046605178200055e-07,7508.189203764637,-0.09692337325750382,1.5708486438817968,-5.553300223826119,90.0029975482758,0.0,0.0,0.0,0.0,113346.51579724811,113646.51579724811,inside,,6491259.483461131,6491570.23323265,310.74977151863277,0.01046229249352479,0.010813053173687151,0.00035076068016236077,-0.0001757260866117907,0.00017535495151832503,0.00035108103813011576,7488.411866088952,7528.424210603543,40.01234451459095,-0.09956867573316074,-0.09432942939085537,0.0052392463423053676,1.5673609197609117,1.5743423538130172,0.006981434052105495,0.0,0.0,0.0,0.0
9.25,0.0,0.0,6491414.870752921,113314.87075292133,0.01063767450525224,-1.855233620547491e-07,7508.418038845332,-0.09694904999144804,1.5708516366602816,-5.554771392312802,90.003169021852,0.0,0.0,0.0,0.0,113164.87075292133,113464.87075292133,inside,,6491077.7846445525,6491388.5349453455,310.7503007929772,0.010750101789936345,0.011100862560694005,0.0003507607707576594,-0.00017574206820990514,0.00017533908886104856,0.00035108115707095373,7488.640774079007,7528.653119259872,40.01234518086494,-0.09959434358167306,-0.09435509721125247,0.005239246370420586,1.567363995716253,1.5743454302231215,0.006981434506868389,0.0,0.0,0.0,0.0
9.5,0.0,0.0,6491233.172200764,113133.1722007636,0.010925483848484139,-2.014429588249162e-07,7508.646947168752,-0.09697471782584302,1.5708547128432684,-5.556242050892876,90.00334527415416,0.0,0.0,0.0,0.0,112983.1722007636,113283.1722007636,inside,,6490896.032332189,6491206.783162263,310.7508300738409,0.011037927198451454,0.011388688059902037,0.00035076086145058305,-0.00017575893638136988,0.00017532233984101522,0.0003510812762223851,7488.869755302174,7528.882101149571,40.01234584739723,-0.09962000252766587,-0.09438075612911787,0.005239246398548003,1.5673671550910233,1.5743485900527296,0.006981434961706334,0.0,0.0,0.0,0.0
9.75,0.0,0.0,6491051.420152825,112951.4201528253,0.0112133093039084,-2.1824895283085956e-07,7508.875928725412,-0.0970003767577124,1.570857872445723,-5.557712199395805,90.00352630603973,0.0,0.0,0.0,0.0,112801.4201528253,113101.4201528253,inside,,6490714.226536098,6491024.97789546,310.7513593621552,0.01132576872516333,0.011676529677404712,0.00035076095224138154,-0.00017577671524582317,0.0001753046803386464,0.0003510813955844696,7489.098809748959,7529.11115626315,40.01234651419145,-0.09964565256816299,-0.0944064061414754,0.005239246426687591,1.5673703979002098,1.5743518333168298,0.0069814354166199966,0.0,0.0,0.0,0.0
10.0,0.0,0.0,6490869.614621162,112769.61462116241,0.011501150877618264,-2.359654636524301e-07,7509.104983505823,-0.09702602678408007,1.5708611154826329,-5.559181837651072,90.00371211836747,0.0,0.0,0.0,0.0,112619.61462116241,112919.61462116241,inside,,6490532.367268342,6490843.119156998,310.7518886560574,0.011613626376165236,0.011964387419295543,0.0003507610431303064,-0.00017579542893176732,0.00017528608622549956,0.0003510815151572669,7489.327937409868,7529.340284591113,40.01234718124488,-0.09967129370018851,-0.09443204724534912,0.005239246454839391,1.5673737241588221,1.574355160030431,0.006981435871608932,0.0,0.0,0.0,0.0
10.25,0.0,0.0,6490687.7556178365,112587.75561783649,0.011789008575707026,-2.546166197334291e-07,7509.334111500487,-0.09705166790197006,1.5708644419690079,-5.560650965488166,90.00390271199738,0.0,0.0,0.0,0.0,112437.75561783649,112737.75561783649,inside,,6490350.454540986,6490661.206958943,310.7524179574102,0.011901500157550482,0.012252261291668098,0.0003507611341176161,-0.00017581510157659125,0.00017526653336424558,0.00035108163494083683,7489.557138275399,7529.569486123956,40.01234784855751,-0.09969692592076668,-0.0944576794377633,0.005239246483003376,1.5673771338818918,1.5743585702085656,0.006981436326673807,0.0,0.0,0.0,0.0
10.5,0.0,0.0,6490505.843154916,112405.84315491561,0.012076882404268015,-2.742265584042071e-07,7509.5633126999,-0.09707730010840664,1.570867851919879,-5.56211958273659,90.00409808779065,0.0,0.0,0.0,0.0,112255.84315491561,112555.84315491561,inside,,6490168.488366105,6490479.24131337,310.7529472652823,0.012189390075412407,0.012540151300615988,0.00035076122520358126,-0.00017583575732659298,0.00017524599760864636,0.00035108175493523937,7489.786412336038,7529.798760852169,40.01234851613117,-0.09972254922692192,-0.09448330271574235,0.005239246511179574,1.5673806270844715,1.5743620638662859,0.0069814367818143985,0.0,0.0,0.0,0.0
10.75,0.0,0.0,6490323.877244473,112223.87724447343,0.012364772369394605,-2.948194259040208e-07,7509.792587094554,-0.09710292340041422,1.5708713453503,-5.563587689225855,90.00429824660979,0.0,0.0,0.0,0.0,112073.87724447343,112373.87724447343,inside,,6489986.468755779,6490297.2222323585,310.7534765796736,0.012477296135844387,0.012828057452232857,0.00035076131638847076,-0.0001758574203370021,0.0001752244548035322,0.0003510818751405343,7490.015759582272,7530.028108766237,40.01234918396494,-0.09974816361567888,-0.0945089170763109,0.005239246539367984,1.5673842037816366,1.574365641018668,0.006981437237031374,0.0,0.0,0.0,0.0
11.0,0.0,0.0,6490141.857898589,112041.85789858922,0.012652678477180192,-3.1641937740372384e-07,7510.021934674932,-0.09712853777501745,1.570874922275346,-5.565055284785488,90.00450318931856,0.0,0.0,0.0,0.0,111891.85789858922,112191.85789858922,inside,,6489804.395722093,6490115.149727994,310.75400590058416,0.012765218344939815,0.01311597975261238,0.0003507614076725656,-0.00017588011477200248,0.0001752018807847793,0.0003510819955567818,7490.245180004578,7530.257529856636,40.01234985205792,-0.09977376908406238,-0.09453452251649377,0.005239246567568606,1.567387863988484,1.5743693016808085,0.00698143769232451,0.0,0.0,0.0,0.0
11.25,0.0,0.0,6489959.785129348,111859.78512934782,0.012940600733718203,-3.390505770282793e-07,7510.251355431513,-0.09715414322924117,1.570878582710114,-5.566522369245022,90.00471291678194,0.0,0.0,0.0,0.0,111709.78512934782,112009.78512934782,inside,,6489622.269277138,6489933.023812366,310.754535228014,0.01305315670879211,0.013403918207848258,0.0003507614990561486,-0.00017590386480475473,0.00017517825137928716,0.0003510821161840419,7490.474673593429,7530.48702411384,40.01235052041102,-0.09979936562909744,-0.094560119033316,0.005239246595781441,1.5673916077201326,1.574373045867827,0.006981438147694252,0.0,0.0,0.0,0.0
11.5,0.0,0.0,6489777.658948841,111677.65894884057,0.013228539145102077,-3.627371978792864e-07,7510.480849354767,-0.09717973976011036,1.5708823266697227,-5.567988942434003,90.00492742986619,0.0,0.0,0.0,0.0,111527.65894884057,111827.65894884057,inside,,6489440.08943301,6489750.844497572,310.7550645619631,0.013341111233494695,0.013691872824034204,0.00035076159053950944,-0.0001759286946174187,0.00017515354240495607,0.0003510822370223748,7490.704240339287,7530.716591528312,40.01235118902514,-0.09982495324780928,-0.09458570662380276,0.005239246624006516,1.5673954349917232,1.574376873594864,0.0069814386031408215,0.0,0.0,0.0,0.0
11.75,0.0,0.0,6489595.479369164,111495.47936916444,0.013516493717425268,-3.875034220575213e-07,7510.7104164351595,-0.09720532736465026,1.5708861541693135,-5.569455004181989,90.00514672943883,0.0,0.0,0.0,0.0,111345.47936916444,111645.47936916444,inside,,6489257.856201813,6489568.611795715,310.75559390243143,0.013629081925141,0.013979843607263946,0.00035076168212294645,-0.00017595462840117629,0.00017512772967066435,0.00035108235807184064,7490.933880232612,7530.94623209051,40.012351857898466,-0.09985053193722329,-0.09461128528497947,0.0052392466522438175,1.5673993458184183,1.5743807848770826,0.006981439058664218,0.0,0.0,0.0,0.0
12.0,0.0,0.0,6489413.246402422,111313.24640242197,0.013804464456781232,-4.133734406856833e-07,7510.940056663148,-0.09723090603988627,1.5708900652240492,-5.570920554318548,90.00537081636863,0.0,0.0,0.0,0.0,111163.24640242197,111463.24640242197,inside,,6489075.5695956545,6489386.325718904,310.75612324941903,0.013917068789824452,0.014267830563631213,0.0003507617738067615,-0.00017598169035625387,0.00017510078897624596,0.00035108247933249986,7491.163593263856,7531.175945790888,40.01235252703282,-0.09987610169436509,-0.09463685501387173,0.005239246680493359,1.5674033402154033,1.5743847797296677,0.0069814395142644425,0.0,0.0,0.0,0.0
12.25,0.0,0.0,6489230.960060722,111130.9600607222,0.014092451369263424,-4.403714539309e-07,7511.169770029186,-0.09725647578284397,1.5708940598491143,-5.572385592673259,90.0055996915256,0.0,0.0,0.0,0.0,110980.9600607222,111280.9600607222,inside,,6488893.229626651,6489203.986279253,310.7566526019946,0.014205071833638474,0.014555833699229739,0.0003507618655912651,-0.00017600990469194503,0.00017507269611246766,0.0003510826008044127,7491.393379423464,7531.40573261989,40.012353196426375,-0.09990166251626045,-0.0946624158075053,0.005239246708755155,1.5674074181978839,1.5743888581678263,0.006981439969942382,0.0,0.0,0.0,0.0
12.5,0.0,0.0,6489048.620356179,110948.62035617884,0.014380454460965293,-4.685216710273737e-07,7511.399556523718,-0.09728203659054914,1.5708981380597158,-5.57385011907571,90.00583335578104,0.0,0.0,0.0,0.0,110798.62035617884,111098.62035617884,inside,,6488710.83630692,6489021.593488881,310.7571819610894,0.01449309106267647,0.014843853020153243,0.000350761957476773,-0.00017603929562663319,0.0001750434268610065,0.00035108272248763966,7491.623238701875,7531.635592567955,40.01235386608005,-0.09992721439993536,-0.09468796766290617,0.005239246737029191,1.5674115797810892,1.5743930202067866,0.006981440425697372,0.0,0.0,0.0,0.0
12.75,0.0,0.0,6488866.227300913,110766.22730091307,0.014668473737980268,-4.978483102990426e-07,7511.629416137184,-0.09730758846002778,1.5709022998710822,-5.575314133355506,90.00607181000746,0.0,0.0,0.0,0.0,110616.22730091307,110916.22730091307,inside,,6488528.389648589,6488839.147359917,310.75771132763475,0.014781126483031821,0.015131888532495428,0.0003507620494636061,-0.00017606988738781427,0.00017501295699442703,0.0003510828443822413,7491.853171089524,7531.865525625518,40.012354535993836,-0.09995275734241599,-0.09471351057710051,0.005239246765315481,1.5674158249802697,1.5743972658617997,0.006981440881530077,0.0,0.0,0.0,0.0
13.0,0.0,0.0,6488683.78090705,110583.78090704978,0.014956509206401764,-5.283755991822555e-07,7511.859348860016,-0.09733313138830606,1.5709065452984643,-5.576777635342256,90.00631505507867,0.0,0.0,0.0,0.0,110433.78090704978,110733.78090704978,inside,,6488345.88966379,6488656.64790449,310.75824069976807,0.015069178100797886,0.01541994024234998,0.00035076214155209395,-0.0001761017042121194,0.00017498126227615874,0.00035108296648827815,7492.083176576834,7532.095531783003,40.01235520616865,-0.09997829134072872,-0.0947390445471147,0.005239246793614025,1.5674201538106975,1.5744015951481385,0.006981441337440941,0.0,0.0,0.0,0.0
13.25,0.0,0.0,6488501.281186722,110401.28118672222,0.01524456087232316,-5.601277742484614e-07,7512.089354682642,-0.09735866537241034,1.5709108743571347,-5.578240624865585,90.00656309186977,0.0,0.0,0.0,0.0,110251.28118672222,110551.28118672222,inside,,6488163.336364662,6488474.09513474,310.7587700774893,0.01535724592206799,0.015708008155810554,0.0003507622337425645,-0.00017613477034533756,0.0001749483184604733,0.0003510830888058109,7492.3132551542285,7532.325611030832,40.01235587660358,-0.10000381639190012,-0.09476456956997525,0.0052392468219248645,1.5674245662876678,1.574406008081097,0.006981441793429299,0.0,0.0,0.0,0.0
13.5,0.0,0.0,6488318.728152067,110218.7281520674,0.015532628741837811,-5.931290812269126e-07,7512.3194335954795,-0.09738419040936719,1.570915287062388,-5.579703101755128,90.006815921257,0.0,0.0,0.0,0.0,110068.7281520674,110368.7281520674,inside,,6487980.729763347,6488291.489062808,310.7592994617298,0.015645329952935414,0.01599609227897078,0.00035076232603536636,-0.00017616911004243835,0.0001749141012924618,0.0003510832113349002,7492.5434068121185,7532.555763359416,40.01235654729771,-0.10002933249295692,-0.09479008564270898,0.0052392468502479445,1.5674290624264964,1.5744105046759926,0.006981442249496261,0.0,0.0,0.0,0.0
13.75,0.0,0.0,6488136.121815229,110036.12181522883,0.015820712821039026,-6.274037750273185e-07,7512.549585588944,-0.09740970649620335,1.5709197834295408,-5.58116506584053,90.007073544118,0.0,0.0,0.0,0.0,109886.12181522883,110186.12181522883,inside,,6487798.069871994,6488108.829700846,310.7598288524896,0.015933430199493392,0.016284192617924232,0.0003507624184308396,-0.00017620474756759472,0.0001748785865080121,0.00035108333407560683,7492.773631540912,7532.785988759165,40.01235721825287,-0.10005483964092611,-0.09481559276234279,0.00523924687858332,1.5674336422425221,1.5744150849481637,0.006981442705641605,0.0,0.0,0.0,0.0
14.0,0.0,0.0,6487953.462188357,109853.46218835656,0.016108813116020065,-6.629761197627054e-07,7512.779810653442,-0.0974352136299458,1.5709243634739318,-5.582626516951448,90.00733596133159,0.0,0.0,0.0,0.0,109703.46218835656,110003.46218835656,inside,,6487615.356702759,6487926.117061009,310.7603582497686,0.01622154666783511,0.01657230917876445,0.0003507625109293415,-0.00017624170719420578,0.00017484174983378598,0.00035108345702799176,7493.003929331009,7533.016287220478,40.01235788946906,-0.1000803378328348,-0.09484109092590383,0.005239246906930978,1.5674383057511057,1.5744197489129712,0.006981443161865553,0.0,0.0,0.0,0.0
14.25,0.0,0.0,6487770.749283605,109670.74928360526,0.01639692963287414,-6.998703887720991e-07,7513.010108779374,-0.09746071180762164,1.5709290272109215,-5.584087454917548,90.00760317377787,0.0,0.0,0.0,0.0,109520.74928360526,109820.74928360526,inside,,6487432.5902678035,6487743.351155456,310.7608876526356,0.01650967936405369,0.016860441967584915,0.000350762603531226,-0.0001762800132049194,0.00017480356698719646,0.0003510835801921159,7493.234300172805,7533.246658733749,40.01235856094445,-0.10010582706571035,-0.09486658013041943,0.005239246935290917,1.567443052967629,1.5744244965857974,0.006981443618168326,0.0,0.0,0.0,0.0
14.5,0.0,0.0,6487587.983113136,109487.98311313614,0.0166850623776944,-7.381108646432211e-07,7513.240479957134,-0.09748620102625824,1.5709337746558927,-5.585547879568511,90.00787518233818,0.0,0.0,0.0,0.0,109337.98311313614,109637.98311313614,inside,,6487249.770579294,6487560.531996356,310.7614170620218,0.016797828294242187,0.017148590990479048,0.0003507626962368608,-0.00017631968989165517,0.000174764013676385,0.00035108370356804017,7493.464744056687,7533.477103289367,40.012359232679955,-0.1001313073365803,-0.09489206037291713,0.005239246963663166,1.567447883907497,1.5744293279820472,0.006981444074550147,0.0,0.0,0.0,0.0
14.75,0.0,0.0,6487405.163689117,109305.16368911695,0.01697321135657393,-7.777218392353918e-07,7513.470924177111,-0.09751168128288311,1.57093860582425,-5.587007790734027,90.00815198789518,0.0,0.0,0.0,0.0,109155.16368911695,109455.16368911695,inside,,6487066.8976494055,6487377.6595958825,310.76194647699594,0.017085993464493587,0.017436756253540204,0.00035076278904661723,-0.00017636076155562713,0.00017472306560019861,0.00035108382715582574,7493.695260973036,7533.7076208777125,40.01235990467649,-0.10015677864247234,-0.09491753165042464,0.005239246992047697,1.5674527985861366,1.5744342431171476,0.006981444531011016,0.0,0.0,0.0,0.0
15.0,0.0,0.0,6487222.29102372,109122.29102372006,0.01726137657560574,-8.187276137023197e-07,7513.7014414296855,-0.09753715257452399,1.5709435207314204,-5.588467188243796,90.00843359133273,0.0,0.0,0.0,0.0,108972.29102372006,109272.29102372006,inside,,6486883.971490314,6487194.733966212,310.76247589755803,0.017374174880900792,0.017724937762861666,0.0003507628819608734,-0.00017640325250736658,0.0001746806984481671,0.0003510839509555337,7493.925850912229,7533.938211489162,40.01236057693313,-0.10018224098041442,-0.09494299395996988,0.005239247020444537,1.567457797018996,1.5744392420065476,0.006981444987551599,0.0,0.0,0.0,0.0
15.25,0.0,0.0,6487039.365129124,108939.36512912437,0.017549558040882762,-8.611524985149053e-07,7513.9320317052325,-0.09756261489820878,1.5709485193928523,-5.589926071927531,90.00871999353599,0.0,0.0,0.0,0.0,108789.36512912437,109089.36512912437,inside,,6486700.992114205,6487011.7551195305,310.7630053255707,0.017662372549556625,0.01801313552453664,0.0003507629749800144,-0.00017644718706674497,0.00017463688790048026,0.00035108407496722523,7494.156513864632,7534.168875114082,40.012361249449896,-0.10020769434743465,-0.09496844729858095,0.005239247048853701,1.5674628792215461,1.5744443246657176,0.006981445444171452,0.0,0.0,0.0,0.0
15.5,0.0,0.0,6486856.386017514,108756.3860175144,0.017837755758497848,-9.050208134839952e-07,7514.162694994121,-0.09758806825096561,1.5709536018240167,-5.591384441614955,90.00901119539138,0.0,0.0,0.0,0.0,108606.3860175144,108906.3860175144,inside,,6486517.9595332695,6486828.723068029,310.7635347591713,0.017950586476553815,0.01830134954465824,0.00035076306810442534,-0.00017649258956299667,0.000174591609627965,0.0003510841991909617,7494.387249820607,7534.399611742836,40.01236192222859,-0.10023313874056136,-0.09499389166328619,0.005239247077275175,1.5674680452092797,1.5744494911101508,0.0069814459008710195,0.0,0.0,0.0,0.0
15.75,0.0,0.0,6486673.353701081,108573.35370108113,0.01812596973454375,-9.503568877833431e-07,7514.393431286712,-0.09761351262982278,1.5709587680404065,-5.592842297135802,90.00930719778657,0.0,0.0,0.0,0.0,108423.35370108113,108723.35370108113,inside,,6486334.873759705,6486645.637823902,310.7640641974285,0.01823881666798499,0.0185895798293195,0.0003507631613345087,-0.00017653948433474196,0.00017454483929206242,0.0003510843236268044,7494.618058770512,7534.630421365778,40.012362595265586,-0.10025857415682302,-0.09501932705111404,0.005239247105708972,1.5674732949977115,1.5744547413553622,0.006981446357650745,0.0,0.0,0.0,0.0
16.0,0.0,0.0,6486490.26819202,108390.26819202024,0.018414199975113125,-9.971850599724568e-07,7514.624240573362,-0.0976389480318088,1.5709640180575366,-5.59429963831982,90.00960800161049,0.0,0.0,0.0,0.0,108240.26819202024,108540.26819202024,inside,,6486151.734805711,6486462.499399354,310.7645936431363,0.018527063129942675,0.018877826384613335,0.00035076325467066,-0.00017658789573000972,0.000174496552544805,0.0003510844482748147,7494.848940704694,7534.861303973258,40.01236326856451,-0.10028400059324837,-0.09504475345909326,0.005239247134155106,1.5674786286023785,1.5744600754168891,0.006981446814510628,0.0,0.0,0.0,0.0
16.25,0.0,0.0,6486307.129502535,108207.12950253487,0.018702446486298523,-1.0455296780194602e-06,7514.855122844419,-0.09766437445395235,1.5709693518909442,-5.5957564649967635,90.00991360775338,0.0,0.0,0.0,0.0,108057.12950253487,108357.12950253487,inside,,6485968.542683498,6486279.3078065915,310.76512309350073,0.018815325868519278,0.019166089216632577,0.00035076334811329907,-0.00017663784810626067,0.0001744467250287936,0.00035108457313505427,7495.079895613496,7535.092259555619,40.01236394212356,-0.10030941804686626,-0.0950701708842527,0.005239247162613564,1.5674840460388397,1.5744654933102908,0.006981447271451113,0.0,0.0,0.0,0.0
16.5,0.0,0.0,6486123.937644832,108023.93764483184,0.018990709274192386,-1.0954150993240337e-06,7515.086078090228,-0.09768979189328234,1.5709747695561884,-5.597212776996401,90.01022401710668,0.0,0.0,0.0,0.0,107873.93764483184,108173.93764483184,inside,,6485785.297405278,6486096.063057828,310.7656525494531,0.019103604889807103,0.019454368331469928,0.00035076344166282483,-0.00017668936583040986,0.00017439533237717462,0.0003510846982075845,7495.3109234872545,7535.323288103197,40.012364615942715,-0.10033482651470581,-0.09509557932362145,0.005239247191084359,1.5674895473226764,1.5744709950511484,0.006981447728471979,0.0,0.0,0.0,0.0
16.75,0.0,0.0,6485940.692631126,107840.69263112638,0.019278988344887036,-1.1468656907403051e-06,7515.317106301122,-0.09771520034682785,1.5709802710688505,-5.598668574148514,90.01053923056315,0.0,0.0,0.0,0.0,107690.69263112638,107990.69263112638,inside,,6485601.998983273,6485912.765165285,310.7661820119247,0.019391900199898313,0.019742663735217988,0.00035076353531967447,-0.00017674247327885005,0.00017434235021361705,0.00035108482349246713,7495.542024316299,7535.554389606322,40.0123652900229,-0.10036022599379629,-0.09512097877422879,0.0052392472195675055,1.5674951324694917,1.5744765806550653,0.006981448185573669,0.0,0.0,0.0,0.0
17.0,0.0,0.0,6485757.394473637,107657.39447363745,0.01956728370447467,-1.1999058285998197e-06,7515.548207467433,-0.09774059981161817,1.5709858564445338,-5.600123856282891,90.0108592490168,0.0,0.0,0.0,0.0,107507.39447363745,107807.39447363745,inside,,6485418.6474297065,6485729.414141187,310.76671148091555,0.01968021180488495,0.020030975433969218,0.0003507636290842678,-0.00017679719483747433,0.00017428775415228944,0.00035108494898976377,7495.773198090952,7535.785564055315,40.0123659643632,-0.10038561648116723,-0.09514636923310421,0.005239247248063017,1.567500801494911,1.5744822501376674,0.006981448642756405,0.0,0.0,0.0,0.0
17.25,0.0,0.0,6485574.043184591,107474.04318459146,0.019855595359047358,-1.2545598987344604e-06,7515.779381579483,-0.09776599028468279,1.5709915256988638,-5.601578623229334,90.0111840733629,0.0,0.0,0.0,0.0,107324.04318459146,107624.04318459146,inside,,6485235.242756813,6485546.009997767,310.767240954563,0.019968539710858917,0.020319303433815956,0.00035076372295703845,-0.0001768535549016992,0.0001742315197978371,0.0003510850746995363,7496.0044448015315,7536.016811440496,40.01236663896452,-0.10041099797384825,-0.09517175069727739,0.005239247276570866,1.5675065544145816,1.574488003514602,0.006981449100020409,0.0,0.0,0.0,0.0
17.5,0.0,0.0,6485390.638776219,107290.63877621945,0.020143923314697026,-1.3108522964994464e-06,7516.0106286275895,-0.09779137176305136,1.5709972788474882,-5.603032874817655,90.01151370449799,0.0,0.0,0.0,0.0,107140.63877621945,107440.63877621945,inside,,6485051.784976827,6485362.552747261,310.76777043379843,0.02025688392391197,0.020607647740850398,0.0003507638169384271,-0.0001769115778764877,0.0001741736227453588,0.0003510852006218465,7496.235764438347,7536.248131752173,40.01236731382596,-0.10043637046886925,-0.09519712316377817,0.00523924730509108,1.5675123912441735,1.5744938408015392,0.006981449557365682,0.0,0.0,0.0,0.0
17.75,0.0,0.0,6485207.181260759,107107.18126075901,0.02043226757751546,-1.368807426796348e-06,7516.241948602063,-0.09781674424375376,1.5710031159060767,-5.6044866108776805,90.01184814331988,0.0,0.0,0.0,0.0,106957.18126075901,107257.18126075901,inside,,6484868.274101993,6485179.042401913,310.7682999195531,0.020545244450135718,0.020896008361164602,0.00035076391102888474,-0.00017697128817637225,0.00017411403858038407,0.0003510853267567563,7496.467156991703,7536.479524980652,40.012367988949336,-0.10046173396326029,-0.09522248662963663,0.005239247333623659,1.5675183119993785,1.5744997620141707,0.006981450014792223,0.0,0.0,0.0,0.0
18.0,0.0,0.0,6485023.670650453,106923.6706504533,0.020720628153594295,-1.4284497040960504e-06,7516.473341493205,-0.09784210772382007,1.5710090368903211,-5.605939831239244,90.01218739072765,0.0,0.0,0.0,0.0,106773.6706504533,107073.6706504533,inside,,6484684.710144561,6484995.478973971,310.7688294099644,0.02083362129562161,0.02118438530085047,0.00035076400522885895,-0.00017703271022547767,0.00017405274287885002,0.0003510854531043277,7496.698622451895,7536.710991116227,40.012368664331916,-0.10048708845405165,-0.09524784109188301,0.005239247362168631,1.56752431669591,1.5745057671682112,0.006981450472301143,0.0,0.0,0.0,0.0
18.25,0.0,0.0,6484840.106957552,106740.10695755202,0.02100900504902501,-1.4898035524617978e-06,7516.704807291316,-0.09786746220028054,1.5710150418159359,-5.607392535732193,90.01253144762167,0.0,0.0,0.0,0.0,106590.10695755202,106890.10695755202,inside,,6484501.0931167845,6484811.862475691,310.7693589068949,0.021122014466460937,0.02147277856599975,0.00035076409953881116,-0.00017709586845754443,0.0001739897112070783,0.00035108557966462273,7496.9301608092155,7536.942530149191,40.01236933997552,-0.10051243393827378,-0.09527318654754782,0.005239247390725954,1.567530405349505,1.5745118562793967,0.006981450929891775,0.0,0.0,0.0,0.0
18.5,0.0,0.0,6484656.4901943095,106556.4901943095,0.021297398269898918,-1.5528934055723153e-06,7516.9363459866845,-0.09789280767016563,1.571021130698657,-5.608844724186384,90.01288031490354,0.0,0.0,0.0,0.0,106406.4901943095,106706.4901943095,inside,,6484317.423030925,6484628.192919334,310.7698884094134,0.021410423968744808,0.021761188162704014,0.00035076419395920627,-0.0001771607873159515,0.00017392491912175204,0.00035108570643770353,7497.161772053949,7537.174142069829,40.01237001588015,-0.10053777041295733,-0.09529852299366165,0.005239247419295684,1.567536577975921,1.5745180293634857,0.0069814513875647854,0.0,0.0,0.0,0.0
18.75,0.0,0.0,6484472.820372988,106372.82037298754,0.021585807822307162,-1.617743706744754e-06,7517.167957569595,-0.097918144130506,1.5710273035542428,-5.610296396431687,90.01323399347615,0.0,0.0,0.0,0.0,106222.82037298754,106522.82037298754,inside,,6484133.699899251,6484444.470317167,310.7704179165885,0.021698849808564166,0.022049614097054682,0.00035076428849051614,-0.00017722749125373945,0.00017385834216989288,0.0003510858334236323,7497.393456176371,7537.405826868416,40.0123706920449,-0.10056309787513318,-0.09532385042725537,0.005239247447877807,1.5675428345909388,1.5745242864362587,0.0069814518453199526,0.0,0.0,0.0,0.0
19.0,0.0,0.0,6484289.097505853,106189.09750585258,0.021874233712340707,-1.6843789089577798e-06,7517.3996420303265,-0.09794347157833248,1.5710335603984742,-5.611747552297983,90.01359248424367,0.0,0.0,0.0,0.0,106039.09750585258,106339.09750585258,inside,,6483949.9237340335,6484260.694681463,310.7709474293515,0.021987291992009765,0.022338056375142988,0.000350764383133223,-0.00017729600473363375,0.0001737899558888376,0.00035108596062247133,7497.625213166755,7537.637584535226,40.01237136847067,-0.10058841632183235,-0.09534916884536003,0.005239247476472322,1.5675491752103612,1.5745306275135191,0.006981452303157942,0.0,0.0,0.0,0.0
19.25,0.0,0.0,6484105.321605178,106005.3216051776,0.02216267594609034,-1.7528234748748038e-06,7517.631399359148,-0.09796879001067615,1.5710399012471539,-5.6131981916151625,90.01395578811156,0.0,0.0,0.0,0.0,105855.3216051776,106155.3216051776,inside,,6483766.094547552,6484076.8660245,310.77147694770247,0.022275750525172177,0.02262651500305998,0.0003507644778878022,-0.0001773663522280676,0.00017371973580621535,0.00035108608803428295,7497.857043015364,7537.869415060521,40.01237204515655,-0.10061372575008612,-0.09537447824500689,0.005239247505079231,1.567555599850013,1.5745370526110918,0.006981452761078755,0.0,0.0,0.0,0.0
19.5,0.0,0.0,6483921.492683241,105821.49268324114,0.022451134529646654,-1.8231018768669723e-06,7517.863229546327,-0.09799409942456824,1.5710463261161067,-5.614648314213129,90.01432390598647,0.0,0.0,0.0,0.0,105671.49268324114,105971.49268324114,inside,,6483582.2123520905,6483892.984358562,310.77200647164136,0.022564225414141763,0.022914989986896516,0.0003507645727547533,-0.00017743855821920524,0.00017364765743992433,0.00035108621565912957,7498.088945712457,7538.101318434561,40.012372722104374,-0.1006390261569259,-0.09539977862322735,0.005239247533698546,1.5675621085257414,1.5745435617448238,0.00698145321908239,0.0,0.0,0.0,0.0
19.75,0.0,0.0,6483737.610752327,105637.61075232737,0.022739609469100044,-1.8952385970363005e-06,7518.09513258212,-0.09801939981704019,1.57105283502118,-5.616097919921796,90.01469683877643,0.0,0.0,0.0,0.0,105487.61075232737,105787.61075232737,inside,,6483398.2771599395,6483709.049695941,310.7725360011682,0.022852716665008693,0.023203481332743265,0.00035076466773457243,-0.0001775126471989651,0.00017357369629810853,0.00035108634349707363,7498.320921248286,7538.333294647598,40.01237339931231,-0.10066431753938336,-0.09542506997705308,0.005239247562330282,1.5675687012534154,1.574550154930585,0.0069814536771695135,0.0,0.0,0.0,0.0
20.0,0.0,0.0,6483553.675824727,105453.67582472693,0.023028100770540707,-1.9692581272388834e-06,7518.327108456779,-0.09804469118512364,1.5710594279782435,-5.617547008571091,90.01507458739067,0.0,0.0,0.0,0.0,105303.67582472693,105603.67582472693,inside,,6483214.288983395,6483525.062048932,310.77306553628296,0.023141224283862928,0.023491989046690684,0.00035076476282775576,-0.0001775886436690429,0.00017349782787913482,0.0003510864715481777,7498.552969613096,7538.565343689877,40.01237407678127,-0.10068959989449032,-0.0954503523035159,0.005239247590974425,1.567575378048927,1.5745568321842671,0.006981454135340126,0.0,0.0,0.0,0.0
20.25,0.0,0.0,6483369.687912737,105269.68791273702,0.023316608440058624,-2.0451849691080606e-06,7518.559157160549,-0.09806997352585042,1.5710661050031887,-5.618995579990947,90.01545715273974,0.0,0.0,0.0,0.0,105119.68791273702,105419.68791273702,inside,,6483030.247834761,6483341.021429838,310.77359507698566,0.0234297482767942,0.023780513134829023,0.0003507648580348237,-0.00017766657214093496,0.0001734200276715695,0.0003510865998125045,7498.785090797126,7538.797465551636,40.01237475451035,-0.10071487321927881,-0.09547562559964781,0.005239247619631002,1.5675821389281897,1.574563593521784,0.006981454593594449,0.0,0.0,0.0,0.0
20.5,0.0,0.0,6483185.647028659,105085.64702865854,0.023605132483743563,-2.1230436340775932e-06,7518.79127868367,-0.09809524683625258,1.5710728661119295,-5.620443634011314,90.01584453573543,0.0,0.0,0.0,0.0,104935.64702865854,105235.64702865854,inside,,6482846.153726344,6483156.927850966,310.77412462234497,0.023718288649892033,0.024069053603248316,0.00035076495335628274,-0.00017774645713596122,0.00017334027115415533,0.00035108672829011655,7499.017284790607,7539.029660223109,40.01237543250227,-0.1007401375107811,-0.09550088986248109,0.005239247648300013,1.56758898390714,1.5745704389590724,0.006981455051932484,0.0,0.0,0.0,0.0
20.75,0.0,0.0,6483001.5531848,104901.55318479985,0.02389367290768507,-2.2028586434048577e-06,7519.023473016372,-0.09812051111336233,1.5710797113204023,-5.621891170462152,90.0162367372908,0.0,0.0,0.0,0.0,104751.55318479985,105051.55318479985,inside,,6482662.006670457,6482972.781324631,310.7746541732922,0.02400684540924571,0.024357610458038373,0.00035076504879266376,-0.0001778283231852886,0.00017325853379578812,0.0003510868569810767,7499.249551583765,7539.261927694519,40.012376110753394,-0.10076539276602958,-0.09552614508904812,0.0052392476769814594,1.5675959130017356,1.5745773685120905,0.006981455510354895,0.0,0.0,0.0,0.0
21.0,0.0,0.0,6482817.406393476,104717.40639347583,0.024182229717972462,-2.284654528194055e-06,7519.255740148882,-0.09814576635421211,1.5710866406445652,-5.623338189173431,90.01663375832021,0.0,0.0,0.0,0.0,104567.40639347583,104867.40639347583,inside,,6482477.806679424,6482788.581863152,310.77518372796476,0.024295418560944287,0.024646183705288777,0.00035076514434449063,-0.00017791219482995419,0.00017317479105549368,0.00035108698588544784,7499.481891166821,7539.494267956086,40.012376789265545,-0.10079063898205691,-0.09555139127638157,0.00523924770567534,1.5676029262279576,1.5745843821968188,0.006981455968861239,0.0,0.0,0.0,0.0
21.25,0.0,0.0,6482633.206667006,104533.20666700602,0.024470802920694815,-2.368455829419433e-06,7519.488080071418,-0.09817101255583455,1.571093654100399,-5.624784689975132,90.01703559973929,0.0,0.0,0.0,0.0,104383.20666700602,104683.20666700602,inside,,6482293.553765566,6482604.329478856,310.7757132900879,0.02458400811107657,0.02493477335108887,0.0003507652400123011,-0.0001779980966208884,0.0001730890183824044,0.00035108711500329284,7499.714303529984,7539.726680998023,40.01237746803872,-0.10081587615589589,-0.09557662842151422,0.005239247734381669,1.5676100236018087,1.574591480029261,0.006981456427452404,0.0,0.0,0.0,0.0
21.5,0.0,0.0,6482448.9540177155,104348.95401771553,0.02475939252194097,-2.4542870979485905e-06,7519.720492774194,-0.09819624971526246,1.571100751703907,-5.62623067269725,90.01744226246495,0.0,0.0,0.0,0.0,104198.95401771553,104498.95401771553,inside,,6482109.247941218,6482420.024184074,310.7762428559363,0.024872614065731123,0.025223379401527756,0.00035076533579663297,-0.00017808605311893863,0.000173001191215736,0.0003510872443346746,7499.946788663462,7539.959166810535,40.01237814707292,-0.10084110428457957,-0.09560185652147911,0.00523924776310046,1.567617205139314,1.5745986620254422,0.006981456886128168,0.0,0.0,0.0,0.0
21.75,0.0,0.0,6482264.648457936,104164.64845793601,0.02504799852779951,-2.542172894565796e-06,7519.952978247415,-0.09822147782952886,1.5711079334711144,-5.627676137169789,90.01785374741539,0.0,0.0,0.0,0.0,104014.64845793601,104314.64845793601,inside,,6481924.889218715,6482235.665991143,310.77677242830396,0.025161236430996242,0.025512001862694283,0.0003507654316980413,-0.000178176088894892,0.00017291128498476426,0.0003510873738796563,7500.179346557455,7540.191725383823,40.01237882636815,-0.10086632336514115,-0.09562707557330945,0.0052392477918317,1.5676244708565212,1.5746059282014102,0.006981457344888975,0.0,0.0,0.0,0.0
22.0,0.0,0.0,6482080.290000006,103980.29000000563,0.02533662094435877,-2.6321377899951925e-06,7520.18553648128,-0.09824669689566698,1.5711151994180688,-5.629121083222765,90.01827005551003,0.0,0.0,0.0,0.0,103830.29000000563,104130.29000000563,inside,,6481740.477610403,6482051.254912407,310.7773020043969,0.025449875212959973,0.02580064074067705,0.0003507655277170778,-0.0001782682285294992,0.00017281927510880173,0.0003510875036383009,7500.411977202154,7540.4243567080775,40.01237950592349,-0.10089153339461404,-0.09565228557403864,0.005239247820575402,1.5676318207695,1.5746132785732347,0.006981457803734825,0.0,0.0,0.0,0.0
22.25,0.0,0.0,6481895.878656268,103795.87865626812,0.025625259777706813,-2.724206364924146e-06,7520.418167465983,-0.09827190691071022,1.5711225495608399,-5.630565510686204,90.01869118766963,0.0,0.0,0.0,0.0,103645.87865626812,103945.87865626812,inside,,6481556.01312863,6481866.790960216,310.7778315860778,0.025738530417710088,0.026089296041564385,0.0003507656238542975,-0.00017836249661349737,0.0001727251369971744,0.0003510876336106718,7500.644680587747,7540.657060773488,40.01238018574168,-0.10091673437003187,-0.0956774865207003,0.00523924784933158,1.567639254894342,1.5746207131570085,0.006981458262666385,0.0,0.0,0.0,0.0
22.5,0.0,0.0,6481711.414439073,103611.41443907283,0.025913915033931444,-2.8184032100265473e-06,7520.65087119171,-0.09829710787169221,1.5711299839155202,-5.632009419390146,90.01911714481622,0.0,0.0,0.0,0.0,103461.41443907283,103761.41443907283,inside,,6481371.495785752,6481682.274146925,310.7783611724153,0.02602720205133408,0.026377967771444355,0.0003507657201102764,-0.00017845891774763374,0.00017262884604919834,0.0003510877637968321,7500.877456704413,7540.889837570233,40.01238086581998,-0.10094192628842848,-0.09570267841032824,0.005239247878100234,1.5676467732471626,1.5746282319688458,0.006981458721683209,0.0,0.0,0.0,0.0
22.75,0.0,0.0,6481526.897360775,103426.89736077469,0.026202586719120183,-2.914752925986254e-06,7520.883647648641,-0.09832229977564677,1.571137502498224,-5.633452809164641,90.01954792787306,0.0,0.0,0.0,0.0,103276.89736077469,103576.89736077469,inside,,6481186.9255941305,6481497.704484895,310.77889076434076,0.026315890119919163,0.02666665593640475,0.0003507658164855869,-0.0001785575165426889,0.00017253037765415624,0.00035108789419684513,7501.1103055423255,7541.122687088485,40.012381546159304,-0.10096710914683786,-0.09572786123995648,0.005239247906881378,1.5676543758440977,1.5746358350248837,0.006981459180785965,0.0,0.0,0.0,0.0
23.0,0.0,0.0,6481342.327433735,103242.32743373513,0.02649127483936027,-3.0132801235202955e-06,7521.116496826949,-0.0983474826196079,1.5711451053250882,-5.634895679839751,90.01998353776476,0.0,0.0,0.0,0.0,103092.32743373513,103392.32743373513,inside,,6481002.302566132,6481313.0819864925,310.7794203609228,0.026604594629552256,0.02695536054253306,0.00035076591298080495,-0.00017865831761950017,0.00017242970719127422,0.00035108802481077436,7501.343227091651,7541.355609318411,40.012382226759655,-0.10099228294229423,-0.09575303500661925,0.005239247935674984,1.5676620627013067,1.5746435223412816,0.006981459639974874,0.0,0.0,0.0,0.0
23.25,0.0,0.0,6481157.704670321,103057.7046703212,0.02677997940073866,-3.11400942340241e-06,7521.3494187168,-0.09837265640060983,1.5711527924122723,-5.636338031245547,90.02042397541716,0.0,0.0,0.0,0.0,102907.7046703212,103207.7046703212,inside,,6480817.626714129,6481128.406664091,310.7799499621615,0.026893315586319997,0.027244081595916517,0.0003507660095965204,-0.00017876134560898503,0.00017232681002969825,0.0003510881556386833,7501.57622134255,7541.588604250171,40.01238290762103,-0.101017447671832,-0.09577819970735091,0.005239247964481095,1.567669833834971,1.5746512939342212,0.0069814600992501585,0.0,0.0,0.0,0.0
23.5,0.0,0.0,6480973.0290829055,102873.0290829055,0.027068700409342002,-3.2169654564864065e-06,7521.582413308354,-0.09839782111568694,1.571160563775958,-5.637779863212115,90.02086924175741,0.0,0.0,0.0,0.0,102723.0290829055,103023.0290829055,inside,,6480632.898050501,6480943.67853007,310.7804795689881,0.027182052996308697,0.027532819102642023,0.00035076610633332644,-0.00017886662515216465,0.00017222166152847072,0.00035108828668063534,7501.809288285175,7541.821671873918,40.01238358874252,-0.1010426033324858,-0.09580335533918609,0.005239247993299709,1.5676776892612951,1.5746591498199067,0.006981460558611596,0.0,0.0,0.0,0.0
23.75,0.0,0.0,6480788.300683868,102688.30068386812,0.027357437871256652,-3.322172863729609e-06,7521.815480591766,-0.09842297676187386,1.571168419432349,-5.63922117556955,90.02131933771392,0.0,0.0,0.0,0.0,102538.30068386812,102838.30068386812,inside,,6480448.116587633,6480758.897596815,310.7810091814026,0.02747080686560438,0.0278215730687962,0.0003507662031918199,-0.0001789741809001871,0.00017211423703650722,0.0003510884179366943,7502.042427909673,7542.0548121798,40.01238427012686,-0.10106774992129042,-0.0958285018991596,0.005239248022130813,1.5676856289965044,1.5746670900145645,0.006981461018060076,0.0,0.0,0.0,0.0
24.0,0.0,0.0,6480603.519485593,102503.51948559284,0.027646191792568654,-3.429656296216182e-06,7522.048620557181,-0.0984481233362054,1.5711763593976715,-5.640661968147959,90.02177426421638,0.0,0.0,0.0,0.0,102353.51948559284,102653.51948559284,inside,,6480263.282337916,6480574.063876714,310.78153879754245,0.02775957720029274,0.028110343500465356,0.0003507663001726148,-0.00017908403751435087,0.00017200451189257283,0.0003510885494069237,7502.275640206185,7542.288025157956,40.01238495177131,-0.10109288743528087,-0.09585363938430642,0.005239248050974449,1.5676936530568475,1.574675114534443,0.006981461477595596,0.0,0.0,0.0,0.0
24.25,0.0,0.0,6480418.685500471,102318.68550047092,0.027934962179363733,-3.5394404151806706e-06,7522.28183319474,-0.09847326083571656,1.5711843836881745,-5.642102240777461,90.02223402219579,0.0,0.0,0.0,0.0,102168.68550047092,102468.68550047092,inside,,6480078.395313747,6480389.177382166,310.7820684183389,0.028048364006459162,0.028399130403735474,0.0003507663972763114,-0.00017919621966612853,0.00017189246142525888,0.00035108868109138744,7502.508925164844,7542.521310798522,40.012385633677695,-0.10111801587149238,-0.09587876779166181,0.005239248079830575,1.567701761458596,1.5746832233958137,0.0069814619372177145,0.0,0.0,0.0,0.0
24.5,0.0,0.0,6480233.798740899,102133.79874089919,0.028223749037727293,-3.651549892031487e-06,7522.515118494578,-0.09849838925744255,1.571192492320129,-5.643541993288185,90.0226986125844,0.0,0.0,0.0,0.0,101983.79874089919,102283.79874089919,inside,,6479893.455527528,6480204.238125573,310.7825980447233,0.028337167290188685,0.02868793378469222,0.0003507664945035342,-0.00017931075203719008,0.00017177806095295913,0.0003510888129901492,7502.742282775778,7542.754669091623,40.012386315845106,-0.10114313522696035,-0.09590388711826112,0.005239248108699232,1.5677099542180426,1.5746914166149706,0.006981462396927984,0.0,0.0,0.0,0.0
24.75,0.0,0.0,6480048.85921928,101948.85921928007,0.028512552373744407,-3.766009408374415e-06,7522.748476446821,-0.09852350859841877,1.5712006853098286,-5.644981225510272,90.02316803631578,0.0,0.0,0.0,0.0,101798.85921928007,102098.85921928007,inside,,6479708.462991669,6480019.246119344,310.78312767483294,0.028625987057566016,0.028976753649420935,0.0003507665918549181,-0.00017942765931942638,0.0001716612857838466,0.000351088945103273,7502.975713029108,7542.988100027381,40.01238699827263,-0.10116824549872037,-0.09592899736113995,0.005239248137580421,1.5677182313515037,1.574699694208229,0.006981462856725296,0.0,0.0,0.0,0.0
25.0,0.0,0.0,6479863.8669480225,101763.8669480225,0.028801372193499816,-3.882843656036067e-06,7522.98190704159,-0.09854861885568084,1.5712089626735892,-5.646419937273876,90.02364229432476,0.0,0.0,0.0,0.0,101613.8669480225,101913.8669480225,inside,,6479523.417718582,6479834.201375892,310.78365731053054,0.02891482331467553,0.02926559000400661,0.0003507666893310772,-0.00017954696621497293,0.00017154211121584985,0.0003510890774308228,7503.209215914947,7543.221603595909,40.01238768096209,-0.10119334668380829,-0.09595409851733415,0.005239248166474142,1.5677265928753172,1.574708056191928,0.006981463316610759,0.0,0.0,0.0,0.0
25.25,0.0,0.0,6479678.82193954,101578.8219395401,0.029090208503077915,-4.002077337087481e-06,7523.215410268997,-0.09857372002626455,1.5712173244277492,-5.647858128409161,90.02412138754745,0.0,0.0,0.0,0.0,101428.8219395401,101728.8219395401,inside,,6479338.319720689,6479649.103907639,310.78418694995344,0.029203676067601245,0.02955444285453391,0.00035076678693266375,-0.00017966869743623316,0.0001714205125366294,0.00035108920997286257,7503.442791423401,7543.455179787315,40.01238836391349,-0.10121843877926008,-0.09597919058387969,0.005239248195380394,1.5677350388058438,1.5747165025824281,0.0069814637765843734,0.0,0.0,0.0,0.0
25.5,0.0,0.0,6479493.724206255,101393.72420625482,0.02937906130856275,-4.123735163867611e-06,7523.448986119152,-0.09859881210720592,1.5712257705886694,-5.649295798746302,90.02460531692127,0.0,0.0,0.0,0.0,101243.72420625482,101543.72420625482,inside,,6479153.169010417,6479463.9537270125,310.7847165958956,0.029492545322426816,0.029843312207087136,0.0003507668846603196,-0.00017979287770590214,0.00017129646502355434,0.0003510893427294565,7503.6764395445725,7543.688828591698,40.01238904712591,-0.10124352178211198,-0.09600427355781278,0.005239248224299192,1.5677435691594668,1.5747250333961127,0.006981464236645918,0.0,0.0,0.0,0.0
25.75,0.0,0.0,6479308.573760591,101208.57376059145,0.029667930616038007,-4.247841859006957e-06,7523.6826345821555,-0.09862389509554115,1.571234301172733,-5.650732948115487,90.0250940833849,0.0,0.0,0.0,0.0,101058.57376059145,101358.57376059145,inside,,6478967.965600196,6479278.750846441,310.7852462446317,0.029781431085235545,0.03013219806775024,0.0003507669825146935,-0.0001799195317569902,0.00017116994394367855,0.00035108947570066876,7503.910160268557,7543.922549999155,40.01238973059844,-0.10126859568940036,-0.09602934743616982,0.005239248253230536,1.5677521839525914,1.574733648649388,0.006981464696796502,0.0,0.0,0.0,0.0
26.0,0.0,0.0,6479123.370614983,101023.37061498314,0.029956816431587017,-4.3744221554510815e-06,7523.916355648101,-0.09864896898830665,1.5712429161963457,-5.652169576346913,90.02558768787831,0.0,0.0,0.0,0.0,100873.37061498314,101173.37061498314,inside,,6478782.709502467,6479093.495278366,310.78577589895576,0.030070333362110364,0.030421100442606805,0.0003507670804964412,-0.00018004868433284642,0.00017104092455371718,0.00035108960888656363,7504.143953585439,7544.1563439997735,40.01239041433473,-0.10129366049816187,-0.09605441221598744,0.005239248282174425,1.567760883201646,1.5747423483586815,0.00698146515703546,0.0,0.0,0.0,0.0
26.25,0.0,0.0,6478938.114781868,100838.11478186771,0.03024571876129273,-4.503500796484276e-06,7524.1501493070755,-0.09867403378253901,1.5712516156759355,-5.653605683270792,90.02608613134277,0.0,0.0,0.0,0.0,100688.11478186771,100988.11478186771,inside,,6478597.400729672,6478908.18703523,310.78630555793643,0.030359252159133814,0.03071001933774005,0.0003507671786062358,-0.00018018036018718227,0.00017090938210002313,0.0003510897422872054,7504.377819485301,7544.390210583631,40.01239109833023,-0.1013187162054333,-0.0960794678943024,0.005239248311130901,1.567769666923081,1.5747511325404446,0.00698146561736368,0.0,0.0,0.0,0.0
26.5,0.0,0.0,6478752.8062736895,100652.8062736895,0.03053463761123773,-4.635102535753109e-06,7524.384015549161,-0.09869908947527507,1.571260399627953,-5.655041268717345,90.02658941472082,0.0,0.0,0.0,0.0,100502.8062736895,100802.8062736895,inside,,6478412.039294262,6478722.826129483,310.7868352206424,0.03064818748238807,0.03099895475923281,0.00035076727684473993,-0.0001803145840840953,0.00017077529181856317,0.00035108987590265847,7504.611757958218,7544.6241497408055,40.012391782587656,-0.10134376280825166,-0.09610451446815174,0.005239248340099922,1.5677785351333688,1.5747600012111498,0.00698146607778094,0.0,0.0,0.0,0.0
26.75,0.0,0.0,6478567.445102898,100467.4451028984,0.030823572987504214,-4.769252137290124e-06,7524.61795436443,-0.09872413606355182,1.5712692680688716,-5.656476332516804,90.02709753895631,0.0,0.0,0.0,0.0,100317.4451028984,100617.4451028984,inside,,6478226.625208694,6478537.412573582,310.78736488800496,0.030937139337954913,0.03128790671316754,0.00035076737521263016,-0.0001804513807980928,0.00017063862893489456,0.0003510900097329874,7504.845768994256,7544.858161461362,40.01239246710611,-0.10136880030365418,-0.09612955193457266,0.005239248369081517,1.5677874878490055,1.5747689543872934,0.006981466538287906,0.0,0.0,0.0,0.0
27.0,0.0,0.0,6478382.031281951,100282.03128195088,0.031112524896173985,-4.905974375537545e-06,7524.851965742952,-0.09874917354440646,1.5712782210151865,-5.657910874499414,90.02761050499436,0.0,0.0,0.0,0.0,100132.03128195088,100432.03128195088,inside,,6478041.158485428,6478351.946379988,310.78789456002414,0.031226107731915715,0.03157687520562632,0.0003507674737106038,-0.00018059077511411556,0.00017049936866414105,0.00035109014377825664,7505.079852583476,7545.092245735364,40.01239315188741,-0.10139382868867824,-0.09615458029060256,0.005239248398075685,1.5677965250865087,1.5747779920853933,0.006981466998884578,0.0,0.0,0.0,0.0
27.25,0.0,0.0,6478196.564823309,100096.56482330896,0.03140149334332845,-5.0452940353708804e-06,7525.086049674788,-0.09877420191487642,1.571287258483416,-5.659344894495433,90.0281283137814,0.0,0.0,0.0,0.0,99946.56482330896,100246.56482330896,inside,,6477855.639136934,6478166.42756117,310.78842423669994,0.03151509267035146,0.0318658602426908,0.0003507675723393375,-0.0001807327918275614,0.0001703574862109694,0.0003510902780385308,7505.3140087159345,7545.326402552864,40.01239383692973,-0.10141884796036149,-0.09617959953327905,0.005239248427082441,1.567805646862419,1.5747871143219903,0.006981467459571178,0.0,0.0,0.0,0.0
27.5,0.0,0.0,6478011.045739439,99911.04573943932,0.03169047833504862,-5.187235912122663e-06,7525.3202061499915,-0.0987992211719993,1.571296380490101,-5.660778392335127,90.02865096626513,0.0,0.0,0.0,0.0,99761.04573943932,100061.04573943932,inside,,6477670.067175684,6477980.856129601,310.788953917101,0.03180409415934271,0.03215486183044225,0.0003507676710995389,-0.00018087745574430904,0.00017021295676956564,0.0003510904125138747,7505.548237381678,7545.56063190391,40.01239452223217,-0.10144385811574173,-0.09620460965963994,0.005239248456101797,1.5678148531932998,1.5747963211136478,0.006981467920347928,0.0,0.0,0.0,0.0
27.75,0.0,0.0,6477825.474042817,99725.47404281702,0.03197947987741508,-5.331824811606209e-06,7525.55443515861,-0.0988242313128129,1.571305587051804,-5.662211367848774,90.02917846339454,0.0,0.0,0.0,0.0,99575.47404281702,99875.47404281702,inside,,6477484.442614158,6477795.23209776,310.7894836021587,0.03209311220496962,0.03244387997496151,0.0003507677699918915,-0.0001810247916807417,0.00017006575552361126,0.000351090547204353,7505.7825385707465,7545.794933778544,40.012395207797454,-0.10146885915185697,-0.09622961066672323,0.005239248485133741,1.567824144095736,1.574805612476951,0.00698146838121505,0.0,0.0,0.0,0.0
28.0,0.0,0.0,6477639.849745922,99539.84974592179,0.03226849797650802,-5.479085550139199e-06,7525.788736690686,-0.09884923233435525,1.571314878185111,-5.663643820866666,90.02971080611992,0.0,0.0,0.0,0.0,99389.84974592179,99689.84974592179,inside,,6477298.765464842,6477609.555478134,310.79001329187304,0.032382146813311904,0.032732914682329035,0.0003507678690171309,-0.0001811748244637709,0.0001699158576462596,0.0003510906821100305,7506.016912273176,7546.0293081668,40.01239589362376,-0.10149385106574543,-0.09625460255156715,0.005239248514178285,1.5678335195863355,1.5748149884285085,0.006981468842172989,0.0,0.0,0.0,0.0
28.25,0.0,0.0,6477454.172861239,99354.17286123894,0.03255753263840718,-5.629042954567602e-06,7526.023110736253,-0.09887422423366456,1.57132425390663,-5.6650757512191054,90.03024799539287,0.0,0.0,0.0,0.0,99204.17286123894,99504.17286123894,inside,,6477113.035740229,6477423.826283215,310.79054298531264,0.03267119799044887,0.03302196595862482,0.00035076796817595096,-0.0001813275789308604,0.0001697632383001118,0.0003510908172309722,7506.251358478995,7546.263755058705,40.012396579710185,-0.10151883385444553,-0.0962795853112101,0.005239248543235431,1.5678429796817297,1.5748244489849514,0.006981469303221743,0.0,0.0,0.0,0.0
28.5,0.0,0.0,6477268.44340126,99168.4434012603,0.03284658386919189,-5.781721862289414e-06,7526.25755728534,-0.09889920700777925,1.571333714232992,-5.666507158736406,90.03079003216621,0.0,0.0,0.0,0.0,99018.4434012603,99318.4434012603,inside,,6476927.253452816,6477238.044525499,310.79107268340886,0.03296026574245936,0.033311033809928454,0.0003507680674690941,-0.00018148307993004972,0.00016960787263719328,0.000351090952567243,7506.485877178223,7546.498274444283,40.01239726606036,-0.1015438075149959,-0.09630455894269072,0.005239248572305191,1.5678525243985708,1.5748339941629328,0.0069814697643619805,0.0,0.0,0.0,0.0
28.75,0.0,0.0,6477082.661378483,98982.66137848329,0.033135651674941036,-5.937147121278354e-06,7526.492076327968,-0.09892418065373794,1.5713432591808498,-5.667938043248893,90.03133691739414,0.0,0.0,0.0,0.0,98832.66137848329,99132.66137848329,inside,,6476741.418615106,6477052.210217491,310.79160238523036,0.0332493500754218,0.03360011824231908,0.000350768166897282,-0.00018164135231997817,0.00016944973579892988,0.00035109108811890805,7506.720468360876,7546.732866313547,40.01239795267065,-0.10156877204443536,-0.0963295234430478,0.005239248601387567,1.567862153753535,1.5748436239791284,0.006981470225593256,0.0,0.0,0.0,0.0
29.0,0.0,0.0,6476896.826805411,98796.8268054109,0.033424736061733046,-6.0953435901077695e-06,7526.72666785415,-0.09894914516857944,1.5713528887668797,-5.669368404586903,90.03188865203211,0.0,0.0,0.0,0.0,98646.8268054109,98946.8268054109,inside,,6476555.531239607,6476866.323371699,310.7921320917085,0.03353845099541413,0.03388921926187538,0.0003507682664612502,-0.00018180242096990854,0.0001692888029161238,0.0003510912238860323,7506.95513201696,7546.967530656504,40.01239863954379,-0.10159372743980292,-0.09635447880932037,0.005239248630482557,1.567871867763321,1.5748533384502372,0.006981470686916236,0.0,0.0,0.0,0.0
29.25,0.0,0.0,6476710.939694554,98610.93969455361,0.03371383703564592,-6.256336137974492e-06,7526.961331853896,-0.09897410054934279,1.5713626030077799,-5.670798242580784,90.03244523703687,0.0,0.0,0.0,0.0,98460.93969455361,98760.93969455361,inside,,6476369.591338837,6476680.384000639,310.7926618028432,0.03382756850851387,0.03417833687467561,0.0003507683661617411,-0.00018196631075975103,0.00016912504910893012,0.0003510913598686812,7507.189868136479,7547.202267463157,40.01239932667795,-0.10161867369813783,-0.09637942503854766,0.005239248659590176,1.5678816664446487,1.57486313759298,0.006981471148331364,0.0,0.0,0.0,0.0
29.5,0.0,0.0,6476525.0000584265,98425.00005842652,0.03400295460275718,-6.420149644722578e-06,7527.196068317206,-0.0989990467930672,1.5713724019202713,-5.672227557060898,90.03300667336644,0.0,0.0,0.0,0.0,98275.00005842652,98575.00005842652,inside,,6476183.598925317,6476494.3921168335,310.7931915167719,0.03411670262079805,0.034467471086797555,0.0003507684659995042,-0.0001821330465800871,0.00016895844948683263,0.00035109149606691974,7507.4246767094255,7547.4370767235,40.012400014074046,-0.10164361081647952,-0.09640436212776907,0.005239248688710452,1.5678915498142623,1.5748730214241007,0.006981471609838419,0.0,0.0,0.0,0.0
29.75,0.0,0.0,6476339.007909551,98239.00790955126,0.03429208876914389,-6.586809000867267e-06,7527.430877234075,-0.09902398389679211,1.5713822855210975,-5.673656347857615,90.03357296198017,0.0,0.0,0.0,0.0,98089.00790955126,98389.00790955126,inside,,6475997.554011573,6476308.347732809,310.79372123628855,0.034405853338343236,0.03475662190431853,0.0003507685659752957,-0.00018230265333219338,0.00016878897914862005,0.0003510916324808134,7507.6595577257885,7547.67195842752,40.01240070173117,-0.1016685387918676,-0.09642929007402426,0.005239248717843342,1.5679015178889273,1.5748829899603651,0.006981472071437844,0.0,0.0,0.0,0.0
30.0,0.0,0.0,6476152.963260455,98052.96326045506,0.03458123954088265,-6.756339107618816e-06,7527.66575859449,-0.09904891185755713,1.5713922538270249,-5.675084614801318,90.03414410383871,0.0,0.0,0.0,0.0,97902.96326045506,98202.96326045506,inside,,6475811.456610139,6476122.250861099,310.7942509595305,0.034695020667225504,0.03504578933331539,0.00035076866608988594,-0.0001824751559280655,0.00016861661318236213,0.0003510917691104276,7507.894511175549,7547.906912565199,40.01240138964931,-0.10169345762134191,-0.09645420887435303,0.0052392487469888754,1.5679115706854327,1.5748930432185628,0.006981472533130084,0.0,0.0,0.0,0.0
30.25,0.0,0.0,6475966.866123671,97866.86612367071,0.03487040692404957,-6.92876487690649e-06,7527.900712388434,-0.0990738306724021,1.5714023068548422,-5.676512357722403,90.03472009990396,0.0,0.0,0.0,0.0,97716.86612367071,98016.86612367071,inside,,6475625.306733555,6475936.101514242,310.7947806864977,0.03498420461352047,0.0353349733798645,0.0003507687663440312,-0.00018265057929044213,0.0001684413266653857,0.0003510919059558278,7508.1295370486805,7548.141939126511,40.0124020778303,-0.1017183673019425,-0.09647911852579542,0.005239248776147079,1.56792170822059,1.5749031812155052,0.006981472994915139,0.0,0.0,0.0,0.0
30.5,0.0,0.0,6475780.7165117385,97680.71651173849,0.03515959092472028,-7.104111231402435e-06,7528.13573860588,-0.09909874033836706,1.5714124446213609,-5.677939576451276,90.03530095113918,0.0,0.0,0.0,0.0,97530.71651173849,97830.71651173849,inside,,6475439.104394367,6475749.899704784,310.7953104171902,0.03527340518330322,0.03562417405004174,0.00035076886673852253,-0.00018282894835282894,0.00016826309466425063,0.0003510920430170796,7508.364635335152,7548.377038101425,40.01240276627232,-0.10174326783070961,-0.09650401902539169,0.005239248805317925,1.567931930511233,1.5749134039680264,0.006981473456793452,0.0,0.0,0.0,0.0
30.75,0.0,0.0,6475594.514437203,97494.5144372033,0.035448791548969905,-7.282403104545629e-06,7528.370837236796,-0.09912364085249224,1.5714226671434148,-5.679366270818355,90.03588665850884,0.0,0.0,0.0,0.0,97344.5144372033,97644.5144372033,inside,,6475252.849605124,6475563.645445276,310.795840151608,0.03556262238264838,0.03591339134992251,0.00035076896727413015,-0.0001830102880595223,0.00016808189223472617,0.0003510921802942485,7508.599806024925,7548.612209479901,40.012403454976265,-0.10176815920468367,-0.09652891037018223,0.005239248834501442,1.5679422375742178,1.5749237114929828,0.006981473918765024,0.0,0.0,0.0,0.0
31.0,0.0,0.0,6475408.259912616,97308.25991261564,0.03573800880287309,-7.463665440565792e-06,7528.606008271145,-0.0991485322118181,1.571432974437861,-5.68079244065407,90.03647722297882,0.0,0.0,0.0,0.0,97158.25991261564,97458.25991261564,inside,,6475066.542378385,6475377.338748275,310.7963698906824,0.03585185621763004,0.036202625285581685,0.0003507690679516451,-0.00018319462336563374,0.00016789769442176656,0.0003510923177874003,7508.835049107952,7548.847453251895,40.01240414394306,-0.10179304142090535,-0.09655379255720772,0.005239248863697629,1.5679526294264243,1.5749341038072546,0.006981474380830299,0.0,0.0,0.0,0.0
31.25,0.0,0.0,6475221.9529505335,97121.95295053348,0.036027242692503965,-7.647923194507499e-06,7528.841251698879,-0.09917341441338527,1.5714433665215786,-5.682218085788863,90.03707264551618,0.0,0.0,0.0,0.0,96971.95295053348,97271.95295053348,inside,,6474880.182726711,6475190.9796263445,310.7968996334821,0.036141106694321794,0.03649187586309367,0.0003507691687718792,-0.0001833819792371134,0.00016771047625948734,0.00035109245549660073,7509.070364574183,7549.082769407353,40.01240483316997,-0.10181791447641549,-0.09657866558350901,0.005239248892906473,1.567963106084754,1.5749445809277436,0.006981474842989499,0.0,0.0,0.0,0.0
31.5,0.0,0.0,6475035.593563519,96935.59356351942,0.036316493223936146,-7.835201332254058e-06,7529.076567509947,-0.09919828745423459,1.5714538434114695,-5.683643206053185,90.03767292708935,0.0,0.0,0.0,0.0,96785.59356351942,97085.59356351942,inside,,6474693.770662673,6475004.568092054,310.7974293809384,0.03643037381879671,0.03678114308853232,0.0003507692697356096,-0.00018357238065077445,0.0001675202127711412,0.00035109259342191567,7509.3057524135575,7549.318157936217,40.01240552265972,-0.10184277836825513,-0.09660352944612711,0.005239248922128015,1.5679736675661315,1.5749551428713744,0.006981475305242846,0.0,0.0,0.0,0.0
31.75,0.0,0.0,6474849.1817641435,96749.18176414352,0.036605760403242725,-8.025524830551592e-06,7529.311955694291,-0.09922315133140712,1.5714644051244586,-5.685067801277503,90.03827806866805,0.0,0.0,0.0,0.0,96599.18176414352,96899.18176414352,inside,,6474507.306198847,6474818.104157977,310.79795913025737,0.03671965759712733,0.037070426967970985,0.00035076937084365517,-0.00018376585259431707,0.0001673268789690939,0.000351092731563411,7509.541212616012,7549.553618828423,40.012406212411406,-0.10186763309346554,-0.0966283841421033,0.005239248951362241,1.567984313887504,1.5749657896550948,0.0069814757675907835,0.0,0.0,0.0,0.0
32.0,0.0,0.0,6474662.71756498,96562.71756497957,0.03689504423649627,-8.21891867703308e-06,7529.547416241844,-0.09924800604194411,1.5714750516774931,-5.686491871292292,90.0388880712233,0.0,0.0,0.0,0.0,96412.71756497957,96712.71756497957,inside,,6474320.789347811,6474631.587836696,310.79848888516426,0.03700895803538565,0.03735972750748249,0.00035076947209684156,-0.00018396242006635233,0.00016713044985480036,0.0003510928699211527,7509.776745171472,7549.789152073896,40.01240690242412,-0.10189247864908817,-0.09665322966847903,0.0052392489806091375,1.5679950450658413,1.5749765212958748,0.006981476230033534,0.0,0.0,0.0,0.0
32.25,0.0,0.0,6474476.20097861,96376.20097860973,0.037184344729768816,-8.415407870242405e-06,7529.782949142535,-0.09927285158288703,1.5714857830875433,-5.687915415928041,90.0395029357274,0.0,0.0,0.0,0.0,96226.20097860973,96526.20097860973,inside,,6474134.220122155,6474445.019140798,310.7990186428651,0.03729827513964314,0.037649044713139124,0.00035076957349598065,-0.00018416210807642655,0.00016693090041878028,0.00035109300849520684,7510.012350069859,7550.024757662559,40.012407592699674,-0.1019173150321647,-0.09667806602229595,0.005239249009868746,1.5680058611181364,1.5749873378107073,0.006981476692570876,0.0,0.0,0.0,0.0
32.5,0.0,0.0,6474289.632017621,96189.63201762084,0.037473661889131864,-8.615017419658494e-06,7530.0185543862835,-0.09929768795127752,1.5714965993716017,-5.689338435015248,90.04012266315395,0.0,0.0,0.0,0.0,96039.63201762084,96339.63201762084,inside,,6473947.59853447,6474258.398082875,310.7995484042913,0.037587608915970724,0.03793837859101263,0.0003507696750419051,-0.00018436494164504515,0.00016672820564059442,0.00035109314728563954,7510.248027301089,7550.260435584325,40.012408283236255,-0.101942142239737,-0.09670289320059593,0.005239249039141067,1.5680167620614045,1.574998239216608,0.006981477155203475,0.0,0.0,0.0,0.0
32.75,0.0,0.0,6474103.010694605,96003.0106946053,0.037762995720656355,-8.817772345719337e-06,7530.254231963006,-0.09932251514415748,1.571507500546684,-5.690760928384427,90.0407472544779,0.0,0.0,0.0,0.0,95853.0106946053,96153.0106946053,inside,,6473760.9245973565,6474071.724675526,310.8000781694427,0.037876959370438765,0.03822772914717421,0.00035076977673544757,-0.00018457094580369697,0.00016652234048882017,0.00035109328629251717,7510.483776855069,7550.4961858291035,40.01240897403477,-0.10196696026884712,-0.09672771120042105,0.005239249068426072,1.5680277479126836,1.5750092255306154,0.006981477617931775,0.0,0.0,0.0,0.0
33.0,0.0,0.0,6473916.337022162,95816.33702216204,0.038052346230412676,-9.023697679846224e-06,7530.489981862608,-0.09934733315856895,1.5715184866298284,-5.6921828958660985,90.04137671067546,0.0,0.0,0.0,0.0,95666.33702216204,95966.33702216204,inside,,6473574.198323417,6473884.998931357,310.80060793925077,0.038166326509117054,0.03851709638769451,0.0003507698785774546,-0.00018478014559487825,0.00016631327992102746,0.00035109342551590574,7510.719598721698,7550.732008386794,40.01240966509613,-0.10199176911653736,-0.09675252001881356,0.005239249097723803,1.5680388186890344,1.5750202967697904,0.006981478080755998,0.0,0.0,0.0,0.0
33.25,0.0,0.0,6473729.6110128965,95629.61101289652,0.038341713424470666,-9.232818464467733e-06,7530.725804074992,-0.09937214199155421,1.5715295576380957,-5.693604337290799,90.04201103272413,0.0,0.0,0.0,0.0,95479.61101289652,95779.61101289652,inside,,6473387.419725265,6473698.220862977,310.8011377118528,0.03845571033807483,0.03880648031864361,0.0003507699805687797,-0.00018499256607211687,0.00016610099888375484,0.0003510935649558717,7510.955492890873,7550.967903247291,40.01241035641851,-0.1020165687798502,-0.09677731965281594,0.0052392491270342595,1.5680499744075407,1.5750314529512166,0.006981478543675923,0.0,0.0,0.0,0.0
33.5,0.0,0.0,6473542.83267942,95442.83267941978,0.03863109730889958,-9.445159753044e-06,7530.961698590051,-0.09939694164015575,1.5715407135885693,-5.695025252489075,90.04265022160273,0.0,0.0,0.0,0.0,95292.83267941978,95592.83267941978,inside,,6473200.588815518,6473511.390483006,310.8016674881801,0.038745110863380755,0.03909588094609102,0.0003507700827102625,-0.00018520823229999648,0.00016588547231248508,0.00035109370461248156,7511.191459352479,7551.203870400482,40.01241104800283,-0.10204135925582833,-0.09680211009947089,0.005239249156357442,1.5680612150853082,1.5750426940920004,0.006981479006692215,0.0,0.0,0.0,0.0
33.75,0.0,0.0,6473356.002034348,95256.00203434844,0.038920497889768105,-9.660746610090803e-06,7531.197665397673,-0.09942173210141625,1.5715519544983558,-5.696445641291485,90.04329427829138,0.0,0.0,0.0,0.0,95106.00203434844,95406.00203434844,inside,,6473013.705606796,6473324.507804064,310.8021972682327,0.03903452809110289,0.03938529827610568,0.0003507701850027911,-0.00018542716935418074,0.00016566667513162096,0.00035109384448580173,7511.427498096397,7551.439909836247,40.012411739849995,-0.10206614054151461,-0.09682689135582127,0.005239249185693337,1.5680725407394664,1.5750540202092715,0.006981479469805096,0.0,0.0,0.0,0.0
34.0,0.0,0.0,6473169.119090306,95069.11909030564,0.03920991517314434,-9.879604111203868e-06,7531.433704487738,-0.09944651337237859,1.5715632803845845,-5.697865503528596,90.04394320377152,0.0,0.0,0.0,0.0,94919.11909030564,95219.11909030564,inside,,6472826.77011173,6473137.572838781,310.8027270510793,0.03932396202730872,0.039674732314755934,0.0003507702874472121,-0.00018564940232143766,0.00016544458225446111,0.0003510939845758988,7511.663609112503,7551.676021544461,40.01241243195818,-0.10209091263395217,-0.09685166341891019,0.005239249215041986,1.568083951387167,1.5750654313201817,0.006981479933014789,0.0,0.0,0.0,0.0
34.25,0.0,0.0,6472982.183859919,94882.1838599192,0.039499349165095794,-1.0101757343083056e-05,7531.669815850121,-0.09947128545008586,1.5715746912644073,-5.699284839030994,90.0445969990259,0.0,0.0,0.0,0.0,94732.1838599192,95032.1838599192,inside,,6472639.782342954,6472950.585599792,310.80325683858246,0.039613412678065146,0.03996418306810955,0.00035077039004440674,-0.00018587495629966358,0.00016521916858317577,0.00035109412488283935,7511.899792390663,7551.912205514991,40.012413124328305,-0.1021156755301843,-0.09687642628578094,0.00523924924440336,1.5680954470455846,1.575076927441906,0.0069814803963215155,0.0,0.0,0.0,0.0
34.5,0.0,0.0,6472795.196355825,94695.19635582529,0.039788799871689394,-1.0327231403556632e-05,7531.905999474689,-0.09949604833158138,1.5715861871549988,-5.700703647629269,90.04525566503854,0.0,0.0,0.0,0.0,94545.19635582529,94845.19635582529,inside,,6472452.742313108,6472763.546099737,310.8037866288796,0.03990288004943844,0.040253650542233704,0.0003507704927952632,-0.00018610385639790766,0.00016499040900878255,0.0003510942654066902,7512.136047920736,7552.148461737697,40.01241381696127,-0.10214042922725451,-0.09690117995347701,0.005239249273777502,1.5681070277319165,1.5750885085916422,0.006981480859725719,0.0,0.0,0.0,0.0
34.75,0.0,0.0,6472608.156590664,94508.15659066383,0.04007826729899145,-1.0556051401605422e-05,7532.142255351303,-0.09952080201390863,1.5715977680735564,-5.702121929154028,90.04591920279478,0.0,0.0,0.0,0.0,94358.15659066383,94658.15659066383,inside,,6472265.650034841,6472576.454351264,310.80431642290205,0.04019236414749429,0.04054313474319495,0.00035077059570066266,-0.00018633612773639598,0.0001647582784111221,0.0003510944061475181,7512.372375692578,7552.3847902024345,40.01241450985617,-0.1021651737222065,-0.09692592441904212,0.005239249303164384,1.5681186934633828,1.5751001747866102,0.006981481323227401,0.0,0.0,0.0,0.0
35.0,0.0,0.0,6472421.064577082,94321.06457708217,0.04036775145306766,-1.0788242457387183e-05,7532.378583469816,-0.09954554649411133,1.5716094340373006,-5.703539683435888,90.04658761328128,0.0,0.0,0.0,0.0,94171.06457708217,94471.06457708217,inside,,6472078.505520805,6472389.3103670245,310.80484621971846,0.040481864978297734,0.04083263567705925,0.0003507706987615142,-0.00018657179544655605,0.00016452275165883382,0.0003510945471053899,7512.608775696035,7552.621190899048,40.012415203013006,-0.10218990901208419,-0.09695065967952017,0.005239249332564019,1.5681304442572266,1.5751119260440538,0.006981481786827226,0.0,0.0,0.0,0.0
35.25,0.0,0.0,6472233.920327733,94133.92032773327,0.040657252339983116,-1.1023829702260856e-05,7532.6149838200745,-0.0995702817692334,1.5716211850634745,-5.704956910305477,90.04726089748598,0.0,0.0,0.0,0.0,93983.92032773327,94283.92032773327,inside,,6471891.308783658,6472202.114159678,310.80537602026016,0.040771382547913224,0.04112215334989193,0.0003507708019787059,-0.00018681088467104091,0.00016428380360933154,0.00035109468828037246,7512.845247920948,7552.85766381738,40.012415896431776,-0.10221463509393171,-0.09697538573195529,0.0052392493619764224,1.5681422801307134,1.5751237623812389,0.006981482250525417,0.0,0.0,0.0,0.0
35.5,0.0,0.0,6472046.723855276,93946.72385527566,0.04094676996580227,-1.1262838278810975e-05,7532.85145639192,-0.09959500783631894,1.571633021169344,-5.706373609593436,90.04793905639816,0.0,0.0,0.0,0.0,93796.72385527566,94096.72385527566,inside,,6471704.059836065,6472014.86574189,310.80590582452714,0.04106091686240454,0.04141168776775771,0.0003507709053531677,-0.0001870534205637536,0.00016404140910877927,0.00035109482967253286,7513.081792357149,7553.094208947263,40.01241659011339,-0.10223935196479339,-0.09700010257339178,0.005239249391401607,1.5681542011011322,1.575135683815454,0.006981482714321752,0.0,0.0,0.0,0.0
35.75,0.0,0.0,6471859.475172374,93759.4751723744,0.04123630433658896,-1.1505293340871886e-05,7533.088001175185,-0.0996197246924123,1.5716449423721974,-5.707789781130418,90.0486220910084,0.0,0.0,0.0,0.0,93609.4751723744,93909.4751723744,inside,,6471516.758690698,6471827.565126331,310.8064356325194,0.04135046792783486,0.04170123893672065,0.00035077100888578766,-0.00018729942828987146,0.00016379554299206673,0.00035109497128193816,7513.318408994467,7553.330826278523,40.01241728405603,-0.10226405962171375,-0.0970248102008742,0.005239249420839559,1.5681662071857942,1.5751476903640111,0.006981483178216896,0.0,0.0,0.0,0.0
36.0,0.0,0.0,6471672.1742917,93572.17429170012,0.04152585545840636,-1.1751220053552125e-05,7533.324618159697,-0.099644432334558,1.5716569486893468,-5.709205424747086,90.04931000230856,0.0,0.0,0.0,0.0,93422.17429170012,93722.17429170012,inside,,6471329.405360233,6471640.212325676,310.80696544330567,0.04164003575026668,0.0419908068628442,0.0003507711125775165,-0.00018754893302587057,0.00016354618008278498,0.0003510951131086555,7513.555097822719,7553.567515800982,40.01241797826242,-0.10228875806173755,-0.09704950861144726,0.0052392494502902925,1.5681782984020338,1.575159782044245,0.006981483642211073,0.0,0.0,0.0,0.0
36.25,0.0,0.0,6471484.821225929,93384.82122592907,0.04181542333731703,-1.2000643593258865e-05,7533.561307335275,-0.09966913075980077,1.5716690401381264,-5.710620540274117,90.05000279129182,0.0,0.0,0.0,0.0,93234.82122592907,93534.82122592907,inside,,6471141.999857353,6471452.807352609,310.80749525595456,0.041929620335761884,0.04228039155219115,0.0003507712164292631,-0.00018780195995955006,0.00016329329519320211,0.00035109525515275217,7513.791858831721,7553.8042775044505,40.01241867272984,-0.10231344728190973,-0.09707419780215591,0.005239249479753821,1.5681904747672077,1.5751719588735125,0.006981484106304725,0.0,0.0,0.0,0.0
36.5,0.0,0.0,6471297.415987745,93197.41598774493,0.04210500797938286,-1.2253589147722265e-05,7533.7980686917335,-0.09969381996518557,1.5716812167358933,-5.712035127542197,90.05070045895269,0.0,0.0,0.0,0.0,93047.41598774493,93347.41598774493,inside,,6470954.542194746,6471265.35021982,310.80802507326007,0.04221922169038166,0.04256999301082365,0.00035077132044198517,-0.00018805853429005662,0.00016303686312423875,0.00035109539741429537,7514.028692011278,7554.041111378737,40.01241936745919,-0.10233812727927544,-0.0970988777700453,0.005239249509230132,1.5682027362986963,1.5751842208691944,0.0069814845704980755,0.0,0.0,0.0,0.0
36.75,0.0,0.0,6471109.958589836,93009.95858983602,0.04239460939066507,-1.2510081916019895e-05,7534.034902218878,-0.09971849994775754,1.571693478500028,-5.713449186382027,90.051403006287,0.0,0.0,0.0,0.0,92859.95858983602,93159.95858983602,inside,,6470767.032385108,6471077.840940002,310.80855489429086,0.04250883982018656,0.042859611244803156,0.00035077142461659855,-0.00018831868122790894,0.00016277685866544357,0.0003510955398933525,7514.26559735119,7554.2780174136415,40.01242006245138,-0.10236279805088003,-0.09712354851216078,0.005239249538719251,1.5682150830139028,1.5751965680486937,0.006981485034790902,0.0,0.0,0.0,0.0
37.0,0.0,0.0,6470922.449044897,92822.44904489722,0.04268422757722423,-1.2770147108601232e-05,7534.271807906509,-0.09974317070456204,1.5717058254479335,-5.714862716624318,90.05211043429185,0.0,0.0,0.0,0.0,92672.44904489722,92972.44904489722,inside,,6470579.470441139,6470890.2795258565,310.8090847171843,0.04279847473123642,0.0431492462601905,0.00035077152895408165,-0.00018858242599502213,0.0001625132565949689,0.00035109568258999104,7514.502574841249,7554.5149955989555,40.01242075770642,-0.10238745959376908,-0.09714821002554791,0.005239249568221166,1.5682275149302523,1.5752090004294366,0.0069814854991843145,0.0,0.0,0.0,0.0
37.25,0.0,0.0,6470734.887365629,92634.88736562897,0.04297386254512024,-1.3033809947312065e-05,7534.508785744419,-0.09976783223264464,1.5717182575970354,-5.716275718099795,90.05282274396566,0.0,0.0,0.0,0.0,92484.88736562897,92784.88736562897,inside,,6470391.856375547,6470702.66599009,310.8096145428717,0.04308812642959045,0.04343889806304583,0.00035077163345537815,-0.00018884979382473212,0.0001622460316795463,0.00035109582550427843,7514.739624471243,7554.752045924465,40.01242145322249,-0.10241211190498838,-0.09717286230725247,0.005239249597735904,1.5682400320651937,1.575221518028872,0.006981485963678313,0.0,0.0,0.0,0.0
37.5,0.0,0.0,6470547.273564739,92447.27356473915,0.04326351430041231,-1.3301095665418966e-05,7534.745835722393,-0.0997924845290511,1.5717307749647826,-5.7176881906391905,90.0535399363082,0.0,0.0,0.0,0.0,92297.27356473915,92597.27356473915,inside,,6470204.190201043,6470515.000345416,310.81014437321573,0.04337779492130714,0.043728566659428585,0.00035077173812144563,-0.0001891208099618203,0.00016197515867446202,0.00035109596863628235,7514.976746230949,7554.989168379951,40.012422149001395,-0.10243675498158386,-0.09719750535432042,0.005239249627263437,1.5682526344361987,1.5752341208644716,0.006981486428272898,0.0,0.0,0.0,0.0
37.75,0.0,0.0,6470359.607654939,92259.6076549394,0.04355318284915895,-1.3572029507633787e-05,7534.982957830212,-0.09981712759082739,1.571743377568647,-5.719100134073252,90.05426201232049,0.0,0.0,0.0,0.0,92109.6076549394,92409.6076549394,inside,,6470016.471930347,6470327.282604553,310.8106742054224,0.04366748021244427,0.044018252055397535,0.00035077184295326247,-0.00018939549966253801,0.0001617006123235323,0.00035109611198607033,7515.213940110142,7555.226362955185,40.01242284504315,-0.10246138882060175,-0.09722213916379795,0.005239249656803807,1.5682653220607616,1.57524680895373,0.006981486892968292,0.0,0.0,0.0,0.0
38.0,0.0,0.0,6470171.889648949,92071.8896489488,0.04384286819741799,-1.3846636730138227e-05,7535.220152057648,-0.09984176141501971,1.5717560654261227,-5.720511548232739,90.05498897300492,0.0,0.0,0.0,0.0,91921.8896489488,92221.8896489488,inside,,6469828.701576184,6470139.512780225,310.81120404135436,0.04395718230905895,0.044307954257010757,0.00035077194795180705,-0.00018967388819463103,0.00016142236735907915,0.0003510962555537102,7515.451206098586,7555.463629639933,40.012423541346834,-0.10248601341908843,-0.09724676373273143,0.005239249686357,1.5682780949564,1.5752595823141653,0.006981487357765381,0.0,0.0,0.0,0.0
38.25,0.0,0.0,6469984.119559493,91884.11955949292,0.04413257035124657,-1.4124942600608306e-05,7535.457418394467,-0.09986638599867445,1.5717688385547277,-5.721922432948423,90.05572081936516,0.0,0.0,0.0,0.0,91734.11955949292,92034.11955949292,inside,,6469640.879151285,6469951.690885164,310.81173387914896,0.04424690121720757,0.044597673270325634,0.0003507720531180647,-0.00018995600083736414,0.0001611403985019056,0.00035109639933926973,7515.688544186041,7555.700968423954,40.012424237912455,-0.1025106287740905,-0.09727137905816748,0.005239249715923031,1.5682909531406537,1.5752724409633179,0.0069814878226641675,0.0,0.0,0.0,0.0
38.5,0.0,0.0,6469796.297399302,91696.29739930201,0.04442228931670109,-1.4406972398239036e-05,7535.694756830427,-0.0998910013388382,1.5717816969720022,-5.723332788051085,90.05645755240621,0.0,0.0,0.0,0.0,91546.29739930201,91846.29739930201,inside,,6469453.004668385,6469763.816932106,310.8122637216002,0.044536636942945795,0.044887409101398816,0.00035077215845302073,-0.0001902418628815457,0.0001608546804612711,0.0003510965433428168,7515.9259543622575,7555.938379296998,40.01242493474092,-0.10253523488265479,-0.09729598513715289,0.005239249745501898,1.5683038966310865,1.5752853849187511,0.00698148828766465,0.0,0.0,0.0,0.0
38.75,0.0,0.0,6469608.423181113,91508.42318111286,0.04471202509983726,-1.4692751413768854e-05,7535.93216735528,-0.09991560743255777,1.57179464069551,-5.72474261337152,90.05719917313439,0.0,0.0,0.0,0.0,91358.42318111286,91658.42318111286,inside,,6469265.078140229,6469575.890933795,310.81279356591403,0.04482638949232857,0.04517716175628625,0.0003507722639576813,-0.0001905314996295525,0.00016056518793486696,0.0003510966875644194,7516.163436616983,7556.175862248814,40.01242563183132,-0.10255983174182827,-0.09732058196673467,0.005239249775093602,1.5683169254452847,1.5752984141980522,0.006981488752767495,0.0,0.0,0.0,0.0
39.0,0.0,0.0,6469420.496917669,91320.49691766873,0.045001777706710044,-1.4982304949504401e-05,7536.169649958773,-0.09994020427688016,1.571807669742837,-5.726151908740532,90.0579456825573,0.0,0.0,0.0,0.0,91170.49691766873,91470.49691766873,inside,,6469077.099579565,6469387.912902978,310.81332341302186,0.045116158871410114,0.04546693124104315,0.00035077236963303865,-0.00019082493639535386,0.00016027189560879174,0.0003510968320041456,7516.400990939954,7556.413417269139,40.01242632918547,-0.1025844193486582,-0.09734516954396003,0.005239249804698171,1.568330039600857,1.57531152881883,0.006981489217972925,0.0,0.0,0.0,0.0
39.25,0.0,0.0,6469232.518621718,91132.51862171758,0.045291547143373696,-1.5275658319344986e-05,7536.407204630644,-0.09996479186885261,1.5718207841315925,-5.727560673988944,90.05869708168389,0.0,0.0,0.0,0.0,90982.51862171758,91282.51862171758,inside,,6468889.068999148,6469199.882852411,310.81385326292366,0.045405945086243904,0.045756717561724024,0.00035077247548011975,-0.00019112219850453676,0.0001599747781575266,0.00035109697666206336,7516.638617320904,7556.651044347705,40.01242702680065,-0.102608997700192,-0.0973697478658764,0.00523924983431559,1.568343239115436,1.575324728798717,0.006981489683281161,0.0,0.0,0.0,0.0
39.5,0.0,0.0,6469044.488306015,90944.4883060148,0.04558133341588173,-1.5572836848807274e-05,7536.644831360623,-0.09998937020552254,1.571833983879409,-5.728968908947582,90.05945337152441,0.0,0.0,0.0,0.0,90794.4883060148,91094.4883060148,inside,,6468700.986411738,6469011.800794855,310.81438311655074,0.04569574814288268,0.04604652072438262,0.0003507725814999377,-0.0001914233112943303,0.00015967381024391063,0.00035109712153824093,7516.876315749556,7556.888743474235,40.01242772467867,-0.1026335667934773,-0.09739431692953143,0.005239249863945861,1.5683565240066764,1.5753380141553688,0.006981490148692426,0.0,0.0,0.0,0.0
39.75,0.0,0.0,6468856.405983322,90756.4059833223,0.0458711365302869,-1.5873865875049976e-05,7536.882530138438,-0.10001393928393759,1.571847269003942,-5.730376613447291,90.06021455309046,0.0,0.0,0.0,0.0,90606.4059833223,90906.4059833223,inside,,6468512.851830104,6468823.666743076,310.8149129720405,0.045985568047378425,0.04633634073507194,0.00035077268769351244,-0.00019172830011363032,0.00015936896651911622,0.00035109726663274657,7517.11408621563,7557.126514638449,40.01242842281954,-0.10265812662556198,-0.09741887673197297,0.00523924989358901,1.5683698942922566,1.575351384906464,0.006981490614207386,0.0,0.0,0.0,0.0
40.0,0.6108652381980153,35.0,6468668.271666406,90568.27166640572,0.046160956492641216,-1.6178770746898575e-05,7537.120300953804,-0.10003849910114561,1.5718606395228694,-5.731783787318923,90.0609806273949,0.0,0.0,0.0,0.0,90418.27166640572,90718.27166640572,inside,,6468324.665267019,6468635.480709849,310.8154428303242,0.046275404805782364,0.04662617759984424,0.00035077279406187795,-0.0001920371903230243,0.0001590602216226242,0.0003510974119456485,7517.351928708836,7557.364357830059,40.01242912122325,-0.10268267719349407,-0.09744342727024903,0.005239249923245037,1.5683833499898778,1.5753648410697039,0.006981491079826041,0.0,0.0,0.0,0.0
40.25,0.6108652381980153,35.0,6468480.085368039,90380.08536803909,0.04645079330899594,-1.6487576824869926e-05,7537.358143796434,-0.10006304965419464,1.5718740954538926,-5.7331904303933445,90.06175159545195,0.0,0.0,0.0,0.0,90230.08536803909,90530.08536803909,inside,,6468136.42673526,6468447.242707951,310.81597269140184,0.04656525842414495,0.04691603132475102,0.000350772900606075,-0.000192350007294816,0.00015874755018219927,0.00035109755747701526,7517.589843218879,7557.602273038768,40.012429819888894,-0.10270721849432184,-0.0974679685414079,0.00523924995291393,1.5683968911172639,1.5753783826628127,0.006981491545548835,0.0,0.0,0.0,0.0
40.5,0.6108652381980153,35.0,6468291.847101,90191.84710100014,0.04674064698540154,-1.6800309481197073e-05,7537.596058656032,-0.10008759094013296,1.5718876368147359,-5.734596542501434,90.06252745827713,0.0,0.0,0.0,0.0,90041.84710100014,90341.84710100014,inside,,6467948.136247613,6468258.952750168,310.8165025552735,0.04685512890851585,0.04720590191584301,0.0003507730073271584,-0.00019266677641305004,0.00015843092681386517,0.0003510977032269152,7517.827829735456,7557.840260254273,40.01243051881647,-0.10273175052509376,-0.09749250054249806,0.005239249982595701,1.5684105176921626,1.5753920097035383,0.006981492011375767,0.0,0.0,0.0,0.0
40.75,0.6108652381980153,35.0,6468103.556878075,90003.556878075,0.047030517527907746,-1.7116994099853955e-05,7537.834045522296,-0.10011212295600903,1.5719012636231466,-5.736002123474081,90.06330821688731,0.0,0.0,0.0,0.0,89853.556878075,90153.556878075,inside,,6467759.793816868,6468070.61084929,310.8170324219391,0.04714501626494399,0.04749578937917015,0.0003507731142261619,-0.00019298752307353697,0.00015811032612187995,0.0003510978491954169,7518.065888248259,7558.078319466266,40.012431218006896,-0.10275627328285852,-0.09751702327056816,0.005239250012290364,1.5684242297323434,1.5754057222096511,0.006981492477307727,0.0,0.0,0.0,0.0
41.0,0.6108652381980153,35.0,6467915.2147120545,89815.21471205447,0.04732040494256348,-1.743765607658019e-05,7538.072104384916,-0.10013664569887154,1.571914975896895,-5.737407173142187,90.06409387230062,0.0,0.0,0.0,0.0,89665.21471205447,89965.21471205447,inside,,6467571.399455825,6467882.217018116,310.81756229139864,0.04743492049947748,0.04778569372078163,0.0003507732213041542,-0.00019331227268387782,0.00015778572269871123,0.00035109799538258905,7518.3040187469705,7558.316450664432,40.01243191746107,-0.10278078676466502,-0.09754153672266709,0.005239250041997934,1.5684380272556002,1.5754195201989447,0.006981492943344492,0.0,0.0,0.0,0.0
41.25,0.6108652381980153,35.0,6467726.820615735,89626.8206157349,0.0476103092354169,-1.776232081890583e-05,7538.310235233577,-0.10016115916576937,1.5719287736537746,-5.738811691336666,90.06488442553656,0.0,0.0,0.0,0.0,89476.8206157349,89776.8206157349,inside,,6467382.953177284,6467693.771269447,310.81809216272086,0.047724841618163635,0.048075614946725846,0.00035077332856221083,-0.00019364105066348896,0.00015745709112501122,0.0003510981417885002,7518.542221221269,7558.554653838446,40.01243261717718,-0.10280529096756237,-0.09756604089584396,0.00523925007171841,1.5684519102797487,1.5754334036892355,0.006981493409486728,0.0,0.0,0.0,0.0
41.5,0.6108652381980153,35.0,6467538.37460192,89438.37460192014,0.047900230412515336,-1.8091013746176167e-05,7538.5484380579555,-0.10018566335375162,1.5719426569116017,-5.740215677888444,90.06567987761595,0.0,0.0,0.0,0.0,89288.37460192014,89588.37460192014,inside,,6467194.454994056,6467505.273616093,310.81862203683704,0.048014779627048976,0.048365553063050376,0.0003507734360014003,-0.00019397388244362702,0.0001571244059695921,0.00035109828841321913,7518.780495660823,7558.7929289779795,40.01243331715614,-0.10282978588859984,-0.09759053578714806,0.005239250101451778,1.5684658788226287,1.575447372698363,0.006981493875734435,0.0,0.0,0.0,0.0
41.75,0.6108652381980153,35.0,6467349.87668342,89249.87668341957,0.04819016847990534,-1.8423760289576646e-05,7538.786712847721,-0.1002101582598676,1.5719566256882158,-5.741619132628459,90.0664802295609,0.0,0.0,0.0,0.0,89099.87668341957,89399.87668341957,inside,,6467005.904918956,6467316.724070869,310.8191519137472,0.04830473453217921,0.048655508075802004,0.0003507735436227913,-0.00019431079346741366,0.0001567876417894011,0.00035109843525681474,7519.018842055298,7559.031276072695,40.01243401739703,-0.10285427152482698,-0.0976150213936289,0.005239250131198081,1.5684799329021024,1.5754614272441905,0.006981494342088057,0.0,0.0,0.0,0.0
42.0,0.6108652381980153,35.0,6467161.326873047,89061.32687304728,0.048480123443632665,-1.8760585892157605e-05,7539.025059592538,-0.1002346438811668,1.5719706800014794,-5.74302205538766,90.06728548239485,0.0,0.0,0.0,0.0,88911.32687304728,89211.32687304728,inside,,6466817.302964804,6467128.122646597,310.8196817934513,0.04859470633959924,0.048945479991026726,0.000350773651427487,-0.00019465180918986044,0.0001564467731294955,0.0003510985823193559,7519.257260394348,7559.269695112249,40.01243471790076,-0.1028787478732935,-0.09763949771233622,0.005239250160957276,1.5684940725360552,1.5754755673446035,0.006981494808548261,0.0,0.0,0.0,0.0
42.25,0.6108652381980153,35.0,6466972.725183626,88872.7251836257,0.04877009530974222,-1.91015160088592e-05,7539.263478282062,-0.10025912021469899,1.5719848198692783,-5.744424445997008,90.0680956371426,0.0,0.0,0.0,0.0,88722.7251836257,89022.7251836257,inside,,6466628.649144429,6466939.469356104,310.8202116750181,0.04888469505535312,0.049235468814769694,0.0003507737594165769,-0.00019499695507789374,0.00015610177452301792,0.0003510987296009117,7519.495750667625,7559.508186086292,40.01243541866734,-0.10290321493104936,-0.09766396474031995,0.005239250190729405,1.5685082977423959,1.575489793017511,0.006981495275115046,0.0,0.0,0.0,0.0
42.5,0.6108652381980153,35.0,6466784.071627981,88684.07162798103,0.049060084084278095,-1.9446576106536317e-05,7539.501968905944,-0.10028358725751407,1.5719990453095212,-5.745826304287478,90.06891069483024,0.0,0.0,0.0,0.0,88534.07162798103,88834.07162798103,inside,,6466439.943470662,6466750.764212222,310.8207415593788,0.04917470068548409,0.049525474553075245,0.0003507738675911573,-0.0001953462566103797,0.00015575262049117127,0.000351098877101551,7519.734312864769,7559.746748984467,40.01243611969767,-0.10292767269514469,-0.09768842247463022,0.005239250220514469,1.5685226085390562,1.5755041042808446,0.006981495741788413,0.0,0.0,0.0,0.0
42.75,0.6108652381980153,35.0,6466595.366218947,88495.36621894687,0.04935008977328356,-1.9795791663983476e-05,7539.7405314538255,-0.10030804500666221,1.5720133563401397,-5.747227630090056,90.06973065648516,0.0,0.0,0.0,0.0,88345.36621894687,88645.36621894687,inside,,6466251.185956345,6466562.007227791,310.8212714456022,0.04946472323603454,0.04981549721198689,0.0003507739759523454,-0.00019569973927814909,0.0001553992855431939,0.000351099024821343,7519.972946975419,7559.985383796408,40.01243682098902,-0.10295212116262985,-0.09771287091231738,0.005239250250312466,1.5685370049439908,1.57551850115256,0.006981496208569249,0.0,0.0,0.0,0.0
43.0,0.6108652381980153,35.0,6466406.608969363,88306.60896936338,0.049640112382801055,-2.0149188171959703e-05,7539.9791659153425,-0.10033249345919376,1.5720277529790891,-5.74862842323574,90.07055552313614,0.0,0.0,0.0,0.0,88156.60896936338,88456.60896936338,inside,,6466062.376614322,6466373.198415657,310.8218013346195,0.04975476271304605,0.0501055367975473,0.00035077408450125136,-0.00019605742858402235,0.0001550417441763346,0.0003510991727603569,7520.211652989202,7560.224090511746,40.01243752254413,-0.10297656033055543,-0.09773731005043203,0.0052392502801233976,1.5685514869751778,1.5755329836506355,0.006981496675457777,0.0,0.0,0.0,0.0
43.25,0.6108652381980153,35.0,6466217.799892075,88117.79989207536,0.04993015191887215,-2.050679113321361e-05,7540.2178722801245,-0.10035693261215928,1.5720422352443473,-5.750028683555539,90.07138529581322,0.0,0.0,0.0,0.0,87967.79989207536,88267.79989207536,inside,,6465873.515457445,6466184.33778867,310.8223312254995,0.05004481912255929,0.050395593315798286,0.0003507741932389924,-0.0001964193500428344,0.0001546799708758277,0.0003510993209186621,7520.45043089574,7560.462869120102,40.012438224362086,-0.10300099019597218,-0.09776173988602489,0.005239250309947291,1.568566054650618,1.5755475517930722,0.006981497142454218,0.0,0.0,0.0,0.0
43.5,0.6108652381980153,35.0,6466028.938999934,87928.93899993412,0.05022020838753758,-2.0868626062508233e-05,7540.456650537794,-0.10038136246260955,1.5720568031539155,-5.751428410880475,90.0722199755478,0.0,0.0,0.0,0.0,87778.93899993412,88078.93899993412,inside,,6465684.60249857,6465995.42535969,310.82286111917347,0.05033489247061412,0.05068566677278084,0.0003507743021667134,-0.00019678552918145993,0.00015431394011486784,0.00035109946929632777,7520.689280684651,7560.701719611094,40.01243892644288,-0.10302541075593112,-0.09778616041614699,0.005239250339784132,1.5685807079883358,1.5755622055978946,0.0069814976095587955,0.0,0.0,0.0,0.0
43.75,0.6108652381980153,35.0,6465840.026305797,87740.02630579658,0.050510281794837214,-2.1234718486646145e-05,7540.695500677966,-0.10040578300759555,1.572071456725818,-5.752827605041582,90.07305956337261,0.0,0.0,0.0,0.0,87590.02630579658,87890.02630579658,inside,,6465495.637750562,6465806.461141577,310.82339101471007,0.05062498276324952,0.05097575717453504,0.0003507744112855246,-0.0001971559915388381,0.00015394362635458536,0.00035109961789342345,7520.92820234554,7560.940641974326,40.012439628786524,-0.10304982200748342,-0.0978105716378495,0.0052392503696339215,1.5685954470063788,1.5755769450831505,0.0069814980767717305,0.0,0.0,0.0,0.0
44.0,0.6108652381980153,35.0,6465651.061822527,87551.06182252709,0.050800372146810054,-2.1605093944494406e-05,7540.934422690249,-0.10043019424416848,1.5720861959781023,-5.754226265869907,90.07390406032168,0.0,0.0,0.0,0.0,87401.06182252709,87701.06182252709,inside,,6465306.621226291,6465617.445147203,310.8239209121093,0.050915090006503565,0.05126586452710016,0.0003507745205965987,-0.00019753076266599773,0.00015356900404402083,0.00035109976671001856,7521.167195868011,7561.179636199404,40.01244033139301,-0.1030742239476805,-0.09783497354818381,0.005239250399496687,1.5686102717228168,1.5755917702669104,0.006981498544093689,0.0,0.0,0.0,0.0
44.25,0.6108652381980153,35.0,6465462.045562995,87362.04556299467,0.05109047944949423,-2.197977798700958e-05,7541.173416564245,-0.10045459616937975,1.572101020928839,-5.7556243931965065,90.07475346743038,0.0,0.0,0.0,0.0,87212.04556299467,87512.04556299467,inside,,6465117.552938631,6465428.377389444,310.82445081323385,0.05120521420641349,0.051555988836514556,0.0003507746301010667,-0.00019790986812608238,0.00015319004762010034,0.0003510999157461827,7521.406261241657,7561.418702275919,40.01244103426143,-0.10309861657357398,-0.09785936614420157,0.0052392504293724135,1.568625182155744,1.5756066811672689,0.006981499011524894,0.0,0.0,0.0,0.0
44.5,0.6108652381980153,35.0,6465272.977540076,87172.97754007578,0.05138060370892698,-2.2358796177262907e-05,7541.412482289547,-0.10047898878028098,1.5721159315961222,-5.757021986852452,90.07560778573543,5.540919957712526e-06,5.876154666098365e-06,156.72948042951182,167.9844502547737,87022.97754007578,87322.97754007578,inside,6,6464928.432900465,6465239.25788118,310.8249807152897,0.05149535536901561,0.0518461301088157,0.0003507747398000874,-0.0001982933334943755,0.00015280673150761003,0.00035110006500198553,7521.678283562007,7561.693630836277,40.015347274270425,-0.10312080441055435,-0.09788138132050185,0.0052394230900525,1.5686404815705828,1.5756220390537328,0.006981557483149992,34825.21838058146,189863.5877102891,8706.304595145364,47465.89692757228
44.75,0.6108652381980153,35.0,6465083.857766652,86983.85776665155,0.051670744931144666,-2.27421740904653e-05,7541.68592909806,-0.10050109183953745,1.5721312594016765,-5.758288398862175,90.0764860043029,5.721589592132032e-06,6.067046272036547e-06,161.85163754859315,173.45410481955022,86833.85776665155,87133.85776665155,inside,6,6464739.264529448,6465050.0900643235,310.8255348755047,0.05178551488777014,0.05213628973559469,0.00035077484782455176,-0.00019868128762397808,0.0001524189365386004,0.0003511002241625785,7521.952873277254,7561.968312035264,40.01543875800962,-0.10314282374741049,-0.097903395295116,0.005239428452294484,1.568655904969297,1.5756374647787545,0.006981559809457583,35392.2870830812,192943.8070562638,8848.0717707703,48235.95176406595
45.0,0.6108652381980153,35.0,6464894.68967252,86794.68967252038,0.051960904508791574,-2.3130035455648986e-05,7541.960563704918,-0.10052310854065205,1.5721466839382936,-5.7595498629148425,90.07736976515199,5.907832103651427e-06,6.263804539373273e-06,167.13224741405972,179.0923428432291,86644.68967252038,86944.68967252038,inside,6,6464550.047966632,6464860.874056433,310.8260898012668,0.05207569281306551,0.05242646776904941,0.0003507749559839013,-0.000199073754465788,0.0001520266293928898,0.0003511003838586778,7522.228683972059,7562.244216894517,40.01553292245808,-0.10316475441991241,-0.09792532044939982,0.005239433970512589,1.5686714254333045,1.5756529876255227,0.006981562192218238,35967.63806962963,196068.8526131522,8991.909517407408,49017.21315328805
45.25,0.6108652381980153,35.0,6464705.473386973,86605.47338697314,0.052251082493043624,-2.3522409180438003e-05,7542.236420607866,-0.10054503650067358,1.5721622055676838,-5.760806242477408,90.07825908900722,6.099809572235253e-06,6.466599476477895e-06,172.57593675473245,184.90406908568158,86455.47338697314,86755.47338697314,inside,6,6464360.783344897,6464671.609990414,310.82664551679045,0.05236588919747485,0.05271666426175234,0.00035077506427749067,-0.00019947076304989677,0.00015162978105024013,0.00035110054410013693,7522.505751114541,7562.521380956718,40.01562984217617,-0.1031865939778357,-0.09794715432883547,0.005239439649000227,1.5686870433336801,1.575668607966723,0.0069815646330428915,36551.37897240956,199239.30488976746,9137.84474310239,49809.826222441865
45.5,0.6108652381980153,35.0,6464516.209042902,86416.2090429021,0.05254127893647309,-2.3919324289667262e-05,7542.513535311677,-0.10056687326726303,1.5721778246617077,-5.762057397041196,90.0791539971746,6.29768850156587e-06,6.675605715240388e-06,178.18745937091,190.89432253348406,86266.2090429021,86566.2090429021,inside,6,6464171.47080083,6464482.298002878,310.8272020481527,0.052656104095008475,0.05300687926771312,0.0003507751727046468,-0.000199872342526931,0.00015122836237016447,0.00035110070489709547,7522.7841112065,7562.79984080017,40.015729593670585,-0.10320833989972152,-0.09796889440755999,0.005239445492161529,1.568702759051908,1.5756843261854938,0.006981567133585775,37143.61866647365,202455.7510760642,9285.904666618413,50613.93776901605
45.75,0.6108652381980153,35.0,6464326.896776908,86226.89677690808,0.05283149389308944,-2.4320809928555126e-05,7542.791944355758,-0.10058861631679245,1.572193541602655,-5.763303182012975,90.08005451155773,6.5016399314275185e-06,6.891002628110626e-06,183.9716994002502,197.0682798374651,86076.89677690808,86376.89677690808,inside,6,6463982.110474835,6464292.938234253,310.82775941770524,0.052946337561155875,0.053297112842420516,0.00035077528126464114,-0.00020027852217131806,0.00015082234408866918,0.00035110086625998727,7523.063801811708,7563.079634067142,40.01583225543436,-0.10322998959092822,-0.09799053808641417,0.005239451504514048,1.568718572980167,1.5757001426757116,0.006981569695544643,37744.467282957456,205718.7851139641,9436.116820739364,51429.69627849103
46.0,0.6108652381980153,35.0,6464137.536729406,86037.53672940563,0.05312172741838126,-2.472689536596466e-05,7543.071685342473,-0.10061026305239507,1.5722093567835318,-5.7645434486032405,90.08096065467421,6.7118395527063824e-06,7.112974447851365e-06,189.933674661625,203.43125883201552,85887.53672940563,86187.53672940563,inside,6,6463792.702511238,6464103.530828891,310.8283176533878,0.05323658965292876,0.05358736504288545,0.00035077538995668955,-0.0002006893313846431,0.00015041169681490502,0.0003511010281995481,7523.3448615849275,7563.360799492936,40.01593790800871,-0.10325154038163292,-0.09801208269094157,0.005239457690691354,1.5687344855216243,1.575716057842288,0.006981572320663654,38354.036222462615,209029.00776908483,9588.509055615654,52257.25194227121
46.25,0.6108652381980153,35.0,6463948.129044735,85848.12904473487,0.053411979569359336,-2.51376099977565e-05,7543.352796966179,-0.10063181080196573,1.5722252706083564,-5.765778043711644,90.08187244967257,6.928467825051593e-06,7.3417103900519885e-06,196.07854007840845,209.98872213770625,85698.12904473487,85998.12904473487,inside,6,6463603.247058406,6463914.075935186,310.82887678034604,0.053526860428905344,0.05387763592768531,0.00035077549877996633,-0.00020110479969910014,0.00014999639102772445,0.00035110119072682456,7523.627330301665,7563.643376935684,40.016046634018494,-0.10327298952478248,-0.09803352546933648,0.005239464055445994,1.5687504970907395,1.5757320721014723,0.00698157501073271,38972.43816858939,212387.0267032712,9743.109542147347,53096.7566758178
46.5,0.6108652381980153,35.0,6463758.673871274,85658.6738712741,0.05370225040460093,-2.555298335023546e-05,7543.6353190430045,-0.10065325681611034,1.5722412834924597,-5.767006809809509,90.08278992034953,7.151710097256e-06,7.577404778463332e-06,202.41159118306217,216.74628084914715,85508.6738712741,85808.6738712741,inside,6,6463413.744268858,6463724.573705685,310.829436827451,0.05381714994927581,0.05416792555700944,0.00035077560773362493,-0.00020152495678103926,0.00014957639707214267,0.00035110135385318193,7523.91124888868,7563.9274074069135,40.01615851823317,-0.10329433419399205,-0.09805486359033992,0.005239470603652124,1.568766608113571,1.5757481858811606,0.006981577767589675,39599.787101636924,215793.45654802208,9899.946775409231,53948.36413700552
46.75,0.6108652381980153,35.0,6463569.17136156,85469.17136156,0.053992539984295256,-2.597304508369333e-05,7543.919292541385,-0.10067459826604314,1.5722573958627963,-5.7682295848193474,90.08371309116777,7.381756730404468e-06,7.820257173203145e-06,208.9382677045766,223.70969830972257,85319.17136156,85619.17136156,inside,6,6463224.194299395,6463535.024297215,310.82999781984836,0.054107458275889045,0.05445823399270578,0.00035077571681673553,-0.00020194983243461287,0.00014915168515570022,0.0003511015175903131,7524.196659455274,7564.2129331028855,40.01627364761134,-0.10331557148139049,-0.09807609414108201,0.005239477340308482,1.5687828190280944,1.5757643996212154,0.0069815805931210395,40236.19831245585,219248.9189787325,10059.049578113962,54812.22974468312
47.0,0.6108652381980153,35.0,6463379.621672403,85279.62167240307,0.0542828483702902,-2.6397824996050592e-05,7544.204759613376,-0.10069583224143061,1.5722736081582613,-5.769446201991334,90.08464198727414,7.618803223858483e-06,8.070472501903391e-06,215.66415724093338,230.8848939754702,85129.62167240307,85429.62167240307,inside,6,6463034.597311212,6463345.427871001,310.8305597892031,0.054397785472300626,0.05474856129832895,0.0003507758260283267,-0.00020237945660552374,0.00014872222534472395,0.0003511016819502477,7524.483605325361,7564.499997436721,40.01639211135989,-0.1033366983954112,-0.09809721412486974,0.005239484270541453,1.568799130284527,1.5757807137737907,0.0069815834892636985,40881.78841649421,222754.04278997346,10220.447104123552,55688.510697493366
47.25,0.6108652381980153,35.0,6463190.024965016,85090.02496501617,0.054573175626140294,-2.6827353026599428e-05,7544.491763626753,-0.10071695574818085,1.5722899208300163,-5.7706564897766395,90.08557663451828,7.863050344112775e-06,8.328261193835532e-06,222.5949990178286,238.27794736937685,84940.02496501617,85240.02496501617,inside,6,6462844.953470033,6463155.784592798,310.83112276531756,0.05468813160382209,0.05503890753918947,0.0003507759353673784,-0.00020281385938487667,0.00014828798756048433,0.000351101846945361,7524.772131070364,7564.788645071343,40.01651400097944,-0.10335771185852687,-0.09811822045891899,0.0052394913996078735,1.5688155423456622,1.5757971288036676,0.0069815864580053955,41536.675367984244,226309.46397151973,10384.168841996061,56577.36599287993
47.5,0.6108652381980153,35.0,6463000.381405137,84900.38140513655,0.05486352181715601,-2.726165925985081e-05,7544.7803491979275,-0.10073796570617691,1.5723063343418233,-5.771860271697561,90.0865170594718,8.114704256603776e-06,8.593839317097178e-06,229.736687736156,245.89510212872955,84750.38140513655,85050.38140513655,inside,6,6462655.262946237,6462966.094633013,310.8316867761314,0.05497849673757156,0.05532927278240439,0.000350776044832829,-0.00020325307101313746,0.00014784894157524587,0.0003511020125883833,7525.062282542924,7565.078921953253,40.016639410328935,-0.10337860870492738,-0.0981391099720291,0.005239498732898279,1.5688320556872102,1.5758136451885965,0.006981589501386276,42200.978474336946,229915.8257854951,10550.244618584236,57478.95644637378
47.75,0.6108652381980153,35.0,6462810.691163159,84710.69116315898,0.055153887010454386,-2.7700773929488454e-05,7545.07056222569,-0.10075885894695312,1.5723228491703873,-5.773057366214388,90.08746328944791,8.373976660506359e-06,8.867428718896794e-06,237.09527750953342,253.74277014683585,84560.69116315898,84860.69116315898,inside,6,6462465.525914993,6462776.358166849,310.83225185610354,0.05526888094252579,0.055619657096949326,0.00035077615442353355,-0.00020369712188420157,0.00014740505700820827,0.00035110217889240984,7525.354106911468,7565.370875347141,40.01676843567293,-0.1033993856781391,-0.09815987940219906,0.00523950627594004,1.5688486707981482,1.5758302634196493,0.006981592621501109,42874.81841069068,233573.77884433843,10718.70460267267,58393.44471108461
48.0,0.6108652381980153,35.0,6462620.954414268,84520.95441426802,0.05544427127501103,-2.8144727422432264e-05,7545.362449925803,-0.10077963221131275,1.5723394658057066,-5.7742475865889045,90.08841535252141,8.64108492659157e-06,9.149257169012007e-06,244.67698589419635,261.8275358115526,84370.95441426802,84670.95441426802,inside,6,6462275.742556398,6462586.575374434,310.83281803596765,0.05555928428957349,0.05591006055371181,0.0003507762641383194,-0.00020414604254957505,0.0001469563033213351,0.00035110234587091015,7525.647652695643,7565.66455387139,40.01690117574708,-0.10342003942858423,-0.09818052539418373,0.005239514034400497,1.5688653881810801,1.5758469840015785,0.0069815958204983986,43558.31723465713,237283.9811898267,10889.579308664283,59320.99529745668
48.25,0.6108652381980153,35.0,6462431.171338576,84331.17133857589,0.05573467468171351,-2.8593550283014135e-05,7545.656060866463,-0.10080028214688594,1.5723561847514325,-5.775430740744465,90.08937327754941,8.916252238196554e-06,9.439558506474291e-06,252.48819801298424,270.156160342425,84181.17133857589,84481.17133857589,inside,6,6462085.9130556155,6462396.746440964,310.83338534832,0.05584970685157024,0.056200483225546174,0.0003507763739759376,-0.0002045998637226711,0.00014650264981506765,0.00035110251353773876,7525.942969802637,7565.960007534446,40.01703773180907,-0.10344056651107915,-0.09820104449698883,0.005239522014090323,1.568882208352604,1.5758638074531883,0.006981599100584379,44251.598401247844,241047.0983730644,11062.899600311961,60261.7745932661
48.5,0.6108652381980153,35.0,6462241.342121265,84141.3421212649,0.05602509730341619,-2.904727321726908e-05,7545.951445004648,-0.10082080530562627,1.5723730065252384,-5.776606631122563,90.0903370941924,9.199707735367334e-06,9.738572789542274e-06,260.5354707754286,278.73558622852175,83991.3421212649,84291.3421212649,inside,6,6461896.037603024,6462206.871556854,310.8339538294822,0.056140148703394746,0.05649092518732983,0.00035077648393508354,-0.000205058616283225,0.00014604406562392,0.00035110268190714495,7526.240109564401,7566.257287772109,40.01717820770773,-0.10346096338227005,-0.09822143316130322,0.005239530220966834,1.5688991318436893,1.5758807343077117,0.006981602464022352,44954.786777988156,244863.80353547473,11238.696694497039,61215.95088386868
48.75,0.6108652381980153,35.0,6462051.46695273,83951.46695272997,0.05631553921499656,-2.950592709734479e-05,7546.248653723377,-0.10084119814124483,1.5723899316591976,-5.777775054535811,90.09130683293597,9.491686662241169e-06,1.0046546449033053e-05,268.82553719613765,287.57294176927456,83801.46695272997,84101.46695272997,inside,6,6461706.116394364,6462016.950917878,310.83452351391315,0.05643060992200671,0.056781386516021104,0.00035077659401439726,-0.00020552233128183075,0.00014558051971195327,0.000351102850993784,7526.539124775816,7566.556447485747,40.01732270993125,-0.10348122639800457,-0.09824168773686709,0.00523953866113748,1.568916159200064,1.5758977651131991,0.006981605913135125,45668.008660238935,248734.7774909051,11417.002165059734,62183.69437272628
49.0,0.6108652381980153,35.0,6461861.546028729,83761.5460287286,0.05660600049341305,-2.9969542966032525e-05,7546.547739869897,-0.10086145700658007,1.5724069607001705,-5.778935802017244,90.09228252511286,9.792430517719743e-06,1.0363732445063843e-05,277.36531081324875,296.67554572015337,83611.5460287286,83911.5460287286,inside,6,6461516.149630891,6461826.984725328,310.83509443700314,0.056721090586506186,0.05707186729071864,0.00035077670421245627,-0.00020599103994460227,0.0001451119808681253,0.0003511030208127276,7526.840069733791,7566.857541081476,40.01747134768448,-0.10350135181063784,-0.09826180446977457,0.005239547340863265,1.56893329098261,1.575914900432916,0.0069816094503061255,46391.39178670552,252660.70880873236,11597.84794667638,63165.17720218309
49.25,0.6108652381980153,35.0,6461671.579550534,83571.57955053356,0.056896481217764416,-3.0438152041422535e-05,7546.84875779482,-0.10088157815090223,1.5724240942102006,-5.7800886586658775,90.09326420292584,1.0102187209501112e-05,1.0690390427274013e-05,286.16189020920916,306.05091204553855,83421.57955053356,83721.57955053356,inside,6,6461326.137519529,6461636.973186166,310.83566663693637,0.05701159077819457,0.057362367592722334,0.00035077681452776177,-0.00020646477367796217,0.00014463841770151288,0.00035110319137947505,7527.143000277347,7567.160624510291,40.0176242329444,-0.10352133576627165,-0.09828177949970927,0.005239556266562376,1.5689505277677684,1.5759321408457494,0.006981613077980953,47125.06535515432,256642.293898078,11781.26633878858,64160.5734745195
49.5,0.6108652381980153,35.0,6461481.567725089,83381.56772508938,0.05718698146935071,-3.091178572168698e-05,7547.151763392233,-0.10090155771715066,1.5724413327669222,-5.7812334034884145,90.09425189947089,1.0421211211531706e-05,1.1026786898591108e-05,295.22256363597296,315.7067547809779,83231.56772508938,83531.56772508938,inside,6,6461136.080273038,6461446.91651319,310.8362401518971,0.05730211058063718,0.05765288750559593,0.0003507769249587525,-0.00020694356407356207,0.00014415979863640304,0.0003511033627099651,7527.447973828685,7567.465755309208,40.01778148052381,-0.103541174301925,-0.09830160885711119,0.005239565444813812,1.5689678701479577,1.5759494869466262,0.0069816167986684885,47869.16003833856,260680.2370931443,11967.29000958464,65170.059273286075
49.75,0.6108652381980153,35.0,6461291.510765174,83191.5107651744,0.05747750133173587,-3.139047558999419e-05,7547.456814140803,-0.1009213917391026,1.5724586769639766,-5.78236980923703,90.09524564876114,1.0749763724938353e-05,1.1373195382602425e-05,304.5548137466837,325.6509930069822,83041.5107651744,83341.5107651744,inside,6,6460945.978110175,6461256.814925196,310.8368150210008,0.057592650079727525,0.057943427115231344,0.00035077703550381867,-0.0002074274429133372,0.00014367609190725,0.0003511035348205872,7527.755049435274,7567.772992643418,40.01794320814406,-0.10356086334263466,-0.09832128846027353,0.0052395748823611255,1.568985318731997,1.57596693934694,0.006981620614942896,48623.80800013126,264775.2507396607,12155.952000032816,66193.81268491517
50.0,0.6108652381980153,35.0,6461101.408889567,83001.40888956655,0.05776804089081199,-3.187425341955701e-05,7547.763969145892,-0.10094107613847188,1.5724761274114383,-5.78349764224314,90.09624548575131,1.1088112842507222e-05,1.1729896594601049e-05,314.1663224361251,335.89175593673787,82851.40888956655,83151.40888956655,inside,6,6460755.831255865,6461066.6686471505,310.83739128522575,0.057883209363753296,0.05823398650991455,0.00035077714616125327,-0.00020791644217469906,0.00014318726555349485,0.00035110370772819394,7528.064287812974,7568.082397349473,40.01810953649874,-0.10358039869848405,-0.09834081411236785,0.005239584586116203,1.5690028741455446,1.57598449867499,0.006981624529445396,49389.14291187802,268928.05528250523,12347.285727969505,67232.01382062631
50.25,0.6108652381980153,35.0,6460911.26232321,82811.26232321002,0.0580586002348653,-3.236315117881899e-05,7548.07328918272,-0.10096060672193592,1.5724936847362534,-5.784616662247058,90.09725144636276,1.1436533716779126e-05,1.2097178616377251e-05,324.06497579231535,346.43738812019626,82661.26232321002,82961.26232321002,inside,6,6460565.639941377,6460876.477910363,310.8379689864814,0.05817378852346407,0.05852456578039336,0.00035077725692929385,-0.0002084105940358693,0.00014269328741424353,0.00035110388145011284,7528.375751390226,7568.394031979552,40.01828058932642,-0.1035997760615588,-0.09836018149839568,0.0052395945631631274,1.5690205370315442,1.576002165576429,0.00698162854488471,50165.29996898618,273139.3793545827,12541.324992246546,68284.84483864567
50.5,0.6108652381980153,35.0,6460721.071297393,82621.07129739318,0.05834917945464387,-3.2857201036782e-05,7548.384836740584,-0.10097997917808946,1.5725113495826866,-5.785726622223457,90.09826356750912,1.1795308731807819e-05,1.2475337074805263e-05,334.2588691609937,357.29645476641974,82471.07129739318,82771.07129739318,inside,6,6460375.404404497,6460686.242952663,310.83854816667736,0.05846438765214084,0.05881516501994694,0.0003507773678061016,-0.00020890993088135888,0.00014219412512280055,0.0003511040560041594,7528.6895043533195,7568.707960846796,40.01845649347615,-0.10361899100282758,-0.09837938618206535,0.005239604820762231,1.5690383080506827,1.5760199407147228,0.006981632664040172,50952.415907714705,277409.9598667945,12738.103976928676,69352.48996669863
50.75,0.6108652381980153,35.0,6460530.836049927,82430.8360499274,0.058639778643427176,-3.335643536847854e-05,7548.698676068163,-0.10099918907432326,1.57252912261278,-5.786827268202538,90.09928188712264,1.2164727678664252e-05,1.2864675324308301e-05,344.75631232579786,368.47774718702834,82280.8360499274,82580.8360499274,inside,6,6460185.124889721,6460495.964018593,310.83912887144834,0.05875500684566743,0.05910578432445718,0.00035077747878974747,-0.00020941448530759603,0.00014168974610105406,0.0003511042314086501,7529.005612692775,7569.02425007176,40.01863737898566,-0.10363803896894612,-0.0983984236025921,0.00523961536635402,1.5690561878818596,1.576037824771622,0.006981636889762388,51750.62902221094,281740.5420993133,12937.657255552735,70435.13552482832
51.0,0.6108652381980153,35.0,6460340.556825328,82240.55682532769,0.05893039789709741,-3.386088676059269e-05,7549.014873219933,-0.10101823185362631,1.5725470045068237,-5.7879183390868025,90.10030644418104,1.2545087934752895e-05,1.326550463327137e-05,355.56583480647726,379.99028836323447,82090.55682532769,82390.55682532769,inside,6,6459994.801648438,6460305.641359582,310.8397111436352,0.05904564620260365,0.05939642379248191,0.00035077758987826085,-0.00020992429012870617,0.00014118011755370893,0.0003511044076824151,7529.324144250854,7569.342967630008,40.01882337915413,-0.10365691527898317,-0.09841728907141976,0.005239626207563408,1.5690741772226682,1.5760558184476434,0.0069816412249752435,52560.07918179888,286131.87979420606,13140.01979544972,71532.96994855152
51.25,0.6108652381980153,35.0,6460150.2338750055,82050.2338750055,0.059221037314212785,-3.4370588017233434e-05,7549.3334961037235,-0.1010371028313096,1.5725649959638364,-5.78899956646334,90.10133727873516,1.2936694646985205e-05,1.367814437444886e-05,366.69619127691385,391.84333863832893,81900.2338750055,82200.2338750055,inside,6,6459804.434939121,6460115.2752341535,310.8402950325981,0.05933630582426056,0.05968708352533011,0.0003507777010695462,-0.000210439378382449,0.00014066520646236331,0.0003511045848448123,7529.64516877024,7569.664183400855,40.01901463061495,-0.10367561512106627,-0.09843597776886244,0.005239637352203827,1.5690922767898856,1.576073922462563,0.00698164567267745,53380.907848479845,290584.73524920514,13345.226962119961,72646.18381230129
51.5,0.6108652381980153,35.0,6459959.86745746,81859.86745745968,0.05951169699608267,-3.488557216586411e-05,7549.65461452942,-0.10105579719164991,1.5725830977020583,-5.7900706744115364,90.10237443193712,1.3339860918905344e-05,1.4102922219462454e-05,378.1563671061621,404.04640153889886,81709.86745745968,82009.86745745968,inside,6,6459614.025027534,6459924.865908119,310.84088058490306,0.05962698581477759,0.059977763627139066,0.00035077781236147326,-0.00021095978333631512,0.00014014497957942602,0.00035110476291574114,7529.968757943885,7569.987969217302,40.01921127341666,-0.10369413354894585,-0.09845448474066423,0.005239648808281622,1.5691104873199784,1.5760921375559236,0.006981650235945214,54213.2580947122,295099.8794129533,13553.31452367805,73774.96985323832
51.75,0.6108652381980153,35.0,6459769.457838476,81669.4578384757,0.05980237704684477,-3.5405872463391975e-05,7549.978300258861,-0.10107430998445176,1.5726013104594558,-5.7911313793060835,90.1034179460693,1.3754908001814307e-05,1.4540174337440093e-05,389.9555840243638,416.6092297268031,81519.4578384757,81819.4578384757,inside,6,6459423.572186928,6459734.413654778,310.84146784991026,0.05991768628120174,0.06026846420495352,0.00035077792375177996,-0.00021148553849378743,0.00013961940342186927,0.00035110494191565667,7530.294985466083,7570.314398917179,40.019413451095716,-0.10371246547847568,-0.09847280489447535,0.005239660584000327,1.5691288095696176,1.5761104644875497,0.006981654917932012,55057.27462143192,299678.09198155813,13764.31865535798,74919.52299538953
52.0,0.6108652381980153,35.0,6459579.005291331,81479.00529133063,0.06009307757354429,-3.5931522402421836e-05,7550.304627056947,-0.10109263612152564,1.5726196349942383,-5.792181389615195,90.10446786457388,1.4182165489966458e-05,1.49902455978686e-05,402.10330591620294,429.54183108458324,81329.00529133063,81629.00529133063,inside,6,6459233.076698257,6459543.918755135,310.8420568779111,0.0602084073335688,0.060559185368806966,0.0003507780352381626,-0.0002120166776007706,0.00013908844426481381,0.0003511051218655844,7530.623927084769,7570.643548395533,40.019621310763796,-0.10373060568400785,-0.0984909329962426,0.005239672687765248,1.569147244316207,1.5761289040380793,0.006981659721872369,55913.103776334596,304320.1614965257,13978.275944083649,76080.04037413142
52.25,0.6108652381980153,35.0,6459388.510097003,81288.51009700261,0.06038379868621522,-3.6462555717677974e-05,7550.633670743974,-0.10111077037308089,1.5726380720853868,-5.793220405693939,90.10552423208318,1.4621971519906842e-05,1.5453489777733428e-05,414.60924474443857,442.85447493704345,81138.51009700261,81438.51009700261,inside,6,6459042.538850387,6459353.381498108,310.8426477210596,0.060499149084986804,0.06084992723180501,0.0003507781468182064,-0.00021255323465219338,0.00013855206813494152,0.0003511053027871349,7530.955660655085,7570.97549565827,40.01983500318511,-0.10374854879470059,-0.09850886366651262,0.005239685128187968,1.5691657923584224,1.5761474570095055,0.006981664651083186,56780.89357242669,309026.88544415,14195.223393106673,77256.7213610375
52.5,0.6108652381980153,35.0,6459197.972544385,81097.97254438512,0.0606745404979637,-3.6999006392598476e-05,7550.9655092492485,-0.10112870736403115,1.5726566225331957,-5.794248119572553,90.10658709445072,1.5074672974019147e-05,1.593026977301509e-05,427.4833666061265,456.55769841165267,80947.97254438512,81247.97254438512,inside,6,6458851.958940322,6459162.802180755,310.84324043337256,0.060789911651721526,0.06114068991021093,0.00035077825848940647,-0.0002130952438987879,0.00013801024080373154,0.00035110548470251943,7531.290266194236,7571.310320877099,40.02005468286279,-0.10376628929073671,-0.09852659137664574,0.005239697914090971,1.5691844545167672,1.576166124225733,0.006981669708965743,57660.793706856864,313799.0703563908,14415.198426714216,78449.7675890977
52.75,0.6108652381980153,35.0,6459007.392930509,80907.39293050859,0.06096530312505358,-3.7540908666106364e-05,7551.300222665977,-0.10114644157021058,1.572675287159827,-5.79526421473965,90.10765649878287,1.5540625688344726e-05,1.6420957814605873e-05,440.73589792389913,470.6623129402825,80757.39293050859,81057.39293050859,inside,6,6458661.337273427,6458972.181108497,310.84383506979793,0.06108069515328432,0.06143147352353348,0.0003507783702491607,-0.00021364273985405,0.0001374629277805154,0.0003511056676345654,7531.627825937663,7571.648106445783,40.02028050811987,-0.10378382149945099,-0.09854411044493855,0.005239711054512444,1.5692032316341376,1.5761849065331446,0.006981674899007029,58552.95558001871,318637.5319132118,14638.238895004677,79659.38297830295
53.0,0.6108652381980153,35.0,6458816.771560766,80716.7715607658,0.06125608668699422,-3.80882970395617e-05,7551.637893307487,-0.10116396731449888,1.5726940668098779,-5.796268365920195,90.10873249347152,1.6020194664751362e-05,1.69259356887262e-05,454.3773317752282,485.1794109052816,80566.7715607658,80866.7715607658,inside,6,6458470.674163664,6458781.51859535,310.8444316862151,0.061371499712522155,0.06172227819461696,0.00035077848209480456,-0.00021419575730138572,0.00013691009430534683,0.00035110585160673255,7531.968424396562,7571.988937037754,40.020512641192,-0.10380113959136449,-0.09856141503265342,0.005239724558711065,1.569222124576402,1.5762038048011835,0.006981680224781517,59457.532314952994,323543.09504651,14864.383078738249,80885.7737616275
53.25,0.6108652381980153,35.0,6458626.108749145,80526.10874914471,0.06154689130663057,-3.8641206283899486e-05,7551.9786057647825,-0.10118127876285322,1.5727129623509606,-5.797260238848157,90.10981512822718,1.6513754287509974e-05,1.744559496190195e-05,468.4184343620457,500.1203724324056,80376.10874914471,80676.10874914471,inside,6,6458279.969933823,6458590.814964165,310.8450303422287,0.06166232545571007,0.062013104049733606,0.00035077859402353473,-0.00021475433130144775,0.00013635170534168152,0.0003511060366431293,7532.312148416781,7572.332899665093,40.02075124831117,-0.10381823757612367,-0.09857849913995263,0.0052397384361710375,1.5692411342329944,1.5762228199229498,0.006981685689955386,60374.67877703679,328516.5940455904,15093.669694259197,82129.1485113976
53.5,0.6108652381980153,35.0,6458435.404818469,80335.40481846873,0.06183771711023554,-3.919967144695759e-05,7552.3224469654915,-0.10119836992024489,1.5727319746742972,-5.798239490033693,90.1109044541131,1.7021688544347838e-05,1.7980337210572854e-05,482.8702516234292,515.4968723334098,80185.40481846873,80485.40481846873,inside,6,6458089.224915778,6458400.070546873,310.84563109464943,0.061953172512645927,0.06230395121867841,0.00035077870603248545,-0.00021531849719966747,0.00013578772556886202,0.0003511062227685295,7532.659087239115,7572.6800837389155,40.020996499800276,-0.10383510929834233,-0.09859535660173538,0.005239752696606953,1.5692602615175215,1.5762419528158071,0.0069816912982856305,61304.55159396885,333558.8726642266,15326.137898492212,83389.71816605666
53.75,0.6108652381980153,35.0,6458244.660100638,80144.66010063794,0.06212856422760487,-3.976372786099959e-05,7552.6695062342005,-0.10121523462649877,1.5727511046953278,-5.799205766524769,90.11200052358015,1.754439125206527e-05,1.853057425541887e-05,497.74411599461615,531.3208872016352,79994.66010063794,80294.66010063794,inside,6,6457898.43945073,6458209.285684736,310.8462340068072,0.06224404101674772,0.06259481983486638,0.00035077881811865913,-0.00021588829063398646,0.00013521811937440345,0.0003511064100083899,7533.009332561041,7573.030581131203,40.02124857016133,-0.10385174843334437,-0.09861198108337527,0.005239767349969102,1.569279507368384,1.5762612044220086,0.006981697053624503,62247.309176092735,338670.7842295105,15561.827294023184,84667.69605737763
54.0,0.6108652381980153,35.0,6458053.874936884,79953.87493688427,0.06241943279215431,-4.033341115043745e-05,7553.019875354237,-0.10123186655203356,1.5727703533543318,-5.8001587056630886,90.11310339050237,1.808226628674667e-05,1.9096728400440555e-05,513.0516533140612,547.6047026624993,79803.87493688427,80103.87493688427,inside,6,6457707.613889463,6458018.460728605,310.84683914203197,0.0625349311051533,0.06288571003543227,0.000350778930278961,-0.000216463747542793,0.00013464285084607462,0.00035110659838886765,7533.36297859991,7573.384486238084,40.021507638173716,-0.1038681484828051,-0.09862836607635653,0.005239782406448568,1.5692988727494115,1.5762805757093312,0.006981702959919733,63203.1117369982,343853.1917522147,15800.77793424955,85963.29793805367
54.25,0.6108652381980153,35.0,6457863.049678027,79763.0496780267,0.06271032294101944,-4.090875723975845e-05,7553.37364863091,-0.10124825919350053,1.5727897216170652,-5.801097934834217,90.1142131102135,1.8635727818675086e-05,1.96792326769015e-05,528.804789882513,564.3609207829097,79613.0496780267,79913.0496780267,inside,6,6457516.74859262,6457827.596039184,310.84744656458497,0.06282584291882275,0.06317662196133295,0.0003507790425101992,-0.00021704490417306832,0.00013406188376376986,0.0003511067879368382,7533.7201221576415,7573.7418960446275,40.02177388698601,-0.10388430277028914,-0.09864450489380652,0.005239797876482613,1.5693183586505124,1.5763000676717311,0.006981709021218752,64172.12131448437,349106.9680390737,16043.030328621093,87276.74200976842
54.5,0.6108652381980153,35.0,6457672.184684736,79572.18468473572,0.06300123481515799,-4.148980236166196e-05,7553.730922956247,-0.10126440586931876,1.572809210475411,-5.802023071211767,90.11532973954424,1.920520055199005e-05,2.027853109217562e-05,545.0157596761574,581.6024676417977,79422.18468473572,79722.18468473572,inside,6,6457325.843930959,6457636.691987299,310.8480563405901,0.06311677660264325,0.06346755575745233,0.00035077915480907773,-0.00021763179708874758,0.00013347518159116648,0.00035110697867991403,7534.080862686937,7574.102910191155,40.02204750421879,-0.10390020443668257,-0.09866039066592244,0.005239813770760132,1.569337966088339,1.576319681330008,0.0069817152416689066,65154.50179184267,354432.9958067822,16288.625447960667,88608.24895169555
54.75,0.6108652381980153,35.0,6457481.280327807,79381.28032780718,0.06329216855945477,-4.2076583065410706e-05,7554.091797875259,-0.10128029971510459,1.572828820948045,-5.802933721495527,90.11645333686042,1.9791119969156954e-05,2.089507888356819e-05,561.697111716735,599.3426010647598,79231.28032780718,79531.28032780718,inside,6,6457134.900285644,6457445.748954183,310.8486685389653,0.06340773230553691,0.06375851157270908,0.0003507792671721688,-0.00021822446317930108,0.00013288270746716254,0.0003511071706464636,7534.44530235905,7574.4676310411105,40.022328682060106,-0.1039158464355172,-0.09867601633529002,0.005239830100227175,1.569357696106967,1.5763394177324892,0.00698172162552213,66150.41891947167,359832.1677977652,16537.60472986792,89958.0419494413
55.0,0.6108652381980153,35.0,6457290.336988437,79190.33698843699,0.06358312432282938,-4.266913622540182e-05,7554.456375653761,-0.10129593367899312,1.5728485540811175,-5.803829481643399,90.11758396210205,2.0393932580339432e-05,2.1529342777205708e-05,578.8617176022383,617.5949185265968,79040.33698843699,79340.33698843699,inside,6,6456943.918048525,6457254.767331755,310.84928322955966,0.06369871018057098,0.06404948956016691,0.0003507793795959335,-0.00021882293966854098,0.00013228442419708944,0.0003511073638656304,7534.813546133155,7574.836163750525,40.02261761737009,-0.10393122152818444,-0.09869137465209193,0.00523984687609251,1.5693775497785918,1.5763592779557258,0.00698172817713405,67160.04033687543,365305.38689800387,16790.01008421886,91326.34672450097
55.25,0.6108652381980153,35.0,6457099.355058511,78999.35505851079,0.06387410225834654,-4.3267499049963325e-05,7554.824761347786,-0.10131130051684945,1.5728684109489488,-5.804709936597029,90.11872167682313,2.1014096177698922e-05,2.218180125201766e-05,596.5227791999398,636.373365223529,78849.35505851079,79149.35505851079,inside,6,6456752.897622432,6457063.747522917,310.8499004850164,0.0639897103850712,0.06434048987714795,0.00035077949207674985,-0.00021942726412365848,0.00013168029424369466,0.00035110755836735314,7535.185701827321,7575.208616339102,40.02291451178098,-0.10394632227903716,-0.09870645816920363,0.005239864109833528,1.5693975282042376,1.5763792631052074,0.0069817349009697605,68183.53559498336,370853.5662565781,17045.88389874584,92713.39156414452
55.5,0.6108652381980153,35.0,6456908.334940893,78808.33494089264,0.06416510252332938,-4.387170909038093e-05,7555.197062874616,-0.10132639278736746,1.5728883926547423,-5.805574660000981,90.11986654423256,2.1652080094736618e-05,2.2852944808929014e-05,614.6938365061364,655.6922423196652,78658.33494089264,78958.33494089264,inside,6,6456561.839421472,6456872.68994185,310.8505203779787,0.06428073308073788,0.0646315126853487,0.00035077960461081525,-0.00022003747446449785,0.00013107027971788785,0.00035110775418238573,7535.561880191157,7575.585099762967,40.02321957180993,-0.1039611410503762,-0.09872125923717424,0.005239881813201952,1.5694176325144866,1.5763993743160898,0.0069817418016031585,69221.0761788853,376477.62940742855,17305.269044721324,94119.40735185714
55.75,0.6108652381980153,35.0,6456717.2770497305,78617.27704973053,0.06445612527947552,-4.448180425016118e-05,7555.573391085475,-0.1013412028470537,1.5729085003313117,-5.806423213915339,90.1210186292358,2.23083654706851e-05,2.3543276245271054e-05,633.388775673986,675.5662153691695,78467.27704973053,78767.27704973053,inside,6,6456370.743871345,6456681.595014332,310.8511429866776,0.06457177843376494,0.06492255815095918,0.00035077971719424395,-0.0002206536089730721,0.0001304543423692462,0.0003511079513423183,7535.942194980137,7575.965727989092,40.02353300895447,-0.10397566999732014,-0.09873576999909026,0.00523989999822988,1.5694378638702198,1.5764196127539418,0.00698174888372205,70272.83553089765,382178.5103928952,17568.20888272441,95544.6275982238
56.0,0.6108652381980153,35.0,6456526.181810761,78426.18181076087,0.0647471706929761,-4.509782279453623e-05,7555.953859839908,-0.10135572284509393,1.5729287351418257,-5.807255148521583,90.12217799847751,2.2983445520072823e-05,2.425331093453552e-05,652.6218372141566,696.0103229189973,78276.18181076087,78576.18181076087,inside,6,6456179.611409657,6456490.463178043,310.85176838655025,0.06486284661496199,0.06521362644478503,0.0003507798298230391,-0.00022127570630332678,0.0001298324435762715,0.00035110814987959825,7536.326763031644,7576.350618071463,40.023855039818955,-0.10398990106255523,-0.09874998238531939,0.005239918677235847,1.5694582234633783,1.5764399796155075,0.006981756152129259,71338.98907406771,387957.1538895921,17834.747268516927,96989.28847239802
56.25,0.6108652381980153,35.0,6456335.049661626,78235.04966162611,0.06503823893463795,-4.571980336021633e-05,7556.338586081879,-0.10136994471810028,1.5729490982805692,-5.808070001821617,90.12334472038515,2.367782580747707e-05,2.49835771114892e-05,672.4076243700224,717.0399852940401,78085.04966162611,78385.04966162611,inside,6,6455988.442486237,6456299.294882898,310.8523966614157,0.06515393779987957,0.0655047177423726,0.0003507799424930236,-0.00022190380549115733,0.0001292045443363949,0.0003511083498275522,7536.715704342779,7576.739890228988,40.024185886209125,-0.10400382597096341,-0.0987638881081324,0.005239937862831015,1.5694787125177392,1.576460476129484,0.006981763611744851,72419.71423605146,393814.51533628604,18104.928559012864,98453.62883407151
56.5,0.6108652381980153,35.0,6456143.881052201,78043.88105220068,0.06532933018000865,-4.6347784965395685e-05,7556.727689917639,-0.10138386018473602,1.5729695909737198,-5.808867299329801,90.12451886521353,2.439202452754243e-05,2.573461616272624e-05,692.7611116709351,738.6710135683105,77893.88105220068,78193.88105220068,inside,6,6455797.237563484,6456108.090591376,310.8530278913677,0.06544505216893741,0.06579583222413735,0.0003507800551999368,-0.00022253794596468611,0.0001285706052557219,0.000351108551220408,7537.109142149956,7577.133667925216,40.02452577526037,-0.10401743622412576,-0.09877747865620033,0.005239957567925432,1.5694993322897082,1.5764811035573179,0.006981771267609682,73515.19047340153,399751.5610639653,18378.79761835038,99937.89026599133
56.75,0.6108652381980153,35.0,6455952.676444921,77852.67644492071,0.06562044460950496,-4.698180702001773e-05,7557.12129469537,-0.10139746074021609,1.5729902144801438,-5.809646553757842,90.12570050509039,2.512657279034276e-05,2.6506982922738814e-05,713.6976536672034,760.9196187259612,77702.67644492071,78002.67644492071,inside,6,6455605.997116698,6455916.850778859,310.85366216115654,0.06573618990755603,0.06608697007549538,0.00035078016793935185,-0.00022317816755480538,0.00012793058653851218,0.00035110875409331756,7537.5072030103265,7577.532077949869,40.024874939542315,-0.10403072309469905,-0.0987907452889645,0.005239977805734541,1.569520084069132,1.576501863194019,0.0069817791248871774,74625.59929630441,405769.26842831046,18656.399824076103,101442.31710707762
57.0,0.6108652381980153,35.0,6455761.4363151295,77661.43631512951,0.06591158240854432,-4.762190933630609e-05,7557.519527086674,-0.10141073765068027,1.5730109700922073,-5.810407264692413,90.12688971406284,2.5882014912100435e-05,2.7301245975519096e-05,735.2329938486494,783.8024210140633,77511.43631512951,77811.43631512951,inside,6,6455414.721634432,6455725.57593399,310.8542995583266,0.06602735120629163,0.06637813148699832,0.000350780280706689,-0.00022382451050599245,0.0001272844479763878,0.00035110895848238026,7537.910016885065,7577.935250502252,40.02523361718704,-0.10404367762066248,-0.0988036790308769,0.005239998589785577,1.5695409691801248,1.5765227563689914,0.006981787188866662,75751.12429371015,411868.62594426575,18937.781073427537,102967.15648606644
57.25,0.6108652381980153,35.0,6455570.161151424,77470.16115142405,0.06620274376767975,-4.826813213956727e-05,7557.922517169911,-0.10142368194743692,1.5730318591366064,-5.811148918265334,90.12808656814497,2.6658908711375774e-05,2.8117987961808932e-05,757.3832737515022,807.3364594921109,77320.16115142405,77620.16115142405,inside,6,6455223.411618852,6455534.266559024,310.85494017228484,0.06631853626097428,0.06666931665447161,0.0003507803934973269,-0.00022447701548740308,0.00012663214893726346,0.00035110916442466654,7538.317717224553,7578.343319276552,40.02560205199916,-0.10405629059943262,-0.09881627066550824,0.005240019933924381,1.569561988981916,1.576543784446882,0.006981795464966023,76891.9511589523,418050.63342323346,19222.987789738076,104512.65835580837
57.5,0.6108652381980153,35.0,6455378.851456016,77278.8514560163,0.06649392888273813,-4.89205160792717e-05,7558.330398515445,-0.10143628442107439,1.573052882975214,-5.811870986816185,90.12929114536635,2.7457825810730316e-05,2.8957805891999124e-05,780.1650422553602,831.539201780015,77128.8514560163,77428.8514560163,inside,6,6455032.067586108,6455342.923170203,310.8555840952322,0.06660974527284978,0.06696052577915614,0.00035078050630635293,-0.00022513572360425004,0.0001259736483539924,0.0003511093719582425,7538.730441055503,7578.756421549093,40.025980493589486,-0.1040685525818432,-0.0988285107295212,0.005240041852321992,1.5695831448697126,1.576564948828447,0.006981803958734378,78048.26771579302,424316.30211253953,19512.066928948254,106079.07552813488
57.75,0.6108652381980153,35.0,6455187.5077451,77087.50774510019,0.06678513795496187,-4.95791022404191e-05,7558.74330827283,-0.10144853561543764,1.573074043005946,-5.812572928547194,90.13050352582167,2.8279351943951265e-05,2.9821311464767848e-05,803.5952650744057,856.4285540089397,76937.50774510019,77237.50774510019,inside,6,6454840.690066707,6455151.546298128,310.8562314203009,0.06690097844872478,0.06725175906785358,0.00035078061912879877,-0.00022580067640947304,0.0001253089047127214,0.0003511095811221945,7539.148329070054,7579.174698267542,40.02636919748784,-0.10408045386598766,-0.09884038950650599,0.005240064359481669,1.5696044382755843,1.5765862509514386,0.006981812675854293,79220.2639449579,430666.6548375169,19805.065986239475,107666.66370937922
58.0,0.6108652381980153,35.0,6454996.130549232,76896.13054923154,0.06707637119115421,-5.024393215519554e-05,7559.161387259961,-0.10146042582146735,1.5730953406636456,-5.813254187170237,90.13172379172137,2.912408726885958e-05,3.0709131391480846e-05,827.6913344452988,882.022870977507,76746.13054923154,77046.13054923154,inside,6,6454649.2796059055,6454960.136488149,310.8568822434172,0.06719223600111573,0.06754301673307526,0.00035078073195952963,-0.0002264719159157074,0.00012463787604094753,0.00035110979195665493,7539.57152571687,7579.598294142153,40.02676842528217,-0.10409198449092157,-0.09885189702067577,0.005240087470245791,1.5696258706693635,1.5766076922915087,0.006981821622145112,80408.13201113271,437102.7261460615,20102.033002783177,109275.68153651537
58.25,0.6108652381980153,35.0,6454804.720413712,76704.72041371185,0.0673676288038281,-5.0915047814928384e-05,7559.584780054242,-0.10147194507089881,1.5731167774209855,-5.813914191545819,90.1329520274434,2.9992646685790028e-05,3.162190772644344e-05,852.4710790161301,908.3409665179141,76554.72041371185,76854.72041371185,inside,6,6454457.836764098,6454768.694300764,310.85753666609526,0.06748351814840148,0.06783429899319472,0.00035078084479324423,-0.00022714948460755748,0.00012396051989527074,0.0003511100045028282,7540.000179294302,7580.027357739038,40.02717844473591,-0.10410313423022205,-0.09886302303041895,0.005240111199803096,1.5696474435595653,1.5766292743631325,0.0069818308035671794,81612.06629049256,443625.5624560355,20403.01657262314,110906.39061400888
58.5,0.6108652381980153,35.0,6454613.27789899,76513.27789898962,0.06765891101135875,-5.1592491682346046e-05,7560.01363508581,-0.1014830831298179,1.57313835478939,-5.81455235531385,90.13418831958596,3.088566016172795e-05,3.256029820298632e-05,877.952773937962,935.4021240735051,76363.27789898962,76663.27789898962,inside,6,6454266.362117236,6454577.2203120245,310.8581947889179,0.06777482511497959,0.06812560607260408,0.0003507809576244886,-0.00022783342545418253,0.00012327679334883472,0.0003511102188030172,7540.434442045626,7580.462041575554,40.02759952992801,-0.10411389258540164,-0.09887375702170588,0.005240135563695764,1.5696691584943283,1.5766509987205504,0.006981840226222058,82832.26339869217,450236.22220513126,20708.065849673043,112559.05555128281
58.75,0.6108652381980153,35.0,6454421.803581065,76321.80358106457,0.06795021803814003,-5.227630670414978e-05,7560.448104732833,-0.10149382949207135,1.573160074319976,-5.815168076516092,90.13543275702155,3.180377306021244e-05,3.3524976575499124e-05,904.1551511641273,963.2261074932162,76171.80358106457,76471.80358106457,inside,6,6454074.856257235,6454385.715113953,310.8588567180559,0.06806615713142661,0.06841693820187426,0.00035078107044765605,-0.00022852378192220193,0.0001225866529784488,0.0003511104349006507,7540.874470256408,7580.902502217793,40.02803196138484,-0.10412424877917381,-0.09888408820134681,0.005240160577827002,1.5696910170623724,1.5766728669587302,0.006981849896357861,84068.92221942502,456935.7760037799,21017.230554856254,114233.94400094498
59.0,0.6108652381980153,35.0,6454230.298051908,76130.29805190768,0.06824155011474468,-5.296653632390451e-05,7560.888345418947,-0.10150417337252853,1.5731819376045135,-5.815760737210076,90.13668543095184,3.274764647698787e-05,3.451663296739089e-05,931.0974099589263,991.8331720445577,75980.29805190768,76280.29805190768,inside,6,6453883.319792412,6454194.17931497,310.8595225578174,0.06835751443466229,0.06870829561791923,0.00035078118325694574,-0.00022922059798892704,0.00012189005485138416,0.0003511106528403112,7541.320424354043,7581.348900380256,40.02847602621296,-0.10413419174856696,-0.09889400549009861,0.005240186258468352,1.5697130208939785,1.5766948807143497,0.00698185982037125,85322.24393348629,463725.3067907576,21330.56098337157,115931.3266976894
59.25,0.6108652381980153,35.0,6454038.761919887,75938.7619198868,0.06853290747808853,-5.3663224495255804e-05,7561.334517712859,-0.10151410370019186,1.5732039462764056,-5.816329703074367,90.13794643496394,3.371795758148745e-05,3.553597422506215e-05,958.7992276203537,1021.2440756499223,75788.7619198868,76088.7619198868,inside,6,6453691.753347917,6454002.613540338,310.8601924208924,0.06864889726811776,0.06899967856416418,0.00035078129604641795,-0.00022992391815592676,0.00012118695451183634,0.0003511108726677631,7541.772469009488,7581.801401027729,40.028932018240994,-0.10414371013788451,-0.09890349751561714,0.005240212622267371,1.5697351716619863,1.576717041666797,0.006981870004810764,86592.43204841981,470605.9099919045,21648.108012104953,117651.47749797613
59.5,0.6108652381980153,35.0,6453847.195810207,75747.19581020717,0.06882429037159868,-5.436641569548063e-05,7561.78678643015,-0.10152360911115307,1.573226102011689,-5.816874323004982,90.13921586508769,3.4715399964139345e-05,3.6583724277878604e-05,987.2807704189464,1051.480090348405,75597.19581020717,75897.19581020717,inside,6,6453500.157566187,6453811.018432607,310.860866419971,0.06894030588190793,0.06929108729071787,0.0003507814088099387,-0.0002306337874629351,0.00012047730696704714,0.00035111109442998226,7542.230773241246,7582.260173479405,40.029400238158814,-0.10415279229150787,-0.09891255260525243,0.005240239686255435,1.5697574710828146,1.5767393515391948,0.006981880456380152,87879.69242870709,477578.69368175074,21969.92310717677,119394.67342043768
59.75,0.6108652381980153,35.0,6453655.600365363,75555.60036536306,0.0691156990453859,-5.5076154939379346e-05,7562.245320737325,-0.10153267794139235,1.573248406530055,-5.817393928702813,90.14049381985413,3.5740683989541235e-05,3.766062450419152e-05,1016.5627047565249,1082.5630139870223,75405.60036536306,75705.60036536306,inside,6,6453308.5331074055,6453619.394652076,310.8615446705371,0.06923174053300805,0.06958252205454928,0.00035078152154122133,-0.0002313502515021076,0.0001197610666730778,0.0003511113181751854,7542.6955105216375,7582.725391515298,40.0298809936603,-0.10416142624653943,-0.09892115877868389,0.005240267467855539,1.569779920917499,1.5767618120994404,0.00698189118194148,89184.23332653921,484644.7787482528,22296.058331634802,121161.1946870632
60.0,0.6108652381980153,35.0,6453463.976245596,75363.97624559607,0.06940713375642125,-5.5792487793516426e-05,7562.710294258159,-0.10154129821941743,1.5732708615958888,-5.81788783425188,90.1417804003551,3.6794537155553016e-05,3.876743410345459e-05,1046.6662085488358,1114.5151821454672,75213.97624559607,75513.97624559607,inside,6,6453116.880649977,6453427.742877271,310.8622272936627,0.06952320148543471,0.06987398311966847,0.0003507816342337572,-0.00023207335643263456,0.00011903818752022603,0.0003511115439528606,7543.16685888539,7583.197233484981,40.03037459959069,-0.10416959972528261,-0.09892930374039233,0.005240295984890286,1.5698025229727532,1.5767844251612713,0.006981902188518019,90506.26541321889,491805.2990608962,22626.566353304723,122951.32476522405
60.25,0.6108652381980153,35.0,6453272.324129373,75172.32412937284,0.06969859476871691,-5.6515460390817846e-05,7563.1818851823555,-0.10154945765873971,1.5732934690193334,-5.818355335688239,90.14307571030415,3.7877704458262527e-05,3.9904930474390865e-05,1077.6129828335106,1147.359480295905,75022.32412937284,75322.32412937284,inside,6,6452925.200891016,6453236.063805426,310.86291440948844,0.06981468901043103,0.07016547075731192,0.0003507817468808849,-0.00023280314899571983,0.0001183086228180785,0.00035111177181379834,7543.6450010406015,7583.675882418695,40.03088137809391,-0.10417730012755609,-0.09893697487196602,0.005240325255590067,1.5698252791020502,1.576807192585348,0.006981913483297797,91846.0018111269,499061.40164182347,22961.500452781725,124765.35041045587
60.5,0.6108652381980153,35.0,6453080.644713865,74980.64471386466,0.06999008235351155,-5.724511944553307e-05,7563.660276376587,-0.10155714365018441,1.573316230657371,-5.818795710559394,90.1443798560985,3.899094876293212e-05,4.1073909599317584e-05,1109.4252636092538,1181.1193562038798,74830.64471386466,75130.64471386466,inside,6,6452733.494546834,6453044.358152979,310.8636061446741,0.07010620338665656,0.0704569852461323,0.00035078185947573504,-0.00023353967652993174,0.00011757232528019145,0.0003511120018101232,7544.130124482112,7584.1615261408715,40.03140165875993,-0.10418451452283893,-0.09894415922423763,0.0052403552986012986,1.5698481912067235,1.5768301162803608,0.006981925073637374,93203.65812638664,506414.2468406874,23300.91453159666,126603.56171017185
60.75,0.6108652381980153,35.0,6452888.93871545,74788.93871544953,0.07028159678946012,-5.798151226856961e-05,7564.145655497933,-0.10156434325403169,1.5733391484149264,-5.819208217474009,90.14569294688233,4.013505118082997e-05,4.227518643452837e-05,1142.1258339064832,1215.8188325705466,74638.93871544953,74938.93871544953,inside,6,6452541.762353461,6452852.626656088,310.86430262681097,0.0703977449003817,0.07074852687239297,0.0003507819720112715,-0.00023428298698693575,0.00011682924700839058,0.0003511122339953263,7544.622421607316,7584.654357386097,40.03193577878119,-0.10419122964224387,-0.09895084350924914,0.005240386132994726,1.5698712612370915,1.576853198204156,0.006981936967064506,94579.4524821124,513865.008512624,23644.8631205281,128466.252128156
61.0,0.6108652381980153,35.0,6452697.20687022,74597.20687021967,0.07057313836282832,-5.8724686783208234e-05,7564.638215109777,-0.10157104319198573,1.5733622242459935,-5.8195920956417755,90.14701509461123,4.131081145204008e-05,4.350959530682875e-05,1175.7380360952081,1251.4825199222398,74447.20687021967,74747.20687021967,inside,6,6452350.005067159,6452660.870071149,310.8650039900094,0.0706893138456868,0.07104009593016704,0.0003507820844802362,-0.00023503312894761615,0.00011607933947668239,0.00035111246842429853,7545.122089834479,7585.154573917584,40.032484083104464,-0.10419743187031548,-0.0989570140920414,0.005240417778274081,1.5698944911936021,1.576876440364884,0.00698194917128192,95973.60555237002,521414.87420003145,23993.401388092505,130353.71855000786
61.25,0.6108652381980153,35.0,6452505.449934504,74405.449934504,0.07086470736769163,-5.94746915412074e-05,7565.138152800191,-0.10157722983896875,1.573385460154781,-5.8199465644032395,90.14834641411791,4.2519048334202415e-05,4.4777990316173645e-05,1210.2857844320058,1288.1356297493044,74255.449934504,74555.449934504,inside,6,6452158.223464963,6452469.089175331,310.86571036837995,0.07098091052466611,0.07133169272154129,0.00035078219687517675,-0.000235790151638596,0.00011532255351476808,0.0003511127051533641,7545.629331723576,7585.662378648169,40.03304692459278,-0.1042031072366502,-0.09896265698226567,0.005240450254384535,1.5699178831279996,1.5768998448221707,0.0069819616941710905,97386.3405968101,529065.0453179507,24346.585149202525,132266.26132948766
61.5,0.6108652381980153,35.0,6452313.6686854055,74213.66868540552,0.07115630410613936,-6.023157573930519e-05,7565.6456713028565,-0.10158288921473667,1.5734088581968817,-5.82027082274942,90.14968702317914,4.376059999717477e-05,4.608124574439397e-05,1245.7935778492608,1325.8039878973773,74063.66868540552,74363.66868540552,inside,6,6451966.418345227,6452277.2847671285,310.8664219016209,0.07127253524763667,0.07162331755682508,0.0003507823091884049,-0.0002365541049491634,0.00011455883929115194,0.0003511129442403154,7546.144355099707,7586.177979763887,40.033624664180024,-0.1042082414073351,-0.09896775782561348,0.005240483581721619,1.5699414391445143,1.5769234136883092,0.0069819745437949,98817.88349599298,536816.7373431313,24704.470873998245,134204.18433578283
61.75,0.6108652381980153,35.0,6452121.863921348,74021.863921348,0.0714479288884834,-6.099538923612738e-05,7566.16097862056,-0.1015880069753136,1.5734324204804622,-5.820564048831037,90.151037042584,4.5036324423637166e-05,4.742025647003562e-05,1282.286512990812,1364.5140482155093,73871.863921348,74171.863921348,inside,6,6451774.590528188,6452085.457666921,310.867138733156,0.07156418833335203,0.07191497075476412,0.0003507824214120936,-0.00023732503944861295,0.00011378814629583507,0.00035111318574444805,7546.667373179137,7586.701590850174,40.03421767103737,-0.10421281967620218,-0.09897230189506215,0.005240517781140028,1.5699651614010715,1.5769471491294738,0.006981987728402306,100268.4627874654,544671.1800071289,25067.11569686635,136167.79500178221
62.0,0.6108652381980153,35.0,6451930.03646264,73830.03646264039,0.07173958203347211,-6.17661825695102e-05,7566.684288151309,-0.10159256840424176,1.573456149167476,-5.82082539945717,90.15239659620327,4.634709981557028e-05,4.879593838923268e-05,1319.7902974957747,1404.2929064627742,73680.03646264039,73980.03646264039,inside,6,6451582.740856545,6451893.608717552,310.86786100734025,0.07185587010922136,0.07220665264275948,0.0003507825335381243,-0.0002381030064040112,0.00011301042332258592,0.0003511134297265971,7547.198604697986,7587.2334310207225,40.03482632273608,-0.10421682695589515,-0.09897627408193246,0.005240552873962689,1.5699890521105262,1.5769710533669572,0.006982001256431003,101738.30970255453,552629.6174932141,25434.577425638632,138157.40437330352
62.25,0.6108652381980153,35.0,6451738.187152053,73638.18715205323,0.07203126386850923,-6.254400697424691e-05,7567.215818817106,-0.10159655840364375,1.5734800464748984,-5.821054009583163,90.1537658110603,4.769382500661127e-05,5.0209228842623914e-05,1358.3312635345196,1445.1683144776907,73488.18715205323,73788.18715205323,inside,6,6451390.8701960435,6451701.73878492,310.8685888769105,0.07214758091153353,0.07249836355709173,0.00035078264555819805,-0.00023888805779839544,0.00011222561845077845,0.0003511136762491739,7547.738274043625,7587.773725049039,40.03545100541396,-0.10422024776874546,-0.09897965888675563,0.005240588881989833,1.5700131135419186,1.5769951286784303,0.006982015136511643,103227.65820393681,560693.3086374484,25806.914550984202,140173.3271593621
62.5,0.6108652381980153,35.0,6451546.316855409,73446.31685540918,0.07232297472987816,-6.332891440026701e-05,7567.755795195425,-0.10159996148509408,1.5735041146759836,-5.8212489917876065,90.15514481740296,4.907741988024477e-05,5.166108704825801e-05,1397.9363815996796,1487.1686946131483,73296.31685540918,73596.31685540918,inside,6,6451198.979436088,6451509.848758584,310.869322495535,0.07243932108568672,0.07279010384315049,0.0003507827574637662,-0.00023968024634941435,0.00011143367902678898,0.0003511139253762033,7548.286611388814,7588.322703502762,40.03609211394814,-0.10422306623745438,-0.09898244040994598,0.005240625827508394,1.570037348021751,1.5770193773992225,0.006982029377471388,104736.74502399602,568863.52713395,26184.186255999004,142215.8817834875
62.75,0.6108652381980153,35.0,6451354.42646219,73254.42646219023,0.07261471496297134,-6.412095753125715e-05,7568.304447653435,-0.1016027617602966,1.5735283561015447,-5.821409435738186,90.156533748777,5.049882579376317e-05,5.315249454042535e-05,1438.633274554544,1530.323154439488,73104.42646219023,73404.42646219023,inside,6,6451007.069490362,6451317.939552382,310.87006201967597,0.07273109098642329,0.07308187385566937,0.0003507828692460857,-0.00024047962552842017,0.00011063455164494233,0.0003511141771733625,7548.843852828627,7588.88060288075,40.03675005212335,-0.1042252660755778,-0.09898460234227656,0.005240663733301246,1.5700617579352891,1.5770438019236268,0.006982043988337683,106265.8097039704,577141.5617443959,26566.4524259926,144285.39043609897
63.0,0.6108652381980153,35.0,6451162.516886157,73062.51688615698,0.07290648492252534,-6.492018980373303e-05,7568.862012485011,-0.1016049429315648,1.5735527731412557,-5.821534407646249,90.15793274210064,5.1959006007979584e-05,5.468445561439003e-05,1480.4502319428207,1574.661501719636,72912.51688615698,73212.51688615698,inside,6,6450815.14129746,6451126.012105072,310.8708076123148,0.07302289097807037,0.07337367395896652,0.0003507829808961499,-0.0002412862495800216,0.00010982818212799814,0.00035111443170801973,7549.410240520206,7589.447665753015,40.037425232809255,-0.10422683057781093,-0.09898612795515405,0.005240702622656884,1.5700863457278853,1.5770684047062271,0.00698205897834181,107815.09463395063,585528.716512052,26953.77365848766,146382.179128013
63.25,0.6108652381980153,35.0,6450970.589065985,72870.58906598482,0.07319828497286131,-6.572666542657162e-05,7569.42873205057,-0.10160648828210157,1.5735773682449767,-5.821622949709875,90.15934193774054,5.34589461225953e-05,5.6257997776925264e-05,1523.416224561602,1620.2142596583499,72720.58906598482,73020.58906598482,inside,6,6450623.19582154,6450934.067380981,310.8715594401583,0.07331472143478603,0.07366550452719073,0.0003507830924047023,-0.00024210017354210677,0.00010901451550716778,0.00035111468904927453,7549.986022825382,7590.024140903518,40.038118078135994,-0.10422774261006909,-0.09898700009069013,0.005240742519378963,1.5701111139063237,1.5770931882632468,0.006982074356923107,109384.84509371473,594026.310980292,27346.211273428682,148506.577745073
63.5,0.6108652381980153,35.0,6450778.643965919,72678.64396591857,0.07349011548813117,-6.654043940101317e-05,7570.004854919783,-0.10160738066607541,1.5736021439241024,-5.82167407954528,90.160761479589,5.499965451713988e-05,5.787417220255709e-05,1567.5609193000575,1667.012682427925,72528.64396591857,72828.64396591857,inside,6,6450431.234052999,6450742.1063706735,310.8723176745698,0.07360658274081124,0.07395736594457353,0.0003507832037622921,-0.0002429214532663465,0.000108193496001652,0.0003511149492679985,7550.571454456212,7590.610283475884,40.03882901967154,-0.10422798459936189,-0.09898720115156574,0.005240783447796146,1.5701360650401912,1.5771181551739233,0.006982090133732077,110975.30929441554,602635.6804156499,27743.827323603884,150658.92010391247
63.75,0.6108652381980153,35.0,6450586.6825764375,72486.68257643748,0.0737819768525696,-6.736156754114279e-05,7570.590636017197,-0.10160760249848967,1.5736271027529316,-5.821686789606376,90.16219151514251,5.6582162797459386e-05,5.953405419549673e-05,1612.9146942482157,1715.0887709750832,72336.68257643748,72636.68257643748,inside,6,6450239.257009148,6450550.130091636,310.87308248877525,0.07389847529072777,0.07424925860568693,0.00035078331495916326,-0.00024375014543918643,0.00010736506699769014,0.00035111521243687656,7551.166796623467,7591.206355122075,40.03955849860813,-0.10422753852345723,-0.09898671309068531,0.00524082543277192,1.570161201763266,1.5771433080819015,0.006982106318635495,112586.7384212062,611358.1760358999,28146.68460530155,152839.54400897498
64.0,0.6108652381980153,35.0,6450394.705914941,72294.70591494069,0.0740738694607519,-6.81901064948609e-05,7571.186336770815,-0.10160713574484168,1.5736522473700623,-5.8216600465922745,90.16363219558157,5.820752624758835e-05,6.12387436570835e-05,1659.5086540764453,1764.4752891094624,72144.70591494069,72444.70591494069,inside,6,6450047.265734918,6450358.13958898,310.87385406158864,0.0741903994897221,0.07454118291570741,0.00035078342598530987,-0.00024458630760333937,0.00010652917102711057,0.00035111547863044993,7551.772317188113,7591.812624154052,40.040306965938726,-0.10422638590033202,-0.09898551740061735,0.005240868499714668,1.570186526774935,1.5771686496966546,0.0069821229217195135,114219.38667675674,620195.1652428873,28554.846669189184,155048.79131072183
64.25,0.6108652381980153,35.0,6450202.715026449,72102.71502644941,0.07436579371785788,-6.902611376535292e-05,7571.792225263666,-0.10160596191056852,1.5736775804798067,-5.821592790842574,90.16508367585186,5.987682428692246e-05,6.298936555865037e-05,1707.3746456887893,1815.2057798769436,71952.71502644941,72252.71502644941,inside,6,6449855.261303579,6450166.135936158,310.87463257834315,0.07448235575385542,0.07483313929068595,0.00035078353683053176,-0.00024542999817978646,0.00010568574974537268,0.00035111574792515913,7552.388290815831,7592.429365698482,40.04107488265072,-0.10422450777740644,-0.09898359510281864,0.005240912674587803,1.5702120428416297,1.5771941827949225,0.006982139953292776,115873.51132571217,629148.031860382,28968.377831428043,157287.0079650955
64.5,0.6108652381980153,35.0,6450010.710984325,71910.71098432504,0.07465775003994198,-6.986964773306775e-05,7572.408576388421,-0.10160406203027621,1.5737031048536312,-5.821483935720245,90.16654611474672,6.158098070159821e-05,6.485025966170439e-05,1756.2549396899644,1869.135843658593,71760.71098432504,72060.71098432504,inside,"5,6",6449663.244817475,6449974.120235703,310.87541822809726,0.07477434451034004,0.0751251281578243,0.00035078364748425406,-0.0002462812764902977,0.00010483474390909026,0.00035111602039938797,7553.014938024407,7593.05725109648,40.04231307207374,-0.10422188876994619,-0.0989809011733486,0.005240987596597593,1.5702377522257918,1.577219914205056,0.0069821619792642675,117539.65763489754,638529.3394985504,29384.914408724384,159632.3348746376
64.75,0.6108652381980153,35.0,6449818.694891007,71718.69489100669,0.07494973885420941,-7.072076767821524e-05,7573.035672005076,-0.10160141665674906,1.573728823331618,-5.8213323669819035,90.16801967499087,6.32981854903666e-05,6.665019534683083e-05,1805.528452462311,1921.3315369038032,71568.69489100669,71868.69489100669,inside,"5,6",6449471.217408778,6449782.093619981,310.8762112027034,0.07506636619782193,0.07541714995575766,0.0003507837579357215,-0.0002471402027804829,0.00010397609335302622,0.00035111629613350916,7553.652409814467,7593.695507579413,40.04309776494574,-0.10421851807724301,-0.09897748540523017,0.005241032672012841,1.570263656541626,1.5772458359760013,0.006982179434375402,119196.89116074711,647490.376865688,29799.222790186777,161872.594216422
65.0,0.6108652381980153,35.0,6449626.667878764,71526.66787876375,0.07524176059929905,-7.157953380379284e-05,7573.673687383639,-0.10159801335080755,1.5737547377091852,-5.821137371915063,90.16950445945417,6.505909960225456e-05,6.849573398691823e-05,1856.0706028470463,1974.864894979982,71376.66787876375,71676.66787876375,inside,5,6449279.1802290585,6449590.057240678,310.87701161950827,0.07535842126205991,0.07570920513023931,0.0003507838681793968,-0.00024800683788614946,0.00010310973729154877,0.0003511165751776982,7554.301065602693,7594.344966860041,40.0439012573479,-0.10421437104342655,-0.098973292231147,0.005241078812279559,1.5702897593094465,1.5772719566194795,0.006982197310033023,120874.13358044815,656559.1207643216,30218.533395112037,164139.7801910804
65.25,0.6108652381980153,35.0,6449434.631099223,71334.63109922316,0.07553381572096492,-7.24460069189825e-05,7574.322738280543,-0.10159384358373814,1.5737808491979313,-5.820898461860434,90.17100053755613,6.686471935864183e-05,7.038791019118085e-05,1907.9109493887975,2029.7669401991386,71184.63109922316,71484.63109922316,inside,5,6449087.134443427,6449398.01226298,310.8778195530176,0.07565051015351529,0.076001294131728,0.00035078397821271257,-0.00024888124306371955,0.00010223561450155168,0.00035111685756527124,7554.96102726143,7595.005751214187,40.04472395275661,-0.10420943872650817,-0.09896831268656613,0.005241126039942048,1.5703160617978253,1.5772982774133464,0.006982215615521037,122571.58684792857,665736.6534878593,30642.896711982143,166434.16337196482
65.5,0.6108652381980153,35.0,6449242.585717536,71142.58571753558,0.07582590466966496,-7.332024826250713e-05,7574.983104502418,-0.10158888799704856,1.5738071606171162,-5.820614527658109,90.17250807082843,6.871606065472974e-05,7.232777879243785e-05,1961.0797426910615,2086.0694188441507,70992.58571753558,71292.58571753558,inside,5,6448895.081246723,6449205.959881919,310.87863519601524,0.07594263333400424,0.07629341742202941,0.00035078408802517724,-0.00024976348051610056,0.00010135366285995025,0.0003511171433760508,7555.63258081578,7595.678147078433,40.045566262652756,-0.1042037013328618,-0.0989625269549561,0.005241174377905708,1.5703425668842397,1.5773248012445253,0.006982234360285666,124289.4625926536,675024.1094872457,31072.3656481634,168756.02737181142
65.75,0.6108652381980153,35.0,6449050.5329286335,70950.5329286335,0.07611802790720815,-7.420231999495677e-05,7575.655072277209,-0.10158312678579318,1.5738336748488375,-5.8202844345682925,90.17402722440309,7.061415909811081e-05,7.431641498591531e-05,2015.6078588197533,2143.8047304474703,70800.5329286335,71100.5329286335,inside,5,6448703.021864272,6449013.901323014,310.87945874221623,0.07623479127695464,0.07658557547456069,0.0003507841976060494,-0.00025065361339049534,0.00010046381930119864,0.00035111743269169396,7556.316018835791,7596.362447441873,40.04642860608237,-0.10419713861362706,-0.09895591476413947,0.0052412238494875946,1.5703692775100502,1.5773515310639994,0.006982253553949214,126027.97465549203,684422.6350334326,31506.993663873007,171105.65875835816
66.0,0.6108652381980153,35.0,6448858.473957942,70758.47395794187,0.076410185907015,-7.509228522024715e-05,7576.338934381539,-0.10157653968958823,1.5738603948391616,-5.819907021756503,90.1755581670773,7.25600702846897e-05,7.635491461195722e-05,2071.5268101172383,2203.005939020695,70608.47395794187,70908.47395794187,inside,5,6448510.957552608,6448821.837843002,310.8802903937176,0.0765269844676718,0.07687776877461612,0.00035078430694432394,-0.0002515517058003127,9.956601979541536e-05,0.00035111772559572805,7557.0116405656945,7597.058951975458,40.0473114097631,-0.10418972985558478,-0.0989484553771629,0.005241274478421876,1.5703961966816435,1.5773784698879518,0.006982273206308287,127787.3391219767,693933.3883950072,31946.834780494177,173483.3470987518
66.25,0.6108652381980153,35.0,6448666.410062095,70566.41006209515,0.07670237915438324,-7.59902080075114e-05,7577.0349902700045,-0.10156910598348459,1.5738873235992665,-5.819481101770624,90.17710107137883,7.455487007439001e-05,7.844439443843081e-05,2128.8687561394686,2263.7067844102266,70416.41006209515,70716.41006209515,inside,5,6448318.889600213,6448629.770730566,310.88113035354763,0.07681921340360927,0.07716999781963806,0.0003507844160287876,-0.00025245782284751797,9.866019932606989e-05,0.00035111802217358787,7557.719752055065,7597.767967163253,40.04821510818783,-0.10418145387188918,-0.0989401275830241,0.005241326288865075,1.570423327471581,1.5774056207989202,0.0069822933273391286,129567.77435640493,703557.540020277,32391.943589101233,175889.38500506926
66.5,0.6108652381980153,35.0,6448474.342529678,70374.34252967779,0.07699460814675875,-7.689615341343106e-05,7577.7435462063795,-0.10156080446869735,1.5739144642065934,-5.819005460009749,90.17865611363207,7.659965486625046e-05,8.058599244242361e-05,2187.666514710138,2325.9416937728265,70224.34252967779,70524.34252967779,inside,5,6448126.819328267,6448437.701307099,310.88197883218527,0.07711147859464519,0.07746226311949311,0.0003507845248479219,-0.00025337203064542925,9.774629186722361e-05,0.00035111832251265285,7558.440666291897,7598.489806435622,40.0491401437248,-0.10417228899265596,-0.09893090968725456,0.005241379305401403,1.5704506730197607,1.5774329869469577,0.006982313927196948,131369.50103664963,713296.2727231502,32842.37525916241,178324.06818078755
66.75,0.6108652381980153,35.0,6448282.272681975,70182.2726819748,0.07728687339401168,-7.781018750501296e-05,7578.4649153967475,-0.10155161346319122,1.573941819806007,-5.818478854184766,90.18022347402452,7.86955418728001e-05,8.27808680911125e-05,2247.9535730941234,2389.7457931732715,70032.2726819748,70332.2726819748,inside,5,6447934.748091419,6448245.630927461,310.88283604197204,0.07740378056336375,0.07775456519675374,0.0003507846333899861,-0.0002542943963419664,9.682423036031946e-05,0.00035111862670228586,7559.174703337614,7599.224790304335,40.05008696672121,-0.10416221305540553,-0.09892077950235746,0.005241433553048069,1.570478236534582,1.577460571550802,0.0069823350162201425,133192.74218981847,723150.7818735348,33298.18554745462,180787.6954683837
67.0,0.6108652381980153,35.0,6448090.20187374,69990.20187374018,0.07757917541871813,-7.873237738281759e-05,7579.19941812456,-0.10154151079212115,1.573969393610964,-5.817900013770642,90.18180333667368,8.084366939337557e-05,8.50302026214593e-05,2309.764099286195,2455.154919299969,69840.20187374018,70140.20187374018,inside,5,6447742.677278567,6448053.560980772,310.8837022045627,0.0776961198453423,0.07804690458698531,0.00035078474164300377,-0.0002552249881433572,9.589394669051383e-05,0.00035111893483387105,7559.922190464007,7599.973246499614,40.05105603560696,-0.10415120339536067,-0.09890971433810003,0.005241489057260643,1.5705060212941244,1.5774883778990554,0.0069823566049309616,135037.7232287094,733122.2755919894,33759.43080717735,183280.56889799735
67.25,0.6108652381980153,35.0,6447898.131493984,69798.13149398379,0.07787151475644716,-7.966279120464568e-05,7579.947381887626,-0.10153047377812731,1.5739971889046906,-5.817267639450368,90.18339588969454,8.30451970861056e-05,8.733519931844089e-05,2373.132953412951,2522.2056312961513,69648.13149398379,69948.13149398379,inside,5,6447550.608313668,6447861.492891208,310.88457754068077,0.077988496989444,0.07833928183903867,0.00035078484959466527,-0.0002561638753383082,9.495537166254472e-05,0.00035111924700085293,7560.683462292104,7600.735510109098,40.05204781699376,-0.10413923683559795,-0.09889769099165976,0.0052415458439381835,1.5705340306473288,1.5775164093513665,0.006982378704037728,136904.6719890792,743211.9749486896,34226.1679972698,185802.9937371724
67.5,0.6108652381980153,35.0,6447706.062966773,69606.06296677329,0.07816389195605339,-8.060149820968855e-05,7580.70914153703,-0.10151847923148397,1.574025209041366,-5.8165804025505325,90.18500132526742,8.530130623830925e-05,8.969708379155946e-05,2438.095699246738,2590.9352227055383,69456.06296677329,69756.06296677329,inside,5,6447358.542656549,6447669.4281188315,310.8854622822255,0.07828091255811592,0.07863169751534835,0.0003507849572324251,-0.00025711112832264653,9.400843497613016e-05,0.0003511195632987767,7561.458860932961,7601.511923718744,40.05306278578246,-0.10412628967705245,-0.0988846857376239,0.005241603939428546,1.5705622680151874,1.5775446693396247,0.006982401324437282,138793.8187677704,753421.1141669918,34698.4546919426,188355.27854174795
67.75,0.6108652381980153,35.0,6447513.997752054,69413.99775205366,0.07845630757997517,-8.154856874314867e-05,7581.4850394179775,-0.10150550344010155,1.5740534574473128,-5.815836944468478,90.18661983970614,8.761320003498797e-05,9.211710424928996e-05,2504.6886158286206,2661.381733529046,69263.99775205366,69563.99775205366,inside,5,6447166.481803755,6447477.3681604145,310.88635665923357,0.07857336712769299,0.07892415219223649,0.0003507850645435018,-0.0002580668186244372,9.30530652008908e-05,0.000351119883825328,7562.248736130389,7602.302837555646,40.054101425256704,-0.10411233768837523,-0.09887067431784169,0.005241663370533542,1.5705907368919398,1.577573161369156,0.006982424477216087,140705.3963616997,763750.9408315555,35176.34909042493,190937.73520788888
68.0,0.6108652381980153,35.0,6447321.937346482,69221.93734648172,0.07874876220453852,-8.250407428133618e-05,7582.275425512569,-0.10149152215938155,1.5740819376221942,-5.815035876091034,90.18825163352663,8.998210382512266e-05,9.459653177117859e-05,2572.9487091985634,2733.5839623909314,69071.93734648172,69371.93734648172,inside,5,6446974.42728939,6447285.314550304,310.8872609138489,0.0788658612887077,0.07921664646022243,0.0003507851715147253,-0.0002590310189295829,9.20891897507909e-05,0.0003511202086803738,7563.053445405597,7603.108609632786,40.05516422718938,-0.10409735609564322,-0.09885563193112909,0.005241724164514128,1.5706194408462741,1.5776018890199268,0.006982448173652678,142639.6401077459,774202.7161012926,35659.91002693647,193550.67902532316
68.25,0.6108652381980153,35.0,6447129.883284284,69029.8832842838,0.07904125642026678,-8.346808745724737e-05,7583.08065758449,-0.10147651060192382,1.5741106531402156,-5.814175777204788,90.1898969115158,9.240926538534987e-05,9.71366605771358e-05,2642.913724227282,2807.5814788081043,68879.8832842838,69179.8832842838,inside,5,6446782.380685999,6447093.268861287,310.8881752882153,0.07915839564620554,0.0795091809243383,0.00035078527813275917,-0.0002600038031079119,9.111673485809165e-05,0.00035112053796600357,7563.873354203742,7603.929605895683,40.056251691941725,-0.10408131957192117,-0.0988395332228257,0.005241786349095473,1.570648383522532,1.5776308559477512,0.0069824724252192105,144596.7879234807,784777.7149267736,36149.196980870176,196194.4287316934
68.5,0.6108652381980153,35.0,6446937.837138128,68837.83713812754,0.07933379083219606,-8.44406820866311e-05,7583.90110132562,-0.10146044342708603,1.5741396076513308,-5.8132551958978835,90.19155588280056,9.489595518078114e-05,9.973880829369108e-05,2714.622156549869,2883.414635562993,68687.83713812754,68987.83713812754,inside,5,6446590.343605458,6446901.232705491,310.88910003285855,0.07945097082006644,0.07980175620445036,0.0003507853843839198,-0.00026098524623975996,9.013562554681136e-05,0.00035112087178657133,7564.708836042406,7604.766200370966,40.05736432855974,-0.10406420222667562,-0.09882235227420356,0.005241849952472052,1.5706775686419177,1.5776600658855007,0.006982497243583019,146577.08034885256,795477.2262727261,36644.27008721314,198869.30656818152
68.75,0.6108652381980153,35.0,6446745.800520012,68645.80052001216,0.07962636606019671,-8.542193319454846e-05,7584.737130504548,-0.10144329473039507,1.5741688048824525,-5.812272647953342,90.19322876091731,9.744346662254174e-05,0.00010240431621676537,2788.1132645961407,2961.124581174494,68495.80052001216,68795.80052001216,inside,5,6446398.31769988,6446709.207735282,310.89003540202975,0.07974358744533222,0.08009437293558644,0.00035078549025421846,-0.0002619754246430511,8.914578560568668e-05,0.0003511212102487378,7565.560272661948,7605.618775316825,40.058502654876975,-0.1040459775950406,-0.09880406259172801,0.005241915003312586,1.570707000003711,1.5776895226443193,0.006982522640608169,148580.76058879163,806302.5533454398,37145.19014719791,201575.63833635996
69.0,0.6108652381980153,35.0,6446553.77508218,68453.77508218028,0.0799189827393007,-8.641191704243196e-05,7585.58912711698,-0.10142503803281028,1.5741982486386648,-5.811226616233887,90.19491576388128,0.0001000531163216199,0.00010513454957053356,2863.427081713318,3040.753272462228,68303.77508218028,68603.77508218028,inside,5,6446206.304662551,6446517.195644207,310.8909816564992,0.08003624617254002,0.0803870317682694,0.0003507855957293887,-0.00026297441590088434,8.81471375606293e-05,0.0003511215534615136,7566.428054177755,7606.487721375365,40.05966719761,-0.10402661862693527,-0.09878463709617026,0.005241981530765008,1.5707366814864803,1.5777192301148388,0.006982548628358565,150608.07455673616,817255.0138250581,37652.01863918404,204313.75345626453
69.25,0.6108652381980153,35.0,6446361.762518046,68261.76251804642,0.08021164152003514,-8.741071115564919e-05,7586.457481538035,-0.10140564626983864,1.574227942804438,-5.810115550058294,90.19661711425624,0.00010272624433867644,0.00010793089776202511,2940.604428378546,3122.3434872017797,68111.76251804642,68411.76251804642,inside,5,6446014.306228871,6446325.198167934,310.89193906262517,0.08032894766806195,0.08067973336885682,0.0003507857007948728,-0.00026398229888962947,8.713960264667301e-05,0.00035112190153630245,7567.312579234354,7607.3734377268065,40.0608584924521,-0.10400609767603353,-0.09876404811157222,0.00524204956446131,1.5707666170492978,1.5777491922683946,0.006982575219096843,152659.27091913682,828335.9401031054,38164.817729784205,207083.98502577635
69.5,0.6108652381980153,35.0,6446169.764563146,68069.76456314605,0.08050434306876184,-8.841839435157668e-05,7587.342592676407,-0.10138509178050191,1.5742578913448446,-5.808937864569252,90.19833303922412,0.0001054642144293584,0.00011079477463097449,3019.6869244959685,3205.938836864848,67919.76456314605,68219.76456314605,inside,5,6445822.324177332,6446133.217085225,310.89290789235383,0.08062169261445096,0.08097247841988675,0.00035078580543579374,-0.0002649991538075401,8.612310077940507e-05,0.00035112225458694516,7568.214255161385,7608.276332245557,40.062077084171506,-0.10398438648858584,-0.09874226735406356,0.005242119134522272,1.5707968107329553,1.5777794131582434,0.0069826024252881425,154734.601140929,839546.6795251291,38683.65028523225,209886.6698812823
69.75,0.6108652381980153,35.0,6445977.782996105,67877.78299610503,0.08079708806802317,-8.94350467681894e-05,7588.24486813038,-0.10136334629615619,1.5742880983067749,-5.8076919400927745,90.20006377065464,0.00010826841428466582,0.00011372761869447027,3100.717001773454,3291.583779439609,67727.78299610503,68027.78299610503,inside,5,6445630.3603305,6445941.254218923,310.8938884232193,0.0809144817107929,0.08126526762042967,0.0003507859096367749,-0.0002660250622038861,8.509755244787792e-05,0.00035112261465176405,7569.133498131397,7609.196821658102,40.06332352670506,-0.10396145619209389,-0.09871926592014997,0.0052421902719439195,1.570827266661176,1.577809896920777,0.006982630259600997,156834.3195319823,850888.5946385721,39208.579882995575,212722.14865964302
70.0,0.6108652381980153,35.0,6445785.819639629,67685.81963962875,0.0810898772168942,-9.046074989317049e-05,7589.164724345679,-0.10134038092916407,1.5743185678201508,-5.806376121489158,90.2018095451749,0.00011114025576593802,0.00011673089338594223,3183.7379161748067,3379.323632326522,67535.81963962875,67835.81963962875,inside,5,6445438.416556026,6445749.311436965,310.894880939275,0.08120731567306504,0.08155810168630138,0.0003507860132363483,-0.0002670601070086129,8.406292361690657e-05,0.0003511230306255195,7570.070733319461,7610.1353317027115,40.064598383250086,-0.1039372772838382,-0.09869501426604937,0.005242263017788823,1.570857989041828,1.57784064777672,0.006982658734892011,158958.6832945639,862363.0634460226,39739.670823640976,215590.76586150564
70.25,0.6108652381980153,35.0,6445593.876361512,67493.87636151165,0.08138271123134111,-9.149558659354676e-05,7590.102586775125,-0.10131616616142011,1.574349304099139,-5.804988717495539,90.20357060423886,0.00011408117513395587,0.00011980608728797084,3268.793760441548,3469.2045853034992,67343.87636151165,67643.87636151165,inside,5,6445246.494767681,6445557.390653411,310.89588573016226,0.08150019523450096,0.08185098135058813,0.00035078611608717336,-0.0002681043725625308,8.30190798367336e-05,0.00035112345239926443,7571.026395064582,7611.092297290934,40.06590222635168,-0.1039118196192598,-0.09866948222530225,0.005242337393957547,1.570888982168131,1.5778716700323558,0.006982687864224735,161107.95257181663,873971.4796638659,40276.98814295416,218492.86991596647
70.5,0.6108652381980153,35.0,6445401.95507567,67301.95507567003,0.08167559084458616,-9.25396411458545e-05,7591.058890040083,-0.10129067183273018,1.5743803114433583,-5.803528000060086,90.20534719419653,0.0001170926332716254,0.0001229547143583625,3355.929476677688,3561.273713553413,67151.95507567003,67451.95507567003,inside,5,6445054.596926408,6445365.493829499,310.8969030911103,0.08179312114596196,0.08214390736412758,0.0003507862181656163,-0.00026915794464803933,8.196593545640646e-05,0.00035112388010444576,7572.000927032843,7612.068162670837,40.0672356379946,-0.1038850524001965,-0.09864263896759962,0.00524241343259689,1.5709202504198596,1.5779029680807426,0.006982717660882987,163282.390497245,885715.2529862903,40820.59762431125,221428.81324657256
70.75,0.6108652381980153,35.0,6445210.057743194,67110.05774319358,0.08196851680747905,-9.359299926684015e-05,7592.034078093661,-0.10126386712904557,1.574411594239084,-5.80199220366786,90.20713956636298,0.00012017611589978343,0.00012617831414901866,3445.190868993338,3655.578990749629,66960.05774319358,67260.05774319358,inside,5,6444862.725041393,6445173.622974718,310.89793332479894,0.08208609417631506,0.08243688049576252,0.0003507863194474603,-0.0002702209105203918,8.09034033549291e-05,0.0003511243138753209,7572.9947823822995,7613.063381591989,40.06859920968964,-0.10385694416297493,-0.09861445299660929,0.005242491166365645,1.5709517982645405,1.577934546402898,0.006982748138357531,165482.26324527225,897595.809354997,41370.56581131806,224398.95233874925
71.0,0.6108652381980153,35.0,6445018.18637342,66918.18637342006,0.0822614898888749,-9.465574814470032e-05,7593.028604385649,-0.1012357205705529,1.5744431569604451,-5.800379524658411,90.20894797708692,0.00012333313378550637,0.00012947845201695607,3536.624616198677,3752.1693021905708,66768.18637342006,67068.18637342006,inside,5,6444670.881171166,6444981.780147905,310.898976739496,0.08237911511281754,0.08272990153272547,0.0003507864199079336,-0.00027129335893950304,7.983139490950268e-05,0.00035112475384900576,7574.008423929567,7614.07841747212,40.069993542553675,-0.10382746276635926,-0.09858489213792054,0.00524257062843872,1.570983630258641,1.5779664095689894,0.006982779310348297,167707.84008283462,909614.5912344187,41926.960020708655,227403.64780860467
71.25,0.6108652381980153,35.0,6444826.343025033,66726.34302503336,0.08255451087601882,-9.57279764708655e-05,7594.042932029131,-0.10120619999962079,1.5744750041706146,-5.798688120535185,90.2107726878189,0.00012656522294235583,0.00013285671932689077,3630.278284541545,3851.094457976176,66576.34302503336,66876.34302503336,inside,5,6444479.067424716,6444789.967458367,310.9000336509198,0.08267218476150827,0.08302297128102988,0.000350786519521612,-0.0002723753802023053,7.874981996321926e-05,0.00035112520016552455,7575.042324318051,7615.113743565449,40.0714192473979,-0.10379657537935826,-0.09855392352684712,0.005242651852511132,1.571015751048751,1.5779985622395158,0.006982811190764826,169959.3934220318,921773.057892547,42489.84835550795,230443.26447313675
71.5,0.6108652381980153,35.0,6444634.529807182,66534.52980718203,0.08284758057493725,-9.680977447233106e-05,7595.077533968781,-0.10117527256860495,1.5745071405229891,-5.796916109266795,90.2126139651789,0.00012987394482200315,0.00013631473364481093,3726.20034048245,3952.405206219748,66384.52980718203,66684.52980718203,inside,5,6444287.285962642,6444598.187067022,310.9011043794453,0.0829653039476058,0.08331609056586833,0.0003507866182625302,-0.0002734670661756549,7.765858679220446e-05,0.00035112565296785934,7576.096966187818,7616.16984313262,40.072876944802374,-0.10376424846889197,-0.09852151359609007,0.005242734872801899,1.5710481653727506,1.578031009166477,0.00698284379372649,172237.19887387546,934072.685687597,43059.299718468865,233518.17142189926
71.75,0.6108652381980153,35.0,6444442.748880624,66342.74888062384,0.08314069981083595,-9.790123394453945e-05,7596.132893150748,-0.10114290472751293,1.5745395707623595,-5.795061568580272,90.21447208102343,0.0001332608864965196,0.00013985413892180184,3824.4401634965393,4056.1532462842433,66192.74888062384,66492.74888062384,inside,5,6444095.53899831,6444406.441187565,310.90218925476074,0.08325847351591317,0.08360926023201722,0.0003507867161040429,-0.00027456851032979415,7.65576020722059e-05,0.00035112611240200003,7577.172842347017,7617.247209612209,40.07436726519245,-0.10373044778731982,-0.09848762806326221,0.005242819724057615,1.571080878060968,1.5780637551945318,0.006982877133563825,174541.53530308776,946514.968360251,43635.38382577194,236628.74209006276
72.0,0.6108652381980153,35.0,6444251.002458891,66151.0024588909,0.0834338694285049,-9.900244828481685e-05,7597.209502694132,-0.10110906221153033,1.5745722997260683,-5.793122535246366,90.21634731251179,0.00013672766083078165,0.0001434766056675499,3925.048058897049,4162.391242037089,66001.0024588909,66301.0024588909,inside,5,6443903.828799052,6444214.732087663,310.9032886112109,0.08355169433122969,0.08390248114424863,0.00035078681301893566,-0.0002756798077723709,7.544677084462402e-05,0.0003511265786169949,7578.270455944838,7618.3463467937545,40.07589084891606,-0.10369513835983195,-0.09845223191827596,0.005242906441555992,1.571113894037323,1.5780968052621416,0.006982911224818533,176872.68488402938,959101.4173318981,44218.171221007346,239775.35433297453
72.25,0.6108652381980153,35.0,6444059.292809482,65959.29280948173,0.08372709029273004,-0.00010011351252636757,7598.307866063977,-0.10107371002841051,1.5746053323451528,-5.7910970043570265,90.21823994217159,0.0001402759066441954,0.0001471838311127067,4028.0752706679305,4271.172835110722,65809.29280948173,66109.29280948173,inside,5,6443712.157687375,6444023.062090166,310.9044027905911,0.08384496727876965,0.0841957541877489,0.0003507869089792448,-0.0002768010552830186,7.43259964819828e-05,0.00035112705176500137,7579.390320645947,7619.467768992255,40.07744834630739,-0.10365828447170616,-0.09841528941059695,0.005242995061109215,1.5711472183204538,1.5781301644026977,0.006982946082243924,179230.93315768926,971833.5620085105,44807.733289422315,242958.39050212762
72.5,0.6108652381980153,35.0,6443867.622255075,65767.62225507479,0.08402036328871192,-0.00010123452337282891,7599.428497245729,-0.10103681244572978,1.5746386736454725,-5.7889829285951855,90.22015025796338,0.00014390728886114489,0.00015097753935949232,4133.573994299377,4382.552658162071,65617.62225507479,65917.62225507479,inside,5,6443520.528042206,6443831.433574347,310.9055321412161,0.08413829326458795,0.08448908026854438,0.0003507870039564237,-0.00027793235134849977,7.319518065283779e-05,0.00035112753200133753,7580.532960806324,7620.612001224085,40.07904041776146,-0.1036198496554326,-0.09837676403636562,0.005243085619066973,1.5711808560248262,1.5781638377456313,0.006982981720805137,181616.56908981933,984712.950090591,45404.14227245483,246178.23752264775
72.75,0.6108652381980153,35.0,6443675.993174772,65575.99317477178,0.08431368932249142,-0.00010236557923338863,7600.571920921124,-0.10099833297801053,1.5746723287488187,-5.786778217496963,90.2220785533442,0.0001476234986492615,0.00015485948151961224,4241.597389611399,4496.586348115598,65425.99317477178,65725.99317477178,inside,5,6443328.942300153,6443639.848977174,310.9066770207137,0.08443167321601286,0.08478246031393406,0.0003507870979212041,-0.00027907379619841386,7.20542232861193e-05,0.00035112801948453316,7581.698911650472,7621.779579384259,40.08066773378687,-0.10357979667770875,-0.0983366185253894,0.005243178152319353,1.571214812361823,1.578197830517502,0.006983018155678922,184029.88513011448,997741.1478886736,46007.47128252862,249435.2869721684
73.0,0.6108652381980153,35.0,6443484.40800536,65384.40800535958,0.08460706932138247,-0.00010350678025846768,7601.738672645414,-0.1009582343737149,1.574706302874003,-5.784480736706458,90.22402512732991,0.00015142625354497638,0.00015883143583892567,4352.199593561311,4613.330559385354,65234.40800535958,65534.40800535958,inside,5,6443137.4029568015,6443448.310794592,310.90783779043704,0.08472510808208583,0.08507589527292946,0.00035078719084362386,-0.00028022549184147255,7.090302253490935e-05,0.0003511285143763819,7582.888719449905,7622.971050424984,40.08233097507946,-0.10353808752630794,-0.09829481482800839,0.00524327269829955,1.5712490926408111,1.5782321480430652,0.006983055402254079,186471.1772725909,1010919.7406451791,46617.794318147724,252729.93516129476
73.25,0.6108652381980153,35.0,6443292.869242605,65192.86924260482,0.08490050423441178,-0.00010465822837596918,7602.929299025896,-0.1009164786021118,1.574740601337925,-5.782088307223288,90.22599028455642,0.00015531729756528315,0.00016289520780775612,4465.435733015889,4732.842977055833,65042.86924260482,65342.86924260482,inside,5,6442945.912568027,6443256.82158285,310.9090148229152,0.08501859883400845,0.08536938611670143,0.0003507872826929853,-0.00028138754210234275,6.97414747396507e-05,0.00035112901684199345,7584.1029417028685,7624.186972535427,40.08403083255871,-0.103494683396824,-0.0982513141018377,0.005243369294986297,1.5712837022701853,1.5782667957463148,0.006983093476129465,188940.7451169935,1024250.3328617136,47235.18627924837,256062.5832154284
73.5,0.6108652381980153,35.0,6443101.37944257,65001.3794425698,0.08519399503276587,-0.00010582002732809542,7604.144357901648,-0.10087302684002039,1.574775229556616,-5.7795987046430435,90.22797433533947,0.00015929840130510364,0.00016705263025622378,4581.361937482565,4855.182330015907,64851.3794425698,65151.3794425698,inside,5,6442754.473751346,6443065.383959841,310.9102084953338,0.08531214646559651,0.08566293383903441,0.0003507873734378969,-0.0002825600526590583,6.856947439078741e-05,0.00035112952704984576,7585.342147315194,7625.427915322628,40.085768007434126,-0.10344954467929572,-0.09820607669838975,0.005243467980905969,1.571318646758383,1.5783017791514997,0.006983132393116653,191438.89193137552,1037734.5486325943,47859.72298284388,259433.63715814857
73.75,0.6108652381980153,35.0,6442909.941222958,64809.94122295827,0.08548754271024513,-0.00010699228270873372,7605.384418524417,-0.10082783945843353,1.5748101930462537,-5.777009658390869,90.22997759573276,0.0001633713620192326,0.00017130556343353533,4700.035351782305,4980.408404027395,64659.94122295827,64959.94122295827,inside,5,6442563.08918728,6442874.000606473,310.91141919232905,0.08560575199374149,0.08595653945678765,0.00035078746304616215,-0.0002837431310810014,6.738691409083634e-05,0.00035113004517183774,7586.606916782227,7626.6944599934695,40.08754321124252,-0.10340263094471479,-0.09815906214958024,0.0052435687951345455,1.5713539317148741,1.5783371038841096,0.0069831721692354964,193965.9247157527,1051374.0319840638,48491.48117893818,262843.50799601595
74.0,0.6108652381980153,35.0,6442718.557264487,64618.55726448726,0.0857811482837252,-0.00010817510200141112,7606.650061740567,-0.10078087600902459,1.5748454974241501,-5.774318850948361,90.23200038758456,0.00016753800368804123,0.00017565589507038325,4821.514148652856,5108.582054716433,64468.55726448726,64768.55726448726,inside,5,6442371.761620765,6442682.6742680725,310.9126473078504,0.08589941645887902,0.08625020401036386,0.0003507875514848352,-0.00028493688686745215,6.619368451589008e-05,0.00035113057138334223,7587.8978423717335,7627.98719953762,40.08935716588621,-0.10335390093142095,-0.09811022915412176,0.005243671777299189,1.5713895628511145,1.5783727756718304,0.0069832128207159005,196522.15426687806,1065170.4472194246,49130.538566719515,266292.61180485616
74.25,0.6108652381980153,35.0,6442527.230312287,64427.230312286876,0.08607481279362555,-0.00010936859461781794,7607.941880174006,-0.100732095210542,1.5748811484097067,-5.77152391707403,90.23404303859243,0.0001718001770659696,0.0001801055404234578,4945.857541267038,5239.765220471643,64277.230312286876,64577.230312286876,inside,5,6442180.493862568,6442491.407755813,310.91389324422926,0.08619314092546489,0.0865439285641851,0.0003507876387202069,-0.0002861414314867072,6.49896743765516e-05,0.00035113110586325883,7589.215528307691,7629.306738911368,40.0912106036767,-0.10330331253138898,-0.09805953556380947,0.005243776967579508,1.571425545981468,1.5784088003454642,0.00698325436399605,199107.89524411253,1079125.479269984,49776.97381102813,269781.369817496
74.5,0.6108652381980153,35.0,6442335.963177328,64235.963177328,0.0863685373043854,-0.0001105728719368998,7609.260478409991,-0.10068145493509537,1.5749171518253353,-5.768622443017558,90.23610588235601,0.00017615975971184848,0.00018465644230108316,5073.125795651181,5374.020935233571,64085.963177328,64385.963177328,inside,5,6441989.288790756,6442300.203948165,310.91515740938485,0.0864869264824582,0.08683771420717593,0.00035078772471772157,-0.00028735687841576494,6.377477037830187e-05,0.00035113164879406683,7590.560590954871,7630.653695222228,40.093104267356466,-0.10325082277641176,-0.0980069383697031,0.005243884406708657,1.5714618870240924,1.5784451838398124,0.006983296815719964,201723.46623639055,1093240.8340518,50430.86655909764,273310.20851295
74.75,0.6108652381980153,35.0,6442144.75873788,64044.758737879805,0.08666232290494688,-0.0001117880473445164,7610.606473179733,-0.10062891219433817,1.5749535135973418,-5.765611965728121,90.2381892584276,0.0001806186560000046,0.00018931057106888097,5203.380242986613,5511.413341156971,63894.758737879805,64194.758737879805,inside,5,6441798.149352172,6442109.065792394,310.916440221481,0.08678077424381198,0.087131562053254,0.0003507878094420186,-0.00028858334318057643,6.254885718130257e-05,0.000351132200361879,7591.933659004116,7632.028697914237,40.09503891012082,-0.10319638782418461,-0.09795239368821074,0.005243994135973873,1.5714985920017814,1.5784819321945187,0.006983340192737275,204369.1898302503,1107518.238828022,51092.29745756258,276879.5597070055
75.0,0.6108652381980153,35.0,6441953.619940996,63853.61994099617,0.08695617070924562,-0.00011301423627366567,7611.980493545675,-0.10057442312555166,1.5749902397567694,-5.762489972057056,90.24029351236052,0.00018517879711113248,0.00019406992463443431,5336.6832917780575,5652.007701129659,63703.61994099617,64003.61994099617,inside,5,6441607.078563961,6441917.996306064,310.9177421024069,0.087074685348971,0.08742547324182788,0.00035078789285687695,-0.00028982094339685834,6.131181735963608e-05,0.0003511327607564944,7593.335373658175,7633.43238895382,40.09701529564518,-0.10313996294429603,-0.09789585674707924,0.005244106197216797,1.5715356670427674,1.5785190515548682,0.006983384512100788,207045.392678934,1121959.442576912,51761.3481697335,280489.860644228
75.25,0.6108652381980153,35.0,6441762.549804032,63662.54980403185,0.08725008185670866,-0.00011425155624527036,7613.383181087346,-0.1005179429776355,1.5750273364402,-5.759253897955185,90.24241899575503,0.00018984214100182845,0.00019893652840979894,5473.098439870484,5795.870411128239,63512.54980403185,63812.54980403185,inside,5,6441416.079515105,6441726.998578593,310.9190634880215,0.08736866096337725,0.08771944893830246,0.0003507879749252013,-0.0002910697988114663,6.006353135998569e-05,0.000351133330171452,7594.76638881802,7634.865423016099,40.09903419807961,-0.10308150250413063,-0.09783728187129727,0.005244220632833363,1.5715731183814763,1.5785565481725414,0.006983429791065143,209752.40557253105,1136566.2163653644,52438.10139313276,284141.5540913411
75.5,0.6108652381980153,35.0,6441571.5514161885,63471.55141618848,0.0875440575127597,-0.00011550012690952459,7614.815190087676,-0.10045942609701071,1.5750648098905071,-5.755901127665114,90.24456606630142,0.0001946106723516759,0.00020391243525071367,5612.690286295941,5943.069012391269,63321.55141618848,63621.55141618848,inside,5,6441225.1553680105,6441536.07577283,310.92040481977165,0.08766270227898246,0.08801349033459147,0.00035078805560900816,-0.00029233003134432323,5.880387745976036e-05,0.0003511339088040836,7596.227371269479,7636.328467671542,40.101096402063376,-0.10302095995469031,-0.09777662246891694,0.005244337485773368,1.5716109523592328,1.5785944284063154,0.006983476047082604,212490.5635091556,1151340.3537278688,53122.6408772889,287835.0884319672
75.75,0.6108652381980153,35.0,6441380.627940094,63280.6279400941,0.08783809886933183,-0.00011676007008779576,7616.277187719631,-0.100398825913441,1.575102666457561,-5.752428992908851,90.24673508782045,0.00019948640248663066,0.00020899972537122345,5755.5245429279885,6093.672203386565,63130.6279400941,63430.6279400941,inside,5,6441034.309360115,6441345.2311266605,310.92176654562354,0.08795681051476818,0.08830759864963762,0.0003507881348694397,-0.0002936017651308999,5.753273172466789e-05,0.00035113449685556777,7597.71900087008,7637.822203572796,40.10320270271586,-0.10295828781633999,-0.09771383101680046,0.005244456799539526,1.571649175424913,1.578632698722716,0.0069835232978030515,215260.20576708944,1166283.6710505632,53815.05144177236,291570.9177626408
76.0,0.6108652381980153,35.0,6441189.782613409,63089.78261340875,0.08813220714538753,-0.00011803150981507807,7617.76985423306,-0.10033609492577901,1.5751409125988793,-5.748834772071132,90.24892643030067,0.00020447136927768475,0.00021420050623266386,5901.6680459280615,6247.749851556328,62939.78261340875,63239.78261340875,inside,5,6440843.544805522,6441154.467954649,310.92314912658185,0.08825098691727337,0.08860177512994001,0.00035078821266663895,-0.0002948851265652397,5.6249967965742394e-05,0.00035113509453098214,7599.2419707359595,7639.3473246415815,40.105353905621996,-0.10289343766448497,-0.09764885904629887,0.005244578618186099,1.5716877941355403,1.578671365696609,0.006983571561068658,218061.675977968,1181398.0079607852,54515.418994492,295349.5019901963
76.25,0.6108652381980153,35.0,6440999.018750467,62899.01875046734,0.08842638358744613,-0.00011931457238299167,7619.2938831415895,-0.10027118468764422,1.575179554880222,-5.745115689378819,90.25114046993237,0.00020956763701329375,0.0002195169124054369,6051.188766954053,6405.373004808747,62749.01875046734,63049.01875046734,inside,5,6440652.865096681,6440963.789649711,310.9245530301705,0.08854523276112909,0.08889602105008894,0.0003507882889598468,-0.0002961802443435248,5.495545769583201e-05,0.0003511357020393568,7600.79698742868,7640.904538255495,40.107550826814986,-0.10282636011518712,-0.09758165712886997,0.005244702986317143,1.5717268151568207,1.5787104360117326,0.006983620854911887,220895.32220083592,1196685.227721187,55223.83055020898,299171.30693029676
76.5,0.6108652381980153,35.0,6440808.339743954,62708.33974395413,0.08872062947011868,-0.00012060938638332143,7620.849981409438,-0.1002040457930401,1.5752185999761248,-5.74126891407683,90.25337758913827,0.0002147772962444126,0.00022495110540238553,6204.155824111767,6566.613902735826,62558.33974395413,62858.33974395413,inside,5,6440462.2737060925,6440773.199684822,310.92597872950137,0.08883954934960078,0.08919033771330806,0.0003507883637072773,-0.0002974872495081734,5.364907008555382e-05,0.0003511363195937272,7602.384771141817,7642.494565434557,40.109794292740844,-0.10275700481072778,-0.09751217486164362,0.005244829949084151,1.5717662452636134,1.5787499164611658,0.006983671197552388,223761.49699711852,1212147.2176286434,55940.37424927963,303036.80440716085
76.75,0.6108652381980153,35.0,6440617.749066606,62517.749066606164,0.08901494609665007,-0.00012191608275208851,7622.438869637984,-0.10013462786191804,1.5752580546703683,-5.737291559601006,90.2556381766004,0.00022010246360088879,0.00023050527348248773,6360.639492627246,6731.545987534692,62367.749066606164,62667.749066606164,inside,5,6440271.774188046,6440582.701614758,310.92742671165615,0.08913393801513776,0.08948472645200396,0.00035078843686620065,-0.00029880627549246243,5.233067191872383e-05,0.0003511369474111863,7604.006055887131,7644.118141027351,40.11208514022019,-0.10268532040512557,-0.09744036085294225,0.00524495955218332,1.5718060913403349,1.578789813947726,0.006983722607391218,226660.55750651634,1227785.8894180206,56665.139376629086,306946.47235450515
77.0,0.6108652381980153,35.0,6440427.250272957,62327.25027295668,0.08930933479946865,-0.0001232347948141466,7624.061282251916,-0.10006287952569651,1.5752979258563793,-5.733180682748427,90.25792262728301,0.00022554528157753024,0.00023618163142312296,6520.711215205501,6900.243914596035,62177.25027295668,62477.25027295668,inside,5,6440081.370180397,6440392.2990778675,310.9288974702358,0.08942840011993014,0.08977918862832295,0.00035078850839280473,-0.00030013745816566563,5.100012754727121e-05,0.0003511375857129369,7605.661589680167,7645.776013896568,40.11442421640095,-0.1026112545496178,-0.09736616270776566,0.005245091841852137,1.5718463603812869,1.5788301354842962,0.006983775103009293,229592.865523625,1243603.17966972,57398.21638090625,310900.79491743
77.25,0.6108652381980153,35.0,6440236.847001108,62136.84700110834,0.08960379694074296,-0.00012456565832829394,7625.717967684816,-0.0999887484127442,1.5753382205375588,-5.728933282845652,90.26023134245142,0.00023110791828870385,0.00024198242025973496,6684.443612056756,7072.783562739964,61986.84700110834,62286.84700110834,inside,5,6439891.065406376,6440201.995797881,310.9303915053606,0.08972293705647291,0.09007372563471515,0.0003507885782422365,-0.0003014809358786969,4.965729884564625e-05,0.0003511382347243431,7607.352134725092,7647.468947103789,40.11681237869743,-0.10253475387811506,-0.09728952701324955,0.005245226864865504,1.571887059490912,1.5788708881940716,0.006983828703159611,232558.78757538798,1259601.0502215677,58139.696893846994,314900.26255539194
77.5,0.6108652381980153,35.0,6440046.542974541,61946.542974540964,0.08989833391294592,-0.00012590881153289111,7627.40968856396,-0.09991218113383643,1.575378945827532,-5.724546300915436,90.26256472968633,0.00023679256718986668,0.0002479099069912414,6851.910490558129,7249.242044065686,61796.542974540964,62096.542974540964,inside,5,6439700.863676426,6440011.795585759,310.9319093329832,0.0900175502481373,0.09036833889450588,0.00035078864636857443,-0.0003028368495102487,4.8302045164733525e-05,0.00035113889467498224,7609.0784675985715,7649.197718093289,40.11925049471756,-0.1024557639926385,-0.09721039932410719,0.005245364668531316,1.5719281958839622,1.5789120793107279,0.006983883426765702,235558.69499926476,1275781.4885844246,58889.67374981619,318945.37214610615
77.75,0.6108652381980153,35.0,6439856.342003958,61756.3420039583,0.09019294713942624,-0.00012726439519197374,7629.137221894164,-0.09983312326759454,1.5754201089503184,-5.7200166188424655,90.26492320289357,0.0002426014467643687,0.00025396638424948764,7023.1868545167845,7429.69771337983,61606.3420039583,61906.3420039583,inside,5,6439510.768890096,6439821.702341568,310.9334514718503,0.09031224114974941,0.09066302986247417,0.00035078871272475887,-0.0003042053425134133,4.69342232852818e-05,0.0003511395657986951,7610.841379432496,7650.963118874679,40.12173944218284,-0.10237422944875026,-0.09712872414806503,0.005245505300685224,1.5719697768855867,1.5789537161784994,0.006983939292912744,238592.96402199293,1292146.5083608774,59648.24100549823,323036.62709021935
78.0,0.6108652381980153,35.0,6439666.247989167,61566.24798916746,0.09048763807498685,-0.000128632552641848,7630.901359240467,-0.09975151934591896,1.575461717240413,-5.715341058538739,90.26730718230876,0.00024853680017414574,0.00026015416993130163,7198.348913008552,7614.230177175585,61416.24798916746,61716.24798916746,inside,5,6439320.785037947,6439631.720056401,310.93501845374703,0.09060701124817576,0.0909578000254384,0.0003507887772626478,-0.0003055865609627719,4.5553687370864325e-05,0.0003511402483336362,7612.641676095328,7652.765956204157,40.124280108829225,-0.10229009374098819,-0.09704444493130318,0.005245648809685005,1.5720118099313234,1.5789958062521683,0.0069839963208448985,241661.9758389808,1308698.149667163,60415.4939597452,327174.5374167907
78.25,0.6108652381980153,35.0,6439476.264920996,61376.26492099557,0.09078240820647059,-0.00013001342983815536,7632.702906909433,-0.09966731283942672,1.5755037781427783,-5.710516381109192,90.2697170944968,0.00025460089487254885,0.0002664756067913606,7377.4740887550915,7802.920302124646,61226.26492099557,61526.26492099557,inside,5,6439130.91620351,6439441.852814328,310.93661081790924,0.09090186206291612,0.091252650902849,0.0003507888399328779,-0.00030698065360193965,4.416028892038397e-05,0.00035114094252232365,7614.480178371852,7654.607051764161,40.12687339230888,-0.1022032992883164,-0.09695750404391232,0.005245795244404078,1.5720543025669975,1.5790383570969544,0.0069840545299568735,244766.1166941973,1325438.4795576506,61191.52917354932,331359.61988941266
78.5,0.6108652381980153,35.0,6439286.396883246,61186.39688324556,0.09107725905335295,-0.00013140717540339246,7634.542686128849,-0.09958044614290501,1.5755462992127374,-5.705539286018254,90.27215337234583,0.00026079602217757097,0.000272933061994065,7560.641026002856,7995.850223043203,61036.39688324556,61336.39688324556,inside,5,6438941.166565281,6439252.104794394,310.9382291128859,0.09119679514670309,0.09154758404738804,0.00035078890068494795,-0.00030838777189154843,4.275387672013876e-05,0.00035114164861168716,7616.357722141091,7656.487242341152,40.12952020006105,-0.10211378741960365,-0.09686784276537933,0.00524594465422433,1.5720972624485166,1.579081376388305,0.006984113939788372,247905.77796045443,1342369.5924512919,61976.44449011361,335592.39811282296
78.75,0.6108652381980153,35.0,6439096.648054685,60996.648054685444,0.09137219216834172,-0.00013281394067486986,7636.4215332255835,-0.09949086056079325,1.5755892881157672,-5.700406410258028,90.27461645505534,0.0002671244968039258,0.00027952892662283106,7747.929597872501,8193.103350299283,60846.648054685444,61146.648054685444,inside,5,6438751.540398743,6439062.480272643,310.9398739002645,0.09149181208610876,0.09184260104557587,0.00035078895946710764,-0.00030980807005765197,4.133429679546511e-05,0.0003511423668531171,7618.275158552142,7658.407380001324,40.132221449182,-0.10202149835914283,-0.09677540127011448,0.005246097089028345,1.572140697341559,1.579124871911575,0.0069841745700158775,251081.3562200911,1359493.6105600838,62770.33905502278,339873.40264002094
79.0,0.6108652381980153,35.0,6438907.022711081,60807.02271108143,0.09166720913798353,-0.00013423387975309293,7638.340299801353,-0.09939849629270625,1.5756327526271825,-5.695114327518828,90.27710678811803,0.000273588656351869,0.0002862656151446343,7939.420913130651,8394.764376611422,60657.02271108143,60957.02271108143,inside,5,6438562.042078445,6438872.983624192,310.9415457472205,0.091786914502158,0.09213770351838435,0.00035078901622634384,-0.0003112417051405331,3.9901392361977404e-05,0.0003511430975025105,7620.233354197664,7660.368332263939,40.134978066274925,-0.10192637121222481,-0.09668011861303408,0.005246252599190732,1.5721846151211492,1.5791688515615958,0.006984236440446656,254293.2533458091,1376812.6843182263,63573.31333645227,344203.1710795566
79.25,0.6108652381980153,35.0,6438717.525227264,60617.52522726357,0.09196231158327715,-0.00013566714955054574,7640.299852906135,-0.09930329241901245,1.5756767006317083,-5.689659547362877,90.27962482329538,0.0002801908607512996,0.00029314556482828427,8135.197322354388,8600.91928320729,60467.52522726357,60767.52522726357,inside,5,6438372.676080099,6438683.619325331,310.94324523210526,0.09208210405094847,0.09243289312185685,0.0003507890709083805,-0.00031268883704389387,3.845500377642379e-05,0.00035114384082031766,7622.233191284745,7662.370982272035,40.13779098728992,-0.10182834395078111,-0.09658193271521251,0.005246411235568599,1.5722290237711134,1.5792133233421226,0.0069842995710092115,257541.87658174254,1394328.9928123793,64385.469145435636,348582.2482030948
79.5,0.6108652381980153,35.0,6438528.160079238,60428.160079238005,0.09225750116029353,-0.0001371139098408585,7642.301075208963,-0.09920518688648113,1.5757211401229312,-5.684038514401949,90.28217101858615,0.00028693349165878705,0.00030017123511400987,8335.342423432461,8811.655345283953,60278.160079238005,60578.160079238005,inside,5,6438183.446982741,6438494.391955686,310.9449729444459,0.09237738242427707,0.09272817154773469,0.00035078912345762325,-0.0003141496285844067,3.6994968487179944e-05,0.00035114459707158663,7624.27556780287,7664.416228960206,40.14066115733658,-0.10172735339911035,-0.09648078034961902,0.005246573049491332,1.5722739313834129,1.5792582953651573,0.006984363981744401,260827.6386244355,1412044.7442112712,65206.90965610887,353011.1860528178
79.75,0.6108652381980153,35.0,6438338.931846333,60238.931846332736,0.09255277956080227,-0.0001385743233083362,7644.344865165797,-0.09910411649401393,1.5757660792026276,-5.678247607479848,90.28474583818796,0.0002938189518060141,0.000307345106932811,8539.941066371197,9027.061136736613,60088.931846332736,60388.931846332736,inside,5,6437994.359470912,6438305.306200394,310.94672948215157,0.09267275135027302,0.09302354052409016,0.00035078917381714536,-0.0003156242455416035,3.5521120984403974e-05,0.0003511453665260075,7626.361397688675,7666.50498721917,40.143589530494864,-0.10162333521970442,-0.09637659712695494,0.0052467380927494756,1.572319346157342,1.5793037758501398,0.006984429692797889,264150.9577038156,1429962.1761951654,66037.7394259539,357490.54404879134
80.0,0.6108652381980153,35.0,6438149.845213389,60049.845213389024,0.09284814851290453,-0.00014004855559782554,7646.432137184186,-0.09900001687847652,1.5758115260799586,-5.672283138860619,90.28734975245108,0.0003008496642972418,0.00031466968197308895,8749.079357346847,9247.226534094403,59899.845213389024,60199.845213389024,inside,5,6437805.418336891,6438116.366852344,310.9485154533759,0.09296821259403694,0.09331900181596556,0.0003507892219286185,-0.00031711285670807675,3.403329274987751e-05,0.00035114614945795425,7628.491610987185,7668.6381880567815,40.14657706959679,-0.1015162238991907,-0.09626931748160818,0.00524690641758252,1.5723652763985914,1.579349773123,0.006984496724408595,267512.2576638552,1448083.5563834705,66878.0644159638,362020.88909586763
80.25,0.6108652381980153,35.0,6437960.904972989,59860.90497298911,0.09314360978167226,-0.00014153677536489536,7648.563821784395,-0.0988928225006468,1.575857489070528,-5.666141353423445,90.2899832378245,0.00030802807185404817,0.0003221474818927847,8962.844661964238,9472.242719622118,59710.90497298911,60010.90497298911,inside,5,6437616.628482965,6437927.578814442,310.95033147744834,0.09326376795828617,0.09361455722601844,0.00035078926773227104,-0.0003186156339399663,3.253131220655957e-05,0.00035114694614652586,7630.667154009189,7670.816778755185,40.149624745995425,-0.10140595273440813,-0.09615887465774213,0.005247078076665995,1.5724117305181666,1.5793962956150658,0.0069845650968991535,270911.9680429254,1466411.1827605844,67727.99201073135,366602.7956901461
80.5,0.6108652381980153,35.0,6437772.116027732,59672.11602773238,0.09343916516979335,-0.00014303915432630312,7650.740865756674,-0.09878246663129721,1.5759039765952945,-5.659818427865217,90.29264677679363,0.00031535663600481715,0.0003297810474743837,9181.325607658147,9702.202183520389,59522.11602773238,59822.11602773238,inside,5,6437427.99492375,6437738.947101932,310.9521781820804,0.09355941928400587,0.09391020859517281,0.00035078931116694356,-0.00032013275220770405,3.1015004667881974e-05,0.000351147756875586,7632.888989484427,7673.04172302374,40.152733539312976,-0.10129245381863507,-0.0960452006955377,0.005247253123097373,1.5724587170311524,1.5794433518618172,0.006984634830664804,274350.52415351185,1484947.3840981051,68587.63103837796,371236.8460245263
80.75,0.6108652381980153,35.0,6437583.483392548,59483.483392547816,0.09373481651822288,-0.00014455586731071935,7652.964232314312,-0.09866888133742972,1.5759509971793322,-5.653310469911856,90.29534085780924,0.00032283783621723307,0.00033757293772103755,9404.612085195815,9937.198725182116,59333.483392547816,59633.483392547816,inside,5,6437239.522788543,6437550.476844749,310.9540562061593,0.09385516845110596,0.09420595780327591,0.0003507893521699501,-0.0003216643896469839,2.948419228681702e-05,0.0003511485819338009,7635.1580967102045,7675.314001147374,40.15590443716974,-0.1011756580279884,-0.09592822641760741,0.005247431610380993,1.5725062445553204,1.579490950501482,0.006984705946161629,277828.367161323,1503694.5203736671,69457.09179033076,375923.6300934168
81.0,0.6108652381980153,35.0,6437395.012197053,59295.01219705306,0.09403056570683992,-0.00014608709230967904,7655.234901242124,-0.09855199746868218,1.5759985594504324,-5.646613517539461,90.29806597520734,0.00033047416897118305,0.00034552572889109885,9632.79524921303,10177.327453433953,59145.01219705306,59445.01219705306,inside,5,6437051.217323728,6437362.173289928,310.9559661997482,0.09415101737908349,0.09450180676976058,0.00035078939067709203,-0.0003232107276099252,2.7938694004749552e-05,0.00035114942161467474,7637.475471695074,7677.634610129967,40.159138434893066,-0.10105549500801386,-0.09580788141560194,0.005247613592411923,1.572554321809571,1.5795391002734653,0.006984778463894337,281345.9441634552,1522654.9831845416,70336.4860408638,380663.7457961354
81.25,0.6108652381980153,35.0,6437206.707687956,59106.70768795628,0.0943264146551099,-0.00014763301052872745,7657.553869039987,-0.09843174464392664,1.5760466721375386,-5.639723538206442,90.30082262911955,0.00033826814676994415,0.00035364201346888506,9865.967517729154,10422.68478570577,58956.70768795628,59256.70768795628,inside,5,6436863.083895218,6437174.041804038,310.9579088203609,0.0944469680276903,0.0947977574543129,0.0003507894266226025,-0.000324771950716396,2.6378325500188754e-05,0.0003511502762165847,7639.842127297177,7680.004563832378,40.16243653520087,-0.10093189316048869,-0.09568409403702993,0.0052477991234587545,1.572602957612199,1.5795878100166025,0.0069848524044036076,284903.708265502,1541831.1961553865,71225.9270663755,385457.7990388466
81.5,0.6108652381980153,35.0,6437018.575231501,58918.5752315009,0.09462236532275227,-0.0001491938064387257,7659.922149061027,-0.0983080512380805,1.5760953440690066,-5.63263642809786,90.30361132537342,0.00034622229708728943,0.000361924399069248,10104.22257057807,10673.368446062716,58768.5752315009,59068.5752315009,inside,5,6436675.127990949,6436986.0878756875,310.9598847385496,0.0947430223976057,0.09509381185754481,0.0003507894599391187,-0.00032634824690545616,2.4802899137356164e-05,0.00035115114604281235,7642.259093356838,7682.424893104706,40.16579974786782,-0.10080477963045865,-0.09555679137231357,0.005247988258145084,1.57265216087898,1.579637088667232,0.006984927788251882,288502.1186573968,1561225.6153390552,72125.5296643492,390306.4038347638
81.75,0.6108652381980153,35.0,6436830.620315959,58730.620315958746,0.09491841971041319,-0.00015076966782727878,7662.340771644045,-0.09818084436915263,1.5761445841706836,-5.6253480113832195,90.30643257538232,0.00035433916124791645,0.00037037550727326657,10347.655346684087,10929.47746202567,58580.620315958746,58880.620315958746,inside,5,6436487.3552234145,6436798.31711805,310.9618946351111,0.09503918253111394,0.09538997202167157,0.0003507894905576264,-0.0003279398074868844,2.3212223914689576e-05,0.00035115203140157397,7644.727416822971,7684.8966459123385,40.169229089367946,-0.10067408029353266,-0.09542589924210278,0.005248181051429879,1.5727019406210647,1.5796869452570739,0.006985004636009151,292141.6406876947,1580840.7296088452,73035.41017192368,395210.1824022113
82.0,0.6108652381980153,35.0,6436642.848554164,58542.84855416417,0.09521457986034294,-0.00015236078585024665,7664.810784239752,-0.09805004988554761,1.5761944014637959,-5.617854039489059,90.3092868960244,0.0003626212932390431,0.000378997972392851,10596.362040123264,11191.112160118,58392.84855416417,58692.84855416417,inside,5,6436299.771332251,6436610.735271449,310.9639391982928,0.09533545051278623,0.09568624003119368,0.0003507895184074461,-0.00032954682719274383,2.1606105413304238e-05,0.0003511529326060481,7647.248161872864,7687.420887455342,40.17272558247805,-0.10053971974345881,-0.09529134218487223,0.005248377558586578,1.5727523059426762,1.5797373889109145,0.006985082968238299,295822.745936189,1600679.0610416436,73955.68648404726,400169.7652604109
82.25,0.6108652381980153,35.0,6436455.265686097,58355.26568609662,0.09551084785707788,-0.000153967355083297,7667.333251530356,-0.09791559235365214,1.5762448050626383,-5.610150190387703,90.31217480951035,0.0003710712584503606,0.0003877944401613586,10850.440094889937,11458.374160054887,58205.26568609662,58505.26568609662,inside,5,6436112.38218686,6436423.34820599,310.9660191303119,0.0956318284701668,0.09598261801358295,0.00035078954341614954,-0.00033116950422894476,1.9984345745455896e-05,0.00035115384997440064,7649.822410024852,7689.998700280735,40.17629025588303,-0.10040162128000757,-0.09515304344482671,0.005248577835180859,1.5728032660385995,1.579788428844078,0.006985162805478451,299545.91228449286,1620743.1652899724,74886.47807112322,405185.7913224931
82.5,0.6108652381980153,35.0,6436267.877581512,58167.877581511624,0.09580722582812658,-0.0001555895735734548,7669.909255542036,-0.09777739504572915,1.5762958041720565,-5.602232067903645,90.31509684323893,0.000379691632339763,0.00039676756634757985,11109.988198293204,11731.366367497094,58017.877581511624,58317.877581511624,inside,5,6435925.193789091,6436236.161924234,310.9681351426989,0.09592831857446299,0.09627910813997256,0.00035078956550957385,-0.000332808040326755,1.834674350305231e-05,0.0003511547838298073,7652.45126024339,7692.631184387118,40.179924143728385,-0.10025970689718819,-0.09501092496014114,0.005248781937047045,1.572854830191456,1.5798400743596848,0.006985244168228766,303311.62398432114,1641035.6319415285,75827.90599608028,410258.90798538213
82.75,0.6108652381980153,35.0,6436080.690242614,57980.690242613666,0.09610371594465986,-0.00015722764289060215,7672.5398957498055,-0.09763537992814572,1.5763474080847124,-5.59409520103906,90.31805352964048,0.00038848499902254544,0.00040592001529069595,11375.106272914287,12010.192965296452,57830.690242613666,58130.690242613666,inside,5,6435738.212275963,6436049.182563919,310.9702879553661,0.09622492304123885,0.09657571262585055,0.0003507895846116965,-0.0003344626407942106,1.669309370626301e-05,0.0003511557345004736,7655.135829036042,7695.319457321201,40.1836282851591,-0.10011389727182583,-0.09486490735156275,0.0052489899202630835,1.572907007768752,1.5798923348456824,0.006985327076930448,307120.371723319,1661559.084865351,76780.09293082975,415389.77121633774
83.0,0.6108652381980153,35.0,6435893.709806782,57793.70980678219,0.09640032042220431,-0.00015888176817887848,7675.22628917426,-0.09748946764996275,1.5763996261781255,-5.585735043320037,90.32104540600727,0.00039745394978088375,0.0004152544583529635,11645.89546702786,12294.959403133087,57643.70980678219,57943.70980678219,inside,5,6435551.443922433,6435862.416400734,310.97247830126435,0.09652164413111185,0.09687243373175651,0.00035078960064466314,-0.00033613351456737164,1.5023187752279474e-05,0.0003511567023196511,7657.877250541808,7698.06465426563,40.18740372382217,-0.0999641117525286,-0.09471490991140455,0.005249201841124054,1.5729598082196938,1.5799452197716433,0.0069854115519494275,310972.6526879297,1682316.1825419564,77743.16317198242,420579.0456354891
83.25,0.6108652381980153,35.0,6435706.942549341,57606.94254934136,0.09669704152133904,-0.0001605521582079288,7677.9695704696705,-0.09733957753191488,1.5764524679114775,-5.577146972165177,90.3240730143105,0.00040660108149130777,0.00042477357228773606,11922.458143414664,12585.772385467513,57456.94254934136,57756.94254934136,inside,5,6435364.8951442195,6435675.869851142,310.9747069226578,0.09681848415045241,0.09716927376398114,0.00035078961352873195,-0.0003378208742613701,1.3336813364281628e-05,0.0003511576876256517,7660.676676610268,7700.8679281176155,40.19125150734726,-0.09981026834907421,-0.09456085059295996,0.005249417756114247,1.5730132410717597,1.579998738685315,0.006985497613555269,314868.97062316106,1703309.618376618,78717.24265579027,425827.4045941545
83.5,0.6108652381980153,35.0,6435520.394886383,57420.394886382855,0.09699388154839515,-0.00016223902542394404,7680.7708920028645,-0.09718562755581096,1.5765059428221753,-5.568326288278283,90.32713690100333,0.0004159289949669475,0.00043448003751954764,12204.89786646291,12882.739857701914,57270.394886382855,57570.394886382855,inside,5,6435178.572500674,6435489.549475245,310.9769745711237,0.09711544545208584,0.09746623507526801,0.00035078962318217666,-0.0003395249362211885,1.1633754540668751e-05,0.00035115869076185723,7663.535276870954,7703.730449557743,40.19517268678919,-0.09965228372224756,-0.09440264600037011,0.005249637721877448,1.5730673159270159,1.5800529012089184,0.006985585281902518,318809.8358887341,1724542.1209930785,79702.45897218352,431135.5302482696
83.75,0.6108652381980153,35.0,6435334.073377632,57234.073377631605,0.09729084285615772,-0.00016394258600043542,7683.631423922323,-0.09702753435438632,1.5765600605221568,-5.559268215066939,90.33023761680921,0.0004254402932122432,0.0004443765363338395,12493.31938748022,13185.97099046775,57084.073377631605,57384.073377631605,inside,5,6434992.482697693,6435303.461979704,310.979282011278,0.09741253043599622,0.09776332006551751,0.00035078962952128645,-0.00034124592057210976,9.913791504616826e-06,0.0003511597120767266,7666.45423879234,7706.653407108379,40.199168316038595,-0.0994900731741623,-0.09424021137897647,0.005249861795185828,1.5731220424581704,1.5801077170351798,0.006985674577009382,322795.7655114537,1746016.4545067658,80698.94137786342,436504.11362669145
84.0,0.6108652381980153,35.0,6435147.984729369,57047.98472936917,0.09758792784456953,-0.00016566305988868055,7686.552354216888,-0.09686521320163961,1.5766148306939358,-5.5499678980888545,90.33337571649537,0.0004351375795864912,0.0004544657509726493,12787.828628096344,13495.576161916391,56897.98472936917,57197.98472936917,inside,5,6434806.632590694,6435117.61422071,310.98163001518697,0.09770974155003176,0.09806053118249204,0.0003507896324602827,-0.00034298405126977175,8.176700654027e-06,0.00035116075192379877,7669.434767729849,7709.638007181051,40.203239451201625,-0.09932355063909996,-0.09407346060619302,0.00525009003290694,1.573177430404354,1.580163195923089,0.0069857655187350876,326827.2832331255,1767735.4187739673,81706.82080828138,441933.8546934918
84.25,0.6108652381980153,35.0,6434962.1357974,56862.13579740003,0.0978851389614365,-0.00016740067086777654,7689.534888763447,-0.09669857800368825,1.57667026308637,-5.540420404527914,90.33655175863015,0.00044502345587407017,0.0004647503616340067,13088.532661677064,13811.666937928752,56712.13579740003,57012.13579740003,inside,5,6434621.029187635,6434932.013207001,310.984019366093,0.09800708129061109,0.0983578709225224,0.00035078963191131907,-0.0003447395561497575,6.42225451193407e-06,0.00035116181066169154,7672.478086962187,7712.685474112128,40.20738714994059,-0.09915262867490261,-0.09390230618293353,0.005250322491969078,1.573233489566614,1.5802193476933706,0.006985858126756561,330904.9195539024,1789701.8496162668,82726.2298884756,447425.4624040667
84.5,0.6108652381980153,35.0,6434776.533590072,56676.533590071835,0.09818247870313399,-0.00016915564659423114,7692.5802513629615,-0.09652754129017808,1.5767263675101453,-5.530620722701993,90.33976630532449,0.00045510052025782267,0.00047523304437143056,13395.539692626422,14134.356050116383,56526.533590071835,56826.533590071835,inside,5,6434435.679652077,6434746.666102936,310.9864508584142,0.09830455220343025,0.09865534183121459,0.00035078962778434253,-0.0003465126669766504,4.650221677446798e-06,0.00035116288865409716,7675.5854377153655,7715.79705018615,40.21161247078453,-0.09897721845495545,-0.09372665922563068,0.005250559229324769,1.5732902298031153,1.5802761822236608,0.00698595242054556,335029.2117704086,1811918.6190167814,83757.30294260215,452979.65475419536
84.75,0.6108652381980153,35.0,6434591.185271347,56491.18527134694,0.09847994961531359,-0.00017092821865101997,7695.689683764134,-0.09635201420628414,1.5767831538329633,-5.520563761604632,90.34301992195603,0.000465371365192729,0.0004859164688905814,13708.959033470206,14463.757371502557,56341.18527134694,56641.18527134694,inside,5,6434250.5913063185,6434561.580231613,310.9889252940193,0.09860215688416935,0.0989529465041565,0.0003507896199871491,-0.000348303619492476,2.8603667772961556e-06,0.00035116398626977216,7678.758079173693,7718.9739956460835,40.215916472390745,-0.0987972297607984,-0.09354642945888604,0.005250800301912356,1.573347661024033,1.5803337094433758,0.006986048419342916,339200.70400823426,1834388.6352860043,84800.17600205856,458597.15882150107
85.0,0.6108652381980153,35.0,6434406.098163922,56306.09816392232,0.09877755429360997,-0.00017271862259603363,7698.864445674042,-0.09617190650534102,1.5768406319744237,-5.510244350482787,90.34631317687597,0.0004758385751769995,0.0004968032962401184,14028.901079609754,14799.985889767844,56156.09816392232,56456.09816392232,inside,5,6434065.771634556,6434376.763078045,310.9914434887469,0.09889989797919883,0.09925068758762406,0.000350789608425231,-0.0003501126534644525,1.052450418070905e-06,0.0003511651038825234,7681.997288476996,7722.217588689777,40.220300212780785,-0.09861257097540616,-0.09336152520879047,0.0052510457666156835,1.57340579318613,1.5803919393282622,0.00698614614213211,343419.94724836806,1857114.8431949413,85854.98681209201,464278.7107987353
85.25,0.6108652381980153,35.0,6434221.279752404,56121.27975240443,0.09907529538434696,-0.0001745270980098353,7702.105814754984,-0.09598712654214289,1.5768988119005878,-5.499657238452952,90.34964664109755,0.0004865047244171421,0.0005078961763932172,14355.477281614387,15143.157677922885,55971.27975240443,56271.27975240443,inside,5,6433881.228286119,6434192.222292385,310.9940062658861,0.09919777818628439,0.09954856777928617,0.0003507895930017768,-0.0003519400127319658,-7.737708607758556e-07,0.00035116624187118994,7685.304360703344,7725.529125451866,40.22476474852192,-0.09842314907717864,-0.0931718533969569,0.005251295680221743,1.5734646362870055,1.5804508818946175,0.006986245607611963,347687.4993469132,1880100.2240720182,86921.8748367283,470025.05601800454
85.5,0.6108652381980153,35.0,6434036.737686535,55936.73768653534,0.09937317558524249,-0.00017635388854264468,7705.415086606789,-0.09579758126695487,1.576957703618212,-5.4887970941580315,90.3530208879657,0.0004973723743841331,0.0005191977457168063,14688.80011493326,15493.38986228461,55786.73768653534,56086.73768653534,inside,5,6433696.969078745,6434007.965693202,310.9966144571081,0.09949580025529003,0.09984658982890761,0.00035078957361757424,-0.0003537859452526787,-2.618544633060722e-06,0.000351167400619618,7688.680608836448,7728.909919970327,40.22931113387858,-0.09822886963468505,-0.09297731953530887,0.0052515500993761816,1.573524200359,1.5805105471931684,0.006986346834168433,352003.92504761653,1903347.7958612607,88000.98126190413,475836.9489653152
85.75,0.6108652381980153,35.0,6433852.479784467,55752.47978446726,0.09967119764611164,-0.00017819924196046014,7708.7935747338115,-0.09560317622027893,1.5770173171686428,-5.477658505467457,90.35643649280718,0.0005084440712577272,0.0005307106243254604,15028.983046900403,15850.800587623866,55602.47978446726,55902.47978446726,inside,5,6433513.002001904,6433824.001270809,310.99926890525967,0.09979396698887867,0.10014475653904968,0.0003507895501710101,-0.0003556507031476857,-4.482122631053232e-06,0.00035116858051663244,7692.127363716962,7732.361304136873,40.23394041991105,-0.09802963680220622,-0.09277782772166947,0.005251809080536754,1.5735844954627534,1.5805709453025987,0.00698644983984531,356369.7959866873,1926860.613138887,89092.44899667182,481715.1532847218
86.0,0.6108652381980153,35.0,6433668.514036096,55568.5140360957,0.09996936436956715,-0.0001800634101902275,7712.2426104957785,-0.0954038155284194,1.5770776626213567,-5.4662359792230975,90.35989403256049,0.0005197223432551435,0.0005424374133161145,15376.14050087813,16215.508979324384,55418.5140360957,55718.5140360957,inside,5,6433329.335220189,6433640.337190653,311.0019704643637,0.10009228124320935,0.10044307076576729,0.0003507895225579455,-0.0003575345427456129,-6.364760789611443e-06,0.00035116978195600144,7695.645973976816,7735.884627630348,40.23865365353231,-0.09782535331612238,-0.09257328063619787,0.005252072679924516,1.573645531680395,1.580632086322708,0.006986554642312903,360785.69068906334,1950641.7670838872,90196.42267226583,487660.4417709718
86.25,0.6108652381980153,35.0,6433484.848606438,55384.848606438376,0.10026767861171669,-0.00018194664936395814,7715.763543041663,-0.09519940189989458,1.5771387500671372,-5.4545239410336706,90.36339408538494,0.000531209697841784,0.0005543806918811633,15730.38781742082,16587.635102429267,55234.848606438376,55534.848606438376,inside,5,6433145.977076746,6433456.981796741,311.0047199949622,0.1003907459286306,0.10074153541930234,0.0003507894906717296,-0.00035943772462556414,-8.266719289168487e-06,0.00035117100533639566,7699.237805955727,7739.4812578322435,40.2434518765167,-0.09761592049219413,-0.09236357953872147,0.005252340953472656,1.5737073191083604,1.5806939803671967,0.006986661258836291,365252.1945557648,1974694.3854005665,91313.0486389412,493673.5963501416
86.5,0.6108652381980153,35.0,6433301.491839073,55201.49183907267,0.10056614328285618,-0.0001838492198616952,7719.357739225693,-0.09498983662274321,1.5772005896108747,-5.442516735120408,90.36693723024811,0.0005429086188199925,0.0005665430142958581,16091.841212287041,16967.299917396453,55051.49183907267,55351.49183907267,inside,5,6432962.936096763,6433273.94361513,311.0075183669105,0.10068936401036908,0.1010401534647721,0.00035078945440301934,-0.000361360513658806,-1.0188262597464496e-05,0.0003511722510613415,7702.904243598945,7743.152579723407,40.248336124462185,-0.09740123822378752,-0.09214862426701449,0.005252613956773025,1.5737698678498173,1.58075663755606,0.006986769706242679,369769.89984135097,1999021.6321878335,92442.47496033774,499755.4080469584
86.75,0.6108652381980153,35.0,6433118.452259623,55018.452259623446,0.10086476134815828,-0.00018577138635322222,7723.026583504605,-0.09477501956277576,1.5772631913639774,-5.4302086242168635,90.37052404649101,0.0005548215632931948,0.0005789269067772888,16460.6177311614,17354.625232419432,54868.452259623446,55168.452259623446,inside,5,6432780.220991012,6433091.231357472,311.01036646030843,0.10098813850921244,0.1013389279228523,0.0003507894136398626,-0.0003633031790490803,-1.2129659509912977e-05,0.0003511735195391673,7706.646688335358,7746.899995761057,40.25330742569895,-0.0971812049810949,-0.09192831323607462,0.005252891745020291,1.5738331880066938,1.5808200680075792,0.0069868800008854315,374339.4056209369,2023626.7077523293,93584.85140523422,505906.6769380823
87.0,0.6108652381980153,35.0,6432935.738579302,54835.738579302095,0.10116353582835538,-0.0001877134178384027,7726.771477815194,-0.09455484916282296,1.5773265654363813,-5.417593789525861,90.37415511337032,0.0005669509585022286,0.0005915348642116387,16836.83520092578,17749.733652145365,54685.738579302095,54985.738579302095,inside,5,6432597.84065944,6432908.853924604,311.013265164569,0.10128707250218599,0.10163786187045348,0.0003507893682674901,-0.00036526599437142914,-1.4091183188485795e-05,0.00035117481118294335,7710.466558934932,7750.724925735082,40.258366800149815,-0.09695571781140576,-0.09170254343845237,0.00525317437295339,1.573897289671291,1.5808842818299012,0.006986992158610095,378961.31774598605,2048512.8483611366,94740.32943649651,512128.21209028416
87.25,0.6108652381980153,35.0,6432753.359698501,54653.359698501416,0.10146246980041614,-0.00018967558768603513,7730.593841431198,-0.09432922244303546,1.5773907219281464,-5.4046663307366565,90.37783100957682,0.0005792991985303649,0.0006043693467461589,17220.612177303963,18152.74852260859,54503.359698501416,54803.359698501416,inside,5,6432415.804194817,6432726.820410191,311.01621537376195,0.10158616912322187,0.10193695844139025,0.00035078931816838466,-0.0003672492376094101,-1.6073111198995683e-05,0.00035117612641041444,7714.3652913445185,7754.628806602649,40.26351525813061,-0.0967246723404833,-0.09147121044568873,0.005253461894794573,1.5739621829174726,1.5809492891121883,0.006987106194715764,383636.24878795235,2073683.3259291877,95909.06219698809,518420.8314822969
87.5,0.6108652381980153,35.0,6432571.324710441,54471.32471044082,0.10176156639821463,-0.00019165817367110195,7734.49511079851,-0.09409803500229062,1.5774556709206267,-5.391420266105547,90.38155231272957,0.0005918686408742606,0.0006174327762430183,17612.067888718604,18563.793872211783,54321.32471044082,54621.32471044082,inside,5,6432234.120886437,6432545.140104432,311.0192179949954,0.10188543156382003,0.10223622082704215,0.0003507892632221149,-0.00036925319119057487,-1.8075725546649862e-05,0.000351177465643925,7718.344338500979,7758.613092300084,40.26875379910507,-0.09648796277510506,-0.09123420841091937,0.005253754364185695,1.5740278777914125,1.5810150999153305,0.006987222123918002,388364.8179690491,2099141.4476374397,97091.20449226227,524785.3619093599
87.75,0.6108652381980153,35.0,6432389.642904866,54289.642904865555,0.10206082881319137,-0.00019366145801028584,7738.476739347692,-0.09386118102076445,1.577521422467201,-5.377849532603227,90.38531959884473,0.000604661602877496,0.0006307275325915747,18011.322176174934,18982.99434856107,54139.642904865555,54439.642904865555,inside,5,6432052.800223862,6432363.822497801,311.0222739391029,0.10218486307370006,0.10253565227700533,0.00035078920330526564,-0.00037127814202008,-2.009931270974287e-05,0.00035117882931033715,7722.405170120574,7762.679253530946,40.27408341037153,-0.09624548190682707,-0.0909914300727053,0.005254051834121767,1.5740943843018964,1.5810817242622044,0.006987339960307981,393147.65107915713,2124890.555476542,98286.91276978928,531222.6388691355
88.0,0.6108652381980153,35.0,6432208.323771797,54108.32377179712,0.10236026029500496,-0.0001956857273956215,7742.540197282716,-0.0936185532637287,1.5775879865835527,-5.363947986132353,90.38913344177871,0.0006176803580237545,0.0006442559498760989,18418.495428989834,19410.475150967988,53958.32377179712,54258.32377179712,inside,5,6431871.851900732,6432182.87728486,311.0253841280937,0.10248446696144248,0.10283525609973394,0.00035078913829146574,-0.0003733243815122904,-2.2144163671350924e-05,0.0003511802178409395,7726.549272463515,7766.828777529212,40.27950506569687,-0.09599712111703397,-0.09074276676015225,0.005254354356881721,1.5741617124101555,1.5811491721274675,0.006987459717312072,397985.3803779758,2150934.0257112305,99496.34509449395,537733.5064278076
88.25,0.6108652381980153,35.0,6432027.377005335,53927.37700533494,0.10265986415217349,-0.0001977312730261447,7746.68697134483,-0.09337004308663512,1.577655373237485,-5.349709401818842,90.39299441264454,0.0006309271320866849,0.000658020312395866,18833.70851617638,19846.361958419373,53777.37700533494,54077.37700533494,inside,5,6431691.285818615,6432002.314368104,311.02854948863387,0.10278424659511894,0.10313503566317014,0.0003507890680512077,-0.00037539220562023275,-2.4210573948884083e-05,0.0003511816316713487,7730.7781480725225,7771.063167796413,40.2850197238904,-0.09574277038333895,-0.09048810839938272,0.00525466198395623,1.5742298720192267,1.5812174534268753,0.0069875814076485465,402878.64448143484,2177275.268260128,100719.66112035871,544318.817065032
88.5,0.6108652381980153,35.0,6431846.812507512,53746.81250751205,0.10295964375270464,-0.00019979839063739515,7750.918564550432,-0.09311554044155101,1.577723592338259,-5.335127474380607,90.39690307920107,0.0006444040991331908,0.0006720228505343191,19257.082713276588,20290.780852801083,53596.81250751205,53896.81250751205,inside,5,6431511.1120909145,6431822.143861869,311.0317709548399,0.10308420540290986,0.10343499439536168,0.0003507889924518198,-0.0003774819148627489,-2.6298843621347335e-05,0.0003511830712414016,7735.093315484264,7775.383943811571,40.29062832730688,-0.09548231828739988,-0.09022734352142728,0.0052549747659726,1.5742988729628222,1.5812865780061067,0.006987705043284498,407828.0882312301,2203917.725984939,101957.02205780752,550979.4314962347
88.75,0.6108652381980153,35.0,6431666.640392199,53566.64039219916,0.10325960252471325,-0.0002018873805286238,7755.2364959017505,-0.0928549338850126,1.5777926537254434,-5.320195818577519,90.40086000521406,0.0006581133773776961,0.0006862657364747744,19688.739624450165,20743.858237175045,53416.64039219916,53716.64039219916,inside,5,6431331.341046824,6431642.376096291,311.03504946641624,0.10338434687370836,0.10373513578506577,0.00035078891135741086,-0.00037959381434919236,-2.8409277354154304e-05,0.00035118453699503805,7739.496308912428,7779.792640712726,40.2963318002985,-0.09521565202422011,-0.08996035927160355,0.005255292752616561,1.5743687249936997,1.5813565556290887,0.006987830635388992,412834.3625465265,2230864.8738838546,103208.59063663162,557716.2184709636
89.0,0.6108652381980153,35.0,6431486.870989062,53386.87098906189,0.10355974395702532,-0.00020399854758754816,7759.642300069161,-0.09258811058736428,1.5778625671572595,-5.304907969746507,90.40486574978839,0.0006720570248841708,0.0007007510797593658,20128.801099594843,21205.720748876367,53236.87098906189,53536.87098906189,inside,5,6431151.983235332,6431463.0216213055,311.03838597331196,0.10368467455770948,0.10403546338233821,0.00035078882462873107,-0.0003817282138015071,-3.0542184421332e-05,0.0003511860293801751,7743.988677901219,7784.290808948805,40.302131047586045,-0.09494265741300438,-0.0896870414204534,0.005255615992550977,1.5744394377715156,1.5814273959658038,0.006987958194288213,417898.12425654585,2258120.2181823263,104474.53106413646,564530.0545455816
89.25,0.6108652381980153,35.0,6431307.514847563,53207.51484756265,0.103860071599767,-0.00020613220131249392,7764.137527043883,-0.09231495634365486,1.5779333422984148,-5.289257384425869,90.40892086667102,0.0006862370351138136,0.0007154809226891205,20577.38914629731,21676.495167222885,53057.51484756265,53357.51484756265,inside,5,6430973.049429279,6431284.091210703,311.04178142454475,0.10398519206698302,0.10433598079910623,0.00035078873212321393,-0.0003838854275735183,-3.269787872494809e-05,0.0003511875488485702,7748.571986948005,7788.880013900578,40.30802695257262,-0.09466321890964287,-0.08940727437631159,0.00525594453333128,1.5745110208501565,1.581499108579571,0.006988087729414616,423020.03591302276,2285687.2953158002,105755.00897825569,571421.8238289501
89.5,0.6108652381980153,35.0,6431128.582741018,53028.582741018385,0.10416058906493764,-0.00020828865583175424,7768.723741759784,-0.09203535558616327,1.5780049887074077,-5.27323744107294,90.41302590352359,0.0007006553323149127,0.0007304572355615553,21034.62583636223,22156.308315573457,52878.582741018385,53178.582741018385,inside,5,6430794.550629454,6431105.595866235,311.0452367812395,0.10428590307602921,0.10463669170972396,0.0003507886336947541,-0.00038606577466726057,-3.487667881158591e-05,0.00035118909585567465,7753.247815093802,7793.561835469382,40.314020375579275,-0.09437721962089833,-0.08912094119958065,0.005256278421317678,1.5745834836645278,1.5815717029137868,0.0069882192492589645,428200.7655809899,2313569.670796129,107050.19139524747,578392.4176990322
89.75,0.6108652381980153,35.0,6430950.085670699,52850.085670699365,0.10446130002696523,-0.0002104682299199914,7773.4025236829975,-0.09174919139862917,1.5780775158232938,-5.2568414408794455,90.41718140116413,0.0007153137667535127,0.0007456819117444103,21500.633206719227,22645.286957527613,52700.085670699365,53000.085670699365,inside,5,6430616.498068751,6430927.5468217535,311.0487530026585,0.10458681132231532,0.10493759985150904,0.0003507885291937213,-0.00038826957874616124,-3.7078907885685e-05,0.00035119067086047625,7758.0177554802485,7798.337867632264,40.3201121520151,-0.09408454132037375,-0.08882792361878977,0.0052566177015839766,1.5746568355167956,1.581645188278114,0.006988352761318373,433440.9866069094,2341770.9379564053,108360.24665172736,585442.7344891013
90.0,0.6108652381980153,35.0,6430772.03486998,52672.03486998007,0.10476220822324302,-0.00021267124701149874,7778.175466367998,-0.09145634553226557,1.5781509329519017,-5.24006260868896,90.42138789277732,0.0007302141097815944,0.000761156762582199,21975.533154438905,23143.557686988664,52522.03486998007,52822.03486998007,inside,5,6430438.9032163555,6430749.955547415,311.0523310592398,0.10488792060679197,0.10523870902525886,0.0003507884184668908,-0.00039049716814489006,-3.930489381955902e-05,0.00035119227432533107,7762.883414871723,7803.209717962191,40.32630309046726,-0.09378506446634005,-0.08852810204851715,0.005256962417822905,1.5747310855620658,1.5817195738341085,0.006988488272042792,438741.3773624699,2370294.7165653096,109685.34434061748,592573.6791413274
90.25,0.6108652381980153,35.0,6430594.441808533,52494.44180853292,0.10506331745464588,-0.0002148980352101345,7783.0441769787685,-0.09115669842363346,1.5782252492514859,-5.222894094021042,90.42564590309253,0.0007453580487413336,0.0007768835121340249,22459.44732563285,23651.24681185405,52344.44180853292,52644.44180853292,inside,5,6430261.777781993,6430572.833753912,311.0559719186276,0.10518923479438792,0.10554002309574519,0.00035078830135726324,-0.0003927488758756781,-4.155496915989509e-05,0.000351193906715783,7767.846413141172,7808.179007111894,40.33259397072197,-0.09347866822150598,-0.08822135560925792,0.005257312612248058,1.5748062427934906,1.5817948685802719,0.006988625786781277,444102.62096282444,2399144.6513042715,111025.65524070611,599786.1628260679
90.5,0.6108652381980153,35.0,6430417.318196566,52317.318196565844,0.10536463158602488,-0.0002171489272957312,7788.010275773654,-0.09085012921446001,1.5783004737178066,-5.20532897220674,90.42995594752882,0.0007607471817032604,0.0007928637917405393,22952.496997978345,24168.48023106645,52167.318196565844,52467.318196565844,inside,5,6430085.1337202005,6430396.1933967555,311.05967655498534,0.10549075781448115,0.10584154599218527,0.00035078817770411996,-0.000395025039630904,-4.382947113053198e-05,0.000351195568500372,7772.908382718214,7813.247368259914,40.33898554169991,-0.09316523047481408,-0.08790756214932195,0.005257668325492126,1.5748823160267904,1.5818710813365167,0.0069887653097262525,449525.4049577032,2428324.4100992302,112381.3512394258,607081.1025248076
90.75,0.6108652381980153,35.0,6430240.675989105,52140.675989105366,0.10566615454667849,-0.0002194242607267778,7793.075395552451,-0.09053651577348497,1.5783766151686254,-5.187360245640295,90.43431853130674,0.0007763830120362869,0.0008090991344179034,23454.802956599884,24695.383304745872,51990.675989105366,52290.675989105366,inside,5,6429908.983234655,6430220.046680599,311.06344594433904,0.10579249366134529,0.10614328170868813,0.00035078804734284263,-0.00039732600178173663,-4.612874163130697e-05,0.00035119726015042966,7778.070967998065,7818.4164465173835,40.34547851931893,-0.09284462786534951,-0.08758659826884804,0.005258029596501471,1.5749593138841846,1.5819482207280398,0.006988906843855114,455010.4209937498,2457837.682298046,113752.60524843745,614459.4205745115
91.0,0.6108652381980153,35.0,6430064.527390318,51964.52739031799,0.10596789033079888,-0.00022172437763916445,7798.241181064264,-0.09021573472042153,1.5784536822276056,-5.168980845151998,90.4387341485258,0.0007922669428085861,0.0008255909690777704,23966.485363057247,25232.08071714409,51814.52739031799,52114.52739031799,inside,5,6429733.338782535,6430044.4060635995,311.0672810645774,0.10609444639456925,0.1064452343046741,0.00035078791010485777,-0.0003996521093726158,-4.845312723275418e-05,0.0003511989821398616,7783.3358247097485,7823.6878982940225,40.35207358427397,-0.09251673580845046,-0.08725833934602337,0.005258396462427095,1.575037244777715,1.582026295168587,0.006989050390872054,460558.3644466049,2487688.176685742,115139.59111165123,621922.0441714355
91.25,0.6108652381980153,35.0,6429888.8848578725,51788.8848578725,0.10626984299789156,-0.00022404962484077223,7803.509288374638,-0.08988766145212067,1.5785316833076088,-5.150183631507295,90.44320328120745,0.0008084002710176288,0.0008423406145715213,24487.663617155795,25778.69633212516,51638.8848578725,51938.8848578725,inside,5,6429558.213078922,6429869.284261815,311.07118289358914,0.10639662013944863,0.10674740790526618,0.00035078776581755344,-0.0004020037141113465,-5.0802979166429476e-05,0.000351200734944917,7788.704619242102,7829.063390621833,40.35877137973057,-0.09218142852411108,-0.08692265956559944,0.005258768958511642,1.575116116891959,1.5821053128431066,0.006989195951147664,466169.93402091763,2517879.619327775,116542.48350522941,629469.9048319438
91.5,0.6108652381980153,35.0,6429713.761107337,51613.76110733673,0.10657201667316665,-0.00022640035380168272,7808.8813841904075,-0.08955217017102994,1.5786106265933773,-5.1309613970373595,90.44772639830288,0.0008247841816487272,0.0008593492735581857,25018.456211312052,26335.35304089743,51463.76110733673,51763.76110733673,inside,5,6429383.6191012245,6429694.694253636,311.0751524111256,0.10669901908734676,0.10704980670165097,0.0003507876143042099,-0.0004043811723545737,-5.31786533106296e-05,0.0003512025190439441,7794.179027925971,7834.54460043491,40.365572508938385,-0.09183857906777045,-0.08657943194979775,0.005259147117972693,1.5751959381661202,1.5821852816897763,0.0069893435236561,471845.83131662314,2548415.7512325738,117961.45782915578,637103.9378081434
91.75,0.6108652381980153,35.0,6429539.169116614,51439.16911661439,0.10687441554790003,-0.00022877692063977506,7814.359145140726,-0.08920913391604014,1.5786905200235948,-5.11130686740647,90.45230395466515,0.000841419741560709,0.0008766180261945841,25558.980577171205,26902.172601680297,51289.16911661439,51589.16911661439,inside,"4,5",6429209.570093659,6429520.649284255,311.0791905960068,0.10700164749602394,0.10735243495140782,0.00035078745538388856,-0.0004067848450883976,-5.5580510171266045e-05,0.00035120433491713155,7799.760736271042,7840.133213803798,40.37247753275551,-0.09148805936358302,-0.08622852839170096,0.005259530971882059,1.5752767162754908,1.5822662093814035,0.006989493105912681,477586.76035946433,2579300.3258224223,119396.69008986608,644825.0814556056
92.0,0.6108652381980153,35.0,6429365.12213041,51265.122130409814,0.10717704387976237,-0.00023117968610147043,7819.944257012667,-0.08885842459581549,1.5787713712723168,-5.091212703521696,90.4569363899853,0.0008583078931991532,0.000894147823648167,26109.352924212795,27479.275471032437,51115.122130409814,51415.122130409814,inside,"4,5",6429036.079571736,6429347.162870162,311.0832984261215,0.1073045096899325,0.10765529697880387,0.00035078728887136257,-0.0004092150979038801,-5.800891485764552e-05,0.0003512061830462346,7805.451438155675,7845.830925122762,40.37948696708736,-0.09112974024026839,-0.08586981969122728,0.0052599205490411055,1.5753584586122757,1.5823481033061846,0.006989644693908836,483393.4270940929,2610537.1062038047,120848.35677352322,652634.2765509512
92.25,0.6108652381980153,35.0,6429191.633664724,51091.63366472442,0.10747990599311431,-0.00023360901553737582,7825.646613812569,-0.08849937033250466,1.5788532612003465,-5.0706404096178055,90.46162833724603,0.0008796678255278469,0.0009136156100018199,26798.253003384423,28118.425646695934,50941.63366472442,51241.63366472442,inside,4,6428863.162200287,6429174.24968294,311.08748265262693,0.10760761039270832,0.10795839750683492,0.00035078711412660224,-0.0004116723272826808,-6.046426091525931e-05,0.0003512080663674215,7811.287093227801,7851.658264474001,40.37117124619999,-0.09076121429058881,-0.08550193175343684,0.005259282537151966,1.575441466978128,1.5824311433716685,0.006989676393540423,490445.440084969,2644565.1333197085,122611.36002124225,661141.2833299271
92.5,0.6108652381980153,35.0,6429018.718387769,50918.718387768604,0.10778300661127663,-0.00023606530396280248,7831.470048942301,-0.088131698511065,1.5789362153216138,-5.0495743660034265,90.46638125828785,0.0008987688674540171,0.0009334538065676267,27421.0176684769,28771.651555055214,50768.718387768604,51068.718387768604,inside,4,6428690.833162124,6429001.9249078585,311.0917457342148,0.10791095448120396,0.10826174141203462,0.00035078693083066825,-0.0004141569398065673,-6.294695380601665e-05,0.00035120998600055063,7817.229977688689,7857.60913939286,40.379161704170656,-0.09038497192300753,-0.08512524464613071,0.005259727276876819,1.5755254123375335,1.5825152610807076,0.0069898487431740985,496851.9705974557,2679079.707345425,124212.99264936392,669769.9268363563
92.75,0.6108652381980153,35.0,6428846.391483588,50746.391483588144,0.1080863506109444,-0.00023854895740037826,7837.416869915496,-0.08775523658171858,1.5790202449230268,-5.028004686304524,90.471195799803,0.0009182186045847097,0.0009536541555874115,28057.090674182906,29438.826892789257,50596.391483588144,50896.391483588144,inside,4,6428519.107999178,6428830.20408822,311.0960890427232,0.10821454692370858,0.10856533366245083,0.00035078673874225363,-0.0004166693480876586,-6.545740548050649e-05,0.00035121194260715215,7823.298502605428,7863.685808745246,40.387306139817156,-0.089999768862082,-0.08473958827316516,0.005260180588916835,1.5756104427470745,1.5826004667502036,0.006990024003129092,503347.07555531344,2714070.4836673876,125836.76888882836,678517.6209168469
93.0,0.6108652381980153,35.0,6428674.668494798,50574.66849479824,0.10838994296028734,-0.0002410603881320131,7843.4894071944755,-0.08736980972531598,1.579105360995662,-5.00592135412166,90.47607259153372,0.0009380199316445716,0.0009742196635079282,28706.686648553226,30120.17616280663,50424.66849479824,50724.66849479824,inside,4,6428348.0026194425,6428659.1031333925,311.1005139499903,0.10851839278081053,0.10886917931842395,0.0003507865376134178,-0.00041920997099183135,-6.799603413790179e-05,0.00035121393685392957,7829.495019537164,7869.890625726814,40.3956061896497,-0.08960542810529626,-0.08434478553726509,0.005260642568031174,1.5756965688674343,1.582686771050869,0.006990202183434713,509931.94637328736,2749543.836618958,127482.98659332184,687385.9591547395
93.25,0.6108652381980153,35.0,6428503.565330083,50403.56533008255,0.10869378871977105,-0.00024360001469079942,7849.690013144032,-0.08697524089245653,1.5791915742050107,-4.983314225271411,90.48101224456768,0.0009581755675702305,0.000995153154203823,29370.01939239781,30815.922973908277,50253.56533008255,50553.56533008255,inside,4,6428177.533304558,6428488.638326395,311.10502183716744,0.10882249720617142,0.1091732835333607,0.0003507863271892814,-0.00042177923362247125,-7.05632642101013e-05,0.0003512159694123699,7835.821900835771,7876.225964263588,40.404063427817164,-0.08920177046262903,-0.08394065715668918,0.005261113305939855,1.575783801003764,1.5827741842955205,0.006990383291756608,516607.7790503693,2785506.163809821,129151.94476259232,696376.5409524553
93.5,0.6108652381980153,35.0,6428333.09827177,50233.0982717704,0.1089978930429309,-0.0002461682618449593,7856.021060890935,-0.08657135084773043,1.579278894859873,-4.960173030321255,90.4860153495556,0.000978688042039861,0.0010164572549873348,30047.301547087656,31526.289691682716,50083.0982717704,50383.0982717704,inside,4,6428007.716717463,6428318.826331549,311.1096140863374,0.10912686544724845,0.1094776515544564,0.00035078610720795655,-0.00042437756729574665,-7.315952633742195e-05,0.0003512180409583247,7842.281538409484,7882.694217769662,40.41267936017812,-0.08878861460604623,-0.08352702164950714,0.005261592956539093,1.575872149073265,1.5828627164065139,0.006990567333248876,523375.7730972441,2821963.88032072,130843.94327431102,705490.97008018
93.75,0.6108652381980153,35.0,6428163.283983495,50063.28398349509,0.1093022611770944,-0.000248765560573327,7862.484943084633,-0.08615795821935746,1.5793673328798667,-4.9364873774336635,90.49108247484973,0.00099955968145846,0.001038134382052688,30738.744239956206,32251.497065922464,49913.28398349509,50213.28398349509,inside,4,6427838.569910129,6428149.684202208,311.1142920795828,0.10943150284596138,0.10978228872336175,0.00035078587740036693,-0.0004270054095068665,-7.578525733530974e-05,0.0003512201521715568,7848.876342383196,7889.297797801301,40.421455418105324,-0.08836577712466692,-0.08310369542867918,0.0052620816959877414,1.5759616225713637,1.5829523768817635,0.006990754310399749,530237.1303700146,2858923.412394146,132559.28259250364,714730.8530985365
94.0,0.6108652381980153,35.0,6427994.139517919,49894.13951791916,0.10960689846404806,-0.000251392348031834,7869.0840705545015,-0.0857348795545056,1.5794568977615269,-4.912246755535622,90.49621416456145,0.0010207925943926852,0.0010601867253488178,31444.55670630636,32991.763833523626,49744.13951791916,50044.13951791916,inside,4,6427670.110331348,6427981.229388548,311.11905719991773,0.1097364148392993,0.1100872004767894,0.0003507856374900947,-0.00042966320388677264,-7.844090015151692e-05,0.0003512223037352557,7855.608739650718,7896.039132602688,40.430392951970134,-0.08793307258589396,-0.0826704931354019,0.005262579450492064,1.5760522305364535,1.583043174759328,0.006990944222874607,537193.0538048169,2896391.1905921237,134298.26345120423,724097.7976480309
94.25,0.6108652381980153,35.0,6427825.682324531,49725.68232453056,0.10991181034064401,-0.0002540490675104436,7875.820870858887,-0.08530192938058208,1.5795475985429703,-4.88744053783035,90.5014109365367,0.0010423886564480927,0.0010826162328729685,32164.94588694123,33747.30629573761,49575.68232453056,49875.68232453056,inside,4,6427502.355834593,6427813.479745422,311.12391082849354,0.1100416069598629,0.11039239234705607,0.00035078538719317265,-0.0004323514001486884,-8.11269038131711e-05,0.0003512244963355173,7862.4811723141165,7902.920665538455,40.43949322433855,-0.08749031360281129,-0.08222722730636946,0.00526308629644183,1.5761439815131832,1.583135118580534,0.006991137067350772,544244.7460471145,2934373.642387777,136061.18651177862,733593.4105969443
94.5,0.6108652381980153,35.0,6427657.93025749,49557.930257489905,0.11021700233934222,-0.00025673616837996,7882.697786721098,-0.08485892027279801,1.5796394437671049,-4.862057985668466,90.50667328024804,0.0010643494945856368,0.0011054245943819105,32900.11600020169,34518.33786871302,49407.930257489905,49707.930257489905,inside,4,6427335.324685909,6427646.453540253,311.12885434459895,0.1103470848363372,0.11069786996255516,0.000350785126217959,-0.0004350704540239299,-8.384372336314223e-05,0.0003512267306607877,7869.496096005201,7909.944853408054,40.44875740285261,-0.08703731090815671,-0.08177370860259985,0.005263602305556864,1.5762368835142737,1.5832282163516245,0.006991332837350761,551393.4079699385,2972877.184159964,137848.35199248462,743219.296039991
94.75,0.6108652381980153,35.0,6427490.901583536,49390.9015835356,0.1105224800886832,-0.00025945410602811733,7889.717274347374,-0.08440566292831617,1.579732441443362,-4.836088252796349,90.5120016546021,0.0010866764708724393,0.0011286132245155907,33650.268087376186,35305.06860614236,49240.9015835356,49540.9015835356,inside,4,6427169.0355718685,6427480.169460989,311.1338891200721,0.11065285419389013,0.11100363904815512,0.00035078485426498496,-0.00043782082718635994,-8.659181978509105e-05,0.0003512290074012689,7876.65597808411,7917.114164636901,40.45818655279072,-0.08657387343518864,-0.08130974589067207,0.005264127544516578,1.5763309439808424,1.5833224755039104,0.006991531523067973,558640.2370742314,3011908.212554311,139660.05926855784,752977.0531385777
95.0,0.6108652381980153,35.0,6427324.614989927,49224.61498992704,0.11082824931368647,-0.0002622033417843309,7896.881801621813,-0.08394196624730037,1.5798265990079374,-4.80952038999992,90.51739648566151,0.0011093706656665494,0.0011521832453329473,34415.5995304307,36107.70469291635,49074.61498992704,49374.61498992704,inside,4,6427003.507607547,6427314.646624066,311.13901651930064,0.11095892085449141,0.11130970542551813,0.0003507845710267188,-0.0004406029871648481,-8.937165991656189e-05,0.0003512313272482862,7883.9632957098975,7924.431077339204,40.467781629306955,-0.08609980845877953,-0.08083514633119868,0.005264662127580852,1.5764261697412276,1.583417902852417,0.00699173311118928,565986.4257650265,3051473.0951771145,141496.60644125662,762868.2737942786
95.25,0.6108652381980153,35.0,6427159.089592424,49059.08959242422,0.11113431583616926,-0.00026498434283247395,7904.193846173129,-0.08346763742119251,1.5799219232825286,-4.782343350162545,90.52285816428072,0.001132432860234964,0.0011761354682590871,35196.30354092901,36926.447908604525,48909.08959242422,49209.08959242422,inside,4,6426838.760344522,6427149.904582425,311.14423790294677,0.11126529073714642,0.11161607501333394,0.00035078427618752406,-0.0004434174072430776,-9.218371634946296e-05,0.0003512336908936147,7891.420533777939,7931.898077247283,40.4775434693438,-0.08561492172343559,-0.0803497154748685,0.005265206248567092,1.5765225669683023,1.583514504553014,0.006991937584711616,573433.1594963738,3091578.160584065,143358.28987409346,772894.5401460163
95.5,0.6108652381980153,35.0,6426994.344943286,48894.34494328592,0.11144068557498045,-0.00026779758211102086,7911.6558933080705,-0.08298248202855128,1.5800184204315582,-4.7545459937561905,90.52838704365516,0.0011558635188079383,0.0012004703754470085,35992.568619064135,37761.49505963789,48744.34494328592,49044.34494328592,inside,4,6426674.813778896,6426985.963333509,311.14955461304635,0.11157196985803972,0.1119227538274631,0.0003507839694233822,-0.0004462645663460178,-9.502846731725489e-05,0.00035123609902876294,7899.030182718934,7939.51765550214,40.4874727832057,-0.08511901713366811,-0.07985325736639991,0.005265759767268202,1.5766201411352725,1.5836122860580273,0.006992144922754795,580981.6147781574,3132229.6875271522,145245.40369453936,783057.4218817881
95.75,0.6108652381980153,35.0,6426830.4010392865,48730.40103928652,0.11174736454614394,-0.00027064353819987805,7919.270433806274,-0.08248630413879361,1.5801160959178804,-4.726117094785368,90.53398343678332,0.0011796627700723723,0.00122518810055676,36804.57798164743,38613.03737898975,48580.40103928652,48880.40103928652,inside,4,6426511.6883593025,6426822.843327288,311.15496798511595,0.11187896433058202,0.11222974798098383,0.00035078365040180914,-0.00044914494891236455,-9.790639656814969e-05,0.0003512385523442149,7906.794736154245,7947.292306300043,40.49757014579791,-0.08461189738281978,-0.07934557465675379,0.005266322726065989,1.57671889696996,1.58371125207033,0.006992355100370107,588632.9570371116,3173433.893418545,147158.2392592779,793358.4733546362
96.0,0.6108652381980153,35.0,6426667.27832973,48567.278329730034,0.11205435886290552,-0.0002735226951932034,7927.039961571279,-0.08197890642418709,1.5802149544569712,-4.697045347203832,90.53964761384205,0.0012038303881121066,0.0012502884089601526,37632.508957990794,39481.259892244525,48417.278329730034,48717.278329730034,inside,4,6426349.404994921,6426660.565474255,311.16047933418304,0.11218628036535483,0.11253706368413652,0.0003507833187816889,-0.00045205904475222763,-0.00010081799322360237,0.00035124105152862525,7914.71668840229,7955.224524389819,40.50783598752878,-0.08409336388416003,-0.07882646872395968,0.005266895160200347,1.5768188384075779,1.5838114064959217,0.006992568088343809,596388.3383248128,3215196.9219727907,149097.0845812032,803799.2304931977
96.25,0.6108652381980153,35.0,6426504.997724455,48404.99772445485,0.11236167473567747,-0.0002764355425574958,7934.966971132442,-0.08146009028044746,1.5803149999696071,-4.667319371824298,90.54537979947531,0.0012283657728033367,0.0012757706773795566,38476.53235256148,40366.34074888672,48254.99772445485,48554.99772445485,inside,4,6426187.9850634495,6426499.151153409,311.1660899594426,0.11249392426994648,0.11284470724415957,0.000350782974213093,-0.0004550073488893277,-0.00010376375162135835,0.00035124359726796935,7922.79853183073,7963.316802415595,40.518270584864695,-0.0835632169002159,-0.07829573980291525,0.005267477097300646,1.5769199685420072,1.583912752395006,0.006992783852998841,604248.8948646751,3257524.829984646,151062.22371616878,814381.2074961615
96.5,0.6108652381980153,35.0,6426343.58060181,48243.580601809546,0.1126693184718745,-0.0002793825749742174,7943.053954992467,-0.08092965595630085,1.5804162355330444,-4.636927723741823,90.5511801699969,0.0012532679296778347,0.0013016338729739778,39336.8117733598,41268.450517717254,48093.580601809546,48393.580601809546,inside,4,6426027.450419044,6426338.622220186,311.1718011414632,0.11280190244867297,0.11315268506501022,0.00035078261633725294,-0.0004579903613869476,-0.00010674417114230258,0.00035124619024464506,7931.042754049185,7971.571628099727,40.52887405054207,-0.0830212556814236,-0.07775318712452334,0.005268068556900263,1.5770222895755959,1.5840152919315853,0.0069930023559894305,612215.7444302016,3300423.5732011283,153053.9361075504,825105.8933002821
96.75,0.6108652381980153,35.0,6426183.048816592,48083.04881659243,0.11297729647563459,-0.0002823642921661934,7951.303400815293,-0.08038740269237506,1.5805186633307176,-4.605858900291682,90.55704885050838,0.001278535449267703,0.0013278765318866525,40213.502924934975,42187.75144526693,47933.04881659243,48233.04881659243,inside,4,6425867.823400207,6426179.001014342,311.17761413473636,0.1131102214021773,0.11346100364696353,0.0003507822447862269,-0.00046100858715686317,-0.00010975975602033855,0.0003512488311365246,7939.451834937274,7979.991481260715,40.53964632344105,-0.0824672786144692,-0.07719860906453453,0.005268669549934671,1.5771258027674995,1.584119026321596,0.006993223554096595,620289.9835460925,3343898.9912428576,155072.49588652313,835974.7478107144
97.0,0.6108652381980153,35.0,6426023.424707934,47923.42470793426,0.1132856152474181,-0.00028538119870701723,7959.71778844915,-0.07983312886978806,1.5806222846004807,-4.574101349562864,90.5629859119336,0.0013041664859503278,0.0013544967372735518,41106.75286504141,43124.3966761694,47773.42470793426,48073.42470793426,inside,4,6425709.126837592,6426020.31036776,311.18353016860783,0.11341888772689991,0.1137696695860829,0.0003507818591829831,-0.0004640625357504688,-0.00011281101513451093,0.00035125152061595786,7948.028243502869,7988.5788306609875,40.550587158118105,-0.08190108338068904,-0.0766318033024667,0.005269280078222333,1.5772305083806022,1.58422395577962,0.00699344739901786,628472.6845040789,3387956.7915311754,157118.17112601973,846989.1978827938
97.25,0.6108652381980153,35.0,6425864.7311071055,47764.7311071055,0.11359428138347831,-0.00028843380381267435,7968.299586779652,-0.0792666321688048,1.5807270995814253,-4.541643479488438,90.56899136797146,0.0013301587363153124,0.0013814920968354088,42016.69922397004,44078.52943448988,47614.7311071055,47914.7311071055,inside,4,6425551.384061727,6425862.57361217,311.18955044355243,0.11372790811441373,0.11407868957355481,0.0003507814591410807,-0.00046715272113129224,-0.00011589846178257097,0.00035125425934872127,7956.774434565525,7997.33613067952,40.56169611399491,-0.08132246712490265,-0.0760525669909732,0.005269900133929459,1.5773364056270542,1.5843300794642103,0.0069936738371561,636764.8921851298,3432602.5321764215,159191.22304628245,858150.6330441054
97.5,0.6108652381980153,35.0,6425706.991345236,47606.99134523608,0.11390330157519628,-0.00029152262111458224,7977.05125040789,-0.07868770973793444,1.5808331074593138,-4.508473667534113,90.57506517196961,0.0013565094170775813,0.0014088597198784157,42943.469385601544,45050.282165019744,47456.99134523608,47756.99134523608,mixed,4,6425394.618910621,6425705.814586748,311.1956761274487,0.11403728935061612,0.11438807039488089,0.00035078104426476686,-0.0004702796614280871,-0.00011902261343517143,0.00035125704799291563,7965.692845260182,8006.26581780441,40.57297254422792,-0.08073122663505132,-0.0754606969360332,0.005270529699018117,1.5774434926124752,1.5844373954218798,0.006993902809404595,645167.620679255,3477841.6037804796,161291.90516981375,869460.4009451199
97.75,0.6108652381980153,35.0,6425550.22926092,47450.229260919616,0.1142126826082728,-0.0002946481684132337,7985.975216148665,-0.07809615837384148,1.5809403063106786,-4.47458027100638,90.58120721372147,0.0013797092088808805,0.0014373481861284984,43775.938858268964,46063.87534382667,47300.229260919616,47600.229260919616,mixed,"3,4",6425238.85573724,6425550.057645593,311.2019083527848,0.11434703831477061,0.11469781892891928,0.00035078061414867134,-0.0004734438786676759,-0.00012218399146986757,0.0003512598871978083,7974.764020238084,8015.375122972656,40.61110273457143,-0.0801286288779132,-0.07485566935018423,0.005272959527728965,1.5775515974062815,1.5845459419606833,0.0069943445544018434,652852.8808425886,3524601.331649132,163213.22021064715,881150.332912283
98.0,0.6108652381980153,35.0,6425394.469207692,47294.46920769196,0.1145224313617701,-0.000297810967411619,7995.0738993441255,-0.07749177471244183,1.5810486930456453,-4.439951638001515,90.58741731619027,0.0014088802473196358,0.001467833332442095,44803.66246341541,47147.84117574123,47144.46920769196,47444.46920769196,mixed,"3,4",6425084.119416832,6425395.327665047,311.2082482147962,0.11465716197839056,0.11500794214676842,0.0003507801683778622,-0.0004766458984867135,-0.00012538312088409303,0.0003512627776026205,7984.047274942173,8024.672079723084,40.62480478091038,-0.07951064398150015,-0.07423690453231309,0.005273739449187062,1.5776611556593476,1.58465576237904,0.006994606719692431,661981.5401397889,3573939.9402186736,165495.38503494722,893484.9850546684
98.25,0.6108652381980153,35.0,6425239.736061349,47139.73606134858,0.11483255480699538,-0.0003010115434275949,8004.354777682485,-0.07687401494272533,1.5811583046552282,-4.4045566104437865,90.59369759880501,0.0014385183632760162,0.0014988087604982962,45852.71616323654,48254.350082251476,46989.73606134858,47289.73606134858,mixed,3,6424930.43593396,6425241.650634243,311.21470028348267,0.11496766760948729,0.115318447315695,0.0003507797062077128,-0.00047988626562984435,-0.00012862054428480752,0.00035126572134503684,7993.515767927693,8034.154524492922,40.638756565229414,-0.07887903125008662,-0.07360449717965147,0.005274534070435155,1.5777719364520078,1.5847668088504276,0.0069948723984198935,671246.2529379106,3624013.117253623,167811.56323447765,906003.2793134057
98.5,0.6108652381980153,35.0,6425086.055808743,46986.05580874346,0.11514306021159153,-0.00030425044013866054,8013.83012867215,-0.0762420107084938,1.5812692148980572,-4.368345435187923,90.60005228762387,0.0014686211728795683,0.0015302720393112887,46923.41585604835,49383.735338947605,46836.05580874346,47136.05580874346,outside,3,6424777.83295297,6425089.054225371,311.22127240151167,0.1152785629658454,0.11562934219241337,0.00035077922656796823,-0.00048316555769880914,-0.00013189683571922735,0.00035126872197958176,8003.181763387789,8043.834721880631,40.65295849284212,-0.07823291991181057,-0.07295757645715241,0.00527534345465816,1.5778840117872515,1.5848791532889186,0.006995141501667135,680650.7519082491,3674840.8846346494,170162.68797706228,918710.2211586623
98.75,0.6108652381980153,35.0,6424933.456118148,46833.45611814782,0.11545395533281427,-0.00030752823337184935,8023.503104926836,-0.07559550059688343,1.581381421342855,-4.331303134380116,90.60648124334496,0.0014991853481531123,0.001562219749681803,48015.95476834394,50536.20153349951,46683.45611814782,46983.45611814782,outside,3,6424626.338801422,6424937.566767468,311.2279660459608,0.11558985592576164,0.11594063465470017,0.00035077872893853057,-0.00048648435567813633,-0.00013521257533258938,0.000351271780345547,8013.048391622118,8053.715801710256,40.66741008813733,-0.07757204785973353,-0.07229588024037426,0.0052761676193592705,1.5779973777331617,1.5849927916763578,0.006995413943196027,690196.4298729893,3726430.687517752,172549.10746824733,931607.671879438
99.0,0.6108652381980153,35.0,6424781.965317865,46681.9653178649,0.11576524804870203,-0.00031084550369306666,8033.3768365056685,-0.07493422249229645,1.5814949200152129,-4.293414689902871,90.6129842382514,0.0015302067654198916,0.00159464763901124,49130.508006615426,51711.934063523004,46531.9653178649,46831.9653178649,outside,3,6424475.982477713,6424787.21726036,311.23478264641017,0.11590155448706924,0.11625233269985488,0.00035077821278564625,-0.0004898432449012271,-0.00013856834763073883,0.0003512748972704883,8023.118754690276,8063.800865171077,40.682110480801384,-0.07689615258114071,-0.07161914601873942,0.005277006562401293,1.578112028730745,1.5851077183576898,0.0069956896269447455,699884.6176734403,3778789.63223778,174971.15441836006,944697.408059445
99.25,0.6108652381980153,35.0,6424631.612407006,46531.61240700632,0.11607694635682289,-0.0003142028360229746,8043.4544250336385,-0.07425791388302239,1.581609705308846,-4.254665060943106,90.61956095112676,0.0015616804615078285,0.0016275505752470108,50267.230854799214,52911.097332573634,46381.61240700632,46681.61240700632,outside,3,6424326.7936615795,6424638.035385157,311.24172357749194,0.11621366676563374,0.11656444444319555,0.0003507776775618088,-0.000493242814632044,-0.00014196474106374115,0.0003512780735683028,8033.395920191578,8074.092978571211,40.697058379632836,-0.0762049714854394,-0.07092711122479398,0.005277860260645417,1.5782279575032025,1.5852239259497856,0.006995968446583012,709716.5770552261,3831924.4477633047,177429.14426380652,957981.1119408262
99.5,0.6108652381980153,35.0,6424482.427065999,46382.42706599925,0.11638905837277037,-0.00031760081921964196,8053.738937468533,-0.0735663121898061,1.581725769894649,-4.21503920281771,90.6262109620442,0.0015936005890073632,0.0016609224998245234,51426.25698365987,54133.83285288255,46232.42706599925,46532.42706599925,outside,3,6424178.802724296,6424490.051514451,311.2487901551649,0.11652620099358299,0.11687697811628872,0.000350777122705731,-0.0004966836576120253,-0.00014540234757482595,0.00035128131003719936,8043.882914682025,8084.595166727535,40.71225204550956,-0.0754982422548102,-0.07021951358626814,0.0052787286685420515,1.5783451549631518,1.5853414052482198,0.006996250285068006,719693.4930984328,3885841.444696271,179923.3732746082,971460.3611740677
99.75,0.6108652381980153,35.0,6424334.439666778,46234.43966677785,0.11670159232839336,-0.0003210400456264732,8064.233399504619,-0.07285915511719267,1.5818431046277006,-4.174522087104135,90.63293374703835,0.0016259603706772756,0.0016947563797044983,52607.69657076496,55380.25725341511,46084.43966677785,46384.43966677785,outside,3,6424032.040738507,6424343.2967221355,311.2559836283326,0.11683916551725658,0.11718994206489876,0.0003507765476421787,-0.0005001663695707382,-0.0001488817621131741,0.00035128460745756406,8054.582716719406,8095.310405982949,40.72768926354365,-0.07477570321842884,-0.06949609150175373,0.005279611716675112,1.578463610117975,1.5854601451321753,0.006996535014200278,729816.4661751852,3940546.471722307,182454.1165437963,985136.6179305768
100.0,0.6108652381980153,35.0,6424187.681282614,46087.68128261436,0.11701455656974553,-0.0003245211105839273,8074.9407886040835,-0.07213618102846536,1.581961698452397,-4.133098723122743,90.63972867266976,0.0016587520531060704,0.001729044158618515,53811.634330016335,56650.46019217723,45937.68128261436,46237.68128261436,outside,3,6423886.539487645,6424197.80279282,311.26330517511815,0.11715256879485944,0.11750334474664145,0.00035077595178201193,-0.000503691548698778,-0.0001524035821090624,0.00035128796658971564,8065.4982495282975,8106.241616842754,40.74336731445692,-0.07403709375105613,-0.06875658444079487,0.005280509310261264,1.5785833099734992,1.5855801324676793,0.006996822494180099,740086.5034173304,3996044.869419158,185021.6258543326,999011.2173547895
100.25,0.6108652381980153,35.0,6424042.183697532,45942.18369753193,0.11732795955473892,-0.0003280446119035395,8085.864026647973,-0.07139712934497425,1.582081538305915,-4.090754180816664,90.64659499049381,0.0016919668597541,0.0017637767076537807,55038.127450180815,57944.50217218777,45792.18369753193,46092.18369753193,outside,3,6423742.331474873,6424053.60223077,311.2707558963448,0.11746641939380417,0.11781719472832633,0.0003507753345221576,-0.0005072597950814429,-0.00015596840690989224,0.00035129138817155067,8076.632373277641,8117.391656222893,40.75928294525238,-0.07328215469676866,-0.06800073336916215,0.005281421327606506,1.5787042394362365,1.5857013520094083,0.006997112573171815,750504.5096780738,4052341.421336564,187626.12741951845,1013085.355334141
100.5,0.6108652381980153,35.0,6423897.979415246,45797.979415246285,0.11764180985048625,-0.0003316111493027716,8097.005972199383,-0.07064174097062642,1.5822026090202421,-4.047473615073286,90.6535318314474,0.0017255949435162452,0.001798943775323967,56287.20344227411,59262.41226098686,45647.979415246285,45947.979415246285,outside,3,6423599.449931506,6423910.728268311,311.2783368052915,0.11778072598772649,0.1181315006829721,0.0003507746952456092,-0.0005108717100917239,-0.00015957683717564722,0.0003512948729160767,8087.987876964698,8128.763309303926,40.775432339227336,-0.0725106288185693,-0.06722828120004679,0.005282347618522518,1.5788263812144572,1.5858237863013274,0.00699740508687019,761071.2779718967,4109440.3022641107,190267.81949297417,1027360.0755660277
100.75,0.6108652381980153,35.0,6423755.101667581,45655.101667581126,0.11795611613031635,-0.00033522132379923576,8108.369412372682,-0.06986975874227588,1.5823248932230385,-4.003242291529695,90.66053820016874,0.0017596253389618875,0.0018345339372904028,57558.85789616677,60604.18571408458,45505.101667581126,45805.101667581126,outside,3,6423457.928824829,6423769.214873654,311.2860488248989,0.11809549735315764,0.11844627138647917,0.0003507740333215381,-0.0005145278957411926,-0.00016322947423235825,0.00035129842150883434,8099.567469900383,8140.359280985807,40.79181108542434,-0.07172226127457668,-0.06643897327187075,0.00528328800270593,1.578949715718386,1.5859474155764681,0.006997699858082074,771787.479378114,4167345.0236087716,192946.8698445285,1041836.2559021929
101.0,0.6108652381980153,35.0,6423613.584422286,45513.58442228567,0.11827088717044666,-0.000338875737062869,8119.957054303859,-0.06908092790671073,1.5824483712376294,-3.958045613902034,90.66761296926745,0.0017940459144301913,0.001870534545920697,58853.05214747613,61969.78150350546,45363.58442228567,45663.58442228567,outside,3,6423317.802865264,6423629.096758046,311.2938927821815,0.11841074236583796,0.1187615157139434,0.0003507733481054459,-0.0005182289539873992,-0.00016692691938219393,0.00035130203460520526,8111.373772792471,8152.18218694006,40.80841414758925,-0.0709168001214425,-0.06563255785335793,0.005284242268084563,1.5790742209598612,1.5860722176561768,0.006997996696315623,782653.6523954702,4226058.375815355,195663.41309886755,1056514.5939538388
101.25,0.6108652381980153,35.0,6423473.462390197,45373.46239019744,0.11858613184629685,-0.00034257499072467667,8131.771516218497,-0.0682749966248844,1.582573020982466,-3.9118691528758163,90.67475487356397,0.0018288433241737683,0.001906931679887305,60169.71085634255,63359.119753137886,45223.46239019744,45523.46239019744,outside,3,6423179.107512808,6423490.409382199,311.3018693905324,0.11872646999665552,0.11907724263559476,0.00035077263893923405,-0.0005219754859964594,-0.00017066977316885102,0.00035130571282760835,8123.409308424744,8164.23454425751,40.82523583276543,-0.07009399684558767,-0.06480878667645334,0.00528521016913433,1.5791998724518235,1.5861981678492127,0.006998295397389276,793670.1917359087,4285582.36776669,198417.54793397718,1071395.5919416726
101.5,0.6108652381980153,35.0,6423334.771031673,45234.771031673066,0.11890185912842746,-0.00034631968564072013,8143.815318095499,-0.06745171650398021,1.582698817870425,-3.8646986765909865,90.68196250431991,0.0018640029607676846,0.00194371009403417,61508.71950055918,64772.07908353714,45084.771031673066,45384.771031673066,outside,3,6423041.87898266,6423353.188961916,311.3099792553112,0.11904268930719344,0.11939346121234497,0.0003507719051515229,-0.0005257680913595718,-0.0001744586345969872,0.00035130945676258463,8135.676491931972,8176.518761691589,40.84226975961701,-0.06925360692277932,-0.06396741549760683,0.00528619142517249,1.5793266431080506,1.5863252388511075,0.006998595743056946,804837.3365484828,4345918.163116236,201209.3341371207,1086479.540779059
101.75,0.6108652381980153,35.0,6423197.546562215,45097.54656221531,0.11921807807808742,-0.0003501104211100899,8156.090871926532,-0.06661084315782857,1.5828257347083607,-3.816520182751454,90.68923430348278,0.001899508908019495,0.001980853169758969,62869.92178628131,66208.4938696233,44947.54656221531,45247.54656221531,outside,3,6422906.154249974,6423217.472472828,311.31822285428643,0.11935940944487021,0.11971018059092806,0.0003507711460578461,-0.0005296073672622926,-0.00017829410030452102,0.00035131326695777155,8148.177620672655,8189.037129499289,40.85950882663383,-0.06839539040649104,-0.0631082046878587,0.005287185718632334,1.5794545031435798,1.586453400644239,0.006998897500659185,816155.1580662166,4407066.013515452,204038.78951655416,1101766.503378863
102.0,0.6108652381980153,35.0,6423061.825957219,44961.82595721912,0.11953479784235442,-0.0003539477940456918,8168.600471573169,-0.06575213679611652,1.58295374159736,-3.7673199323843196,90.69656855797103,0.001935343894638102,0.0020183428661819337,64253.11698046982,67668.15141570511,44811.82595721912,45111.82595721912,outside,3,6422771.971053636,6423083.297654175,311.32660053949803,0.11967663963765686,0.12002740999861791,0.00035077036096105296,-0.0005334939076054948,-0.0001821767636867248,0.00035131714391877,8160.914863703701,8201.79180888405,40.87694518035005,-0.06751911254539852,-0.06223091985207236,0.005288192693326164,1.5795834199763217,1.5865826203991213,0.006999200422799667,827623.5466715419,4469025.188713689,206905.88666788547,1117256.2971784223
102.25,0.6108652381980153,35.0,6422927.64695575,44827.64695574995,0.11985202764885235,-0.00035783239809677157,8181.346282225969,-0.06487536284273845,1.5830828058341984,-3.717084485268756,90.70396339402794,0.0019714892489426767,0.0020561596723970704,65658.05717026291,69150.78905336911,44677.64695574995,44977.64695574995,outside,3,6422639.367899008,6422950.703011527,311.3351125186309,0.11999438918835571,0.12034515873750742,0.000350769549151711,-0.000537428302077057,-0.00018610721397115183,0.0003513210881059052,8173.890250863656,8214.78482104742,40.8945701837647,-0.0666245444302583,-0.061335332477554926,0.00528921195270337,1.579713358130394,1.586712862377445,0.0069995042470509805,839242.1983793011,4531793.90352682,209810.54959482528,1132948.475881705
102.5,0.6108652381980153,35.0,6422795.048063276,44695.048063276336,0.1201697768000301,-0.0003617648227222209,8194.330329472225,-0.0639802925835325,1.5832128918145336,-3.665800737048574,90.71141677167498,0.0020079248549127286,0.002094282561122145,67084.44445546597,70656.09116881683,44545.048063276336,44845.048063276336,outside,3,6422508.384059517,6422819.727818371,311.3437588540837,0.1203126674684252,0.12066343617833372,0.00035076870990852216,-0.0005414111351734633,-0.00019008603524257512,0.0003513250999308882,8187.105661473866,8228.018035858986,40.91237438511962,-0.0657114636703026,-0.06042122061219057,0.005290243058112036,1.5798442791417602,1.586844087837462,0.006999808695701715,851010.6007392317,4595369.2416862035,212752.65018480792,1148842.3104215509
102.75,0.6108652381980153,35.0,6422664.068553256,44564.06855325587,0.12048805466698677,-0.00036574565221384457,8207.554487981804,-0.0630667038435313,1.5833439609384223,-3.6134559580358308,90.71892647929828,0.0020446291099080523,0.0021326889440935475,68531.92808168377,72183.68616766807,44414.06855325587,44714.06855325587,outside,3,6422379.059577006,6422690.412116459,311.35253945272416,0.12063148391133635,0.12098225175383528,0.00035076784249893356,-0.0005454429851706499,-0.00019411380541727055,0.00035132917975337933,8200.562812669858,8241.493160157112,40.93034748725404,-0.06477965509915193,-0.05948836957207935,0.00529128552707258,1.5799761414668019,1.5869762549423392,0.007000113475537306,862928.0181648304,4659747.076607254,215732.0045412076,1164936.7691518136
103.0,0.6108652381980153,35.0,6422534.748467491,44434.74846749101,0.12080687068282833,-0.00036977546466892376,8221.020469823497,-0.062134381693724705,1.5834759715187867,-3.560037833705349,90.72649012840422,0.002081578884405299,0.0021713546295705,70000.10152272273,73733.14338639729,44284.74846749101,44584.74846749101,outside,3,6422251.435260771,6422562.796714822,311.36145405098796,0.12095084800544671,0.12130161495162647,0.0003507669461797619,-0.0005495244230436161,-0.00019819109516615375,0.0003513333278774624,8214.263247378423,8255.211725696188,40.948478317764966,-0.06382891151010386,-0.058536572678530435,0.005292338831573429,1.5801089003944933,1.5871093186721636,0.007000418277670395,874993.47669888,4724921.9891345315,218748.36917472,1181230.4972836329
103.25,0.6108652381980153,35.0,6422407.128615145,44307.12861514464,0.12112623433554186,-0.0003738548309115876,8234.729812427488,-0.061183119187187815,1.5836088786935094,-3.5055345068717494,90.73410514858284,0.002118749484127067,0.0022102537823444467,71488.49952246064,75303.96996125493,44157.12861514464,44457.12861514464,outside,3,6422125.552685136,6422436.923187349,311.37050221301615,0.12127076928637845,0.12162153530657631,0.00035076602019785963,-0.0005536560113345135,-0.00020231846678647985,0.0003513375445480337,8228.208321959439,8269.175076759626,40.96675480018712,-0.062859034420496,-0.05756563202409661,0.005293402396399381,1.580242507962901,1.5872432307403208,0.00700072277741981,887205.7482322034,4790887.182354923,221801.43705805085,1197721.7955887308
103.5,0.6108652381980153,35.0,6422281.250570328,44181.250570327975,0.121446155160374,-0.0003779843133627051,8248.683866213023,-0.06021271812426731,1.5837426343418757,-3.4499346215313955,90.74176878272027,0.002156114614955286,0.0022493588866657503,72996.59510760794,76895.60766680964,44031.250570327975,44331.250570327975,outside,3,6422001.454185514,6422312.833868831,311.3796833176166,0.12159125732888824,0.12194202239267928,0.0003507650637910309,-0.0005578383029691525,-0.00020649647302203628,0.00035134182994711626,8242.399193535013,8283.384357461478,40.98516392646525,-0.06186983486466782,-0.05657535926716361,0.005294475597504213,1.5803769128807716,1.5873779395150174,0.007001026634245733,899563.3341962806,4857634.393591945,224890.83354907014,1214408.5983979863
103.75,0.6108652381980153,35.0,6422157.156668142,44057.156668142416,0.12176664273170133,-0.00038216446485823214,8262.883781904082,-0.05922298984634494,1.5838771870061326,-3.393227368341693,90.74947808250442,0.0021936463510505728,0.002288640712531728,74523.79658458965,78507.42973817438,43907.156668142416,44207.156668142416,outside,3,6421879.182852795,6422190.571849346,311.3889965508133,0.12191232173821784,0.12226308581440667,0.0003507640761888364,-0.0005620718400221143,-0.0002107256558320081,0.0003513461841901062,8256.836807032632,8297.840498763651,41.00369173101899,-0.06086113421485411,-0.055565576454413776,0.005295557760440335,1.5805120604550194,1.5875133899467644,0.007001329491745034,912064.4487580642,4925153.803736386,228016.11218951605,1231288.4509340965
104.0,0.6108652381980153,35.0,6422034.889999076,43934.88999907579,0.12208770665438126,-0.000386395827416198,8277.330497559804,-0.05821375605750453,1.5840124818189758,-3.33540253169914,90.75722990427036,0.0022313151066147784,0.0023280682857963458,76069.44453521502,80138.73769249563,43784.88999907579,44084.88999907579,outside,3,6421758.7825259995,6422070.1809668895,311.3984408900142,0.122233972140915,0.12258473519752867,0.000350763056613676,-0.0005663571524309309,-0.00021500654510896744,0.0003513506073219635,8271.521881973129,8312.544205239781,41.022323266652165,-0.05983276502913606,-0.054536116870277235,0.005296648158858823,1.5806478925249654,1.5876495235026797,0.007001630977714335,924707.0015507903,4993433.944097668,231176.75038769757,1248358.486024417
104.25,0.6108652381980153,35.0,6421914.4944016365,43814.49440163653,0.12240935655457352,-0.0003906789309527866,8292.024725350668,-0.057184849673222224,1.5841484604378238,-3.2764505383656983,90.76502090523437,0.0022690896117582952,0.002367608862587481,77632.80882765193,81788.75816724359,43664.49440163653,43964.49440163653,outside,3,6421640.297783028,6421951.705798135,311.40801510680467,0.12255621817511635,0.12290698017939822,0.000350762004281871,-0.000570694756660095,-0.00021933965734673817,0.00035135509931335683,8286.454899038756,8327.495941621417,41.04104258266125,-0.058784571925352774,-0.05348682591225815,0.005297746013094622,1.580784347404226,1.587786278108511,0.007001930704285009,937488.5799826882,5062461.601004198,234372.14499567205,1265615.4002510495
104.5,0.6108652381980153,35.0,6421796.014453115,43696.01445311494,0.1227316020700236,-0.00039501429194827085,8306.96693811584,-0.05613611569497534,1.5842850609867734,-3.2163625075801874,90.77284754016834,0.002306936892950071,0.00240722790853539,79213.08566092937,83456.63979466123,43546.01445311494,43846.01445311494,outside,3,6421523.77392945,6421835.191647193,311.417717743665,0.12287906948028518,0.1232298303986901,0.0003507609184049132,-0.0005750851543159912,-0.00022372549425921307,0.00035135966005677815,8301.636086461283,8342.695919166752,41.05983270546858,-0.05771641247963555,-0.052417561990783235,0.005298850488852314,1.5809213598311855,1.5879235880993203,0.007002228268134791,950406.4311728859,5132221.718421243,237601.60779322148,1283055.4296053108
104.75,0.6108652381980153,35.0,6421679.495458352,43579.49545835238,0.12305445283980107,-0.0003994024120638839,8322.15735574179,-0.0550674121094245,1.5844222180071788,-3.155130302577626,90.78070605856817,0.002344822258547216,0.0024468890833355037,80809.39466310827,85141.45013374148,43429.49545835238,43729.49545835238,outside,3,6421409.25698516,6421720.684532273,311.4275471130386,0.12320253568639891,0.12355329548458972,0.00035075979819081116,-0.0005795288307141953,-0.0002281645413515563,0.000351364289362639,8317.06540627493,8358.144081897057,41.07867562212596,-0.05662815814797056,-0.05132819745196158,0.005299960696008979,1.5810588609290201,1.588061384179805,0.007002523250784876,963457.4435727112,5202697.298902383,240864.3608931778,1300674.3247255958
105.0,0.6108652381980153,35.0,6421564.983436402,43464.98343640193,0.12337791849348785,-0.00040384377671106594,8337.595931407175,-0.05397861081056674,1.5845598624178252,-3.092746583424714,90.78859250237177,0.0023827092899141866,0.002486554231183154,82420.7760651066,86842.17268307842,43314.98343640193,43614.98343640193,outside,3,6421296.793668819,6421608.231170107,311.4375012880191,0.1235266264025832,0.12387738504542878,0.000350758642845575,-0.0005840262534009696,-0.00023265726644560404,0.00035136898695536554,8332.74254048401,8373.840092751087,41.097552267076026,-0.055519695208923046,-0.050218619521371494,0.005301075687551553,1.5811967781762826,1.5881995933952686,0.007002815218986047,976638.1283393595,5273869.303238712,244159.53208483988,1318467.325809678
105.25,0.6108652381980153,35.0,6421452.525104963,43352.52510496322,0.12370200863981289,-0.0004083388535749093,8353.282337743998,-0.052869598542984064,1.5846979214857027,-3.0292048610639934,90.79650270428466,0.0024205598386534254,0.0025261833776297786,84046.18797409556,88557.70399995586,43202.52510496322,43502.52510496322,outside,3,6421186.431379944,6421497.8789580325,311.4475780883804,0.12385135120519158,0.12420210865676636,0.0003507574515747708,-0.0005885778706311985,-0.00023720411816168747,0.00035137375246951106,8348.666877200314,8389.78331971284,41.11644251252619,-0.05439092572536789,-0.04908873126670118,0.005302194458666712,1.5813350353890696,1.588338139114267,0.007003103725197413,989944.6005385711,5345716.549221266,247486.15013464278,1336429.1373053165
105.5,0.6108652381980153,35.0,6421342.167862465,43242.167862464674,0.1240267328547327,-0.00041288809109403323,8369.215952970326,-0.05174027786402332,1.584836318808412,-2.9644995524426943,90.80443228677181,0.002458334030480349,0.0025657347334225966,85684.50377240915,90286.85095321003,43092.167862464674,43392.167862464674,outside,3,6421078.21817853,6421389.675953604,311.4577750740573,0.12417671962533235,0.12452747584891768,0.0003507562235853384,-0.0005931841098054402,-0.00024180552435953755,0.00035137858544590265,8364.837496810662,8405.97282197353,41.13532516286796,-0.053241768522767394,-0.047938452576764684,0.00530331594600271,1.5814735527158272,1.5884769410239952,0.007003388308167935,1003372.5602636432,5418215.609990812,250843.1400659108,1354553.902497703
105.75,0.6108652381980153,35.0,6421233.959767682,43133.95976768155,0.12435210066895912,-0.0004174919168995587,8385.395847055128,-0.050590568122438964,1.5849749743092565,-2.898626036584834,90.81237666177648,0.0024959902762757592,0.002605164705889286,87334.5096696825,92028.32813924844,42983.95976768155,43283.95976768155,outside,3,6420972.202762082,6421283.670851621,311.4680895386264,0.12450274113584676,0.12485349609393416,0.0003507549580873959,-0.0005978453758692405,-0.0002464618905413958,0.00035138348532784473,8381.253158240408,8422.40733619392,41.15417795351277,-0.05207216018122126,-0.04676772115409885,0.0053044390271224096,1.5816122466458553,1.5886159151394772,0.007003668493621884,1016917.2737678502,5491340.712500765,254229.31844196256,1372835.1781251912
106.0,0.6108652381980153,35.0,6421127.949516768,43027.949516767636,0.12467812155493833,-0.0004221507362163162,8401.820767981259,-0.04942040645071386,1.5851138042460842,-2.8315807114470126,90.82033103122677,0.0025334852908525996,0.0026444279184339955,88994.9024379449,93780.7554927582,42877.949516767636,43177.949516767636,outside,3,6420868.434439948,6421179.912958448,311.4785184999928,0.12482942513774566,0.1251801787920419,0.0003507536542962514,-0.0006025620496783427,-0.00025117359822094277,0.0003513884514573999,8397.912285384124,8439.085262938712,41.172977554588215,-0.050882056038183944,-0.04557649351801578,0.005305562520168165,1.5817510300325828,1.5887549738276365,0.0070039437950537575,1030573.5547191502,5565063.636683411,257643.38867978755,1391265.9091708527
106.25,0.6108652381980153,35.0,6421024.18641758,42924.18641757965,0.1250048049132886,-0.0004268649302299106,8418.489128177995,-0.04822974876794347,1.585252721234955,-2.7633610513794427,90.82829038839174,0.002570774119969905,0.0026834772387061704,90664.2873612343,95542.65612555842,42774.18641757965,43074.18641757965,outside,3,6420766.963104829,6421078.452163518,311.4890586892143,0.1251567809461147,0.1255075332575493,0.0003507523114345823,-0.0006073344863339415,-0.0002559410032621689,0.0003513934830717726,8414.812953780145,8456.004653360029,41.19169957988379,-0.04967143119840416,-0.044364746014645,0.005306685183759166,1.5818898121326797,1.5888940258473179,0.007004213714638219,1044335.7456975585,5639353.615970972,261083.93642438963,1409838.403992743
106.5,0.6108652381980153,35.0,6420922.720361189,42822.720361188985,0.1253321600587065,-0.0004316348544237794,8435.398991200038,-0.04701857078982779,1.5853916342896996,-2.693965664994226,90.83624952014787,0.0026078101761122523,0.002722263815989216,92341.1764328665,97312.45442873091,42672.720361188985,42972.720361188985,outside,3,6420667.839201367,6420979.338907917,311.49970654956996,0.12548481777550183,0.12583556870423646,0.00035075092873462776,-0.0006121630134926644,-0.00026076443419284544,0.000351398579299819,8431.952877610991,8473.163196212477,41.210318601486506,-0.04844028154729404,-0.04313247583015162,0.005307805717142421,1.5820284986620619,1.589032976406318,0.007004477744256166,1058197.700066362,5714177.239881891,264549.4250165905,1428544.3099704727
106.75,0.6108652381980153,35.0,6420823.601790456,42723.6017904561,0.12566019620535548,-0.0004364608368909136,8452.548058735141,-0.04578686904196831,1.5855304488784296,-2.623394353222991,90.84420301021694,0.002644545283545541,0.0027607371283473433,94023.9868353766,99088.47447512198,42573.6017904561,42873.6017904561,outside,3,6420571.113691686,6420882.624149909,311.5104582235217,0.12581354472480355,0.12616429423024444,0.0003507495054408949,-0.0006170479296565174,-0.0002656441904978064,0.000351403739158711,8449.329397116813,8490.55820528731,41.22880817049736,-0.04718862476357859,-0.04187970200296006,0.005308922760618527,1.582166991869818,1.589171727236462,0.007004735366644033,1072152.7643618577,5789498.359454644,268038.1910904644,1447374.589863661
107.0,0.6108652381980153,35.0,6420726.881665579,42626.88166557904,0.12598892245175358,-0.0004413431766254673,8469.933658027809,-0.04453466187231017,1.5856690669980271,-2.5516481673255575,90.85214524343392,0.0026809297331262076,0.0027988450400342874,95711.03973917074,100868.93876040752,42476.88166557904,42776.88166557904,outside,3,6420476.838017807,6420788.35932736,311.52130955271423,0.12614297076167186,0.1264937188024842,0.00035074804081233757,-0.0006219895024486012,-0.0002705805408978201,0.00035140896155078105,8466.939466514104,8508.186607358344,41.247140844239766,-0.04591650132672106,-0.040606466430457636,0.005310034896263423,1.5823051906310532,1.589310176687718,0.007004986056664775,1086193.761355886,5865277.996363734,271548.4403389715,1466319.4990909335
107.25,0.6108652381980153,35.0,6420632.611426501,42532.6114265006,0.1263183477651813,-0.00044628214180004636,8487.552729811398,-0.04326199045821454,1.5858073872676133,-2.4787294665909316,90.86007041110233,0.00271691234732359,0.0028365338696488386,97400.5594575462,102651.96732260285,42382.6114265006,42682.6114265006,outside,3,6420385.064060839,6420696.596316905,311.53225606586784,0.12647310470646522,0.12682385124059062,0.0003507465341253957,-0.0006269879668809863,-0.00027557372162040795,0.0003514142452605783,8484.779642516447,8526.044930736789,41.26528822034197,-0.04462397551425907,-0.039312834865291954,0.005311140648967115,1.5824429905595976,1.5894482198422997,0.007005229282702086,1100312.973959563,5941474.256628034,275078.24348989077,1485368.5641570084
107.5,0.6108652381980153,35.0,6420540.842952093,42440.84295209311,0.12664848096563416,-0.00045127796803505016,8505.40181684566,-0.041968919803286,1.58594530504194,-2.404641975451309,90.86797251749108,0.002752440555868629,0.0028737484694733163,99090.6729963361,104435.57728052446,42290.84295209311,42590.84295209311,outside,3,6420295.844096843,6420607.387389825,311.54329298157245,0.12680395521577353,0.12715470020045022,0.00035074498467668747,-0.0006320435236217202,-0.000280623934669555,0.0003514195889521652,8502.846073558443,8544.129294536497,41.28322097805358,-0.04331113638383402,-0.03799889789602454,0.005312238487809477,1.5825802841414576,1.5895857486496414,0.007005464508183845,1114502.1301460725,6018042.249872589,278625.5325365181,1504510.5624681471
107.75,0.6108652381980153,35.0,6420451.628516029,42351.628516028635,0.12697933070934903,-0.0004563308566670256,8523.47705316101,-0.04065553971872733,1.5860827125455894,-2.329390839709562,90.87584538752363,0.0027874604824045615,0.0029104323163918165,100779.41003731525,106217.68283263978,42201.628516028635,42501.628516028635,outside,3,6420209.23074933,6420520.785164532,311.5544152026996,0.12713553076554965,0.12748627415733577,0.000350743391786118,-0.0006371563372685325,-0.00028573134610184586,0.0003514249911666866,8521.134489827718,8562.435398754846,41.30090892712724,-0.041978098734348386,-0.036664771906555226,0.005313326827793161,1.5827169608898215,1.5897226520830483,0.007005691193226804,1128752.3890827626,6094934.015171719,282188.09727069066,1523733.5037929297
108.0,0.6108652381980153,35.0,6420365.020739269,42265.02073926944,0.12731090547193719,-0.0004614409730235822,8541.774154114588,-0.03932196578364655,1.5862194990287832,-2.25298268156078,90.88368267570506,0.0028219170424561286,0.0029465276147223668,102464.7033945547,107996.09575776162,42115.02073926944,42415.02073926944,outside,3,6420125.2769383015,6420436.842555611,311.56561730988324,0.12746783963388525,0.12781858138868524,0.00035074175479998804,-0.0006423265346373853,-0.0002908960843171438,0.0003514304503202415,8539.64019421311,8580.958515277684,41.318321064572956,-0.040625004040352054,-0.03531060000840065,0.005314404031951402,1.5828529075223252,1.5898588163187304,0.007005908796405169,1143054.3286717643,6172098.45454878,285763.5821679411,1543024.613637195
108.25,0.6108652381980153,35.0,6420281.072539107,42181.07253910694,0.12764321353116168,-0.00046660844471300137,8560.288407366363,-0.03796834027840851,1.586355550945516,-2.1754256530693765,90.89147787632852,0.002855754052979103,0.002981975411240177,104144.38998301061,109768.52645916003,42031.07253910694,42331.07253910694,outside,3,6420044.035825796,6420355.612719364,311.57689356803894,0.12780088988347288,0.1281516299565671,0.0003507400730942134,-0.000647554203074594,-0.000296118238372501,0.000351435964702093,8558.358054279675,8599.693479919206,41.33542563953051,-0.039252021353440546,-0.03393655293959195,0.005315468413848598,1.5829880081611822,1.5899941249378224,0.007006116776640203,1157397.9347089762,6249481.275265704,289349.48367724405,1562370.318816426
108.5,0.6108652381980153,35.0,6420199.837074712,42099.83707471192,0.1279762629494011,-0.00047183335993724706,8579.01466488605,-0.03659483308480511,1.5864907521546099,-2.0967294877450438,90.89922433499466,0.002888914353673853,0.0030167157225860553,105816.2123377473,111532.58559267447,41949.83707471192,42249.83707471192,outside,3,6419965.560757915,6420277.148995833,311.58823791798204,0.12813468934380118,0.12848542768987886,0.0003507383460776836,-0.0006528393888017967,-0.0003013978563285516,0.00035144153247324515,8577.282495382879,8618.634685609337,41.35219022645833,-0.03785934816415428,-0.03254282992366608,0.005316518240488198,1.5831221445566512,1.5901284591518559,0.007006314595204621,1171772.5918777809,6327024.942069171,292943.1479694452,1581756.2355172927
108.75,0.6108652381980153,35.0,6420121.367689154,42021.36768915411,0.1283100615558462,-0.0004771157658376411,8597.947336103292,-0.03520164254652623,1.5866249841441629,-2.016905549844105,90.9069152614717,0.0029213399401745057,0.0030506876751790852,107477.8207213243,113285.7863185091,41871.36768915411,42171.36768915411,outside,3,6419889.9052032875,6420201.504847273,311.59964398574084,0.1284692455931338,0.12881998216632967,0.00035073657319587004,-0.0006581820953035829,-0.00030673494363815933,0.0003514471516654236,8596.407495035164,8637.776076841974,41.36858180680974,-0.03644721121760053,-0.031129659481958893,0.005317551735641635,1.5832551963341737,1.590261698052012,0.007006501717838232,1186167.076801858,6404668.640604063,296541.7692004645,1601167.1601510157
109.0,0.6108652381980153,35.0,6420045.717847878,41945.71784787811,0.1286446169284811,-0.00048245566688299605,8617.080382314374,-0.03378899628314598,1.586758126279722,-1.9359668810074901,90.91454374391458,0.0029529721091333615,0.0030838296576547984,109126.77585504917,115025.54721440133,41795.71784787811,42095.71784787811,outside,3,6419817.122688012,6420128.733793091,311.6111050788313,0.1288045659403291,0.12915530069426343,0.0003507347539343231,-0.000663582281768084,-0.0003121294615875961,0.00035145282018048796,8615.726578637936,8657.111145497172,41.38456685923666,-0.03501586727578679,-0.029697300192177933,0.005318567083608856,1.5833870412653508,1.5903937188823152,0.007006677616964385,1200569.553385523,6482348.253225144,300142.3883463807,1620587.063306286
109.25,0.6108652381980153,35.0,6419972.941073633,41872.9410736328,0.12897993637590416,-0.0004878530233104949,8636.407312458565,-0.03235715195060807,1.5868900560763428,-1.8539282438333418,90.92210276445299,0.0029837516151262574,0.0031160794857518805,110760.55230760423,116749.19588553751,41722.9410736328,42022.9410736328,outside,3,6419747.266727053,6420058.889341249,311.6226141965017,0.12914065740655983,0.12949139029438217,0.0003507328878223359,-0.0006690398615912853,-0.0003175813258009746,0.00035145853579031063,8635.232816690746,8676.632928149114,41.400111458367974,-0.03356560381946115,-0.028246041386042777,0.005319562433418374,1.5835175555627519,1.5905243973367538,0.007006841774001904,1214967.570673384,6559996.348456359,303741.892668346,1639999.0871140896
109.5,0.6108652381980153,35.0,6419903.09087788,41803.09087788034,0.12931602691904998,-0.0004933077496300577,8655.921180375834,-0.030906397941001716,1.5870206494945287,-1.7708061619712159,90.92958521614722,0.0030136188391966506,0.003147374579456228,112376.5425714965,118453.97330331436,41653.09087788034,41953.09087788034,outside,3,6419680.390752167,6419992.024916197,311.63416402973235,0.1294775267069987,0.12982825768143544,0.00035073097443674706,-0.0006745547009562132,-0.0003230904048190606,0.00035146429613715257,8654.918823586959,8696.334004968994,41.41518138203537,-0.03209673968210914,-0.0267762037786376,0.005320535903471538,1.583646614198351,1.5906536078801112,0.007006993681760276,1229348.0634609675,6637542.1853451645,307337.0158652419,1659385.5463362911
109.75,0.6108652381980153,35.0,6419836.220688725,41736.22068872489,0.12965289527287643,-0.0004988197132033362,8675.614583655222,-0.029437054014275404,1.5871497812598385,-1.6866189563166185,90.93698392130055,0.003042513968746297,0.0031776521520955905,113972.06185425742,120137.03890129791,41586.22068872489,41886.22068872489,outside,3,6419616.548036417,6419928.193783391,311.6457469742745,0.12981518023253838,0.1301659092459441,0.00035072901340571505,-0.0006801266174984902,-0.0003286565187639284,0.00035147009873456186,8674.776758101423,8716.206500328264,41.42974222684097,-0.030609625608662563,-0.02528814002203042,0.005321485586632143,1.5837740912451848,1.5907812240920893,0.0070071328469045735,1243697.3558864035,6714911.733950549,310924.33897160087,1678727.9334876372
110.0,0.6108652381980153,35.0,6419772.383775422,41672.38377542235,0.12999054782808706,-0.0005043887329088143,8695.479664179302,-0.02794947185444333,1.5872773252057468,-1.601386776879285,90.94429165110354,0.0030703771883622403,0.0032068494109532856,115544.35360703696,121795.47645216978,41522.38377542235,41822.38377542235,outside,3,6419555.791615345,6419867.448970479,311.6573551343754,0.1301536240316203,0.1305043510360329,0.00035072700441257654,-0.0006857553790700125,-0.0003342794381011863,0.0003514759409688262,8694.798325670588,8736.242085202326,41.44375953173767,-0.029104644731439692,-0.023782235175681215,0.005322409555758478,1.5838998602415884,1.5909071190340693,0.007007258792480986,1258001.168228518,6792027.71317685,314500.2920571295,1698006.9282942126
110.25,0.6108652381980153,35.0,6419711.633169564,41611.63316956442,0.1303289906329612,-0.0005100145779047547,8715.508110465009,-0.026444035542805274,1.587403154639113,-1.5151316298966833,90.95150114657395,0.0030971488810405882,0.003234903768833625,117090.59580804902,123426.30074394718,41461.63316956442,41761.63316956442,outside,3,6419498.17420494,6419809.84318528,311.66898034047335,0.13049286379224836,0.13084358873944793,0.0003507249471995655,-0.0006914407026126852,-0.00033995888251168294,0.0003514818201010023,8714.97478255887,8756.431981468178,41.45719890930923,-0.02758221295586708,-0.022258907086196284,0.005323305869670798,1.584023794577142,1.5910311656376215,0.007007371060479439,1272244.627127798,6868809.64711723,318061.1567819495,1717202.4117793075
110.5,0.6108652381980153,35.0,6419654.021583056,41554.02158305608,0.1306682293753701,-0.0005156969665019152,8735.691161894494,-0.024921161940733676,1.5875271427273803,-1.4278773997660954,90.95860514074155,0.0031227698391373135,0.0032617530658738086,118607.9080125471,125026.46506760002,41404.02158305608,41704.02158305608,outside,3,6419443.748116545,6419755.428730699,311.68061415385455,0.13083290482426935,0.1311836276658413,0.0003507228415719488,-0.0006971822531542394,-0.00034569451988469537,0.00035148773326954403,8735.29694199699,8776.76696818124,41.470026184249946,-0.026042779248634903,-0.020718606669092667,0.005324172579542236,1.5841457678992057,1.5911532371136319,0.007007469214426187,1286412.2794351648,6945173.9410070125,321603.0698587912,1736293.4852517531
110.75,0.6108652381980153,35.0,6419599.601323017,41499.60132301692,0.13100826936505905,-0.000521435565158047,8756.01961492151,-0.023381300974685604,1.5876491629063727,-1.3396498653746032,90.96559638201325,0.0031471814842485455,0.003287335800762845,120093.3591747467,126592.8695215559,41349.60132301692,41649.60132301692,outside,3,6419392.565168848,6419704.257416736,311.6922478880733,0.13117375204200363,0.13152447272940512,0.00035072068740149565,-0.0007029796429381358,-0.00035148596544458687,0.000351493677493549,8755.75518236854,8797.237389907012,41.4822075384709,-0.024486825821112824,-0.0191618180854162,0.005325007735696625,1.5842656545386615,1.5912732073806402,0.007007552841978626,1300488.1098796134,7021033.977812164,325122.02746990335,1755258.494453041
111.0,0.6108652381980153,35.0,6419548.424203788,41448.42420378793,0.13134911551628,-0.0005272299876061713,8776.483831329224,-0.021824935816274718,1.5877690893073044,-1.2504767104164496,90.97246765863883,0.003170326095076486,0.0033115913703737686,121543.97623952739,128122.37013052954,41298.42420378793,41598.42420378793,outside,3,6419344.676597179,6419656.380469802,311.70387262292206,0.13151540994731278,0.1318661284319432,0.000350718484630419,-0.0007088324306994387,-0.0003573327810228001,0.0003514996496766386,8776.339457509712,8817.833167171853,41.493709662141555,-0.02291486820111426,-0.017589058806322874,0.005325809394791384,1.5843833299532253,1.591390951510735,0.007007621557509669,1314455.5627247575,7096300.236363684,328613.89068118937,1774075.059090921
111.25,0.6108652381980153,35.0,6419500.541456236,41400.54145623557,0.13169077233086104,-0.0005330797941285094,8797.073748604149,-0.020252582950501877,1.58788679720135,-1.1603875273023658,90.97921182418301,0.0031921470422082085,0.0033344603166791153,122956.75349417511,129611.78876806133,41250.54145623557,41550.54145623557,outside,3,6419300.1329603335,6419611.848439556,311.7154792221263,0.1318578826131931,0.13220859884646807,0.0003507162332749836,-0.0007147401210982901,-0.0003632344744868075,0.00035150564661148257,8797.03930917464,8838.543809084482,41.50449990984271,-0.021327455186439602,-0.01600087955908141,0.005326575627358193,1.5844986711864213,1.5915063461910754,0.007007675004654157,1328297.5675629834,7170880.431832624,332074.39189074584,1792720.107958156
111.5,0.6108652381980153,35.0,6419456.003634586,41356.003634586,0.13203324388180177,-0.000538984490987692,8817.778892478162,-0.018664792125588244,1.5880021634598596,-1.0694138142852192,90.98582182389383,0.0032125890285940677,0.0033558845796719584,124328.66266175227,131057.92386296664,41206.003634586,41506.003634586,outside,3,6419258.984045187,6419570.711103539,311.7270583519712,0.1322011736679853,0.13255188760141443,0.0003507139334291143,-0.0007207021643222442,-0.00036919049933726976,0.00035151166498497446,8817.843881704544,8859.358428165457,41.51454646091224,-0.019725168674062776,-0.014397864148393925,0.00532730452566885,1.584611557340044,1.5916192701988452,0.007007712858801085,1341996.5693679373,7244679.679189048,335499.1423419843,1811169.919797262
111.75,0.6108652381980153,35.0,6419414.860521042,41314.86052104179,0.1323765337974849,-0.0005449435300265027,8838.58839167639,-0.017062146178291316,1.5881150670280342,-0.9775889654513594,90.9922907218422,0.003231598334384896,0.003375807754880157,125656.6637088376,132457.56186051105,41164.86052104179,41464.86052104179,outside,3,6419221.278769366,6419533.017369877,311.73860051017255,0.13254528628029244,0.13289599786556017,0.0003507115852677267,-0.0007267179558682093,-0.0003752002544841487,0.0003515177013840606,8838.741938923351,8880.265757406329,41.52381848297773,-0.01810862335934818,-0.012780629147459996,0.005327994211888185,1.5847218700576802,1.5917296048871836,0.007007734829503454,1355534.5628960293,7317600.680125366,338883.64072400733,1829400.1700313415
112.0,0.6108652381980153,35.0,6419377.161028476,41277.16102847643,0.13272064524659558,-0.0005509563084469031,8859.490994893124,-0.015445260729109718,1.5882253894096188,-0.8849482532571395,90.99861172869284,0.003249123064654984,0.003394175353922027,126937.71633069497,133807.48939885816,41127.16102847643,41427.16102847643,outside,3,6419187.065082329,6419498.815178368,311.7500960389152,0.13289022314469648,0.1332409323337464,0.0003507091890499192,-0.0007327868365140962,-0.00038126308421187853,0.00035152375230221766,8859.721883265536,8901.25416956302,41.53228629748446,-0.01647846630030271,-0.011149823453832574,0.005328642846470137,1.5848294940165975,1.5918372346793823,0.007007740662784867,1368893.131491511,7389543.933728712,342223.2828728777,1847385.983432178
112.25,0.6108652381980153,35.0,6419342.953101513,41242.953101512976,0.1330655809238399,-0.0005570221687784414,8880.475090000922,-0.013814783742402904,1.5883330151599138,-0.791528803325631,91.00477822995167,0.0032651133984277787,0.0034109350664358103,128168.79206746123,135104.50615131255,41092.953101512976,41392.953101512976,outside,3,6419156.389865164,6419468.151400324,311.7615351602435,0.13323598646836615,0.1335866932134883,0.00035070674512213684,-0.0007389080924894831,-0.00038737827834291297,0.00035152981414657015,8880.771777123862,8922.311698669904,41.539921546042024,-0.014835376342573184,-0.00950612770582499,0.005329248636748194,1.5849343174250814,1.5919420475683994,0.007007730143318014,1382053.4903127565,7460407.970987466,345513.3725781891,1865101.9927468665
112.5,0.6108652381980153,35.0,6419312.283616346,41212.28361634631,0.13341134303655414,-0.0005631403990453568,8901.528725480026,-0.012171394947160123,1.5884378323841688,-0.6973695612591307,91.01078381452176,0.003279521837302111,0.003426037021589696,129346.88699452512,136345.4382738407,41062.28361634631,41362.28361634631,outside,3,6419129.298829506,6419441.071737504,311.7729079974815,0.13358257795864506,0.13393328221256579,0.000350704253920725,-0.0007450809558536702,-0.0003935450726080368,0.00035153588324563336,8901.87936638553,8943.426063741752,41.54669735622156,-0.013180063401700302,-0.007850253556034735,0.005329809845665567,1.585036232522066,1.5920439356185163,0.0070077030964503795,1394996.53395286,7530089.612976067,348749.133488215,1882522.4032440167
112.75,0.6108652381980153,35.0,6419285.1982796695,41185.19827966951,0.13375793329229416,-0.0005693102331407624,8922.63963403588,-0.010515805114956742,1.588539733238196,-0.6025112512691048,91.0166223033863,0.0032923034518937883,0.0034394340472915785,130469.03492069972,137527.15238722166,41035.19827966951,41335.19827966951,outside,3,6419105.836415969,6419417.620620571,311.7842046022415,0.13392999881170817,0.13428070052768276,0.000350701715974594,-0.0007513046050884193,-0.0003997626492307603,0.000351541955857659,8923.03210610528,8964.5846946107,41.55258850541941,-0.011513267600022851,-0.006182942799436707,0.005330324800586144,1.5851351360757087,1.592142795465763,0.007007659390054322,1407702.8883848295,7598484.252330842,351925.7220962074,1899621.0630827106
113.0,0.6108652381980153,35.0,6419261.741527116,41161.741527115926,0.13410535288749328,-0.0005755308514152125,8943.795258352666,-0.008848755192520381,1.5886386144278408,-0.5069963264758901,91.02228777822617,0.0033034161242157575,0.0034510819251215275,131532.3210174089,138646.5700122044,41011.741527115926,41311.741527115926,outside,3,6419086.045692496,6419397.841107489,311.79541499260813,0.13427824970237148,0.13462894883427878,0.0003506991319073005,-0.00075757816591146,-0.0004060301377319023,0.0003515480281795577,8944.217188243323,8985.774759824651,41.557571581328375,-0.00983575825659513,-0.004504966354472703,0.005330791902122428,1.5852309298773815,1.5922385288135585,0.007007598936177084,1420152.967111161,7665486.157356807,355038.24177779024,1916371.5393392018
113.25,0.6108652381980153,35.0,6419241.956421632,41141.95642163232,0.13445360249727303,-0.0005818013814857476,8964.982778909982,-0.007171015287301493,1.5887343777037715,-0.410868910786169,91.02777460976934,0.0033128207840670727,0.0034609396389537646,132533.89579283714,139700.68236623093,40991.95642163232,41291.95642163232,outside,3,6419069.9682531115,6419381.774782285,311.8065291736275,0.13462733077513603,0.13497802727757496,0.00035069650243893524,-0.0007639007123154847,-0.00041234661595912264,0.00035155409635636203,8965.421571375042,9006.983196512547,41.56162513750496,-0.008148332729521528,-0.002817123096608691,0.005331209632912837,1.5853235212274095,1.592331042919879,0.007007521692469432,1432327.0313492527,7730988.797844388,358081.75783731317,1932747.199461097
113.5,0.6108652381980153,35.0,6419225.8845522385,41125.88455223851,0.13480268226648806,-0.0005881208992701603,8986.18914376888,-0.005483383505485329,1.588826930347906,-0.3141747323159598,91.03307748566102,0.003320481637449309,0.0034689696151810273,133470.98931547633,140686.5654202445,40975.88455223851,41275.88455223851,outside,3,6419057.644117507,6419369.461654685,311.8175371782854,0.1349772416365422,0.13532793546492983,0.00035069382838762153,-0.0007702712678358871,-0.00041871111134469334,0.0003515601564911938,8986.632012258206,9028.196742100683,41.56472984247739,-0.006451815111223654,-0.0011202385449463521,0.005331576566277302,1.5854128234087712,1.5924202510721428,0.00700742766337159,1444205.254030459,7794885.191385501,361051.3135076148,1948721.2978463753
113.75,0.6108652381980153,35.0,6419213.565933638,41113.56593363825,0.13515259180208125,-0.0005944884302497525,9007.401100212239,-0.00378668464299589,1.5889161856476823,-0.21696104839066735,91.03819143763738,0.003326366385012478,0.003475137952436504,134340.9255831793,141601.39510530056,40963.56593363825,41263.56593363825,outside,3,6419049.111631976,6419360.940061069,311.8284290926531,0.13532798134890545,0.13567867245957588,0.00035069111067043135,-0.0007766888070488949,-0.0004251226023932105,0.0003515662046556844,9007.835099122562,9049.401967743437,41.56686862087554,-0.004747054778322279,0.0005848365963551426,0.005331891374677421,1.585498756144909,1.5925060730459466,0.007007316901037619,1455767.787338819,7857068.26869908,363941.9468347047,1964267.06717477
114.0,0.6108652381980153,35.0,6419205.038907162,41105.038907161914,0.1355033301668198,-0.0006009029509622602,9028.60522810358,-0.0020817687312101804,1.5890020633543112,-0.11927656222064764,91.04311186778148,0.0033304464285344513,0.0034794146387109866,135141.1369261809,142442.46255064587,40955.038907161914,41255.038907161914,outside,3,6419044.407372171,6419356.251929521,311.8445573495701,0.135679548425497,0.1360302368264615,0.0003506884009644995,-0.0007831522584094327,-0.0004315800203992575,0.0003515722380101752,9029.0149123589,9070.585316411269,41.57040405236876,-0.0030349247990281315,0.0022972370101115025,0.005332161809139634,1.5855812458805143,1.5925884355437465,0.007007189663232216,1466994.8334627547,7917431.256191998,366748.7083656887,1979357.8140479994
114.25,0.6108652381980153,35.0,6419200.340043543,41100.34004354291,0.1358548958744766,-0.0006073633907249337,9049.787974807972,-0.00036950944031407715,1.589084490121116,-0.02117133142023782,91.04783457363831,0.0033326970634607153,0.0034817737537868264,135869.17832579638,143207.18922780885,40950.34004354291,41250.34004354291,outside,3,6419043.566048202,6419355.438358526,311.8723103236407,0.1360319408272272,0.13638262726846204,0.00035068644123484316,-0.0007896605202879387,-0.0004380822513932562,0.00035157826889468247,9050.15492630134,9091.733178558867,41.5782522575264,-0.0013163202021816763,0.004016077547276504,0.00533239774945818,1.5856602262847075,1.5926672726096072,0.0070070463248996795,1477866.7181802122,7975868.073696475,369466.67954505305,1993967.0184241186
114.5,0.6108652381980153,35.0,6419199.504048039,41099.504048039205,0.13620728688651335,-0.0006138686335859787,9070.935691499062,0.001349197655522296,1.5891633999180932,0.07730333139037307,91.05235577196733,0.0033330976555827996,0.0034821936549651877,136522.74152511352,143893.14186959658,40949.504048039205,41249.504048039205,outside,3,6419046.6204125965,6419358.520395165,311.8999825688079,0.13638515347137872,0.13673584145297094,0.0003506879815922126,-0.0007962124375787561,-0.00044462810092417063,0.0003515843366545855,9071.246454427295,9112.831858092019,41.585403664723344,0.00040784328418412325,0.005740422654333769,0.005332579370149646,1.585735639281104,1.5927425262979595,0.00700688701685559,1488363.9668472528,8032273.745053759,372090.9917118132,2008068.4362634397
114.75,0.6108652381980153,35.0,6419202.563668403,41102.56366840284,0.1365605006103147,-0.000620417520500716,9092.034670657833,0.0030734369457079847,1.589238734418876,0.17609496558864585,91.05667212091392,0.003331631800019731,0.0034806571441531858,137099.66880434577,144498.0470290538,40952.56366840284,41252.56366840284,outside,3,6419053.596617192,6419365.528727155,311.93210996314883,0.1367391849947179,0.13708987621419486,0.0003506912194769507,-0.0008028068083717377,-0.0004512163975845672,0.0003515904107871705,9092.275893938633,9133.869666141434,41.59377220280112,0.0021366255990019683,0.0074693381882023815,0.005332712589200413,1.585807434516073,1.5928141463399395,0.007006711823866363,1498467.3823141253,8086544.818965765,374616.8455785313,2021636.2047414412
115.0,0.6108652381980153,35.0,6419209.549606222,41109.54960622173,0.13691453389901323,-0.0006270088517269266,9113.071184551693,0.004802274776829468,1.5893104433564145,0.27515007677445785,91.06078074038824,0.0033282874607611047,0.003477151614478071,137597.96629070217,145019.80514055645,40959.54960622173,41259.54960622173,outside,3,6419064.515057698,6419376.491911204,311.9768535057083,0.13709403237882808,0.1374447271301278,0.0003506947512997016,-0.000809442377023681,-0.0004578459157203145,0.0003515964613033665,9113.22959656293,9154.836548051722,41.60695148879313,0.003869064625019369,0.009201873961551938,0.005332809336532569,1.5858755700062388,1.592882091167968,0.007006521161729173,1508158.1242464785,8138579.797288127,377039.53106161964,2034644.9493220318
115.25,0.6108652381980153,35.0,6419220.490432141,41120.49043214135,0.13726938305293573,-0.0006336413894319213,9134.031524467355,0.006534761564328473,1.5893784848438381,0.3744142577603291,91.0646792304494,0.0033230570891687695,0.003471669174740673,138015.81667224842,145456.50394482937,40970.49043214135,41270.49043214135,outside,3,6419079.414795365,6419391.436292653,312.0214972877875,0.13744969137537622,0.13780038966536734,0.00035069828999112485,-0.0008161178621258738,-0.0004645153842193603,0.00035160247790651353,9134.093932203496,9175.713145895843,41.61921369234733,0.005604217548624988,0.010937066249855592,0.005332848701230603,1.5859400123730307,1.5929463273360989,0.007006314963068139,1517417.7892915667,8188279.567734033,379354.4473228917,2047069.8919335082
115.5,0.6108652381980153,35.0,6419235.412505471,41135.41250547115,0.13762504382269136,-0.0006403138605019607,9154.902040457884,0.00826993401308826,1.589442825657191,0.473832315801645,91.06836568750496,0.0033159377199872895,0.0034642067501828694,138351.59118624154,145806.43114084567,40985.41250547115,41285.41250547115,outside,3,6419098.319916619,6419410.38593,312.0660133808851,0.13780615719106676,0.13815685902447838,0.0003507018334116263,-0.0008228319562980885,-0.0004712234996669598,0.00035160845663112863,9154.855368625358,9196.485889796691,41.630521171333385,0.007341109960570516,0.012673940081284744,0.005332830120714229,1.5860007004056855,1.5930068307182255,0.007006130312539938,1526228.4914946603,8235547.8377735345,381557.12287366507,2058886.9594433836
115.75,0.6108652381980153,35.0,6419254.339898665,41154.339898665436,0.1379815114139118,-0.0006470249595427486,9175.669181353582,0.010006817436591025,1.5895034414769862,0.573348405474587,91.07183871815096,0.003306931043595291,0.0034547661582352033,138603.8607555132,146068.0861308805,41004.339898665436,41304.339898665436,outside,3,6419121.252150813,6419433.3625247665,312.11037395335734,0.13816342449403002,0.13851412987342743,0.0003507053793974091,-0.0008295833230860466,-0.00047796892951797285,0.00035161439356807373,9175.50051135564,9217.141349715404,41.64083835976453,0.009078758393241423,0.014411511574609424,0.005332753181368001,1.586057465932237,1.5930635863134395,0.0070061203812024075,1534572.9423437344,8280291.566367173,383643.2355859336,2070072.8915917932
116.0,0.6108652381980153,35.0,6419277.294327155,41177.294327154756,0.1383387804936425,-0.0006537733520578794,9196.319534778291,0.011744428163211605,1.5895603170858439,0.6729061665466065,91.07509745049573,0.0032960434534301526,0.003443354158122566,138771.40615134602,146240.19073023382,41027.294327154756,41327.294327154756,outside,3,6419148.230805816,6419460.3853571685,312.15455135237426,0.13852148742184947,0.13887219634761616,0.00035070892576669066,-0.0008363706003090304,-0.000484750315432293,0.00035162028487673735,9196.016143329163,9237.666275320682,41.65013199151872,0.01081617279962052,0.016148790422261746,0.005332617622641226,1.5861104925015583,1.5931165883964562,0.007006095894897868,1542434.529799654,8322421.390062214,385608.6324499135,2080605.3475155535
116.25,0.6108652381980153,35.0,6419304.295084971,41204.295084971,0.13869684519837328,-0.0006605576777903511,9216.839866907478,0.0134817760172001,1.5896134465198317,0.7724488661262581,91.07814154283116,0.003283286067745586,0.0034299824734451783,138853.22706837967,146321.6987207066,41054.295084971,41354.295084971,outside,3,6419179.272709818,6419491.471228001,312.19851818308234,0.13888033959120544,0.13923105206153133,0.00035071247032589237,-0.0008431924035538987,-0.000491566276756899,0.0003516261267969997,9216.38926401453,9258.04763532922,41.65837131469016,0.012552359094003708,0.017884782434301087,0.005332423340297378,1.586159783810647,1.5931658406196039,0.00700605680895694,1549797.395657774,8361852.03992012,387449.3489144435,2090463.00998003
116.5,0.6108652381980153,35.0,6419335.358986598,41235.35898659844,0.1390556991436849,-0.0006673765542105893,9237.217161702136,0.015217866860998637,1.5896628331715192,0.8719195443272201,91.08097118953714,0.003268674725092781,0.0034146677870961263,138848.55000552596,146311.80413593046,41085.35898659844,41385.35898659844,outside,3,6419214.392159755,6419526.63440714,312.24224738497287,0.1392399741091005,0.13959069011997663,0.00035071601087613424,-0.0008500473297973768,-0.0004984154141364827,0.00035163191566089415,9236.607127756664,9278.272656050956,41.66552829429202,0.014286321740342552,0.01961849212911003,0.005332170388767477,1.586205352948024,1.5932113560648258,0.007006003116801773,1556646.5105809702,8398502.745713878,389161.62764524255,2099625.6864284696
116.75,0.6108652381980153,35.0,6419370.500315436,41270.50031543616,0.1394153354354778,-0.000674228580132899,9257.4386593534,0.016951705184744478,1.5897084898431946,0.971261162635894,91.08358712413074,0.00325222995317563,0.0033974317081503815,138756.8348577502,146209.94817822328,41120.50031543616,41420.50031543616,outside,3,6419253.600876701,6419565.886589012,312.28571231104434,0.1396003835856215,0.13995110313084105,0.0003507195452195633,-0.0008569339611371147,-0.0005052963132332301,0.00035163764790388464,9256.657281075832,9298.328858876897,41.67157780106572,0.016017066373427143,0.0213489253559977,0.005331858982570558,1.5862472223942328,1.5932531572446171,0.0070059348503843655,1562967.746150526,8432297.623869838,390741.9365376315,2108074.4059674595
117.0,0.6108652381980153,35.0,6419409.730779223,41309.730779223144,0.13977574668273737,-0.0006811123394408729,9277.491893676712,0.018682296728154767,1.5897504387491483,1.0704167541343348,91.0859906193971,0.0032339769109917703,0.0033783007106361037,138577.7801357794,146015.8246796419,41159.730779223144,41459.730779223144,outside,3,6419296.907968526,6419609.236855332,312.32888680603355,0.13996156014818234,0.14031228321934838,0.0003507230711660425,-0.0008638508686108014,-0.000512207548535124,0.00035164332007567745,9276.527598670127,9318.204096454447,41.67649778431951,0.01774360243760573,0.02307509193437966,0.005331489496773929,1.586285423970901,1.5932913214478086,0.007005897476907608,1568747.9432948525,8463166.045704056,392186.9858237131,2115791.511426014
117.25,0.6108652381980153,35.0,6419453.059472743,41353.05947274342,0.14013692501177996,-0.0006880264049010912,9297.364728201534,0.020408651119475943,1.5897887114664189,1.1693295747009143,91.08818348456718,0.003213945304436507,0.0033573060443783742,138311.32674442537,145729.3840343781,41203.05947274342,41503.05947274342,outside,3,6419344.31990012,6419656.691645395,312.3717452753335,0.140323495457181,0.14067422204372065,0.00035072658653964583,-0.000870796616081626,-0.000519147687231136,0.00035164892885049,9296.206317878698,9337.886587305453,41.68026942675533,0.019464945827374187,0.024796008293849762,0.0053310624664755744,1.5863199987382726,1.5933260213946359,0.007006022656363298,1573974.9764781808,8491042.982623907,393493.7441195452,2122760.7456559767
117.5,0.6108652381980153,35.0,6419500.492848081,41400.49284808058,0.1404988620819133,-0.0006949693420434363,9317.045390712794,0.022129784515822204,1.5898233488338878,1.2679432542905722,91.0901680595366,0.0031921692758190793,0.0033344836183927264,137957.66026536713,145350.8355457446,41250.49284808058,41550.49284808058,outside,3,6419395.840471374,6419708.254734136,312.4142627622932,0.14068618072299513,0.14103691081218034,0.0003507300891852083,-0.0008777697641675818,-0.000526115293130876,0.0003516544710367058,9315.682071375912,9357.364948655448,41.682877279536115,0.021180121513969107,0.026510700099270673,0.005330578585301567,1.5863509968416298,1.5933571276604548,0.007006130818824952,1578637.813063701,8515869.325142274,394659.4532659252,2128967.3312855684
117.75,0.6108652381980153,35.0,6419552.034692637,41452.03469263669,0.14086154910243517,-0.0007019397130855595,9336.522506013434,0.023844722229033215,1.5898544008001325,1.36620194738538,91.091947206148,0.0031686872680112355,0.003309873857591122,137517.21170648807,144880.64814825944,41302.03469263669,41602.03469263669,outside,3,6419451.470803107,6419763.927218118,312.4564150106162,0.14104960672423064,0.14140034030120538,0.0003507335769747377,-0.0008847688741915593,-0.000533108930605712,0.0003516599435858473,9334.943917882723,9376.628227258663,41.68430937593985,0.0228881661420688,0.028218204844991043,0.0053300387029222435,1.5863784773075382,1.5933846989316724,0.0070062216241342234,1582726.5673068378,8537592.172775803,395681.64182670944,2134398.043193951
118.0,0.6108652381980153,35.0,6419607.6861150935,41507.68611509353,0.14122497685088545,-0.0007089360808784761,9355.78512669345,0.025552501321157224,1.589881926220944,1.464050481704769,91.09352429658982,0.0031435418642035843,0.003283521533831714,136990.6566965583,144319.54948302894,41357.68611509353,41657.68611509353,outside,3,6419511.209331048,6419823.707509586,312.498178537935,0.1414137638271304,0.14176450087494416,0.0003507370478137706,-0.0008917925121288515,-0.0005401271685280441,0.00035166534360080734,9353.981370699823,9395.66592802207,41.6845573222472,0.02458813058084574,0.029917574402446922,0.005329443821601183,1.5864025077913348,1.5934088025761965,0.0070062947848617,1586232.5484816507,8556165.092154922,396558.13712041266,2139041.2730387305
118.25,0.6108652381980153,35.0,6419667.445539427,41567.44553942699,0.14158913569245776,-0.0007159570128499423,9374.822761709347,0.027252173153809945,1.5899059926079286,1.561434504273036,91.09490319899217,0.0031167796045015405,0.0032554755726141847,136378.91312176807,143668.52332343181,41417.44553942699,41717.44553942699,outside,3,6419575.051807941,6419887.591338628,312.53953068703413,0.14177864200604176,0.14212938250568918,0.0003507404996474228,-0.0008988392525286265,-0.0005471685841853413,0.00035167066834328523,9372.784423887933,9414.46804025271,41.68361636477675,0.02627908241392689,0.03160787750572911,0.005328795091802219,1.5864231642777875,1.593429514345947,0.007006350068159417,1589148.3027009824,8571548.340986442,397287.0756752456,2142887.0852466105
118.5,0.6108652381980153,35.0,6419731.308707046,41631.30870704632,0.14195401560047027,-0.0007230010849221993,9393.625402598795,0.028942805875978,1.5899266758300958,1.658300623959979,91.09608826032908,0.0030884507808211633,0.0032257888369627823,135683.13721798672,142928.80536650043,41481.30870704632,41781.30870704632,outside,3,6419642.991313789,6419955.571763478,312.58044968917966,0.14214423086483616,0.14249497479530257,0.00035074393046641283,-0.0009059076823861057,-0.0005542317671457225,0.00035167591524038323,9391.343575943318,9433.025061375472,41.68148543215466,0.02796010835329628,0.03328820216018595,0.005328093806889672,1.5864405307372946,1.5934469180345416,0.007006387297247008,1591467.6480520573,8583709.055840034,397866.9120130143,2145927.2639600085
118.75,0.6108652381980153,35.0,6419799.268687056,41699.26868705638,0.14231960617778805,-0.0007300668853808403,9412.183547178101,0.030623486835318632,1.5899440597708026,1.7545965496381954,91.09708428676288,0.003058609211769469,0.0031945178902752468,134904.71815051726,142101.87742435283,41549.26868705638,41849.26868705638,outside,3,6419715.018274166,6420027.63918888,312.6209147144109,0.1425105196591675,0.14286126699748025,0.0003507473383127513,-0.0009129964049426071,-0.0005613153230522844,0.0003516810818903227,9409.6498508408,9451.328017993179,41.67816715237859,0.029630316562817685,0.03495765795978495,0.005327341396967264,1.5864546987404453,1.5934611050929564,0.007006406352511041,1593185.7027395247,8592621.402110478,398296.42568488116,2148155.3505276195
119.0,0.6108652381980153,35.0,6419871.315894607,41771.315894607455,0.1426858966790845,-0.0007371530186719845,9430.488220594598,0.032293324898655745,1.589958235942857,1.8502712231377112,91.09789652159125,0.0030273119993782355,0.0031617227401097864,134045.27112983173,141189.4600677156,41621.315894607455,41921.315894607455,outside,3,6419791.120486527,6420103.781392448,312.6609059209004,0.1428774973194531,0.14322824804073825,0.0003507507212851535,-0.000920104043391294,-0.0005684178773240376,0.00035168616606725633,9427.694816342266,9469.368484186612,41.67366784434671,0.031288838877847336,0.03661537829975755,0.005326539421910213,1.5864657670341424,1.593472174206351,0.007006407172208462,1594298.9059983068,8598266.684888093,398574.7264995767,2149566.671222023
119.25,0.6108652381980153,35.0,6419947.438117224,41847.43811722379,0.14305287603382488,-0.0007442581091056068,9448.53099363165,0.03395145266816908,1.5899693030649864,1.9452749462242662,91.09853062098063,0.0029946192697368284,0.003127466565068081,133106.62912851726,140193.50379130233,41697.43811722379,41997.43811722379,outside,3,6419871.283154342,6420183.983558835,312.7004044931382,0.1432451524744567,0.14359590655200066,0.00035075407754395216,-0.0009272292444673625,-0.0005755380787422102,0.00035169116572515225,9445.470599494784,9487.13859697876,41.66799748397716,0.03293483290834416,0.038260522471997876,0.0053256895636537155,1.586473841082854,1.5934802308356222,0.007006389752768127,1594805.0316165022,8600633.419891234,398701.25790412555,2150158.3549728086
119.5,0.6108652381980153,35.0,6420027.620548959,41927.62054895889,0.14342053286985193,-0.0007513808044437729,9466.30399819061,0.03559702858071499,1.5899773666032238,2.039559500881536,91.09899262768957,0.0029605938997060376,0.003091815427074944,132090.8332798649,139116.17878685202,41777.62054895889,42077.62054895889,outside,3,6419955.488928851,6420268.228321536,312.73939268570393,0.14361347347535156,0.14396423088066773,0.0003507574053161766,-0.0009343706819025337,-0.0005826746029017925,0.00035169607900074114,9462.969899269485,9504.631068914774,41.66116964528919,0.034567484013948505,0.03989227763175703,0.005324793617808528,1.586479032578855,1.5934853867275394,0.007006354148684446,1594703.193985414,8599717.36402896,398675.7984963535,2149929.34100724
119.75,0.6108652381980153,35.0,6420111.845832167,42011.84583216719,0.1437888555374513,-0.0007585197793536448,9483.79993990091,0.037229238878784564,1.5899825382810793,2.1330782622387123,91.09928894300369,0.0029253012320083443,0.0030548379714751784,131000.1220527509,137959.86342468683,41861.84583216719,42161.84583216719,outside,3,6420043.717958179,6420356.495812026,312.77785384655,0.14398244842014088,0.14433320912304046,0.0003507607028995774,-0.0009415270597250332,-0.0005898261555095083,0.000351700904215525,9480.185996319002,9521.839197736084,41.65320141708253,0.036186007140677295,0.041509860625358254,0.0053238534846809585,1.5864814589255776,1.593487759397588,0.007006300472010452,1593993.8466728306,8595521.505590128,398498.46166820766,2148880.376397532
120.0,-0.6108652381980153,-35.0,6420200.094106641,42100.09410664067,0.14415783213377414,-0.0007656737387064454,9501.012107836486,0.03884729944278495,1.5899849355626163,2.2257863035524923,91.09942629711807,0.0028888087810668905,0.003016605117447618,129836.91930992177,136727.13155775415,41950.09410664067,42250.09410664067,outside,3,6420135.947943522,6420448.763715971,312.8157724495977,0.1443520651783129,0.14470282914697966,0.00035076396866676185,-0.0009486971153877523,-0.0005969914755108988,0.00035170563987685344,9497.11275985772,9538.756873153972,41.64411329625182,0.03481621751569127,0.04013890956755408,0.00532269205186281,1.5864225329925925,1.5934319660149099,0.0070094330223173795,1592678.773592622,8588056.01446914,398169.6933981555,2147014.003617285
120.25,-0.6108652381980153,-35.0,6420292.3430658,42192.343065800145,0.14452745052749424,-0.0007728414207050707,9517.93438134328,0.037478152910684404,1.5899275966541866,2.147339985728158,91.09614101966316,0.002851185932018369,0.0029771897412922015,128603.82136789904,135420.7387738502,42042.343065800145,42342.343065800145,outside,3,6420225.101177478,6420537.926053772,312.82487629354,0.14472235757788732,0.1450731190588002,0.00035076148091287007,-0.0009558591350514223,-0.0006041487490972276,0.0003517103859541947,9513.99809820841,9555.619608359395,41.62151015098425,0.033465426287794794,0.03878705172786658,0.005321625440071788,1.5863698944542288,1.5933788401002382,0.007008945646009401,1590761.072920693,8577338.153255066,397690.2682301733,2144334.5383137665
120.5,-0.6108652381980153,-35.0,6420381.500840401,42281.50084040128,0.14489774169266081,-0.0007800010712955634,9534.808393454816,0.036126820070728954,1.5898747088068501,2.0699143172812833,91.09311076922324,0.002815325294774749,0.002939622245721359,127437.92183531357,134185.47083218105,42131.50084040128,42431.50084040128,outside,3,6420311.1934399335,6420624.027505162,312.83406522870064,0.14509332011806403,0.1454440791432088,0.0003507590251447812,-0.0009630146604774161,-0.0006112995375943938,0.0003517151228830223,9530.839947149076,9572.43994906278,41.600001913704546,0.03213158550806615,0.0374521967316935,0.005320611223627349,1.58632152542537,1.5933300061871947,0.007008480761824698,1589165.4806663606,8568365.702250512,397291.37016659015,2142091.425562628
120.75,-0.6108652381980153,-35.0,6420467.597686184,42367.59768618364,0.1452687030143472,-0.000787154232197604,9551.639464312573,0.03479246428572055,1.589826101983484,1.9934613624314357,91.09032580338884,0.002781156875684311,0.0029038290826344515,126337.04204202966,133019.01210772572,42217.59768618364,42517.59768618364,outside,3,6420394.253321948,6420707.096660941,312.84333899244666,0.14546495042466162,0.14581570702448646,0.0003507565998248363,-0.0009701651844939665,-0.0006184453324776821,0.00035171985201628436,9547.643638289474,9589.223180839519,41.57954255004552,0.03081389007236003,0.03613353743055438,0.005319647358194346,1.5862772669559797,1.5932853042333168,0.00700803727733712,1587889.4169035968,8561124.336432092,396972.3542258992,2140281.084108023
121.0,-0.6108652381980153,-35.0,6420550.6621940695,42450.662194069475,0.14564033211760777,-0.0007943023955646558,9568.432902435197,0.033474279412273544,1.5897816166753704,1.917934932564936,91.08777698298358,0.002748615213687375,0.002869741470986632,125299.15771279293,131919.21100155995,42300.662194069475,42600.662194069475,outside,3,6420474.307799324,6420787.160496866,312.85269754193723,0.1458372463609285,0.14618800056439737,0.00035075420346886155,-0.000977312153701108,-0.0006255875789910133,0.0003517245747100947,9564.414494309656,9605.974583422669,41.56008911301251,0.029511563283665904,0.03483029521987899,0.005318731936213083,1.5862369699077299,1.5932445840809124,0.007007614173182519,1586930.7134473142,8555601.969059732,396732.67836182856,2138900.492264933
121.25,-0.6108652381980153,-35.0,6420630.721339832,42530.72133983206,0.14601262686495325,-0.0008014470073203744,9585.194008959803,0.03217148778367641,1.5897411032228774,1.8432904706613449,91.08545573314223,0.0027176390889072995,0.00283729508986076,124322.39019923555,130884.07059940902,42380.72133983206,42680.72133983206,outside,3,6420551.382278513,6420864.244419551,312.86214103829116,0.14621020602531343,0.14656095785995601,0.0003507518346425875,-0.000984456971607446,-0.0006327276792830307,0.0003517292923244154,9581.157833583913,9622.69943511724,41.541601533326684,0.028223854961982955,0.03354171814015707,0.005317863178174117,1.5862004943333288,1.5932077048309519,0.007007210497623095,1586287.603920499,8551788.696949866,396571.9009801248,2137947.1742374664
121.5,-0.6108652381980153,-35.0,6420707.800529998,42607.800529997796,0.1463855853541197,-0.0008085894702950374,9601.928082160637,0.030883338315327278,1.5897044211920055,1.769484942742919,91.0833540075893,0.002688171255645205,0.0028064297972632555,123404.99849404723,129911.74016330285,42457.800529997796,42757.800529997796,outside,3,6420625.500638957,6420938.372308801,312.8716698437929,0.14658382774953008,0.1469345772414881,0.0003507494919580134,-0.0009916010015840423,-0.0006398669953601895,0.00035173400622385284,9597.87897505738,9639.403017485396,41.5240424280164,0.026950039665962697,0.032267079090604604,0.0053170394246419075,1.5861677089065835,1.5931745342681747,0.00700682536159114,1585958.7153608145,8549676.754125347,396489.6788402036,2137419.188531337
121.75,-0.6108652381980153,-35.0,6420781.923644182,42681.92364418227,0.14675920591613098,-0.0008157311471790341,9618.640422229582,0.029609104722318216,1.5896714388019175,1.696476735749709,91.08146425583901,0.0026601581976594666,0.00277708937240785,122545.37196400242,129000.50738877399,42531.92364418227,42831.92364418227,outside,3,6420696.685272054,6421009.566556564,312.8812845097855,0.14695811009691528,0.14730885727098528,0.000350747174069993,-0.0009987455696510196,-0.0006470068518724584,0.0003517387177785612,9614.58324336486,9656.090620290432,41.507376925572316,0.02568941501680097,0.031005674145762947,0.005316259128961977,1.5861384903988396,1.5931449483330058,0.00700645793416621,1585943.0612882145,8549260.473412648,396485.76532205363,2137315.118353162
122.0,-0.6108652381980153,-35.0,6420853.113074054,42753.11307405401,0.14713348711365556,-0.0008228733633090224,9635.336336307171,0.02834808383961675,1.589642032399065,1.6242255612930534,91.0797793930649,0.0026335499038242366,0.002749221279476472,121742.02374518308,128148.79136713903,42603.11307405401,42903.11307405401,outside,3,6420764.957116917,6421077.848102685,312.8909857682884,0.1473330518610822,0.1476837967407554,0.00035074487967320933,-0.0010058919671112074,-0.0006541485387459614,0.000351743428365246,9631.275974185039,9672.767546691228,41.491572506189186,0.024441300115642762,0.029756820966236396,0.005315520850593634,1.5861127231978789,1.5931188306363213,0.007006107438442433,1586240.0361657694,8550536.255614853,396560.00904144236,2137634.063903713
122.25,-0.6108652381980153,-35.0,6420921.389759086,42821.38975908607,0.14750842773965794,-0.0008300174093010741,9652.021143756592,0.02709959403607849,1.5896160859739743,1.5526923647851938,91.07829277241375,0.002608299662462343,0.0027227764510585717,120993.58475019006,127355.1361992768,42671.38975908607,42971.38975908607,outside,3,6420830.335693068,6421143.236467601,312.90077453292906,0.14770865206486922,0.1480593946723682,0.0003507426074989828,-0.0010130414530439978,-0.000661293313675734,0.0003517481393682638,9647.962519826711,9689.439118682478,41.4765988557665,0.023205034046460543,0.02851985729547651,0.005314823249015967,1.5860902988657555,1.5930960720135061,0.007005773147750638,1586849.4111988884,8553502.545959532,396712.3527997221,2138375.636489883
122.5,-0.6108652381980153,-35.0,6420986.773219251,42886.773219251074,0.14788402681634624,-0.0008371645435439843,9668.700181676588,0.025862973714224947,1.5895934907171494,1.4818392394828763,91.07699815956066,0.002584363872817464,0.00269770908964943,120298.79824246744,126618.20521301225,42736.773219251074,43036.773219251074,outside,3,6420892.839130218,6421205.749782105,312.9106518868357,0.14808490995958684,0.1484356503158994,0.00035074035631255107,-0.0010201952566715534,-0.000668442404490742,0.00035175285218081137,9664.648255046675,9706.110682779106,41.462427732431024,0.02197997445699356,0.027294139535154176,0.005314165078160616,1.5860711157323966,1.593076570114599,0.007005454382202458,1587771.3314271297,8558159.81756952,396942.8328567824,2139539.95439238
122.75,-0.6108652381980153,-35.0,6421049.281584797,42949.28158479743,0.14826028359441742,-0.0008443159945648858,9685.37881065233,0.02463757988835035,1.5895741446109075,1.411629345018873,91.075889709323,0.0025617018722871626,0.0026739764857533106,119656.51493789122,125936.77574157373,42799.28158479743,43099.28158479743,outside,3,6420952.484195243,6421265.404814327,312.9206190844998,0.14846182502456398,0.14881256314947441,0.00035073812491043244,-0.0010273545796085862,-0.0006755970114023819,0.0003517575682062044,9681.338583101833,9722.78761594641,41.44903284457723,0.020765496210896506,0.02607904139222597,0.005313545181329465,1.586055078522124,1.593060229027646,0.007005150505522195,1589006.314072621,8564510.561758121,397251.57851815526,2141127.6404395304
123.0,-0.6108652381980153,-35.0,6421108.93162322,43008.931623220444,0.14863719755260255,-0.0008514729632783936,9702.062420746255,0.02342278683408451,1.5895579520542804,1.3420268300276337,91.07496194416873,0.0025402757781821483,0.0026515388512890156,119065.68859847191,125309.7344255953,42858.931623220444,43158.931623220444,outside,3,6421009.286316467,6421322.21699401,312.93067754246294,0.14883939696699744,0.14919013287911514,0.0003507359121177056,-0.0010345205980061088,-0.0006827583091468654,0.0003517622888592433,9698.038942040748,9739.47533178015,41.43638973940142,0.01956099010474597,0.024873952591305825,0.005312962486559856,1.5860420980105232,1.5930469589326708,0.007004860922147582,1590555.2481193554,8572559.285005782,397638.81202983885,2143139.8212514454
123.25,-0.6108652381980153,-35.0,6421165.738763549,43065.738763549365,0.1490147683975148,-0.0008586366251296726,9718.756437733653,0.022217984803041116,1.5895448235184009,1.2729967585000574,91.07420973447165,0.0025200503428950915,0.0026303591671200995,118525.37208675938,124736.07300513121,42915.738763549365,43215.738763549365,outside,3,6421063.259605356,6421376.200434199,312.94082884304225,0.1492176257221075,0.1495683594388931,0.00035073371678559506,-0.001041694464598808,-0.0006899274490311449,0.00035176701556766305,9714.754811242414,9756.179286943565,41.424475701151096,0.01836586164400371,0.023678277646407606,0.005312416002403897,1.5860320907093524,1.5930366757839205,0.007004585074568137,1592419.3951038525,8582312.512509232,398104.8487759631,2145578.128127308
123.5,-0.6108652381980153,-35.0,6421219.717118034,43119.71711803414,0.1493929960638037,-0.0008658081321410914,9735.466329590308,0.02102257879663354,1.5895346752300519,1.2045050395283148,91.07362828037996,0.002500992821484832,0.0026104030436610655,118034.71385370454,124214.88457257929,42969.71711803414,43269.71711803414,outside,3,6421114.416875691,6421427.367950418,312.9510747268796,0.1495965114536036,0.1499472429913929,0.0003507315377893061,-0.0010488773106650503,-0.0006971055608913792,0.00035177174977367106,9731.491718212528,9772.904987870757,41.41326965822918,0.01717952987243358,0.022491434686525553,0.005311904814091974,1.5860249785774105,1.593029301018295,0.007004322440884447,1594600.391108673,8593778.798253663,398650.09777716827,2148444.6995634157
123.75,-0.6108652381980153,-35.0,6421270.879501323,43170.879501323216,0.14977188071462008,-0.0008729886148714595,9752.197613242111,0.019835987393539686,1.5895274288812873,1.1365183601245303,91.07321309517889,0.0024830728507773386,0.00259163859361168,117592.95483584392,123745.36026072629,43020.879501323216,43320.879501323216,outside,3,6421162.769660313,6421475.73107741,312.9614170975983,0.14997605455446594,0.15032678392849141,0.00035072937402547133,-0.0010560702479079267,-0.0007042937549723562,0.00035177649293557055,9748.255245649869,9789.65799774844,41.402752098571,0.01600142624982628,0.021312854329879945,0.005311428080053665,1.586020688755495,1.593024761288063,0.007004072532567962,1597100.2499561843,8606968.741590349,399275.0624890461,2151742.1853975873
124.0,-0.6108652381980153,-35.0,6421319.237447202,43219.237447202206,0.15015142274239615,-0.0008801791842962638,9768.955861588916,0.018657641625656432,1.589523011363244,1.0690041208177177,91.07295999003907,0.0024662623391810854,0.00257403631597343,117199.42574099997,123326.7863436833,43069.237447202206,43369.237447202206,outside,3,6421208.328225484,6421521.300083498,312.9718580134213,0.15035625564804803,0.15070698287245823,0.00035072722441020776,-0.0010632743702652342,-0.000711493123735761,0.00035178124652947317,9765.051038797852,9806.44394379044,41.39290499258823,0.014830993573201303,0.02014197860197378,0.005310985028772478,1.5860191533237642,1.593022988216167,0.00700383489240286,1599921.3676088431,8621895.010350842,399980.3419022108,2155473.7525877105
124.25,-0.6108652381980153,-35.0,6421364.8012229595,43264.80122295953,0.15053162276994703,-0.0008873809336167954,9785.746710817364,0.017486983897701033,1.5895213545224525,1.0019303737514993,91.0728650600544,0.002450535366496713,0.002557568990588483,116853.54470452423,122958.54173148118,43114.80122295953,43414.80122295953,outside,3,6421251.10158293,6421564.083982628,312.98239969741553,0.1507371155895068,0.1510878406773838,0.00035072508787697965,-0.0010704907556558238,-0.0007187047436047213,0.0003517860120511025,9781.884813098612,9823.268524821817,41.383711723205124,0.013667684936935307,0.01897825989288848,0.005310574955953173,1.5860203090799971,1.5930239181725925,0.007003609092595342,1603066.5277893299,8638572.37056643,400766.63194733247,2159643.0926416074
124.5,-0.6108652381980153,-35.0,6421407.579841427,43307.579841426574,0.15091248165190005,-0.0008945949400055989,9802.575868019789,0.016323466945897973,1.5895223949381316,0.9352657630212575,91.07292467148176,0.002435868093080657,0.0025422115825258977,116554.81530099253,122640.09584217117,43157.579841426574,43457.579841426574,outside,3,6421291.097499601,6421604.090544132,312.99304453097284,0.15111863546756868,0.1514693584309431,0.00035072296337443354,-0.001077720467669343,-0.0007259296766516513,0.0003517907910176917,9798.762362169422,9840.137519191874,41.375157022452186,0.01251096272751039,0.017821159949493428,0.005310197221983039,1.5860240973373956,1.5930274920704344,0.0070033947330387925,1606538.9088425632,8657017.72290897,401634.7272106408,2164254.4307272425
124.75,-0.6108652381980153,-35.0,6421447.581070738,43347.58107073791,0.15129400047645952,-0.0009018222662952691,9819.449119138766,0.015166552831435065,1.5895260737191035,0.8689794670034179,91.0731354501052,0.002422238677789917,0.002527941155711075,116302.8248987063,122371.00683788,43197.58107073791,43497.58107073791,outside,3,6421328.322505179,6421641.326300235,313.00379505660385,0.15150081660663903,0.15185153745650357,0.00035072084986453866,-0.001084964557206047,-0.0007331689722360656,0.00035179558496998143,9815.689566123745,9857.056793037937,41.36722691419163,0.011360297648789716,0.016670148898460482,0.005309851249670766,1.586030463740721,1.5930336551804378,0.007003191439716838,1610342.091868523,8677250.146006703,402585.52296713076,2169312.536501676
125.0,-0.6108652381980153,-35.0,6421484.811441844,43384.81144184433,0.15167618056751536,-0.0009090639626172642,9836.372337259329,0.014015711964588158,1.5895323363191143,0.8030411424419129,91.07349427065459,0.002409627204201551,0.002514736795264181,116097.24334688696,122150.92021395033,43234.81144184433,43534.81144184433,outside,3,6421362.781897371,6421675.796551355,313.01465398445725,0.15188366056926544,0.15223437931558614,0.00035071874632069955,-0.001092224064073039,-0.0007404236685987195,0.0003518003954743194,9832.672400261665,9874.03230892428,41.359908662614544,0.01021516777391239,0.015524704296160879,0.005309536522248489,1.5860393580996848,1.593042356962923,0.007002998863238297,1614480.070163383,8699290.946834441,403620.0175408457,2174822.7367086103
125.25,-0.6108652381980153,-35.0,6421519.276253804,43419.27625380363,0.15205902348710545,-0.0009163210679971001,9853.351491273494,0.01287042215559879,1.5895411323694772,0.737420870067478,91.07399824721678,0.0023980156146589863,0.0025025795380755893,115937.82198774182,121979.5677327605,43269.27625380363,43569.27625380363,outside,3,6421394.4797449885,6421707.505369176,313.0256241876632,0.15226716915896546,0.15261788581069116,0.0003507166517257021,-0.0010995000185430436,-0.000747694794418174,0.00035180522412486966,9849.716944157257,9891.070134883383,41.35319072612583,0.009075057620056089,0.014384310201680876,0.005309252581624787,1.5860507342386396,1.5930535509161294,0.007002816677489809,1618957.260014334,8723163.718421247,404739.3150035835,2180790.9296053117
125.5,-0.6108652381980153,-35.0,6421550.979576858,43450.97957685776,0.15244253103824232,-0.000923594611912022,9870.39265494439,0.011730167688547202,1.5895524155280758,0.672089101534483,91.07464472458405,0.0023873876517562964,0.002491452311207607,115824.39298802537,121856.76669636775,43300.97957685776,43600.97957685776,outside,3,6421423.418888819,6421736.455597531,313.0367087116465,0.1526513444234304,0.15300205898850033,0.00035071456506993726,-0.0011067934428815969,-0.00075498337033566,0.00035181007254593685,9866.829391173125,9908.176453889499,41.34706271637333,0.007939457242445606,0.013248456269323416,0.005308999026877811,1.5860645498617254,1.5930671944401256,0.007002644578400163,1623778.5129032806,8748894.40516993,405944.62822582014,2187223.6012924826
125.75,-0.6108652381980153,-35.0,6421579.924253313,43479.92425331287,0.152826705268116,-0.000930885615817034,9887.502016400153,0.010594438414593337,1.589566143343878,0.6070166074674692,91.07543127049144,0.0023777288069164134,0.002481339877760283,115756.86898660677,121782.41955418444,43329.92425331287,43629.92425331287,outside,3,6421449.600940298,6421762.648851075,313.0479107769206,0.15303618865811874,0.15338690114346826,0.0003507124853495136,-0.0011141053528483488,-0.0007622904104539341,0.00035181494239441477,9884.016058435465,9925.357573797555,41.34151536208992,0.006807861344092983,0.012116636857072914,0.005308775512979931,1.5860807664327312,1.593083248715537,0.007002482282805866,1628949.1291813704,8776511.376121376,407237.2822953426,2194127.844030344
126.0,-0.6108652381980153,-35.0,6421606.11189621,43506.11189621035,0.15321154847168666,-0.0009381950946449804,9904.685888090738,0.009462728861067006,1.5895822771362205,0.5421744264157757,91.0763556687002,0.0023690262757758403,0.002472228789897493,115735.24305713129,121756.51384457057,43356.11189621035,43656.11189621035,outside,3,6421473.026277959,6421786.085511742,313.05923378281295,0.15342170441025377,0.15377241482181825,0.000350710411564481,-0.0011214367591780375,-0.0007696169238156732,0.0003518198353623642,9901.283397306088,9942.619937783673,41.336540477585004,0.0056797683978349785,0.010988350147581398,0.005308581749746419,1.586099349069036,1.5931016785964465,0.0070023295274104225,1634474.8732885204,8806045.506560544,408618.7183221301,2201511.376640136
126.25,-0.6108652381980153,-35.0,6421629.5428857785,43529.54288577847,0.1535970631956812,-0.0009455240582862346,9921.950717244028,0.008334537352969316,1.589600781888218,0.47753381451927873,91.0774159128906,0.002361268920129952,0.002464107348774251,115759.5889868368,121779.122471369,43379.54288577847,43679.54288577847,outside,3,6421493.694041645,6421806.764722956,313.0706813111901,0.1538078944832415,0.1541586028259585,0.0003507083427169988,-0.0011287886690465848,-0.0007769639158668542,0.00035182475317973054,9918.63800439137,9959.970135327048,41.332130935677924,0.004554679777292374,0.009863097278295088,0.0053084175010027134,1.5861202664490772,1.59312245251691,0.007002186067832872,1640361.9906008563,8837530.268409997,410090.49765021406,2209382.5671024993
126.5,-0.6108652381980153,-35.0,6421650.216363648,43550.21636364795,0.15398325224301035,-0.0009528735130534379,9939.303096861078,0.007209365143506918,1.5896216261537468,0.41306619569167347,91.07861020133245,0.0023544472362366704,0.002456965571151675,115830.06187478697,121850.40431871531,43400.21636364795,43700.21636364795,outside,3,6421511.602124448,6421824.6843815865,313.0822571385652,0.15419476194152676,0.15454546821933618,0.00035070627780942054,-0.0011361620875276943,-0.0007843323899104828,0.0003518296976172115,9936.086633131796,9977.414913776674,41.32828064487876,0.0034320988934119496,0.00874038147737793,0.005308282583965981,1.5861434907328926,1.5931455424106276,0.007002051677734933,1646617.225999855,8871001.829914324,411654.30649996374,2217750.457478581
126.75,-0.6108652381980153,-35.0,6421668.130224792,43568.13022479229,0.15437011867762374,-0.0009602444631366673,9956.749777294075,0.006086715550317828,1.5896447819775426,0.3487431121298598,91.07993693230709,0.0023485533293229103,0.0024507951625352,115946.89905525277,121970.60521007462,43418.13022479229,43718.13022479229,outside,3,6421526.747162338,6421839.841127573,313.09396523423493,0.15458231011590665,0.1549330143317492,0.0003507042158425455,-0.001143558019045299,-0.0007917233485560117,0.00035183467048928733,9953.636206019763,9994.961190550493,41.324984530730944,0.0023115303332632542,0.007619707202101621,0.005308176868838367,1.5861689974953601,1.5931709236433875,0.007001926148027415,1653247.8442703146,8906499.165191008,413311.96106757864,2226624.791297752
127.0,-0.6108652381980153,-35.0,6421683.281107165,43583.28110716492,0.1547576658298226,-0.0009676379120543711,9974.29767845465,0.00496609309405956,1.5896702248280339,0.28453617495867733,91.08139470025904,0.0023435808941722593,0.0024455894967077224,116110.42135396146,122140.05921957451,43433.28110716492,43733.28110716492,outside,3,6421539.124521439,6421852.230331213,313.1058097742498,0.154970542609323,0.15532124476513678,0.00035070215581378683,-0.0011509774688272013,-0.0007991377951697806,0.0003518396736574207,9971.29382749779,10012.616066018976,41.32223852118659,0.0011924789977546435,0.006500579276365277,0.005308100278610634,1.586196765671842,1.5931985749579864,0.007001809286144356,1660261.652444734,8944064.174279962,415065.4131111835,2236016.0435699904
127.25,-0.6108652381980153,-35.0,6421695.66437897,43595.66437896993,0.15514589730205122,-0.000975054864105412,9991.953902704585,0.0038470026360233603,1.5896979335426205,0.22041701481984094,91.08298229266057,0.002339525201721344,0.002441343601580845,116321.0346877884,122359.19034672098,43445.66437896993,43745.66437896993,outside,3,6421548.728282869,6421861.846078017,313.11779514793307,0.15535946330315714,0.15571016339987234,0.00035070009671520075,-0.0011584214443652924,-0.0008065767353318475,0.00035184470903344483,9989.066797594021,10030.386837129983,41.32003953596177,7.444923489756047e-05,0.005382502023974238,0.005308052789076678,1.5862267775160273,1.593228478431414,0.007001700915386655,1667667.0242286832,8983741.814415447,416916.7560571708,2245935.453603862
127.5,-0.6108652381980153,-35.0,6421705.274123518,43605.2741235178,0.1555348169751907,-0.000982496325827597,10009.725748485815,0.0027289485114037892,1.589727890285179,0.15635723221194572,91.08469868757714,0.002336383091623953,0.002438054151320569,116579.23202061412,122628.51456785257,43455.2741235178,43755.2741235178,outside,3,6421555.551225107,6421868.681151073,313.1299259662628,0.15574907636405208,0.15609977440158374,0.00035069803753165485,-0.0011658909568878055,-0.0008140411783046522,0.00035184977858315324,10006.962626357252,10048.281011837049,41.31838547979714,-0.001043056034806122,0.004264978394254314,0.005308034429060436,1.5862590185698346,1.5932606194441605,0.007001600874325886,1675472.9266542334,9025580.243311165,418868.23166355834,2256395.060827791
127.75,-0.6108652381980153,-35.0,6421712.103121587,43612.103121587075,0.15592442901538037,-0.0009899633074681373,10027.620724751883,0.0016114336547991674,1.5897600805156646,0.0923283473853335,91.08654305192552,0.0023341529707884973,0.0024357194647528896,116885.59569110366,122948.64228090567,43462.103121587075,43762.103121587075,outside,3,6421559.574738174,6421872.727010847,313.15227267332375,0.15613938625129067,0.15649008242666407,0.0003506961753733939,-0.0011733870273530791,-0.0008215321385190612,0.00035185488883401797,10024.989049159458,10066.31003464389,41.32098548443173,-0.002160549270776307,0.00314750915282889,0.005308058423605197,1.5862934776453244,1.5932949869050186,0.0070015092596942274,1683688.9491276057,9069630.975352412,420922.2372819014,2267407.743838103
128.0,-0.6108652381980153,-35.0,6421716.1428312175,43616.1428312175,0.15631473788139488,-0.000997456824471602,10045.64656626887,0.0004939587144369186,1.5897944929717511,0.028301749590943278,91.08851474042196,0.002332834817929653,0.0024343395100919164,117240.80013081284,123320.28116286588,43466.1428312175,43766.1428312175,outside,3,6421560.797888424,6421873.97377231,313.175883885473,0.1565303977247598,0.15688109252341775,0.00035069479865795783,-0.0011809106855666578,-0.0008290506370834903,0.0003518600484831675,10043.15404294025,10084.478624331543,41.32458139129267,-0.003278521487502558,0.0020295919420817397,0.0053081134295842975,1.586330146818646,1.593331572558849,0.007001425740203127,1692325.3350539515,9115949.051679604,423081.33376348787,2278987.262919901
128.25,-0.6108652381980153,-35.0,6421717.383364833,43617.38336483296,0.1567057483326073,-0.001004977898991063,10063.811249860157,-0.000623978848486468,1.5898311196625354,-0.035751354523707674,91.09061329522143,0.0023324301942212844,0.0024339159160817097,117645.61499439743,123744.23946284143,43467.38336483296,43767.38336483296,outside,3,6421559.210518887,6421872.410179298,313.19966041110456,0.15692211457640393,0.1572728097655158,0.000350695189111877,-0.0011884629631904553,-0.0008365976832201089,0.0003518652799703464,10061.465785289935,10102.794618264052,41.32883297411718,-0.004397478503129083,0.0009107202171535858,0.005308198720282669,1.5863690213278752,1.593370371601104,0.007001350273228901,1701393.0162443966,9164593.225266915,425348.25406109914,2291148.3063167287
128.5,-0.6108652381980153,-35.0,6421715.813463596,43615.813463595696,0.1570974654375716,-0.0010125275614283305,10082.123011676546,-0.0017428856790948299,1.5898699558744078,-0.09985999358592612,91.09283844625399,0.0023329422601753593,0.0024344519896825913,118100.90872684531,124221.42975701638,43465.813463595696,43765.813463595696,outside,3,6421554.799963072,6421868.023575982,313.2236129101366,0.15731454245135879,0.15766523954357642,0.00035069709221763334,-0.0011960449017198902,-0.0008441743199528351,0.0003518705817670551,10079.932800604305,10121.266539189292,41.33373858498635,-0.005517932069436898,-0.00020961758780172965,0.005308314481635168,1.586410099848319,1.593411382554972,0.0070012827066530114,1710903.6503314003,9215626.162212417,427725.9125828501,2303906.540553104
128.75,-0.6108652381980153,-35.0,6421711.420468867,43611.420468866825,0.15748989458326054,-0.001020106852009398,10100.590365580973,-0.0028632734706544195,1.5899110001892771,-0.1640534854602736,91.09519011226901,0.0023343757989202334,0.0024359527404840668,118607.65259656354,124752.87319588602,43461.420468866825,43761.420468866825,outside,3,6421547.552122931,6421860.802328099,313.2502051675692,0.15770768807350172,0.15805838756567436,0.00035069949217264584,-0.0012036575538874968,-0.0008517816136087386,0.00035187594027875815,10098.563030357227,10139.90320740411,41.34017704688267,-0.006640399690094815,-0.0013319359937934035,0.005308463696301411,1.5864533843638746,1.5934546072760325,0.007001222912157878,1720869.6614451387,9269114.660600068,430217.4153612847,2317278.665150017
129.0,-0.6108652381980153,-35.0,6421704.190290638,43604.190290638246,0.1578830414849989,-0.0010277168224014982,10119.222122745807,-0.003985659933024507,1.5899542545154242,-0.22836149273669865,91.09766840260292,0.002336737246096816,0.002438424912073996,119166.92522713686,125339.70427838853,43454.190290638246,43754.190290638246,outside,3,6421537.451434094,6421850.737200895,313.28576680086553,0.15810155749653163,0.1584522595581625,0.00035070206163087536,-0.0012113019782220792,-0.000859420627734252,0.0003518813504878272,10117.363224498005,10158.713746813584,41.35052231557893,-0.0077654063013828985,-0.0024567518005940764,0.005308654500788822,1.5864988800329327,1.5935000509900876,0.007001170957154912,1731304.2844311264,9325129.888441905,432826.0711077816,2331282.4721104763
129.25,-0.6108652381980153,-35.0,6421694.1073727915,43594.107372791506,0.158276912197135,-0.0010353585373784955,10138.027412570289,-0.005110569792056627,1.5899997241313435,-0.29281407999189546,91.10027361969118,0.002340034726639184,0.002441877020643886,119779.91766497499,125983.17619217928,43444.107372791506,43744.107372791506,outside,3,6421524.480827772,6421837.802391464,313.3215636918321,0.158496157124608,0.15884686177596,0.00035070465135200735,-0.001218979252160607,-0.0008670924406591269,0.0003518868115014802,10136.346090410087,10177.707631140427,41.361540730340494,-0.00889348492215682,-0.0035846084189523394,0.00530887650320448,1.5865465958118397,1.5935477223655328,0.0070011265536931155,1742221.6129199162,9383747.642373309,435555.40322997904,2345936.910593327
129.5,-0.6108652381980153,-35.0,6421681.154655013,43581.15465501323,0.15867151312449776,-0.0010430330765417153,10157.015705036347,-0.006238535824521903,1.5900474177430342,-0.3574417730862722,91.10300626235079,0.0023442780987619942,0.00244631940116942,120447.93902516333,126684.666764711,43431.15465501323,43731.15465501323,outside,3,6421508.621689121,6421821.979302416,313.3576132943854,0.15889149372464328,0.15924220098735722,0.0003507072627139396,-0.0012266904732388276,-0.0008747981472771484,0.0003518923259616792,10155.52145115882,10196.894706662448,41.37325550362766,-0.010025177730402936,-0.004716047485013435,0.005309130245389501,1.5865965439316556,1.5935976335799156,0.007001089648259962,1753636.6515956635,9445048.628968569,438409.1628989159,2361262.157242142
129.75,-0.6108652381980153,-35.0,6421665.313531182,43565.313531181775,0.15906685103469087,-0.001050741536103749,10176.196834632945,-0.007370099933445977,1.5900973475552964,-0.4222756207761034,91.1058670298653,0.0023494790055334606,0.002451764261564338,121172.42276331385,127445.68507555469,43415.313531181775,43715.313531181775,outside,3,6421489.85381188,6421803.247745475,313.39393359515816,0.1592875744394887,0.15963828433662997,0.0003507098971412548,-0.001234436757509201,-0.0008825388608976466,0.0003518978966115544,10174.899519078397,10216.285210705353,41.38569162695603,-0.01116103718558509,-0.005851620848937542,0.0053094163366475475,1.5866487402019611,1.5936498004013877,0.00700106019942659,1765565.3730491705,9509118.770752605,441391.3432622926,2377279.6926881513
130.0,-0.6108652381980153,-35.0,6421646.563804022,43546.56380402204,0.15946293307128018,-0.001058485030743271,10195.58102599238,-0.008505814269073484,1.590149529357703,-0.48734725894006387,91.10885682691058,0.0023556509344741295,0.0024582257452705055,121954.93362733672,128267.87878686996,43396.56380402204,43696.56380402204,outside,3,6421468.155349042,6421781.585892197,313.4305431544781,0.15968440680207466,0.16003511935818365,0.0003507125561089952,-0.001242219241478882,-0.0008903157151763877,0.0003519035263024943,10194.490923217956,10235.889799211562,41.39887599360554,-0.012301627202406776,-0.006991891745596524,0.005309735456810252,1.5867032041123406,1.5937042438645206,0.007001039752180027,1778024.7796446716,9576049.5392197,444506.1949111679,2394012.384804925
130.25,-0.6108652381980153,-35.0,6421624.883635804,43524.88363580406,0.15985976676793598,-0.00106626469553947,10215.178921396753,-0.00964624240107388,1.5902039826260286,-0.5526889777416748,91.11197676936632,0.0023628092856894777,0.0024657200028186253,122797.17534995111,129153.04225623503,43374.88363580406,43674.88363580406,outside,3,6421443.502759329,6421756.970220482,313.46746115293354,0.160081998750573,0.16043271399171963,0.0003507152411466319,-0.0012500390841368183,-0.0008981298661350684,0.00035190921800174987,10214.306738826805,10255.71957636005,41.41283753324569,-0.013447524382056614,-0.008137436022384323,0.005310088359672291,1.5867599589502142,1.593761096065702,0.007001137115487888,1791032.9708789843,9645938.317436384,447758.2427197461,2411484.579359096
130.5,-0.6108652381980153,-35.0,6421600.249494831,43500.24949483108,0.16025736006359753,-0.0010740816879953388,10235.001610329395,-0.010791960548042712,1.5902607306400507,-0.6183337920745383,91.11522819106554,0.0023709714491211447,0.0024742652729744137,123700.99915061846,130103.12550433466,43350.24949483108,43650.24949483108,outside,3,6421415.870749164,6421729.375456604,313.5047074398026,0.16048035864465532,0.16083107659849763,0.0003507179538423111,-0.0012578974690799656,-0.0009059824942793641,0.0003519149748006015,10234.358519071511,10275.786126431205,41.427607359693866,-0.014599319307509004,-0.009288843430682453,0.005310475876826551,1.5868190319360786,1.5938202753840893,0.0070012434480106744,1804609.2167680804,9718888.795108778,451152.3041920201,2429722.1987771946
130.75,-0.6108652381980153,-35.0,6421572.636097447,43472.636097447015,0.16065572131873312,-0.0010819371901598022,10255.060661264646,-0.011943558870854942,1.5903198006187764,-0.6843155156660232,91.11861265154245,0.0023801568915804493,0.0024838819741685348,124668.41312413738,131120.24411906739,43322.636097447015,43622.636097447015,outside,3,6421385.2322098715,6421698.774512459,313.54230258706957,0.1608794952829272,0.16123021597877454,0.00035072069584735077,-0.0012657956067494405,-0.0009138748068263022,0.0003519207999231383,10254.658329198408,10296.101548131597,41.4432189331892,-0.0157576179100204,-0.010446718988086473,0.005310898921933928,1.5868804543773556,1.5938818133644763,0.007001358987120732,1818774.0378576594,9795011.399326827,454693.50946441485,2448752.849831707
131.0,-0.6108652381980153,-35.0,6421542.016345253,43442.016345253214,0.16105485933277677,-0.001089832410859473,10275.368155910153,-0.013101642836993046,1.5903812238742998,-0.7506688392475079,91.1221319448479,0.002390387254322895,0.0024945928070083524,125701.5926031965,132206.69018824768,43292.016345253214,43592.016345253214,outside,3,6421351.558149737,6421665.138417682,313.5802679443732,0.16127941792162717,0.16163014139050827,0.00035072346888109784,-0.0012737347367883678,-0.0009218080400526542,0.00035192669673571363,10275.21878337831,10316.678491617075,41.459708238764506,-0.01692304291460579,-0.011611684419138884,0.005311358495466906,1.5869442618422323,1.5939457458343431,0.0070014839921108685,1833549.2925266745,9874423.764587028,458387.3231316686,2468605.941146757
131.25,-0.6108652381980153,-35.0,6421508.361257207,43408.36125720665,0.16145478336282967,-0.0010977685880517653,10295.936726139322,-0.014266834663614713,1.590445035985669,-0.8174294132360685,91.12578810951118,0.0024016864620198955,0.0025064228687722164,126802.89159313988,133364.9443646542,43258.36125720665,43558.36125720665,outside,3,6421314.8176205885,6421628.436246287,313.61862569861114,0.16168013629468747,0.1620308625694238,0.00035072627473634044,-0.0012817161305342208,-0.0009297834617770843,0.0003519326687571365,10296.053084496596,10337.530198479028,41.47711398243155,-0.01809623537300517,-0.012784379683034232,0.005311855689970939,1.5870104943550587,1.5940121131005813,0.007001618745522631,1848958.2723316872,9957251.246120246,462239.5680829218,2489312.8115300615
131.5,-0.6108652381980153,-35.0,6421471.639896219,43371.639896218665,0.1618555031437235,-0.0011057469913121325,10316.77959387787,-0.015439774847847521,1.5905112769943308,-0.8846339354139058,91.12958343973818,0.00241408084410314,0.0025193997809125333,127974.85539017056,134597.6891808851,43221.639896218665,43521.639896218665,outside,3,6421274.977638458,6421588.635037397,313.6573989391327,0.16208166063526303,0.16243238975054775,0.0003507291152847203,-0.0012897410936596413,-0.0009378023739899657,0.0003519387196696756,10317.175067181337,10358.670544988567,41.49547780722969,-0.019277856293472267,-0.013965464597578551,0.0053123916958937156,1.587079196615081,1.594080960169697,0.007001763554616014,1865025.8062333055,10043627.481054196,466256.4515583264,2510906.870263549
131.75,-0.6108652381980153,-35.0,6421431.819289858,43331.81928985845,0.16225702890955215,-0.001113768924469378,10337.910614238212,-0.01662112379361739,1.5905799916229317,-0.9523202441387483,91.13352049794783,0.002427599269576932,0.0025335538307203523,129220.23450825375,135907.8237463233,43181.81928985845,43481.81928985845,outside,3,6421232.003097897,6421545.699709622,313.6966117247939,0.1624840016988456,0.16283473369132867,0.00035073199248306097,-0.0012978109689770546,-0.0009458661156461012,0.0003519448533309534,10338.599244395647,10380.11408892696,41.51484453131343,-0.020468588377642077,-0.015155620569603316,0.005312967808038761,1.5871504182405283,1.594152336993522,0.007001918752993719,1881778.3746469675,10133695.002484303,470444.5936617419,2533423.7506210757
132.0,-0.6108652381980153,-35.0,6421388.864344702,43288.8643447021,0.1626593714167893,-0.0011218357284043152,10359.344322228882,-0.01781156354523873,1.590651229519491,-1.0205274176712533,91.13760212876205,0.0024422732965441183,0.002548918128461856,130542.00005679778,137298.4799762537,43138.8643447021,43438.8643447021,outside,3,6421185.856679443,6421499.592968605,313.73628916218877,0.16288717078809273,0.16323790569647256,0.000350734908379835,-0.001305927139423897,-0.0009539760656370762,0.0003519510737868208,10360.340857958243,10401.876120368914,41.53526241067084,-0.02166913787578267,-0.016355552443075533,0.005313585432707137,1.5872242140403339,1.5942262987427307,0.007002084702396827,1899244.234381236,10227605.912176812,474811.058595309,2556901.478044203
132.25,-0.6108652381980153,-35.0,6421342.737753829,43242.73775382899,0.16306254196912018,-0.00112994878402855,10381.095983404291,-0.019011799639039352,1.5907250455292303,-1.0892958802652968,91.14183147458063,0.0024581373378500643,0.0025655287814650304,131943.3607298479,138773.04052292355,43092.73775382899,43392.73775382899,outside,3,6421136.498749668,6421450.27520715,313.7764574820176,0.16329117977951252,0.16364191764463498,0.0003507378651224635,-0.001314091031246969,-0.0009621336459616555,0.0003519573852853136,10382.415933399097,10423.972716828413,41.556783429316056,-0.022880236572921393,-0.017565990477321634,0.005314246095599759,1.5873006443160762,1.5943029061107654,0.007002261794689213,1917453.5556607386,10325522.61835043,479363.38891518465,2581380.6545876074
132.5,-0.6108652381980153,-35.0,6421293.39989692,43193.39989691973,0.1634665524441304,-0.0011381095154618457,10403.181648863081,-0.0202225630854734,1.5908014999966416,-1.1586675157346817,91.1462119928882,0.002475228844430778,0.002583425086825522,133427.781589,140335.15860099412,43043.39989691973,43343.39989691973,outside,3,6421083.887253222,6421397.704397353,313.81714413128793,0.1636960411521622,0.16404678201712708,0.0003507408649648658,-0.0013223041174063356,-0.0009703403251145366,0.00035196379229179896,10404.841339605768,10446.420803226034,41.579463620266324,-0.024102643919675468,-0.01878769246911347,0.005314951450561999,1.5873796507117905,1.594382225651111,0.007002574939320549,1936438.5725848468,10427618.645810729,484109.6431462117,2606904.661452682
132.75,-0.6108652381980153,-35.0,6421240.808732339,43140.80873233918,0.16387141532200808,-0.0011463193934284422,10425.618215052284,-0.021444612495510853,1.5908806591007172,-1.22868578928628,91.15074747546177,0.0024935885081627134,0.0026026497446238316,134999.00484718167,141988.77992621518,42990.80873233918,43290.80873233918,outside,3,6421027.977596189,6421341.835974053,313.858377863653,0.16410176801853282,0.16445251192880897,0.0003507439102761467,-0.001330567921221362,-0.000978597621715921,0.0003519702995054409,10427.634853771395,10469.23821719237,41.60336342097435,-0.025337149323138346,-0.020021446033874592,0.005315703289263753,1.587461425680463,1.5944643301512529,0.0070029044707899946,1956233.748551726,10534079.526673848,489058.4371379315,2633519.881668462
133.0,-0.6108652381980153,-35.0,6421184.919680537,43084.919680536725,0.16427714371643296,-0.001154579938894847,10448.423488890094,-0.022678736366607583,1.590962595226651,-1.2993958784964699,91.15544206966744,0.002513260486243641,0.002623249093789737,136661.07288868542,143738.16701596856,42934.919680536725,43234.919680536725,outside,3,6420968.722519991,6421282.622708833,313.900188841857,0.16450837415781194,0.1648591211613615,0.0003507470035495619,-0.0013388840202839141,-0.000986907108406792,0.00035197691187712214,10450.815232218472,10492.443780285988,41.62854806751602,-0.026584574614896307,-0.02126807106297603,0.005316503551920277,1.5875460487086694,1.5945492990470866,0.0070032503384172,1976875.9583791282,10645103.781001352,494218.98959478206,2661275.945250338
133.25,-0.6108652381980153,-35.0,6421125.685498008,43025.68549800757,0.1646837514078436,-0.0011628927269740645,10471.616258783479,-0.02392575554527703,1.5910473873777564,-1.3708448144060994,91.16030030206161,0.0025342926494083557,0.0026452733730390307,138418.3537939494,145587.92613532743,42875.68549800757,43175.68549800757,outside,3,6420906.071965033,6421220.014573786,313.94260875321925,0.16491587405173694,0.16526662419914964,0.00035075014741270394,-0.0013472540506665248,-0.0009952704160375463,0.00035198363462897843,10474.402287744688,10516.05737577704,41.65508803235207,-0.027845776715211427,-0.022528422376037516,0.005317354339173911,1.5876336054291054,1.59463721888206,0.007003613452954527,1998404.6890894799,10760903.997940114,499601.17227236996,2690225.9994850284
133.5,-0.6108652381980153,-35.0,6421063.056140991,42963.05614099093,0.16509125287929585,-0.0011712593911239828,10495.21637218926,-0.025186525885238464,1.5911351216318477,-1.4430816338211636,91.16532710453977,0.0025567368565863995,0.002668777009627318,140275.56967530525,147543.0372121489,42813.05614099093,43113.05614099093,outside,3,6420839.972923148,6421153.958594072,313.9856709232554,0.16532428292327392,0.1656750362679123,0.0003507533446383826,-0.0013556797114564739,-0.0010036892381807456,0.00035199047327572823,10498.416974219603,10540.100033730809,41.68305951120601,-0.029121650514636412,-0.02380339258936312,0.005318257925273292,1.5877241890201634,1.5947281838158944,0.0070039947957309945,2020862.2615952215,10881708.029406432,505215.56539880537,2720427.007351608
133.75,-0.6108652381980153,-35.0,6420996.978617969,42896.97861796897,0.1654996633551471,-0.0011796816276707755,10519.244820450202,-0.026461941122338132,1.5912258916469033,-1.5161575440336519,91.17052784330879,0.0025806492589688225,0.002693818939044542,142237.82817429496,149608.8870916156,42746.97861796897,43046.97861796897,outside,3,6420770.369277805,6421084.398688262,314.02941045723855,0.16573361677838444,0.16608437337654092,0.0003507565981564764,-0.001364162769650295,-0.0010121653360023065,0.00035199743364798856,10522.881479255671,10564.594024221136,41.712544965464986,-0.030413131996873014,-0.025093915224166857,0.005319216772706158,1.5878179007631035,1.5948222961883989,0.007004395425295407,2044294.0758356182,11007760.310050754,511073.51895890455,2751940.0775126885
134.0,-0.6108652381980153,-35.0,6420927.3968299525,42827.396829952486,0.16590899884282906,-0.0011881612006917367,10543.72383173273,-0.027752935989975493,1.5913197992214818,-1.590126101322323,91.17590835099645,0.002606090636847881,0.002720462959191973,144310.65752181847,151791.30655417673,42677.396829952486,42977.396829952486,outside,3,6420697.2016309565,6421011.275495332,314.0738643752411,0.16614389245117084,0.16649465236223815,0.00035075991106731097,-0.0013727050654472996,-0.001020700543529489,0.00035200452191781056,10547.819325885883,10589.562959613264,41.743633727381166,-0.03172120162958757,-0.02640096808112384,0.005320233548463726,1.5879148506598315,1.59491966714464,0.0070048164848084404,2068748.882275163,11139323.319171436,517187.22056879074,2784830.829792859
134.25,-0.6108652381980153,-35.0,6420854.251397393,42754.25139739271,0.16631927617799966,-0.0011966999472960212,10568.67697300215,-0.02906048960165781,1.5914169549161155,-1.6650434047588074,91.18147496225463,0.0026331267730710785,0.0027487781230865183,146500.0456224944,154096.61158438725,42604.25139739271,42904.25139739271,outside,3,6420620.407115218,6420934.526186994,314.11907177604735,0.16655512765272518,0.16690589093938094,0.0003507632866557586,-0.0013813085179853355,-0.0010292967733586504,0.00035201174462668513,10573.255484305675,10615.031906982198,41.776422676523,-0.03304688805322469,-0.02772557691108385,0.005321311142140843,1.5880151581183362,1.5950204173286158,0.007005259210279613,2094279.08309882,11276679.202535234,523569.770774705,2819169.8006338086
134.5,-0.6108652381980153,-35.0,6420777.479472441,42677.47947244067,0.1667305130733993,-0.001205299783346384,10594.129262097162,-0.030385629130620317,1.5915174787427706,-1.740968307034313,91.18723455326247,0.0026618288674855215,0.002778839174700625,148812.4836939055,156531.6494513829,42527.47947244067,42827.47947244067,outside,3,6420539.919189959,6420854.0842639655,314.1650740066543,0.16696734102404442,0.16731810775245173,0.00035076672840730905,-0.0013899751315673062,-0.0010379560228509996,0.00035201910871630665,10599.216494881532,10641.027511878756,41.811016997224215,-0.03439127210167179,-0.029068819415565564,0.005322452686106226,1.5881189527138122,1.595124677653574,0.007005724939761704,2120941.066928075,11420131.574693616,530235.2667320188,2855032.893673404
134.75,-0.6108652381980153,-35.0,6420697.014535125,42597.014535125345,0.16714272817177386,-0.001213962709670298,10620.107291110902,-0.031729433820245616,1.591621500930466,-1.81796264423973,91.19319458559313,0.0026922739973733304,0.0028107270332039624,151255.01507285074,159103.85024779622,42447.014535125345,42747.014535125345,outside,3,6420455.66741969,6420769.879334544,314.2119148541242,0.16738055219341713,0.16773132243344246,0.0003507702400253332,-0.0013987070024330387,-0.0010466803808706086,0.00035202662156243007,10625.730603796215,10667.578134824498,41.8475310282829,-0.03575549119300607,-0.03043182961499441,0.00532366157801166,1.5882263750346572,1.5952325901582938,0.007006215123636528,2148795.581454986,11570007.525469232,537198.8953637464,2892501.881367308
135.0,-0.6108652381980153,-35.0,6420612.786171837,42512.78617183678,0.1675559411032702,-0.001222690818814874,10646.639362453941,-0.03309303936337733,1.5917291627762968,-1.896091486781822,91.19936315497382,0.0027245456296087368,0.0028445293316427694,153835.28989661828,161821.2846353088,42362.78617183678,42662.78617183678,outside,3,6420367.577232946,6420681.836873698,314.2596407523379,0.16779478183873664,0.16814555566418712,0.0003507738254504844,-0.0014075063261380517,-0.0010554720351258653,0.00035203429101218634,10652.827912894962,10694.714002112976,41.886089218014604,-0.037140744133602306,-0.031815802627651386,0.00532494150595092,1.5883375776238602,1.5953443089600026,0.00700673133614238,2177908.149064706,11726659.857913086,544477.0372661765,2931664.9644782715
135.25,-0.6108652381980153,-35.0,6420524.719834311,42424.719834310934,0.16797017254775906,-0.0012314863024069482,10673.75563917008,-0.034477642693648454,1.591840617592458,-1.9754234139061155,91.20574904554627,0.002758734191109831,0.002880341016979791,156561.6264798116,164692.72866392866,42274.719834310934,42574.719834310934,outside,3,6420275.569659634,6420589.8779606465,314.30830101296306,0.1682100517552511,0.16856082924413301,0.00035077748888190374,-0.0014163754056087852,-0.0010643332801834923,0.0003520421254252929,10680.540545523256,10722.467372723098,41.92682719984259,-0.03854829638470176,-0.03322199990807545,0.005326296476626309,1.588452726027852,1.595460001316167,0.007007275288315018,2208349.531305117,11890469.589274464,552087.3828262793,2972617.397318616
135.5,-0.6108652381980153,-35.0,6420432.736577094,42332.7365770936,0.1683854443025956,-0.0012403514591876822,10701.488311302957,-0.035884507237742905,1.5919560317614188,-2.0560308146293242,91.21236179032373,0.002794937705140488,0.0029182650194540362,159443.0803400933,167727.73667253528,42182.7365770936,42482.7365770936,outside,3,6420179.561044553,6420493.918992631,314.3579480778426,0.16862638492932475,0.1689771661641255,0.0003507812348007566,-0.0014253166599530718,-0.0010732665262334338,0.00035205013371963803,10708.902830410461,10750.872723416678,41.96989300621681,-0.039979485847278826,-0.034651755000340796,0.005327730846938029,1.588571999966697,1.5955798488092496,0.0070078488425526775,2240196.248990424,12061848.751524605,560049.062247606,3015462.187881151
135.75,-0.6108652381980153,-35.0,6420336.7527711885,42236.752771188505,0.16880177935639265,-0.001249288703800214,10729.87178037654,-0.037314968684215896,1.5920755859132336,-2.1379902182684054,91.21921173864598,0.002833262502176764,0.00295841300044074,162489.5219840504,170936.72344507478,42086.752771188505,42386.752771188505,outside,3,6420079.462734513,6420393.871372315,314.4086378021166,0.16904380561885796,0.16939459068685445,0.0003507850679964897,-0.0014343326341152997,-0.0010822743086934896,0.0003520583254218101,10737.951505962343,10779.966954403932,42.01544844158889,-0.041435729228858506,-0.03610647986938052,0.005329249359477983,1.588695594641627,1.5957040486706655,0.007008454029038491,2273531.165826034,12241243.53389894,568382.7914565085,3060310.883474735
136.0,-0.6108652381980153,-35.0,6420236.679791312,42136.67979131173,0.16921920196945392,-0.0012583005764195277,10758.94286436269,-0.038770441332281615,1.5921994762411043,-2.221382658199301,91.22631013155546,0.002873824015399729,0.0030009061894119417,165711.72475122238,174331.05699426474,41986.67979131173,42286.67979131173,outside,3,6419975.180736109,6420289.641165869,314.46042976062745,0.16946233944109843,0.16981312843469437,0.0003507889935959463,-0.0014434260094780649,-0.0010913592987548577,0.0003520667107232071,10767.725947687404,10809.789618326227,42.06367063882317,-0.04291852906502532,-0.037587671882537046,0.005330857182488276,1.5888237221984056,1.5958328152627055,0.007009093064299865,2308444.1447415017,12429137.816917308,577111.0361853754,3107284.454229327
136.25,-0.6108652381980153,-35.0,6420132.423673826,42032.42367382627,0.16963773776159966,-0.001267389753326017,10788.741025872758,-0.040252425093023944,1.5923279159738142,-2.3062940729967623,91.23366918616153,0.002916747672470554,0.0030458763222798546,169121.46423745857,177923.1635806368,41882.42367382627,42182.42367382627,outside,3,6419866.615340849,6420181.128728448,314.51338759902865,0.16988201346867166,0.1702328064857675,0.00035079301709584065,-0.0014525996155264475,-0.0011005243149839737,0.0003520753005424738,10798.26842190796,10840.383175735646,42.11475382768549,-0.04442948147896394,-0.039096921524025045,0.0053325599549388925,1.5889566133679311,1.5959663817401626,0.00700976837223144,2345032.7876666216,12626057.155679584,586258.1969166554,3156514.288919896
136.5,-0.6108652381980153,-35.0,6420023.884742044,41923.88474204391,0.1700574138082136,-0.0012765590585385055,10819.308626738135,-0.041762513226038224,1.5924611370266093,-2.3928157497112705,91.24130219022898,0.0029621698971200364,0.0030934666953818185,172731.6310853038,181726.6468564321,41773.88474204391,42073.88474204391,outside,3,6419753.660713867,6420068.228293277,314.5675794100389,0.17030285633477218,0.17065365347917108,0.00035079714439889553,-0.001461856442707757,-0.001109772336112633,0.0003520841065951241,10829.624369409441,10871.793280758688,42.16891134924663,-0.04597028477476599,-0.04063592093727638,0.005334363837489607,1.5890945193089498,1.5961050019169127,0.007010482607962887,2383403.271330843,12832573.28016393,595850.8178327108,3208143.3200409827
136.75,-0.6108652381980153,-35.0,6419910.957195116,41810.95719511621,0.17047825874545222,-0.0012858114766391407,10850.691212649985,-0.04330240090684964,1.5925993918555765,-2.481044814745953,91.2492236084261,0.0030102392363118955,0.003143833351715536,176556.35924925064,185756.42336242503,41660.95719511621,41960.95719511621,outside,3,6419636.204441882,6419950.827520051,314.62307816930115,0.17072489834858567,0.17107569973044034,0.0003508013818546707,-0.0014711996566390978,-0.0011191065151677536,0.0003520931414713441,10861.842723276663,10904.069101232886,42.22637795622359,-0.04754274897477837,-0.04220647340454342,0.005336275570234951,1.5892377136818303,1.5962489523668575,0.007011238685027177,2423671.2938773367,13049309.192161154,605917.8234693342,3262327.2980402885
137.0,-0.6108652381980153,-35.0,6419793.528656229,41693.52865622938,0.1709003028856873,-0.0012951501669420107,10882.937832126481,-0.044873894734926825,1.5927429555446995,-2.5710847786256332,91.25744920190418,0.003061117631371335,0.0031971464188079064,180611.17222843986,190028.87701247982,41543.52865622938,41843.52865622938,outside,3,6419514.127035547,6419828.806997754,314.6799622066319,0.17114817162216364,0.1714989773584686,0.00035080573630497103,-0.001480632613837949,-0.0011285301951148186,0.00035210241872313036,10894.97626587265,10937.263678319476,42.28741244682533,-0.04914880642837037,-0.04381050389008054,0.0053383025382898325,1.589386494987217,1.596398534793579,0.007012039806362003,2465963.149734139,13276944.952748317,616490.7874335347,3319236.2381870793
137.25,-0.6108652381980153,-35.0,6419671.479675172,41571.4796751719,0.1713235783444035,-0.0013045784791801058,10916.101394786587,-0.0464789233091306,1.5928921281596666,-2.6630461419254097,91.26599616316074,0.003114981854629729,0.0032535916209335135,184913.15022574482,194562.03569379088,41421.4796751719,41721.4796751719,outside,3,6419387.301380496,6419702.039696244,314.7383157480508,0.17157271021014756,0.17192352042528272,0.00035081021513516664,-0.0014901588791778181,-0.0011380469262157063,0.0003521119529621118,10929.082030758456,10971.434331447286,42.35230068882993,-0.050790523639692095,-0.04545007079322646,0.005340452846465636,1.5895411892091709,1.5965540787089496,0.0070128894997787405,2510416.953391013,13516224.271466216,627604.2383477533,3379056.067866554
137.5,-0.6108652381980153,-35.0,6419544.6831796635,41444.683179663494,0.17174811917994828,-0.0013140999709120016,10950.239074756662,-0.04811954901753548,1.5930472374083502,-2.75704707077767,91.27488326847374,0.0031720251368829513,0.0033133719923501715,189481.12175619073,199375.7737071199,41294.683179663494,41594.683179663494,outside,3,6419255.592130658,6419570.390360172,314.7982295136899,0.17199855026394473,0.17234936509027676,0.0003508148263320354,-0.001499782245302666,-0.001147660485333032,0.00035212175996963404,10964.221756360566,11006.643115462264,42.42135910169782,-0.05247011448590328,-0.04712737908138578,0.005342735404517504,1.589702152809329,1.5967159444679873,0.0070137916586583415,2557184.036599444,13767962.029190753,639296.009149861,3441990.507297688
137.75,-0.6108652381980153,-35.0,6419413.00386896,41313.003868959844,0.17217396154773656,-0.0013237184268811786,10985.41276604985,-0.049797981212350205,1.5932086416548599,-2.8532141517394334,91.28413105059424,0.003232459015489528,0.003376709822996111,194335.8839166699,204492.04449993942,41163.003868959844,41463.003868959844,outside,3,6419118.85503635,6419433.714837744,314.8598013939336,0.17242573020219862,0.17277654978074783,0.00035081957854921075,-0.00150950675427125,-0.0011573748974502967,0.00035213185682095327,11000.462399403283,11042.957338081458,42.49493867817546,-0.054189955025771674,-0.04884479500104751,0.005345160024724162,1.5898697761269367,1.5968845267157146,0.007014750588777874,2606430.5482287556,14033052.89207322,651607.6370571889,3508263.223018305
138.0,-0.6108652381980153,-35.0,6419276.297542289,41176.2975422889,0.17260114387075415,-0.0013334378805981955,11021.689597975672,-0.051516590968941886,1.5933767333424689,-2.9516832374221424,91.29376199486546,0.0032965154383598283,0.0034438488738166447,199500.4563700447,209935.14903488057,41026.2975422889,41326.2975422889,outside,3,6418976.936198535,6419291.859335751,314.92313721589744,0.17285429089968005,0.17320511538086145,0.00035082448118139986,-0.001519336721746968,-0.0011671944597212512,0.00035214226202571683,11037.876717583062,11080.450147226684,42.57342964362215,-0.05595260013243097,-0.05060486259852824,0.005347737533902726,1.5900444872496335,1.5970602583119864,0.007015771062352849,2658339.291755342,14312481.204845041,664584.8229388355,3578120.3012112603
138.25,-0.6108652381980153,-35.0,6419134.410353492,41034.410353492014,0.17302970702848597,-0.0013432626384602111,11059.142520105079,-0.05327792766168501,1.5935519428908174,-3.052600396217854,91.30380076251623,0.0033644491656701606,0.003515056905833103,205000.37513157618,215732.04623025667,40884.410353492014,41184.410353492014,outside,3,6418829.671239245,6419144.659590853,314.98835160862654,0.1732842758970594,0.17363510544150795,0.0003508295444485665,-0.0015292767641017309,-0.0011771237684144273,0.00035215299568730355,11076.54393272874,11119.201199600655,42.657266871914544,-0.057760802224669665,-0.05241032232229229,0.0053504799023773725,1.5902267564319919,1.5972436148125941,0.007016858380602287,2713111.8424133877,14607332.38973975,678277.9606033469,3651833.0974349375
138.5,-0.6108652381980153,-35.0,6418987.177981872,40887.17798187211,0.17345969456673066,-0.0013531973067750936,11097.85096809337,-0.055084737629726925,1.5937347431450406,-3.156122981768823,91.31427444557714,0.003436540519114442,0.003590628575485959,210864.0335221767,221912.71325949972,40737.17798187211,41037.17798187211,outside,3,6418676.8843765035,6418991.939945486,315.05556898284703,0.17371573163441628,0.17406656641390864,0.00035083477949235387,-0.0015393318288657086,-0.001187167749181636,0.00035216407968407257,11116.550487839686,11159.297424042108,42.74693620242215,-0.05961753241990189,-0.054264132026969364,0.005353400392932528,1.5904171011535515,1.5974351195999772,0.007018018446425689,2770970.9947151933,14918806.124007741,692742.7486787983,3729701.5310019352
138.75,-0.6108652381980153,-35.0,6418834.424707618,40734.42470761761,0.17389115293115862,-0.0013632468221204369,11137.901623823987,-0.05693998525428062,1.5939256544693357,-3.262420840607421,91.32521285872049,0.003513098538236306,0.003670888759052285,217123.07923633483,228510.5651709405,40584.42470761761,40884.42470761761,outside,3,6418518.387390195,6418833.51231484,315.12492464482784,0.17414870771181482,0.17449954791030084,0.0003508401984860243,-0.0015495072290308274,-0.0011973316911546743,0.00035217553787615305,11157.990914016938,11200.833895851521,42.84298183458304,-0.06152600449084883,-0.05616949075743744,0.005356513733411387,1.5906160919260728,1.5976353497751783,0.007019257849105509,2832163.6017922433,15248231.626827652,708040.9004480608,3812057.906706913
139.0,-0.6108652381980153,-35.0,6418675.962378216,40575.962378215976,0.1743241317279422,-0.0013734164855435428,11179.389285975087,-0.058846876827612984,1.5941252505956258,-3.371677679748427,91.33664887436409,0.003594464615302849,0.003756196381516115,223812.87844627665,235562.94537689025,40425.962378215976,40725.962378215976,outside,3,6418353.978462895,6418669.175028975,315.1965660797432,0.17458325718083392,0.174934102995595,0.00035084581476108045,-0.0015598086818075666,-0.0012076212854654573,0.0003521873963421092,11200.968826520744,11243.914841537266,42.946015016521415,-0.06348970207933786,-0.05812986576193668,0.0053598363174011815,1.5908243589817583,1.5978449429451493,0.007020583963391003,2896963.8813720434,15597085.458352493,724240.9703430108,3899271.3645881233
139.25,-0.6108652381980153,-35.0,6418511.589249934,40411.58924993407,0.1747586840153499,-0.0013837120011997482,11222.417870348667,-0.0608088876648788,1.5943341653602294,-3.484092620082687,91.34861880865384,0.003681016694842419,0.003846948840745691,230973.06033684424,243111.70117664651,40261.58924993407,40561.58924993407,outside,3,6418183.440876964,6418498.711531364,315.2706544008106,0.17501943687161922,0.17537028851457181,0.0003508516429525932,-0.0015702423525456406,-0.0012180426688949515,0.0003521996836506891,11245.598073155654,11288.654797450345,43.056724294690866,-0.0655124097075543,-0.06014902326913501,0.005363386438419292,1.591042600001344,1.5980646050671794,0.0070220050658353905,2965677.2799157933,15967012.323574714,741419.3199789483,3991753.0808936786
139.5,-0.6108652381980153,-35.0,6418341.088685628,40241.08868562803,0.17519486663087094,-0.001394139520137075,11267.101563294662,-0.06282979299638357,1.594553100488832,-3.5998819663733967,91.36116286750992,0.003773174142095476,0.003943587136966837,238648.15858124814,251203.86177370878,40091.08868562803,40391.08868562803,outside,3,6418006.541545708,6418321.888911746,315.3473660387099,0.17545730776083346,0.17580816546000116,0.00035085769916770593,-0.0015808149046642442,-0.0012286024734903104,0.00035221243117393376,11292.00406310153,11335.179950756858,43.17588765532673,-0.06759824823345054,-0.06223106366922015,0.005367184564230389,1.5912715890745364,1.598295119546472,0.007023530471935713,3038645.0074536214,16359849.486791942,759661.2518634053,4089962.3716979856
139.75,-0.6108652381980153,-35.0,6418164.227686761,40064.22768676095,0.1756327405592502,-0.001404705690069741,11313.566156510982,-0.06491370328361079,1.5947828346239814,-3.7192812307154117,91.37432566386407,0.0038714034071425344,0.004046601841292057,246888.37021538374,259892.44042324796,39914.22768676095,40214.22768676095,outside,3,6417823.029352388,6418138.456247056,315.4268946675584,0.17589693538686807,0.17624779938804896,0.000350864001180895,-0.0015915335566027168,-0.0012393078831534697,0.00035222567344924717,11340.325310435528,11383.629697405384,43.30438696985584,-0.06975171552783074,-0.06438046186837508,0.005371253659455663,1.591512187127063,1.5985373578255313,0.007025170698468308,3116249.3822246036,16777655.54547194,779062.3455561509,4194413.886367985
140.0,-0.6108652381980153,-35.0,6417980.755233357,39880.75523335673,0.1760723713477979,-0.0014154177121475776,11361.95059766716,-0.06706510473238378,1.5950242338315148,-3.842547453768435,91.38815681963354,0.003976224639620155,0.004156540066785141,255750.45740230047,269237.3876710826,39730.75523335673,40030.75523335673,outside,3,6417632.633265703,6417948.142719155,315.50945345219225,0.17633839031987375,0.17668926088853515,0.0003508705686613989,-0.001602406147005455,-0.0012501666984057822,0.00035223944859967267,11390.715234267383,11434.158459528171,43.443225260787585,-0.0719777333123649,-0.06660211374579167,0.005375619566573231,1.5917653541008616,1.598792291757351,0.007026937656489318,3198920.1580478735,17222744.494345386,799730.0395119684,4305686.123586346
140.25,-0.6108652381980153,-35.0,6417790.400400622,39690.40040062182,0.17651382957653428,-0.0014262834059305637,11412.408799027851,-0.06928890593728358,1.595278263875124,-3.969961877285301,91.40271166900186,0.0040882194442585194,0.004274013642842763,265298.8240346809,279306.7294756435,39540.40040062182,39840.40040062182,outside,3,6417435.060194308,6417750.655471958,315.5952776502818,0.1767817486956301,0.17713262611906982,0.00035087742343972717,-0.0016134412096056906,-0.0012611874107819941,0.0003522537988236965,11443.344267088218,11486.937814527319,43.5935474391008,-0.07428170129884609,-0.06890138984097,0.005380311457876097,1.5920321632396888,1.599061008121541,0.007028844881852292,3287142.050648499,17697726.243598044,821785.5126621247,4424431.560899511
140.5,-0.6108652381980153,-35.0,6417592.870214753,39492.87021475285,0.17695719139219268,-0.0014373112840274191,11465.111755996424,-0.07159049179124971,1.595546004614688,-4.101833032904573,91.4180520833826,0.004208040012155474,0.004399708740864626,275606.80746543733,290177.93283026956,39342.87021475285,39642.87021475285,outside,3,6417229.992535224,6417545.677162872,315.68462764751166,0.17722709282407087,0.17757797741389095,0.0003508845898200774,-0.001624648059584345,-0.001272379288615858,0.00035226877096848717,11498.402335210267,11542.159000549376,43.75666533910953,-0.07666956002144781,-0.07128419764733056,0.005385362374117256,1.5923138179156462,1.5993447257275266,0.007030907811880427,3381463.735008883,18205555.05561885,845365.9337522207,4551388.763904712
140.75,-0.6108652381980153,-35.0,6417387.84720287,39287.84720287006,0.1774025391169019,-0.001448510638167509,11520.250039862094,-0.07397578604412622,1.595828666968099,-4.2385003264912084,91.43424744326028,0.00433641991946766,0.004534397259144978,286758.2365054998,301939.55298167496,39137.84720287006,39437.84720287006,outside,3,6417017.085361582,6417332.86315411,315.77779252734035,0.1776745118855015,0.17802540398045144,0.00035089209494992835,-0.0016360368935696371,-0.0012837524763658528,0.00035228441720378434,11556.10179085341,11600.035878958979,43.93408810556866,-0.07914786407010845,-0.07375705420045628,0.005390809869652166,1.5926116715381329,1.5996448156572718,0.007033144119138912,3482508.6583251758,18749587.755016208,870627.1645812939,4687396.938754052
141.0,-0.6108652381980153,-35.0,6417174.986582538,39074.98658253811,0.17784996194458894,-0.001459891638863119,11578.036744824969,-0.07645132420821107,1.5961276129834399,-4.380338215316835,91.45137578824156,0.0044741869578957035,0.004678950351716989,298849.32104963146,314693.2313882201,38924.98658253811,39224.98658253811,outside,3,6416795.963183321,6417111.838277584,315.87509426288307,0.17812410273030546,0.17847500269956354,0.0003508999692580783,-0.0016476189059330152,-0.0012953181101151645,0.0003523007958178507,11616.680895598256,11660.808454887774,44.1275592895181,-0.08172386783387187,-0.07632717104467765,0.005396696789194216,1.5929272512226729,1.599962825338966,0.007035574116293075,3590988.108047327,19333654.077372495,897747.0270118318,4833413.519343124
141.25,-0.6108652381980153,-35.0,6416953.913024565,38853.913024565205,0.17829955674090506,-0.0014714654513069544,11638.710989685573,-0.07902433890687262,1.5964443797058099,-4.527761098175266,91.46952518452356,0.004622278454996017,0.004834354584835863,311990.9574767439,328556.133439423,38703.913024565205,39003.913024565205,outside,3,6416566.216199633,6416882.193092312,315.9768926789984,0.1785759708013885,0.17892687904836554,0.00035090824697703304,-0.0016594064246573048,-0.001307088452495,0.00035231797216230465,11680.407981051692,11724.7470834623,44.339102410607666,-0.08440562637402796,-0.0790025541657831,0.005403072208244861,1.5932622860726615,1.6003005073226813,0.007038221250019738,3707717.0996486065,19962142.19585725,926929.2749121516,4990535.548964312
141.5,-0.6108652381980153,-35.0,6416724.21690792,38624.216907920316,0.17875142896593227,-0.0014832443707673286,11702.542100908828,-0.0817028602697799,1.5967807077006275,-4.681229067605482,91.4887953591587,0.004781759663981613,0.005001731333314807,326311.5590003736,343663.9414438836,38474.216907920316,38774.216907920316,outside,3,6416327.3959431425,6416643.479534505,316.08359136246145,0.17903023120295894,0.17938114816972872,0.000350916966769782,-0.0016714130708440204,-0.0013190770510643748,0.00035233601977964556,11747.586446692017,11792.15752397347,44.571077281452745,-0.08720211470342053,-0.08179212212498838,0.005409992578432152,1.593618741155584,1.6006598538628543,0.007041112707270258,3833633.8153036176,20640103.361085106,958408.4538259044,5160025.840271276
141.75,-0.6108652381980153,-35.0,6416485.449966872,38385.44996687211,0.17920569374327788,-0.0014952419815310643,11769.83463815803,-0.08449583463015581,1.5971385753263623,-4.841254710743273,91.50929966373768,0.004953845961785047,0.005182360197089071,341960.5537863607,360174.5539939857,38235.44996687211,38535.44996687211,outside,3,6416079.010191908,6416395.205836634,316.19564472604543,0.17948700994475764,0.1798379361172434,0.00035092617248577707,-0.001683653946943183,-0.001331298925186781,0.00035235502175640196,11818.560799799205,11863.387049916764,44.82625011755954,-0.0901233695983396,-0.08470584646713744,0.005417523131202154,1.5939988585550706,1.60104313871936,0.007044280164289374,3969823.548201787,21373380.792697422,992455.8870504467,5343345.198174356
142.0,-0.6108652381980153,-35.0,6416237.120206513,38137.12020651344,0.17966247710468392,-0.0015074733444559593,11840.9344686906,-0.08741326562330366,1.597520240152937,-5.008411193671305,91.531167447489,0.005139929804115345,0.0053777074403148495,359112.73930947797,378272.69113271765,37987.12020651344,38287.12020651344,outside,3,6415820.516994523,6416136.830561032,316.31356650870293,0.17994644539790236,0.1802973813119808,0.0003509359140784485,-0.0016961458601053795,-0.0013437707877485402,0.0003523750723568393,11893.724002094392,11938.831883545145,45.10788145075276,-0.09318065917924506,-0.08775491956952827,0.00542573960971679,1.5944052072768489,1.6014529679953078,0.0070477607184589175,4117548.410242536,22168769.591903333,1029387.102560634,5542192.397975833
142.25,-0.6108652381980153,-35.0,6415978.685932113,37878.68593211286,0.1801219174463315,-0.0015199552195050555,11916.236157214818,-0.09046638288714591,1.5979282893234614,-5.183341927247996,91.55454694279386,0.0053416136656728825,0.00558946075072413,377973.7440047113,398175.6709854052,37728.68593211286,38028.68593211286,outside,3,6415551.317613757,6415867.755553828,316.4379400704056,0.18040869000759338,0.1807596362563204,0.00035094624872702984,-0.0017089075887753514,-0.0013565113097672628,0.0003523962790080886,11973.52646783427,12018.946305071451,45.41983723718113,-0.09638668695845082,-0.09095195653737788,0.005434730421072939,1.5948407443164043,1.6018923423726157,0.007051598056211361,4278284.475807959,23034216.677306548,1069571.1189519898,5758554.169326637
142.5,-0.6108652381980153,-35.0,6415709.5486979,37609.54869790003,0.1805841672421094,-0.0015327063313465223,11996.192018603182,-0.09366784501607962,1.598365701193162,-5.366772195506865,91.57960879683664,0.005560750569151804,0.005819572013957907,398786.9339979555,420140.7153166825,37459.54869790003,37759.54869790003,outside,3,6415270.748142029,6415587.3175729755,316.56943094637245,0.18087391231973335,0.18122486956195064,0.00035095724221728686,-0.001721960202913089,-0.0013695414381841844,0.0003524187647289045,12058.4871667066,12104.253897174092,45.76673046749238,-0.09975583899686256,-0.09431123966538693,0.005444599331475633,1.5953088899104886,1.6023647338389766,0.007055843928488015,4453768.6088271225,23979072.83810227,1113442.1522067806,5994768.2095255675
142.75,-0.6108652381980153,-35.0,6415429.044928805,37329.04492880497,0.1810493950709265,-0.001545747688358978,12081.323290400747,-0.0970319853479017,1.5988359213026135,-5.55952323821001,91.60655042455039,0.00579949431624088,0.0060703103364969915,421842.22429134994,444474.2701772287,37179.04492880497,37479.04492880497,outside,3,6414978.069473182,6415294.778275435,316.7088022530079,0.1813422993939966,0.181693268364651,0.00035096897065439725,-0.0017353274512456613,-0.0013828847801225109,0.00035244267112315045,12149.207433698111,12195.361536992177,46.15410329406586,-0.10330448542327199,-0.0978490165539726,0.0054554688692993875,1.595813620967973,1.6028741809986549,0.007060560030681895,4646058.025194915,25014413.32991183,1161514.5062987288,6253603.332477958
143.0,-0.6108652381980153,-35.0,6415136.435899934,37036.4358999338,0.18151778803064014,-0.0015591029683848573,12172.234032222475,-0.10057511175346136,1.5993429567282074,-5.762529427529937,91.63560141450053,0.006060362232909688,0.006344328290228528,447487.4263779606,471544.01051415934,36886.4358999338,37186.4358999338,outside,3,6414672.455223228,6414989.31215699,316.8569337623194,0.18181405969639186,0.18216504121899788,0.00035098152260601423,-0.0017490362330115652,-0.0013965680709129159,0.00035246816209864927,12246.38829447046,12292.976958033689,46.58866356322869,-0.10705135111620721,-0.10158386645589912,0.0054674846603080945,1.596359588016839,1.603425408436854,0.007065820420014912,4857606.784450208,26153449.58305491,1214401.696112552,6538362.395763728
143.25,-0.6108652381980153,-35.0,6414830.895666845,36730.89566684514,0.1819895546316941,-0.0015727989886131965,12269.628567401882,-0.10431587511502657,1.599891494211694,-5.976859380304794,91.66703029720904,0.006346314211532627,0.006644745378121175,476143.0125791263,501794.4604998609,36580.89566684514,36880.89566684514,outside,3,6414352.977068901,6414669.99191461,317.01484570931643,0.18228942659181935,0.1826404215936266,0.00035099500180724164,-0.0017631171771804914,-0.001410621748653716,0.00035249542852677546,12350.85240458643,12397.930999844002,47.07859525757158,-0.11101797522172294,-0.10553715421811755,0.005480821003605391,1.596952262874834,1.6040239775297567,0.007071714654922623,5091365.046758363,27412063.42961515,1272841.2616895908,6853015.857403788
143.5,-0.6108652381980153,-35.0,6414511.49641599,36411.496415990405,0.18246492829103225,-0.0015868662824669233,12374.33357482072,-0.1082757260098748,1.600487049366649,-6.2037421240807,91.70115309405523,0.006660853195935294,0.006975254163210745,508321.53985882737,535767.5450774813,36261.496415990405,36561.496415990405,outside,3,6414018.586803808,6414335.770532571,317.1837287629023,0.18276866259430255,0.1831196721249109,0.0003510095306083483,-0.0017776053597340052,-0.0014250806655990832,0.00035252469413492196,12463.572113537977,12511.20608415939,47.63397062141303,-0.11522928596280362,-0.1097335978444767,0.005495688118326916,1.5975981268948267,1.6046764788108367,0.007078351916010028,5350909.32781703,28809508.151608136,1337727.3319542576,7202377.037902034
143.75,-0.6108652381980153,-35.0,6414177.190535841,36077.19053584058,0.18294417158405976,-0.0016013398139339086,12487.326355522855,-0.11247948583616314,1.6011361569399045,-6.44459982021367,91.73834421845274,0.007008154197654997,0.007340256558497778,544653.513295335,574129.9572432617,35927.19053584058,36227.19053584058,outside,3,6413668.094178195,6413985.459160348,317.364982153289,0.1832520645835509,0.1836030898379672,0.0003510252544162984,-0.0017925412002001355,-0.0014399849771670821,0.00035255622303305336,12585.705760779305,12633.973064887632,48.26730410832715,-0.11971432676572845,-0.11420198509707814,0.005512341668650306,1.5983049134244791,1.6053907799033031,0.007085866478824032,5640615.538010153,30369339.774570685,1410153.8845025382,7592334.943642671
144.0,-0.6108652381980153,-35.0,6413826.788475701,35726.788475700654,0.18342758146343338,-0.0016162598703339367,12609.771401045198,-0.11695606809752614,1.6018466159487437,-6.701089090432899,91.77905052117627,0.007393231738980819,0.007745040746819236,585922.2799251926,617710.083836699,35576.788475700654,35876.788475700654,outside,3,6413300.139260439,6413617.699523127,317.5602626875043,0.18373997026734282,0.184091012614825,0.0003510423474821778,-0.0018079715936480808,-0.0014553812642151566,0.00035259032943292415,12718.64518665056,12767.639493759445,48.99430710888555,-0.12450718343492664,-0.11897608799634522,0.005531095438581421,1.5990819236336393,1.606176348708333,0.0070944250746936,5965891.953622368,32120670.879602157,1491472.988405592,8030167.719900539
144.25,-0.6108652381980153,-35.0,6413458.931131686,35358.931131686084,0.18391549572434743,-0.0016316731894481823,12743.06827533097,-0.12173939913485299,1.602627809109682,-6.975153770885662,91.82380959228253,0.007822159741011869,0.00819601356443436,633111.7890060516,667548.5513549655,35208.931131686084,35508.931131686084,outside,3,6412913.157591319,6413230.929139815,317.77154849655926,0.18423276626909646,0.18458382728963477,0.0003510610205383069,-0.0018239513559316558,-0.0014713239655824884,0.0003526273903491674,12864.07875006638,12913.913681671109,49.83493160472972,-0.1296481820616675,-0.1240958436345422,0.005552338427125311,1.5999404430230202,1.6070446799524754,0.0071042369294551655,6333497.510868957,34099883.55877874,1583374.3777172393,8524970.889694685
144.5,-0.6108652381980153,-35.0,6413072.055032839,34972.05503283907,0.1844083010959345,-0.0016476343984047521,12888.915145425663,-0.1268696073445517,1.6034911242589185,-7.269093049324764,91.87327390672348,0.008302364035493353,0.008701009705599992,687473.0073835357,724968.5212244753,34822.05503283907,35122.05503283907,outside,3,6412505.335725526,6412823.336948547,318.00122302025557,0.184730898363091,0.18508197989410757,0.00035108153101656714,-0.0018405450915297123,-0.001487877229114211,0.0003526678624155013,13024.076139812356,13074.890976926265,50.81483711390865,-0.13518545692552777,-0.12960889867552366,0.00557655825000411,1.6008942982281218,1.6080098658929682,0.007115567664846445,6751983.75109483,36353007.748904884,1687995.9377737076,9088251.937226221
144.75,-0.6108652381980153,-35.0,6412664.347924596,34564.3479245957,0.1849064434816117,-0.0016642078731012287,13049.394313841944,-0.13239457918319564,1.604450517958239,-7.585650617607696,91.92824311658599,0.00884301706197636,0.009269709043287711,750617.9094787271,791675.1799093329,34414.3479245957,34714.3479245957,outside,3,6412074.553756491,6412392.8059437405,318.2521872492507,0.1852348845884431,0.18558598878537386,0.0003511041969307682,-0.0018578296403535294,-0.0015051173358811031,0.00035271230447242626,13201.204372274484,13253.171862441914,51.96749016742979,-0.14117703235007192,-0.1355726586463207,0.00560437370375122,1.601960612651791,1.6090893715278325,0.007128758876041585,7232319.518419532,38939082.94304562,1808079.879604883,9734770.735761406
145.0,-0.6108652381980153,-35.0,6412233.69134968,34133.691349679604,0.1854104410800188,-0.0016814701737050371,13227.089248263439,-0.13837202446784996,1.6055232807072874,-7.928133004688764,91.98970789452532,0.00945557890527534,0.009914208821585429,824655.1067257961,869899.3192615337,33983.691349679604,34283.691349679604,outside,3,6411618.3099168865,6411936.837928949,318.52801206242293,0.18574533228307685,0.186096461699135,0.00035112941605813797,-0.0018758973314146033,-0.0015231359230194095,0.0003527614083951938,13398.689319647066,13452.026549597533,53.33722995046628,-0.1476936315320171,-0.14205705062024815,0.00563658091176894,1.6031608492159375,1.6103051054396214,0.007144256223683865,7788791.713239552,41935005.29163562,1947197.928309888,10483751.322908904
145.25,-0.6108652381980153,-35.0,6411777.5853247065,33677.58532470651,0.18592090142860757,-0.001699513282889196,13425.247616617373,-0.14487226174398232,1.6067310934418821,-8.300569166444763,92.05891046665975,0.010154552059522379,0.010649822092810311,912389.8721474429,962609.1089312745,33527.58532470651,33827.58532470651,outside,3,6411133.620030394,6411452.4531790465,318.83314865268767,0.18626296054988428,0.18661411824283297,0.00035115769294868926,-0.0018948603825642398,-0.0015420443406418869,0.0003528160419223529,13620.645215404798,13675.629061672991,54.98384626819279,-0.15482253465921883,-0.14914831459893954,0.005674220060279289,1.6045222765015916,1.611684927095966,0.007162650594374265,8440333.312564125,45442673.64669997,2110083.3281410313,11360668.411674993
145.5,-0.6108652381980153,-35.0,6411293.047897067,33193.04789706692,0.18643854388334571,-0.0017184489841324307,13648.01304274247,-0.15198204247261124,1.6081015138164354,-8.707929595458646,92.13742977028039,0.010958555256132091,0.011496213998260282,1017626.4515280037,1073830.197921867,33043.04789706692,33343.04789706692,outside,3,6410616.880929289,6410936.054154205,319.1732249157503,0.18678863039966756,0.18713982007743718,0.00035118967776961996,-0.001914856963265099,-0.0015619796539127126,0.0003528773093523863,13872.408239776936,13929.397830407152,56.98959063021539,-0.16267298635888383,-0.1569543122162147,0.005718674142669133,1.6060800740805175,1.6132648139220518,0.007184739841534338,9212531.019992318,49599792.28132172,2303132.7549980795,12399948.07033043
145.75,-0.6108652381980153,-35.0,6410776.47871056,32676.478710560128,0.18696422978113708,-0.0017384148941064729,13900.762137960006,-0.15980990827130032,1.609670111750412,-9.156433268318334,92.22730381165019,0.011891885513288854,0.01247905515601366,1145637.8356816405,1209143.1899173793,32526.478710560128,32826.47871056013,outside,3,6410063.68100009,6410383.236472294,319.55547220353037,0.18732338598516776,0.18767461220869172,0.0003512262235239594,-0.0019360597294628436,-0.0015831130899474255,0.0003529466395154181,14161.034078734672,14220.504304015141,59.470225280469094,-0.1713839504608552,-0.16561213156502594,0.005771818895829256,1.6078804288672086,1.61509205275802,0.007211623890811314,10140747.916104946,54596672.53542092,2535186.9790262366,13649168.13385523
146.0,-0.6108652381980153,-35.0,6410223.469764218,32123.469764217734,0.18749900370253936,-0.0017595829535094242,14190.607490820881,-0.16849386943771982,1.611483612325076,-9.653987592609676,92.33120974072298,0.012986848455195307,0.01363248902378227,1303919.3029627597,1376481.7226648354,31973.469764217734,32273.469764217734,outside,"2,3",6409468.531025089,6409788.520380424,319.9893553350121,0.18786851226560577,0.18821978073826684,0.00035126847266106487,-0.0019586881355535724,-0.0016056622189834064,0.000353025916570166,14496.062388019403,14558.655402767758,62.59301474835411,-0.18113552711260472,-0.1752992698148662,0.005836257297738512,1.6099852153523493,1.617230071103708,0.007244855751358692,11275141.044485765,60703229.2154614,2818785.261121441,15175807.30386535
146.25,-0.6108652381980153,-35.0,6409628.536568535,31528.53656853456,0.18804415117972842,-0.0017821716735561348,14527.071219813051,-0.17820970685260334,1.6136040516422063,-10.210664070917797,92.45270196430816,0.01423170611845968,0.014905552612518788,1497567.6765840598,1577136.2583856757,31378.53656853456,31678.53656853456,outside,2,6408824.486280756,6409144.973662563,320.4873818065971,0.1884256142163144,0.1887769321936443,0.00035131797732990133,-0.00198302619585981,-0.0016299085423792119,0.000353117653480598,14889.132990378368,14954.572316094009,65.43932571564073,-0.19208709283949177,-0.18620448445655186,0.005882608382939913,1.6124698502610137,1.619748695207244,0.007278844946230212,12664043.792518618,68090577.94551355,3166010.9481296544,17022644.486378387
146.5,-0.6108652381980153,-35.0,6408984.740648051,30884.740648050793,0.1886012779664125,-0.0018064638106113408,14921.654967609154,-0.1891410716088554,1.6161060716294227,-10.836985135769094,92.59605714983303,0.01570312425316129,0.01644877396635073,1743512.5528407746,1836119.5044543825,30734.740648050793,31034.740648050793,outside,2,6408122.823041121,6408443.887227889,321.0641867686063,0.18899667766041173,0.18934805432517773,0.0003513766647660066,-0.002009441113212473,-0.0016562162479654588,0.0003532248652470143,15357.252675447206,15427.439714767395,70.1870393201898,-0.204570738533662,-0.19860064487738655,0.00597009365627546,1.6154416666636862,1.6227698477000443,0.007328181036358128,14417874.299465545,77508469.46387967,3604468.574866386,19377117.36596992
146.75,-0.6108652381980153,-35.0,6408283.365587441,30183.36558744125,0.18917237085207902,-0.0018328250582406,15392.112304226941,-0.20158033051242918,1.6191020610238143,-11.549702171214404,92.76771469759763,0.017485699950185684,0.018318598807002734,2065951.5070524788,2175637.7490792205,30033.36558744125,30333.36558744125,outside,2,6407352.04005724,6407673.782461242,321.74240400176495,0.18958427421451993,0.18993572174865211,0.00035144753413218766,-0.0020384289534042736,-0.0016850767590982547,0.0003533521943060189,15926.44245617144,16002.973145160926,76.5306889894855,-0.21897742111579513,-0.21289645054093398,0.00608097057486115,1.619061503395197,1.6264537984715657,0.007392295076368738,16701168.106287664,89767453.38370632,4175292.026571916,22441863.34592658
147.0,-0.6108652381980153,-35.0,6407512.921443873,29412.921443873085,0.18976000295713916,-0.0018617491582530357,15964.425691852266,-0.2159307579032685,1.622753316906284,-12.371921094918429,92.97691624958546,0.019685909908452173,0.0206268553077237,2502322.3751101964,2635099.9969931985,29262.921443873085,29562.921443873085,outside,2,6406496.513125139,6406819.0677538095,322.5546286702156,0.19019182358455594,0.19054335865054417,0.0003515350659882288,-0.002070680853045725,-0.0017171744554993903,0.00035350639754633457,16635.947392314705,16721.245501283473,85.29810896876734,-0.2358879507401018,-0.22966269152609342,0.006225259214008377,1.6235662118848104,1.631044254138228,0.007478042253417527,19774662.49313639,106265895.52258861,4943665.623284098,26566473.880647153
147.25,-0.6108652381980153,-35.0,6406657.800294993,28557.800294993445,0.1903675962338637,-0.0018939238647451486,16678.24794011356,-0.23276807987550366,1.6273000536899875,-13.336628582230393,93.23742507784856,0.022464853452615605,0.023542765983870735,3116967.2402120396,3282232.191546166,28407.800294993445,28707.800294993445,outside,2,6405534.215501186,6405857.765194914,323.5496937278658,0.19082402271303628,0.19117566897676724,0.00035164626373096475,-0.00210719740435327,-0.0017534996848558207,0.0003536977194974493,17548.797927157982,17646.738929895535,97.94100273755248,-0.2561683374121076,-0.24974897663587262,0.006419360776234978,1.6293246220369255,1.6369215342902004,0.007596912253274857,24090424.400515426,129427851.82982458,6022606.1001288565,32356962.957456145
147.5,-0.6108652381980153,-35.0,6405695.999788953,27595.99978895299,0.19099985113557175,-0.0019303446414097591,17597.324568558135,-0.2529499846053005,1.6331167385935437,-14.492966545782865,93.57069657357978,0.026078515051747284,0.027335269637272768,4028639.503866506,4242025.526484751,27445.99978895299,27745.99978895299,outside,2,6404432.606986629,6404757.4114018185,324.8044151896611,0.19148758810645838,0.1918393808141563,0.0003517927076979177,-0.002149498838392459,-0.001795556340223761,0.0003539424981686978,18773.12843548559,18890.328538994803,117.20010350921439,-0.2811817704309813,-0.27448989190295114,0.00669187852803016,1.6369451377356856,1.6447146044314604,0.007769466695774829,30493300.688377127,163782626.73053053,7623325.172094282,40945656.68263263
147.75,-0.6108652381980153,-35.0,6404595.018094632,26495.018094631843,0.19166348997321214,-0.0019725235401398017,18831.140057968878,-0.27782514818897186,1.6408218652932922,-15.918208433824754,94.01216781408894,0.030959875908769585,0.032459348297405995,5477715.214143721,5767465.968201077,26345.018094631843,26645.018094631843,outside,2,6403140.606363181,6403467.053659456,326.44729627482593,0.19219263132417908,0.19254462629570748,0.00035199497152840764,-0.002200043595524828,-0.0018457750809827522,0.00035426851454207564,20511.232765790865,20660.001804193504,148.76903840263913,-0.31323172406182004,-0.3061347745952522,0.007096949466567859,1.6475096760732568,1.655545424792116,0.008035748718859148,40723926.71548144,218659848.39956087,10180981.67887036,54664962.09989022
148.0,-0.6108652381980153,-35.0,6403303.838174527,25203.83817452658,0.19236863461666048,-0.0020229050930905454,20584.79317426389,-0.3096695755694423,1.6515170032882922,-17.74275972373655,94.62495408251245,0.037904189534017245,0.03975085446728444,8015044.011210039,8438261.73261237,25053.83817452658,25353.83817452658,outside,2,6401571.202732636,6401899.913885737,328.711153101176,0.1929554404494125,0.19330773368093987,0.00035229323152735637,-0.0022631537210828327,-0.001908426588661481,0.00035472713242135166,23189.118580581555,23395.219062186017,206.1004816044624,-0.35660468421013614,-0.34885578589522037,0.007748898314915764,1.6631488019589893,1.6716318902160108,0.008483088257021487,58873700.78892905,315983421.386187,14718425.197232263,78995855.34654675
148.25,-0.6108652381980153,-35.0,6401735.565402125,23635.56540212501,0.19313159327944618,-0.002085785629846409,23290.91944840742,-0.3527117426905293,1.6673755836591417,-20.208894240871594,95.53358380683113,0.04854777308174303,0.05093011097293616,13145175.944815697,13837684.808514355,23485.56540212501,23785.56540212501,outside,2,6399558.100964852,6399890.166257985,332.0652931332588,0.1938047824726261,0.19415755929240056,0.00035277681977444186,-0.0023473705299788573,-0.001991945792987918,0.0003554247369909392,27871.252410226432,28198.591716088602,327.33930586216957,-0.42046065896057966,-0.4115313219116543,0.008929337048925345,1.6887178247716486,1.6980526641001752,0.009334839328526634,96545042.03147879,517907030.5064954,24136260.507869698,129476757.62662385
148.5,-0.6108652381980153,-35.0,6399724.139002501,21624.139002501033,0.19398117769981435,-0.0021696531993202423,28032.780368102427,-0.4159687596432552,1.6933625656827886,-23.833254336850285,97.02252819906845,0.06686792722328709,0.07018004640976806,26236161.640835375,27614391.548389453,21474.139002501033,21774.139002501033,outside,2,6396723.488212477,6397061.094606477,337.6063939994201,0.19479850785221736,0.1951521933665766,0.0003536855143592421,-0.002472776796686826,-0.0021161564529773445,0.00035662034370948165,38032.76433296706,38688.13389978363,655.3695668165674,-0.5290415005561517,-0.5175282835858652,0.01151321697028651,1.7380809808052338,1.7493989053070318,0.011317924501798027,197643378.89673793,1059548508.4889351,49410844.72418448,264887127.12223378
148.75,-0.6108652381980153,-35.0,6396892.293678614,18792.29367861431,0.1949753583994612,-0.0022944608767432456,38355.9164620548,-0.5232384837746716,1.7436990950103983,-29.979356799113088,99.90659888487697,0.10492301344425721,0.11000579030628906,77099659.41996922,81003366.76042278,18642.29367861431,18942.29367861431,outside,1,6391926.557952239,6392275.045017354,348.48706511501223,0.1960764941913446,0.19643237689748103,0.0003558827061364289,-0.0027017307911882315,-0.0023426112059895545,0.00035911958519867703,71686.44967998216,73669.8578021377,1983.4081221555389,-0.7735534991302211,-0.7545303089433446,0.019023190186876482,1.8691010220597264,1.8868001917990183,0.017699169739291865,634537975.0322174,3396020766.5005584,158634493.75805435,849005191.6251396
149.0,-0.6108652381980153,-35.0,6392100.796403194,14000.796403193846,0.1962544450489594,-0.002522163446126312,72664.76677237061,-0.7639443756661388,1.8778556407038018,-43.77078850842642,107.59320274716296,0.22249861341213456,0.23327713763429533,587091754.3157759,616210344.3659295,13850.796403193846,14150.796403193846,outside,1,6379346.109085947,6379721.712649662,375.60356371477246,0.19802848273386725,0.19839286016482188,0.00036437743095463215,-0.003337909947992885,-0.0029713257391624087,0.00036658420883047644,382257.82469187287,399404.59572070895,17146.771028836083,-1.8947338505016686,-1.826654473204686,0.06807937729698255,2.6229910291056617,2.6887956630638072,0.06580463395814551,6287548476.958246,33601028957.87202,1571887119.2395616,8400257239.468005
149.25,-0.6108652381980153,-35.0,6379533.877254102,1433.877254102379,0.19821068251485832,-0.0031546035313410933,390718.65521801566,-1.8602546289238318,2.655383245338488,-106.58473905701064,152.142252947647,1.0419970854996516,1.0885968371805208,79528051374.96257,83101684559.37065,1283.877254102379,1583.877254102379,outside,0,6285690.353707892,6286145.92211998,455.5684120878577,0.19596227265449093,0.1963745217177553,0.0004122490632643694,0.0005696136799272422,0.001003373300466404,0.00043375962053916186,42949788.33647215,45316501.64785457,2366713.311382413,-39.82582313962581,-37.91425672798685,1.9115664116389581,20.498348688736275,22.652555589516574,2.1542069007802986,2116721358251.2788,11276620131456.271,529180339562.8197,2819155032864.068
